[2026-01-28T00:00:00.615+0000] {processor.py:161} INFO - Started process (PID=2500) to work on /home/airflow/.local/lib/python3.12/site-packages/airflow/example_dags/example_branch_operator_decorator.py
[2026-01-28T00:00:00.616+0000] {processor.py:830} INFO - Processing file /home/airflow/.local/lib/python3.12/site-packages/airflow/example_dags/example_branch_operator_decorator.py for tasks to queue
[2026-01-28T00:00:00.618+0000] {logging_mixin.py:188} INFO - [2026-01-28T00:00:00.618+0000] {dagbag.py:540} INFO - Filling up the DagBag from /home/airflow/.local/lib/python3.12/site-packages/airflow/example_dags/example_branch_operator_decorator.py
[2026-01-28T00:00:00.642+0000] {processor.py:840} INFO - DAG(s) 'example_branch_python_operator_decorator' retrieved from /home/airflow/.local/lib/python3.12/site-packages/airflow/example_dags/example_branch_operator_decorator.py
[2026-01-28T00:00:00.673+0000] {logging_mixin.py:188} INFO - [2026-01-28T00:00:00.673+0000] {dag.py:3096} INFO - Sync 1 DAGs
[2026-01-28T00:00:00.697+0000] {logging_mixin.py:188} INFO - [2026-01-28T00:00:00.697+0000] {dag.py:3954} INFO - Setting next_dagrun for example_branch_python_operator_decorator to 2026-01-27 00:00:00+00:00, run_after=2026-01-28 00:00:00+00:00
[2026-01-28T00:00:00.718+0000] {processor.py:183} INFO - Processing /home/airflow/.local/lib/python3.12/site-packages/airflow/example_dags/example_branch_operator_decorator.py took 0.113 seconds
[2026-01-28T00:00:31.106+0000] {processor.py:161} INFO - Started process (PID=2552) to work on /home/airflow/.local/lib/python3.12/site-packages/airflow/example_dags/example_branch_operator_decorator.py
[2026-01-28T00:00:31.110+0000] {processor.py:830} INFO - Processing file /home/airflow/.local/lib/python3.12/site-packages/airflow/example_dags/example_branch_operator_decorator.py for tasks to queue
[2026-01-28T00:00:31.115+0000] {logging_mixin.py:188} INFO - [2026-01-28T00:00:31.114+0000] {dagbag.py:540} INFO - Filling up the DagBag from /home/airflow/.local/lib/python3.12/site-packages/airflow/example_dags/example_branch_operator_decorator.py
[2026-01-28T00:00:31.157+0000] {processor.py:840} INFO - DAG(s) 'example_branch_python_operator_decorator' retrieved from /home/airflow/.local/lib/python3.12/site-packages/airflow/example_dags/example_branch_operator_decorator.py
[2026-01-28T00:00:31.208+0000] {logging_mixin.py:188} INFO - [2026-01-28T00:00:31.208+0000] {dag.py:3096} INFO - Sync 1 DAGs
[2026-01-28T00:00:31.247+0000] {logging_mixin.py:188} INFO - [2026-01-28T00:00:31.247+0000] {dag.py:3954} INFO - Setting next_dagrun for example_branch_python_operator_decorator to 2026-01-27 00:00:00+00:00, run_after=2026-01-28 00:00:00+00:00
[2026-01-28T00:00:31.279+0000] {processor.py:183} INFO - Processing /home/airflow/.local/lib/python3.12/site-packages/airflow/example_dags/example_branch_operator_decorator.py took 0.183 seconds
[2026-01-28T00:01:01.799+0000] {processor.py:161} INFO - Started process (PID=2604) to work on /home/airflow/.local/lib/python3.12/site-packages/airflow/example_dags/example_branch_operator_decorator.py
[2026-01-28T00:01:01.803+0000] {processor.py:830} INFO - Processing file /home/airflow/.local/lib/python3.12/site-packages/airflow/example_dags/example_branch_operator_decorator.py for tasks to queue
[2026-01-28T00:01:01.816+0000] {logging_mixin.py:188} INFO - [2026-01-28T00:01:01.815+0000] {dagbag.py:540} INFO - Filling up the DagBag from /home/airflow/.local/lib/python3.12/site-packages/airflow/example_dags/example_branch_operator_decorator.py
[2026-01-28T00:01:01.871+0000] {processor.py:840} INFO - DAG(s) 'example_branch_python_operator_decorator' retrieved from /home/airflow/.local/lib/python3.12/site-packages/airflow/example_dags/example_branch_operator_decorator.py
[2026-01-28T00:01:01.937+0000] {logging_mixin.py:188} INFO - [2026-01-28T00:01:01.936+0000] {dag.py:3096} INFO - Sync 1 DAGs
[2026-01-28T00:01:01.999+0000] {logging_mixin.py:188} INFO - [2026-01-28T00:01:01.998+0000] {dag.py:3954} INFO - Setting next_dagrun for example_branch_python_operator_decorator to 2026-01-27 00:00:00+00:00, run_after=2026-01-28 00:00:00+00:00
[2026-01-28T00:01:02.045+0000] {processor.py:183} INFO - Processing /home/airflow/.local/lib/python3.12/site-packages/airflow/example_dags/example_branch_operator_decorator.py took 0.256 seconds
[2026-01-28T00:01:32.110+0000] {processor.py:161} INFO - Started process (PID=2656) to work on /home/airflow/.local/lib/python3.12/site-packages/airflow/example_dags/example_branch_operator_decorator.py
[2026-01-28T00:01:32.112+0000] {processor.py:830} INFO - Processing file /home/airflow/.local/lib/python3.12/site-packages/airflow/example_dags/example_branch_operator_decorator.py for tasks to queue
[2026-01-28T00:01:32.116+0000] {logging_mixin.py:188} INFO - [2026-01-28T00:01:32.115+0000] {dagbag.py:540} INFO - Filling up the DagBag from /home/airflow/.local/lib/python3.12/site-packages/airflow/example_dags/example_branch_operator_decorator.py
[2026-01-28T00:01:32.159+0000] {processor.py:840} INFO - DAG(s) 'example_branch_python_operator_decorator' retrieved from /home/airflow/.local/lib/python3.12/site-packages/airflow/example_dags/example_branch_operator_decorator.py
[2026-01-28T00:01:32.211+0000] {logging_mixin.py:188} INFO - [2026-01-28T00:01:32.211+0000] {dag.py:3096} INFO - Sync 1 DAGs
[2026-01-28T00:01:32.250+0000] {logging_mixin.py:188} INFO - [2026-01-28T00:01:32.250+0000] {dag.py:3954} INFO - Setting next_dagrun for example_branch_python_operator_decorator to 2026-01-27 00:00:00+00:00, run_after=2026-01-28 00:00:00+00:00
[2026-01-28T00:01:32.290+0000] {processor.py:183} INFO - Processing /home/airflow/.local/lib/python3.12/site-packages/airflow/example_dags/example_branch_operator_decorator.py took 0.190 seconds
[2026-01-28T00:02:02.799+0000] {processor.py:161} INFO - Started process (PID=2708) to work on /home/airflow/.local/lib/python3.12/site-packages/airflow/example_dags/example_branch_operator_decorator.py
[2026-01-28T00:02:02.801+0000] {processor.py:830} INFO - Processing file /home/airflow/.local/lib/python3.12/site-packages/airflow/example_dags/example_branch_operator_decorator.py for tasks to queue
[2026-01-28T00:02:02.803+0000] {logging_mixin.py:188} INFO - [2026-01-28T00:02:02.803+0000] {dagbag.py:540} INFO - Filling up the DagBag from /home/airflow/.local/lib/python3.12/site-packages/airflow/example_dags/example_branch_operator_decorator.py
[2026-01-28T00:02:02.832+0000] {processor.py:840} INFO - DAG(s) 'example_branch_python_operator_decorator' retrieved from /home/airflow/.local/lib/python3.12/site-packages/airflow/example_dags/example_branch_operator_decorator.py
[2026-01-28T00:02:02.871+0000] {logging_mixin.py:188} INFO - [2026-01-28T00:02:02.871+0000] {dag.py:3096} INFO - Sync 1 DAGs
[2026-01-28T00:02:02.901+0000] {logging_mixin.py:188} INFO - [2026-01-28T00:02:02.901+0000] {dag.py:3954} INFO - Setting next_dagrun for example_branch_python_operator_decorator to 2026-01-27 00:00:00+00:00, run_after=2026-01-28 00:00:00+00:00
[2026-01-28T00:02:02.926+0000] {processor.py:183} INFO - Processing /home/airflow/.local/lib/python3.12/site-packages/airflow/example_dags/example_branch_operator_decorator.py took 0.136 seconds
[2026-01-28T00:02:32.977+0000] {processor.py:161} INFO - Started process (PID=2760) to work on /home/airflow/.local/lib/python3.12/site-packages/airflow/example_dags/example_branch_operator_decorator.py
[2026-01-28T00:02:32.978+0000] {processor.py:830} INFO - Processing file /home/airflow/.local/lib/python3.12/site-packages/airflow/example_dags/example_branch_operator_decorator.py for tasks to queue
[2026-01-28T00:02:32.980+0000] {logging_mixin.py:188} INFO - [2026-01-28T00:02:32.980+0000] {dagbag.py:540} INFO - Filling up the DagBag from /home/airflow/.local/lib/python3.12/site-packages/airflow/example_dags/example_branch_operator_decorator.py
[2026-01-28T00:02:33.002+0000] {processor.py:840} INFO - DAG(s) 'example_branch_python_operator_decorator' retrieved from /home/airflow/.local/lib/python3.12/site-packages/airflow/example_dags/example_branch_operator_decorator.py
[2026-01-28T00:02:33.033+0000] {logging_mixin.py:188} INFO - [2026-01-28T00:02:33.033+0000] {dag.py:3096} INFO - Sync 1 DAGs
[2026-01-28T00:02:33.057+0000] {logging_mixin.py:188} INFO - [2026-01-28T00:02:33.056+0000] {dag.py:3954} INFO - Setting next_dagrun for example_branch_python_operator_decorator to 2026-01-27 00:00:00+00:00, run_after=2026-01-28 00:00:00+00:00
[2026-01-28T00:02:33.076+0000] {processor.py:183} INFO - Processing /home/airflow/.local/lib/python3.12/site-packages/airflow/example_dags/example_branch_operator_decorator.py took 0.106 seconds
[2026-01-28T00:03:03.282+0000] {processor.py:161} INFO - Started process (PID=2812) to work on /home/airflow/.local/lib/python3.12/site-packages/airflow/example_dags/example_branch_operator_decorator.py
[2026-01-28T00:03:03.283+0000] {processor.py:830} INFO - Processing file /home/airflow/.local/lib/python3.12/site-packages/airflow/example_dags/example_branch_operator_decorator.py for tasks to queue
[2026-01-28T00:03:03.285+0000] {logging_mixin.py:188} INFO - [2026-01-28T00:03:03.285+0000] {dagbag.py:540} INFO - Filling up the DagBag from /home/airflow/.local/lib/python3.12/site-packages/airflow/example_dags/example_branch_operator_decorator.py
[2026-01-28T00:03:03.305+0000] {processor.py:840} INFO - DAG(s) 'example_branch_python_operator_decorator' retrieved from /home/airflow/.local/lib/python3.12/site-packages/airflow/example_dags/example_branch_operator_decorator.py
[2026-01-28T00:03:03.333+0000] {logging_mixin.py:188} INFO - [2026-01-28T00:03:03.333+0000] {dag.py:3096} INFO - Sync 1 DAGs
[2026-01-28T00:03:03.354+0000] {logging_mixin.py:188} INFO - [2026-01-28T00:03:03.354+0000] {dag.py:3954} INFO - Setting next_dagrun for example_branch_python_operator_decorator to 2026-01-27 00:00:00+00:00, run_after=2026-01-28 00:00:00+00:00
[2026-01-28T00:03:03.374+0000] {processor.py:183} INFO - Processing /home/airflow/.local/lib/python3.12/site-packages/airflow/example_dags/example_branch_operator_decorator.py took 0.098 seconds
[2026-01-28T00:03:33.574+0000] {processor.py:161} INFO - Started process (PID=2864) to work on /home/airflow/.local/lib/python3.12/site-packages/airflow/example_dags/example_branch_operator_decorator.py
[2026-01-28T00:03:33.575+0000] {processor.py:830} INFO - Processing file /home/airflow/.local/lib/python3.12/site-packages/airflow/example_dags/example_branch_operator_decorator.py for tasks to queue
[2026-01-28T00:03:33.577+0000] {logging_mixin.py:188} INFO - [2026-01-28T00:03:33.577+0000] {dagbag.py:540} INFO - Filling up the DagBag from /home/airflow/.local/lib/python3.12/site-packages/airflow/example_dags/example_branch_operator_decorator.py
[2026-01-28T00:03:33.595+0000] {processor.py:840} INFO - DAG(s) 'example_branch_python_operator_decorator' retrieved from /home/airflow/.local/lib/python3.12/site-packages/airflow/example_dags/example_branch_operator_decorator.py
[2026-01-28T00:03:33.623+0000] {logging_mixin.py:188} INFO - [2026-01-28T00:03:33.623+0000] {dag.py:3096} INFO - Sync 1 DAGs
[2026-01-28T00:03:33.645+0000] {logging_mixin.py:188} INFO - [2026-01-28T00:03:33.645+0000] {dag.py:3954} INFO - Setting next_dagrun for example_branch_python_operator_decorator to 2026-01-27 00:00:00+00:00, run_after=2026-01-28 00:00:00+00:00
[2026-01-28T00:03:33.665+0000] {processor.py:183} INFO - Processing /home/airflow/.local/lib/python3.12/site-packages/airflow/example_dags/example_branch_operator_decorator.py took 0.097 seconds
[2026-01-28T00:04:03.874+0000] {processor.py:161} INFO - Started process (PID=2916) to work on /home/airflow/.local/lib/python3.12/site-packages/airflow/example_dags/example_branch_operator_decorator.py
[2026-01-28T00:04:03.875+0000] {processor.py:830} INFO - Processing file /home/airflow/.local/lib/python3.12/site-packages/airflow/example_dags/example_branch_operator_decorator.py for tasks to queue
[2026-01-28T00:04:03.877+0000] {logging_mixin.py:188} INFO - [2026-01-28T00:04:03.877+0000] {dagbag.py:540} INFO - Filling up the DagBag from /home/airflow/.local/lib/python3.12/site-packages/airflow/example_dags/example_branch_operator_decorator.py
[2026-01-28T00:04:03.896+0000] {processor.py:840} INFO - DAG(s) 'example_branch_python_operator_decorator' retrieved from /home/airflow/.local/lib/python3.12/site-packages/airflow/example_dags/example_branch_operator_decorator.py
[2026-01-28T00:04:03.924+0000] {logging_mixin.py:188} INFO - [2026-01-28T00:04:03.924+0000] {dag.py:3096} INFO - Sync 1 DAGs
[2026-01-28T00:04:03.946+0000] {logging_mixin.py:188} INFO - [2026-01-28T00:04:03.946+0000] {dag.py:3954} INFO - Setting next_dagrun for example_branch_python_operator_decorator to 2026-01-27 00:00:00+00:00, run_after=2026-01-28 00:00:00+00:00
[2026-01-28T00:04:03.973+0000] {processor.py:183} INFO - Processing /home/airflow/.local/lib/python3.12/site-packages/airflow/example_dags/example_branch_operator_decorator.py took 0.104 seconds
[2026-01-28T00:04:34.151+0000] {processor.py:161} INFO - Started process (PID=2968) to work on /home/airflow/.local/lib/python3.12/site-packages/airflow/example_dags/example_branch_operator_decorator.py
[2026-01-28T00:04:34.152+0000] {processor.py:830} INFO - Processing file /home/airflow/.local/lib/python3.12/site-packages/airflow/example_dags/example_branch_operator_decorator.py for tasks to queue
[2026-01-28T00:04:34.154+0000] {logging_mixin.py:188} INFO - [2026-01-28T00:04:34.154+0000] {dagbag.py:540} INFO - Filling up the DagBag from /home/airflow/.local/lib/python3.12/site-packages/airflow/example_dags/example_branch_operator_decorator.py
[2026-01-28T00:04:34.174+0000] {processor.py:840} INFO - DAG(s) 'example_branch_python_operator_decorator' retrieved from /home/airflow/.local/lib/python3.12/site-packages/airflow/example_dags/example_branch_operator_decorator.py
[2026-01-28T00:04:34.201+0000] {logging_mixin.py:188} INFO - [2026-01-28T00:04:34.201+0000] {dag.py:3096} INFO - Sync 1 DAGs
[2026-01-28T00:04:34.224+0000] {logging_mixin.py:188} INFO - [2026-01-28T00:04:34.224+0000] {dag.py:3954} INFO - Setting next_dagrun for example_branch_python_operator_decorator to 2026-01-27 00:00:00+00:00, run_after=2026-01-28 00:00:00+00:00
[2026-01-28T00:04:34.243+0000] {processor.py:183} INFO - Processing /home/airflow/.local/lib/python3.12/site-packages/airflow/example_dags/example_branch_operator_decorator.py took 0.098 seconds
[2026-01-28T00:05:04.481+0000] {processor.py:161} INFO - Started process (PID=3020) to work on /home/airflow/.local/lib/python3.12/site-packages/airflow/example_dags/example_branch_operator_decorator.py
[2026-01-28T00:05:04.483+0000] {processor.py:830} INFO - Processing file /home/airflow/.local/lib/python3.12/site-packages/airflow/example_dags/example_branch_operator_decorator.py for tasks to queue
[2026-01-28T00:05:04.487+0000] {logging_mixin.py:188} INFO - [2026-01-28T00:05:04.486+0000] {dagbag.py:540} INFO - Filling up the DagBag from /home/airflow/.local/lib/python3.12/site-packages/airflow/example_dags/example_branch_operator_decorator.py
[2026-01-28T00:05:04.528+0000] {processor.py:840} INFO - DAG(s) 'example_branch_python_operator_decorator' retrieved from /home/airflow/.local/lib/python3.12/site-packages/airflow/example_dags/example_branch_operator_decorator.py
[2026-01-28T00:05:04.585+0000] {logging_mixin.py:188} INFO - [2026-01-28T00:05:04.584+0000] {dag.py:3096} INFO - Sync 1 DAGs
[2026-01-28T00:05:04.644+0000] {logging_mixin.py:188} INFO - [2026-01-28T00:05:04.643+0000] {dag.py:3954} INFO - Setting next_dagrun for example_branch_python_operator_decorator to 2026-01-27 00:00:00+00:00, run_after=2026-01-28 00:00:00+00:00
[2026-01-28T00:05:04.693+0000] {processor.py:183} INFO - Processing /home/airflow/.local/lib/python3.12/site-packages/airflow/example_dags/example_branch_operator_decorator.py took 0.224 seconds
[2026-01-28T00:05:35.299+0000] {processor.py:161} INFO - Started process (PID=3070) to work on /home/airflow/.local/lib/python3.12/site-packages/airflow/example_dags/example_branch_operator_decorator.py
[2026-01-28T00:05:35.300+0000] {processor.py:830} INFO - Processing file /home/airflow/.local/lib/python3.12/site-packages/airflow/example_dags/example_branch_operator_decorator.py for tasks to queue
[2026-01-28T00:05:35.302+0000] {logging_mixin.py:188} INFO - [2026-01-28T00:05:35.301+0000] {dagbag.py:540} INFO - Filling up the DagBag from /home/airflow/.local/lib/python3.12/site-packages/airflow/example_dags/example_branch_operator_decorator.py
[2026-01-28T00:05:35.326+0000] {processor.py:840} INFO - DAG(s) 'example_branch_python_operator_decorator' retrieved from /home/airflow/.local/lib/python3.12/site-packages/airflow/example_dags/example_branch_operator_decorator.py
[2026-01-28T00:05:35.356+0000] {logging_mixin.py:188} INFO - [2026-01-28T00:05:35.355+0000] {dag.py:3096} INFO - Sync 1 DAGs
[2026-01-28T00:05:35.380+0000] {logging_mixin.py:188} INFO - [2026-01-28T00:05:35.380+0000] {dag.py:3954} INFO - Setting next_dagrun for example_branch_python_operator_decorator to 2026-01-27 00:00:00+00:00, run_after=2026-01-28 00:00:00+00:00
[2026-01-28T00:05:35.400+0000] {processor.py:183} INFO - Processing /home/airflow/.local/lib/python3.12/site-packages/airflow/example_dags/example_branch_operator_decorator.py took 0.108 seconds
[2026-01-28T00:06:05.621+0000] {processor.py:161} INFO - Started process (PID=3122) to work on /home/airflow/.local/lib/python3.12/site-packages/airflow/example_dags/example_branch_operator_decorator.py
[2026-01-28T00:06:05.622+0000] {processor.py:830} INFO - Processing file /home/airflow/.local/lib/python3.12/site-packages/airflow/example_dags/example_branch_operator_decorator.py for tasks to queue
[2026-01-28T00:06:05.624+0000] {logging_mixin.py:188} INFO - [2026-01-28T00:06:05.624+0000] {dagbag.py:540} INFO - Filling up the DagBag from /home/airflow/.local/lib/python3.12/site-packages/airflow/example_dags/example_branch_operator_decorator.py
[2026-01-28T00:06:05.642+0000] {processor.py:840} INFO - DAG(s) 'example_branch_python_operator_decorator' retrieved from /home/airflow/.local/lib/python3.12/site-packages/airflow/example_dags/example_branch_operator_decorator.py
[2026-01-28T00:06:05.673+0000] {logging_mixin.py:188} INFO - [2026-01-28T00:06:05.673+0000] {dag.py:3096} INFO - Sync 1 DAGs
[2026-01-28T00:06:05.695+0000] {logging_mixin.py:188} INFO - [2026-01-28T00:06:05.694+0000] {dag.py:3954} INFO - Setting next_dagrun for example_branch_python_operator_decorator to 2026-01-27 00:00:00+00:00, run_after=2026-01-28 00:00:00+00:00
[2026-01-28T00:06:05.715+0000] {processor.py:183} INFO - Processing /home/airflow/.local/lib/python3.12/site-packages/airflow/example_dags/example_branch_operator_decorator.py took 0.100 seconds
[2026-01-28T00:06:35.841+0000] {processor.py:161} INFO - Started process (PID=3174) to work on /home/airflow/.local/lib/python3.12/site-packages/airflow/example_dags/example_branch_operator_decorator.py
[2026-01-28T00:06:35.843+0000] {processor.py:830} INFO - Processing file /home/airflow/.local/lib/python3.12/site-packages/airflow/example_dags/example_branch_operator_decorator.py for tasks to queue
[2026-01-28T00:06:35.844+0000] {logging_mixin.py:188} INFO - [2026-01-28T00:06:35.844+0000] {dagbag.py:540} INFO - Filling up the DagBag from /home/airflow/.local/lib/python3.12/site-packages/airflow/example_dags/example_branch_operator_decorator.py
[2026-01-28T00:06:35.862+0000] {processor.py:840} INFO - DAG(s) 'example_branch_python_operator_decorator' retrieved from /home/airflow/.local/lib/python3.12/site-packages/airflow/example_dags/example_branch_operator_decorator.py
[2026-01-28T00:06:35.891+0000] {logging_mixin.py:188} INFO - [2026-01-28T00:06:35.891+0000] {dag.py:3096} INFO - Sync 1 DAGs
[2026-01-28T00:06:35.915+0000] {logging_mixin.py:188} INFO - [2026-01-28T00:06:35.915+0000] {dag.py:3954} INFO - Setting next_dagrun for example_branch_python_operator_decorator to 2026-01-27 00:00:00+00:00, run_after=2026-01-28 00:00:00+00:00
[2026-01-28T00:06:35.936+0000] {processor.py:183} INFO - Processing /home/airflow/.local/lib/python3.12/site-packages/airflow/example_dags/example_branch_operator_decorator.py took 0.100 seconds
[2026-01-28T00:07:05.977+0000] {processor.py:161} INFO - Started process (PID=3226) to work on /home/airflow/.local/lib/python3.12/site-packages/airflow/example_dags/example_branch_operator_decorator.py
[2026-01-28T00:07:05.977+0000] {processor.py:830} INFO - Processing file /home/airflow/.local/lib/python3.12/site-packages/airflow/example_dags/example_branch_operator_decorator.py for tasks to queue
[2026-01-28T00:07:05.979+0000] {logging_mixin.py:188} INFO - [2026-01-28T00:07:05.979+0000] {dagbag.py:540} INFO - Filling up the DagBag from /home/airflow/.local/lib/python3.12/site-packages/airflow/example_dags/example_branch_operator_decorator.py
[2026-01-28T00:07:05.998+0000] {processor.py:840} INFO - DAG(s) 'example_branch_python_operator_decorator' retrieved from /home/airflow/.local/lib/python3.12/site-packages/airflow/example_dags/example_branch_operator_decorator.py
[2026-01-28T00:07:06.024+0000] {logging_mixin.py:188} INFO - [2026-01-28T00:07:06.023+0000] {dag.py:3096} INFO - Sync 1 DAGs
[2026-01-28T00:07:06.043+0000] {logging_mixin.py:188} INFO - [2026-01-28T00:07:06.043+0000] {dag.py:3954} INFO - Setting next_dagrun for example_branch_python_operator_decorator to 2026-01-27 00:00:00+00:00, run_after=2026-01-28 00:00:00+00:00
[2026-01-28T00:07:06.063+0000] {processor.py:183} INFO - Processing /home/airflow/.local/lib/python3.12/site-packages/airflow/example_dags/example_branch_operator_decorator.py took 0.092 seconds
[2026-01-28T00:07:36.203+0000] {processor.py:161} INFO - Started process (PID=3278) to work on /home/airflow/.local/lib/python3.12/site-packages/airflow/example_dags/example_branch_operator_decorator.py
[2026-01-28T00:07:36.204+0000] {processor.py:830} INFO - Processing file /home/airflow/.local/lib/python3.12/site-packages/airflow/example_dags/example_branch_operator_decorator.py for tasks to queue
[2026-01-28T00:07:36.207+0000] {logging_mixin.py:188} INFO - [2026-01-28T00:07:36.206+0000] {dagbag.py:540} INFO - Filling up the DagBag from /home/airflow/.local/lib/python3.12/site-packages/airflow/example_dags/example_branch_operator_decorator.py
[2026-01-28T00:07:36.227+0000] {processor.py:840} INFO - DAG(s) 'example_branch_python_operator_decorator' retrieved from /home/airflow/.local/lib/python3.12/site-packages/airflow/example_dags/example_branch_operator_decorator.py
[2026-01-28T00:07:36.256+0000] {logging_mixin.py:188} INFO - [2026-01-28T00:07:36.256+0000] {dag.py:3096} INFO - Sync 1 DAGs
[2026-01-28T00:07:36.283+0000] {logging_mixin.py:188} INFO - [2026-01-28T00:07:36.283+0000] {dag.py:3954} INFO - Setting next_dagrun for example_branch_python_operator_decorator to 2026-01-27 00:00:00+00:00, run_after=2026-01-28 00:00:00+00:00
[2026-01-28T00:07:36.305+0000] {processor.py:183} INFO - Processing /home/airflow/.local/lib/python3.12/site-packages/airflow/example_dags/example_branch_operator_decorator.py took 0.110 seconds
[2026-01-28T00:08:06.721+0000] {processor.py:161} INFO - Started process (PID=3330) to work on /home/airflow/.local/lib/python3.12/site-packages/airflow/example_dags/example_branch_operator_decorator.py
[2026-01-28T00:08:06.723+0000] {processor.py:830} INFO - Processing file /home/airflow/.local/lib/python3.12/site-packages/airflow/example_dags/example_branch_operator_decorator.py for tasks to queue
[2026-01-28T00:08:06.726+0000] {logging_mixin.py:188} INFO - [2026-01-28T00:08:06.725+0000] {dagbag.py:540} INFO - Filling up the DagBag from /home/airflow/.local/lib/python3.12/site-packages/airflow/example_dags/example_branch_operator_decorator.py
[2026-01-28T00:08:06.752+0000] {processor.py:840} INFO - DAG(s) 'example_branch_python_operator_decorator' retrieved from /home/airflow/.local/lib/python3.12/site-packages/airflow/example_dags/example_branch_operator_decorator.py
[2026-01-28T00:08:06.791+0000] {logging_mixin.py:188} INFO - [2026-01-28T00:08:06.790+0000] {dag.py:3096} INFO - Sync 1 DAGs
[2026-01-28T00:08:06.832+0000] {logging_mixin.py:188} INFO - [2026-01-28T00:08:06.832+0000] {dag.py:3954} INFO - Setting next_dagrun for example_branch_python_operator_decorator to 2026-01-27 00:00:00+00:00, run_after=2026-01-28 00:00:00+00:00
[2026-01-28T00:08:06.856+0000] {processor.py:183} INFO - Processing /home/airflow/.local/lib/python3.12/site-packages/airflow/example_dags/example_branch_operator_decorator.py took 0.144 seconds
[2026-01-28T00:08:36.942+0000] {processor.py:161} INFO - Started process (PID=3382) to work on /home/airflow/.local/lib/python3.12/site-packages/airflow/example_dags/example_branch_operator_decorator.py
[2026-01-28T00:08:36.944+0000] {processor.py:830} INFO - Processing file /home/airflow/.local/lib/python3.12/site-packages/airflow/example_dags/example_branch_operator_decorator.py for tasks to queue
[2026-01-28T00:08:36.946+0000] {logging_mixin.py:188} INFO - [2026-01-28T00:08:36.946+0000] {dagbag.py:540} INFO - Filling up the DagBag from /home/airflow/.local/lib/python3.12/site-packages/airflow/example_dags/example_branch_operator_decorator.py
[2026-01-28T00:08:36.966+0000] {processor.py:840} INFO - DAG(s) 'example_branch_python_operator_decorator' retrieved from /home/airflow/.local/lib/python3.12/site-packages/airflow/example_dags/example_branch_operator_decorator.py
[2026-01-28T00:08:36.995+0000] {logging_mixin.py:188} INFO - [2026-01-28T00:08:36.995+0000] {dag.py:3096} INFO - Sync 1 DAGs
[2026-01-28T00:08:37.017+0000] {logging_mixin.py:188} INFO - [2026-01-28T00:08:37.017+0000] {dag.py:3954} INFO - Setting next_dagrun for example_branch_python_operator_decorator to 2026-01-27 00:00:00+00:00, run_after=2026-01-28 00:00:00+00:00
[2026-01-28T00:08:37.035+0000] {processor.py:183} INFO - Processing /home/airflow/.local/lib/python3.12/site-packages/airflow/example_dags/example_branch_operator_decorator.py took 0.101 seconds
[2026-01-28T00:09:07.400+0000] {processor.py:161} INFO - Started process (PID=3434) to work on /home/airflow/.local/lib/python3.12/site-packages/airflow/example_dags/example_branch_operator_decorator.py
[2026-01-28T00:09:07.401+0000] {processor.py:830} INFO - Processing file /home/airflow/.local/lib/python3.12/site-packages/airflow/example_dags/example_branch_operator_decorator.py for tasks to queue
[2026-01-28T00:09:07.403+0000] {logging_mixin.py:188} INFO - [2026-01-28T00:09:07.403+0000] {dagbag.py:540} INFO - Filling up the DagBag from /home/airflow/.local/lib/python3.12/site-packages/airflow/example_dags/example_branch_operator_decorator.py
[2026-01-28T00:09:07.423+0000] {processor.py:840} INFO - DAG(s) 'example_branch_python_operator_decorator' retrieved from /home/airflow/.local/lib/python3.12/site-packages/airflow/example_dags/example_branch_operator_decorator.py
[2026-01-28T00:09:07.451+0000] {logging_mixin.py:188} INFO - [2026-01-28T00:09:07.451+0000] {dag.py:3096} INFO - Sync 1 DAGs
[2026-01-28T00:09:07.474+0000] {logging_mixin.py:188} INFO - [2026-01-28T00:09:07.473+0000] {dag.py:3954} INFO - Setting next_dagrun for example_branch_python_operator_decorator to 2026-01-27 00:00:00+00:00, run_after=2026-01-28 00:00:00+00:00
[2026-01-28T00:09:07.493+0000] {processor.py:183} INFO - Processing /home/airflow/.local/lib/python3.12/site-packages/airflow/example_dags/example_branch_operator_decorator.py took 0.100 seconds
[2026-01-28T00:09:38.174+0000] {processor.py:161} INFO - Started process (PID=3486) to work on /home/airflow/.local/lib/python3.12/site-packages/airflow/example_dags/example_branch_operator_decorator.py
[2026-01-28T00:09:38.175+0000] {processor.py:830} INFO - Processing file /home/airflow/.local/lib/python3.12/site-packages/airflow/example_dags/example_branch_operator_decorator.py for tasks to queue
[2026-01-28T00:09:38.177+0000] {logging_mixin.py:188} INFO - [2026-01-28T00:09:38.176+0000] {dagbag.py:540} INFO - Filling up the DagBag from /home/airflow/.local/lib/python3.12/site-packages/airflow/example_dags/example_branch_operator_decorator.py
[2026-01-28T00:09:38.195+0000] {processor.py:840} INFO - DAG(s) 'example_branch_python_operator_decorator' retrieved from /home/airflow/.local/lib/python3.12/site-packages/airflow/example_dags/example_branch_operator_decorator.py
[2026-01-28T00:09:38.220+0000] {logging_mixin.py:188} INFO - [2026-01-28T00:09:38.220+0000] {dag.py:3096} INFO - Sync 1 DAGs
[2026-01-28T00:09:38.240+0000] {logging_mixin.py:188} INFO - [2026-01-28T00:09:38.240+0000] {dag.py:3954} INFO - Setting next_dagrun for example_branch_python_operator_decorator to 2026-01-27 00:00:00+00:00, run_after=2026-01-28 00:00:00+00:00
[2026-01-28T00:09:38.261+0000] {processor.py:183} INFO - Processing /home/airflow/.local/lib/python3.12/site-packages/airflow/example_dags/example_branch_operator_decorator.py took 0.093 seconds
[2026-01-28T00:10:09.052+0000] {processor.py:161} INFO - Started process (PID=3538) to work on /home/airflow/.local/lib/python3.12/site-packages/airflow/example_dags/example_branch_operator_decorator.py
[2026-01-28T00:10:09.053+0000] {processor.py:830} INFO - Processing file /home/airflow/.local/lib/python3.12/site-packages/airflow/example_dags/example_branch_operator_decorator.py for tasks to queue
[2026-01-28T00:10:09.055+0000] {logging_mixin.py:188} INFO - [2026-01-28T00:10:09.055+0000] {dagbag.py:540} INFO - Filling up the DagBag from /home/airflow/.local/lib/python3.12/site-packages/airflow/example_dags/example_branch_operator_decorator.py
[2026-01-28T00:10:09.074+0000] {processor.py:840} INFO - DAG(s) 'example_branch_python_operator_decorator' retrieved from /home/airflow/.local/lib/python3.12/site-packages/airflow/example_dags/example_branch_operator_decorator.py
[2026-01-28T00:10:09.104+0000] {logging_mixin.py:188} INFO - [2026-01-28T00:10:09.104+0000] {dag.py:3096} INFO - Sync 1 DAGs
[2026-01-28T00:10:09.127+0000] {logging_mixin.py:188} INFO - [2026-01-28T00:10:09.126+0000] {dag.py:3954} INFO - Setting next_dagrun for example_branch_python_operator_decorator to 2026-01-27 00:00:00+00:00, run_after=2026-01-28 00:00:00+00:00
[2026-01-28T00:10:09.148+0000] {processor.py:183} INFO - Processing /home/airflow/.local/lib/python3.12/site-packages/airflow/example_dags/example_branch_operator_decorator.py took 0.103 seconds
[2026-01-28T00:10:39.219+0000] {processor.py:161} INFO - Started process (PID=3590) to work on /home/airflow/.local/lib/python3.12/site-packages/airflow/example_dags/example_branch_operator_decorator.py
[2026-01-28T00:10:39.220+0000] {processor.py:830} INFO - Processing file /home/airflow/.local/lib/python3.12/site-packages/airflow/example_dags/example_branch_operator_decorator.py for tasks to queue
[2026-01-28T00:10:39.223+0000] {logging_mixin.py:188} INFO - [2026-01-28T00:10:39.222+0000] {dagbag.py:540} INFO - Filling up the DagBag from /home/airflow/.local/lib/python3.12/site-packages/airflow/example_dags/example_branch_operator_decorator.py
[2026-01-28T00:10:39.240+0000] {processor.py:840} INFO - DAG(s) 'example_branch_python_operator_decorator' retrieved from /home/airflow/.local/lib/python3.12/site-packages/airflow/example_dags/example_branch_operator_decorator.py
[2026-01-28T00:10:39.270+0000] {logging_mixin.py:188} INFO - [2026-01-28T00:10:39.270+0000] {dag.py:3096} INFO - Sync 1 DAGs
[2026-01-28T00:10:39.291+0000] {logging_mixin.py:188} INFO - [2026-01-28T00:10:39.290+0000] {dag.py:3954} INFO - Setting next_dagrun for example_branch_python_operator_decorator to 2026-01-27 00:00:00+00:00, run_after=2026-01-28 00:00:00+00:00
[2026-01-28T00:10:39.311+0000] {processor.py:183} INFO - Processing /home/airflow/.local/lib/python3.12/site-packages/airflow/example_dags/example_branch_operator_decorator.py took 0.098 seconds
[2026-01-28T00:11:09.533+0000] {processor.py:161} INFO - Started process (PID=3642) to work on /home/airflow/.local/lib/python3.12/site-packages/airflow/example_dags/example_branch_operator_decorator.py
[2026-01-28T00:11:09.535+0000] {processor.py:830} INFO - Processing file /home/airflow/.local/lib/python3.12/site-packages/airflow/example_dags/example_branch_operator_decorator.py for tasks to queue
[2026-01-28T00:11:09.538+0000] {logging_mixin.py:188} INFO - [2026-01-28T00:11:09.537+0000] {dagbag.py:540} INFO - Filling up the DagBag from /home/airflow/.local/lib/python3.12/site-packages/airflow/example_dags/example_branch_operator_decorator.py
[2026-01-28T00:11:09.558+0000] {processor.py:840} INFO - DAG(s) 'example_branch_python_operator_decorator' retrieved from /home/airflow/.local/lib/python3.12/site-packages/airflow/example_dags/example_branch_operator_decorator.py
[2026-01-28T00:11:09.584+0000] {logging_mixin.py:188} INFO - [2026-01-28T00:11:09.584+0000] {dag.py:3096} INFO - Sync 1 DAGs
[2026-01-28T00:11:09.606+0000] {logging_mixin.py:188} INFO - [2026-01-28T00:11:09.606+0000] {dag.py:3954} INFO - Setting next_dagrun for example_branch_python_operator_decorator to 2026-01-27 00:00:00+00:00, run_after=2026-01-28 00:00:00+00:00
[2026-01-28T00:11:09.625+0000] {processor.py:183} INFO - Processing /home/airflow/.local/lib/python3.12/site-packages/airflow/example_dags/example_branch_operator_decorator.py took 0.098 seconds
[2026-01-28T00:11:39.730+0000] {processor.py:161} INFO - Started process (PID=3694) to work on /home/airflow/.local/lib/python3.12/site-packages/airflow/example_dags/example_branch_operator_decorator.py
[2026-01-28T00:11:39.731+0000] {processor.py:830} INFO - Processing file /home/airflow/.local/lib/python3.12/site-packages/airflow/example_dags/example_branch_operator_decorator.py for tasks to queue
[2026-01-28T00:11:39.733+0000] {logging_mixin.py:188} INFO - [2026-01-28T00:11:39.733+0000] {dagbag.py:540} INFO - Filling up the DagBag from /home/airflow/.local/lib/python3.12/site-packages/airflow/example_dags/example_branch_operator_decorator.py
[2026-01-28T00:11:39.752+0000] {processor.py:840} INFO - DAG(s) 'example_branch_python_operator_decorator' retrieved from /home/airflow/.local/lib/python3.12/site-packages/airflow/example_dags/example_branch_operator_decorator.py
[2026-01-28T00:11:39.779+0000] {logging_mixin.py:188} INFO - [2026-01-28T00:11:39.779+0000] {dag.py:3096} INFO - Sync 1 DAGs
[2026-01-28T00:11:39.800+0000] {logging_mixin.py:188} INFO - [2026-01-28T00:11:39.800+0000] {dag.py:3954} INFO - Setting next_dagrun for example_branch_python_operator_decorator to 2026-01-27 00:00:00+00:00, run_after=2026-01-28 00:00:00+00:00
[2026-01-28T00:11:39.820+0000] {processor.py:183} INFO - Processing /home/airflow/.local/lib/python3.12/site-packages/airflow/example_dags/example_branch_operator_decorator.py took 0.097 seconds
[2026-01-28T00:12:09.925+0000] {processor.py:161} INFO - Started process (PID=3746) to work on /home/airflow/.local/lib/python3.12/site-packages/airflow/example_dags/example_branch_operator_decorator.py
[2026-01-28T00:12:09.926+0000] {processor.py:830} INFO - Processing file /home/airflow/.local/lib/python3.12/site-packages/airflow/example_dags/example_branch_operator_decorator.py for tasks to queue
[2026-01-28T00:12:09.928+0000] {logging_mixin.py:188} INFO - [2026-01-28T00:12:09.928+0000] {dagbag.py:540} INFO - Filling up the DagBag from /home/airflow/.local/lib/python3.12/site-packages/airflow/example_dags/example_branch_operator_decorator.py
[2026-01-28T00:12:09.946+0000] {processor.py:840} INFO - DAG(s) 'example_branch_python_operator_decorator' retrieved from /home/airflow/.local/lib/python3.12/site-packages/airflow/example_dags/example_branch_operator_decorator.py
[2026-01-28T00:12:09.974+0000] {logging_mixin.py:188} INFO - [2026-01-28T00:12:09.973+0000] {dag.py:3096} INFO - Sync 1 DAGs
[2026-01-28T00:12:09.997+0000] {logging_mixin.py:188} INFO - [2026-01-28T00:12:09.996+0000] {dag.py:3954} INFO - Setting next_dagrun for example_branch_python_operator_decorator to 2026-01-27 00:00:00+00:00, run_after=2026-01-28 00:00:00+00:00
[2026-01-28T00:12:10.014+0000] {processor.py:183} INFO - Processing /home/airflow/.local/lib/python3.12/site-packages/airflow/example_dags/example_branch_operator_decorator.py took 0.095 seconds
[2026-01-28T00:12:40.201+0000] {processor.py:161} INFO - Started process (PID=3798) to work on /home/airflow/.local/lib/python3.12/site-packages/airflow/example_dags/example_branch_operator_decorator.py
[2026-01-28T00:12:40.202+0000] {processor.py:830} INFO - Processing file /home/airflow/.local/lib/python3.12/site-packages/airflow/example_dags/example_branch_operator_decorator.py for tasks to queue
[2026-01-28T00:12:40.204+0000] {logging_mixin.py:188} INFO - [2026-01-28T00:12:40.204+0000] {dagbag.py:540} INFO - Filling up the DagBag from /home/airflow/.local/lib/python3.12/site-packages/airflow/example_dags/example_branch_operator_decorator.py
[2026-01-28T00:12:40.224+0000] {processor.py:840} INFO - DAG(s) 'example_branch_python_operator_decorator' retrieved from /home/airflow/.local/lib/python3.12/site-packages/airflow/example_dags/example_branch_operator_decorator.py
[2026-01-28T00:12:40.251+0000] {logging_mixin.py:188} INFO - [2026-01-28T00:12:40.251+0000] {dag.py:3096} INFO - Sync 1 DAGs
[2026-01-28T00:12:40.273+0000] {logging_mixin.py:188} INFO - [2026-01-28T00:12:40.273+0000] {dag.py:3954} INFO - Setting next_dagrun for example_branch_python_operator_decorator to 2026-01-27 00:00:00+00:00, run_after=2026-01-28 00:00:00+00:00
[2026-01-28T00:12:40.293+0000] {processor.py:183} INFO - Processing /home/airflow/.local/lib/python3.12/site-packages/airflow/example_dags/example_branch_operator_decorator.py took 0.099 seconds
[2026-01-28T00:13:10.435+0000] {processor.py:161} INFO - Started process (PID=3850) to work on /home/airflow/.local/lib/python3.12/site-packages/airflow/example_dags/example_branch_operator_decorator.py
[2026-01-28T00:13:10.436+0000] {processor.py:830} INFO - Processing file /home/airflow/.local/lib/python3.12/site-packages/airflow/example_dags/example_branch_operator_decorator.py for tasks to queue
[2026-01-28T00:13:10.438+0000] {logging_mixin.py:188} INFO - [2026-01-28T00:13:10.438+0000] {dagbag.py:540} INFO - Filling up the DagBag from /home/airflow/.local/lib/python3.12/site-packages/airflow/example_dags/example_branch_operator_decorator.py
[2026-01-28T00:13:10.456+0000] {processor.py:840} INFO - DAG(s) 'example_branch_python_operator_decorator' retrieved from /home/airflow/.local/lib/python3.12/site-packages/airflow/example_dags/example_branch_operator_decorator.py
[2026-01-28T00:13:10.484+0000] {logging_mixin.py:188} INFO - [2026-01-28T00:13:10.483+0000] {dag.py:3096} INFO - Sync 1 DAGs
[2026-01-28T00:13:10.504+0000] {logging_mixin.py:188} INFO - [2026-01-28T00:13:10.504+0000] {dag.py:3954} INFO - Setting next_dagrun for example_branch_python_operator_decorator to 2026-01-27 00:00:00+00:00, run_after=2026-01-28 00:00:00+00:00
[2026-01-28T00:13:10.524+0000] {processor.py:183} INFO - Processing /home/airflow/.local/lib/python3.12/site-packages/airflow/example_dags/example_branch_operator_decorator.py took 0.095 seconds
[2026-01-28T00:13:40.596+0000] {processor.py:161} INFO - Started process (PID=3902) to work on /home/airflow/.local/lib/python3.12/site-packages/airflow/example_dags/example_branch_operator_decorator.py
[2026-01-28T00:13:40.597+0000] {processor.py:830} INFO - Processing file /home/airflow/.local/lib/python3.12/site-packages/airflow/example_dags/example_branch_operator_decorator.py for tasks to queue
[2026-01-28T00:13:40.599+0000] {logging_mixin.py:188} INFO - [2026-01-28T00:13:40.599+0000] {dagbag.py:540} INFO - Filling up the DagBag from /home/airflow/.local/lib/python3.12/site-packages/airflow/example_dags/example_branch_operator_decorator.py
[2026-01-28T00:13:40.616+0000] {processor.py:840} INFO - DAG(s) 'example_branch_python_operator_decorator' retrieved from /home/airflow/.local/lib/python3.12/site-packages/airflow/example_dags/example_branch_operator_decorator.py
[2026-01-28T00:13:40.644+0000] {logging_mixin.py:188} INFO - [2026-01-28T00:13:40.643+0000] {dag.py:3096} INFO - Sync 1 DAGs
[2026-01-28T00:13:40.668+0000] {logging_mixin.py:188} INFO - [2026-01-28T00:13:40.668+0000] {dag.py:3954} INFO - Setting next_dagrun for example_branch_python_operator_decorator to 2026-01-27 00:00:00+00:00, run_after=2026-01-28 00:00:00+00:00
[2026-01-28T00:13:40.686+0000] {processor.py:183} INFO - Processing /home/airflow/.local/lib/python3.12/site-packages/airflow/example_dags/example_branch_operator_decorator.py took 0.095 seconds
[2026-01-28T00:14:11.114+0000] {processor.py:161} INFO - Started process (PID=3954) to work on /home/airflow/.local/lib/python3.12/site-packages/airflow/example_dags/example_branch_operator_decorator.py
[2026-01-28T00:14:11.115+0000] {processor.py:830} INFO - Processing file /home/airflow/.local/lib/python3.12/site-packages/airflow/example_dags/example_branch_operator_decorator.py for tasks to queue
[2026-01-28T00:14:11.117+0000] {logging_mixin.py:188} INFO - [2026-01-28T00:14:11.117+0000] {dagbag.py:540} INFO - Filling up the DagBag from /home/airflow/.local/lib/python3.12/site-packages/airflow/example_dags/example_branch_operator_decorator.py
[2026-01-28T00:14:11.137+0000] {processor.py:840} INFO - DAG(s) 'example_branch_python_operator_decorator' retrieved from /home/airflow/.local/lib/python3.12/site-packages/airflow/example_dags/example_branch_operator_decorator.py
[2026-01-28T00:14:11.165+0000] {logging_mixin.py:188} INFO - [2026-01-28T00:14:11.165+0000] {dag.py:3096} INFO - Sync 1 DAGs
[2026-01-28T00:14:11.188+0000] {logging_mixin.py:188} INFO - [2026-01-28T00:14:11.187+0000] {dag.py:3954} INFO - Setting next_dagrun for example_branch_python_operator_decorator to 2026-01-27 00:00:00+00:00, run_after=2026-01-28 00:00:00+00:00
[2026-01-28T00:14:11.208+0000] {processor.py:183} INFO - Processing /home/airflow/.local/lib/python3.12/site-packages/airflow/example_dags/example_branch_operator_decorator.py took 0.102 seconds
[2026-01-28T00:14:41.448+0000] {processor.py:161} INFO - Started process (PID=4006) to work on /home/airflow/.local/lib/python3.12/site-packages/airflow/example_dags/example_branch_operator_decorator.py
[2026-01-28T00:14:41.449+0000] {processor.py:830} INFO - Processing file /home/airflow/.local/lib/python3.12/site-packages/airflow/example_dags/example_branch_operator_decorator.py for tasks to queue
[2026-01-28T00:14:41.452+0000] {logging_mixin.py:188} INFO - [2026-01-28T00:14:41.451+0000] {dagbag.py:540} INFO - Filling up the DagBag from /home/airflow/.local/lib/python3.12/site-packages/airflow/example_dags/example_branch_operator_decorator.py
[2026-01-28T00:14:41.471+0000] {processor.py:840} INFO - DAG(s) 'example_branch_python_operator_decorator' retrieved from /home/airflow/.local/lib/python3.12/site-packages/airflow/example_dags/example_branch_operator_decorator.py
[2026-01-28T00:14:41.504+0000] {logging_mixin.py:188} INFO - [2026-01-28T00:14:41.503+0000] {dag.py:3096} INFO - Sync 1 DAGs
[2026-01-28T00:14:41.525+0000] {logging_mixin.py:188} INFO - [2026-01-28T00:14:41.525+0000] {dag.py:3954} INFO - Setting next_dagrun for example_branch_python_operator_decorator to 2026-01-27 00:00:00+00:00, run_after=2026-01-28 00:00:00+00:00
[2026-01-28T00:14:41.547+0000] {processor.py:183} INFO - Processing /home/airflow/.local/lib/python3.12/site-packages/airflow/example_dags/example_branch_operator_decorator.py took 0.106 seconds
[2026-01-28T00:15:11.669+0000] {processor.py:161} INFO - Started process (PID=4058) to work on /home/airflow/.local/lib/python3.12/site-packages/airflow/example_dags/example_branch_operator_decorator.py
[2026-01-28T00:15:11.670+0000] {processor.py:830} INFO - Processing file /home/airflow/.local/lib/python3.12/site-packages/airflow/example_dags/example_branch_operator_decorator.py for tasks to queue
[2026-01-28T00:15:11.673+0000] {logging_mixin.py:188} INFO - [2026-01-28T00:15:11.672+0000] {dagbag.py:540} INFO - Filling up the DagBag from /home/airflow/.local/lib/python3.12/site-packages/airflow/example_dags/example_branch_operator_decorator.py
[2026-01-28T00:15:11.690+0000] {processor.py:840} INFO - DAG(s) 'example_branch_python_operator_decorator' retrieved from /home/airflow/.local/lib/python3.12/site-packages/airflow/example_dags/example_branch_operator_decorator.py
[2026-01-28T00:15:11.721+0000] {logging_mixin.py:188} INFO - [2026-01-28T00:15:11.721+0000] {dag.py:3096} INFO - Sync 1 DAGs
[2026-01-28T00:15:11.743+0000] {logging_mixin.py:188} INFO - [2026-01-28T00:15:11.743+0000] {dag.py:3954} INFO - Setting next_dagrun for example_branch_python_operator_decorator to 2026-01-27 00:00:00+00:00, run_after=2026-01-28 00:00:00+00:00
[2026-01-28T00:15:11.766+0000] {processor.py:183} INFO - Processing /home/airflow/.local/lib/python3.12/site-packages/airflow/example_dags/example_branch_operator_decorator.py took 0.104 seconds
[2026-01-28T00:15:41.937+0000] {processor.py:161} INFO - Started process (PID=4110) to work on /home/airflow/.local/lib/python3.12/site-packages/airflow/example_dags/example_branch_operator_decorator.py
[2026-01-28T00:15:41.938+0000] {processor.py:830} INFO - Processing file /home/airflow/.local/lib/python3.12/site-packages/airflow/example_dags/example_branch_operator_decorator.py for tasks to queue
[2026-01-28T00:15:41.940+0000] {logging_mixin.py:188} INFO - [2026-01-28T00:15:41.940+0000] {dagbag.py:540} INFO - Filling up the DagBag from /home/airflow/.local/lib/python3.12/site-packages/airflow/example_dags/example_branch_operator_decorator.py
[2026-01-28T00:15:41.968+0000] {processor.py:840} INFO - DAG(s) 'example_branch_python_operator_decorator' retrieved from /home/airflow/.local/lib/python3.12/site-packages/airflow/example_dags/example_branch_operator_decorator.py
[2026-01-28T00:15:41.999+0000] {logging_mixin.py:188} INFO - [2026-01-28T00:15:41.999+0000] {dag.py:3096} INFO - Sync 1 DAGs
[2026-01-28T00:15:42.022+0000] {logging_mixin.py:188} INFO - [2026-01-28T00:15:42.022+0000] {dag.py:3954} INFO - Setting next_dagrun for example_branch_python_operator_decorator to 2026-01-27 00:00:00+00:00, run_after=2026-01-28 00:00:00+00:00
[2026-01-28T00:15:42.042+0000] {processor.py:183} INFO - Processing /home/airflow/.local/lib/python3.12/site-packages/airflow/example_dags/example_branch_operator_decorator.py took 0.111 seconds
[2026-01-28T00:16:12.881+0000] {processor.py:161} INFO - Started process (PID=4162) to work on /home/airflow/.local/lib/python3.12/site-packages/airflow/example_dags/example_branch_operator_decorator.py
[2026-01-28T00:16:12.882+0000] {processor.py:830} INFO - Processing file /home/airflow/.local/lib/python3.12/site-packages/airflow/example_dags/example_branch_operator_decorator.py for tasks to queue
[2026-01-28T00:16:12.884+0000] {logging_mixin.py:188} INFO - [2026-01-28T00:16:12.884+0000] {dagbag.py:540} INFO - Filling up the DagBag from /home/airflow/.local/lib/python3.12/site-packages/airflow/example_dags/example_branch_operator_decorator.py
[2026-01-28T00:16:12.906+0000] {processor.py:840} INFO - DAG(s) 'example_branch_python_operator_decorator' retrieved from /home/airflow/.local/lib/python3.12/site-packages/airflow/example_dags/example_branch_operator_decorator.py
[2026-01-28T00:16:12.934+0000] {logging_mixin.py:188} INFO - [2026-01-28T00:16:12.934+0000] {dag.py:3096} INFO - Sync 1 DAGs
[2026-01-28T00:16:12.956+0000] {logging_mixin.py:188} INFO - [2026-01-28T00:16:12.956+0000] {dag.py:3954} INFO - Setting next_dagrun for example_branch_python_operator_decorator to 2026-01-27 00:00:00+00:00, run_after=2026-01-28 00:00:00+00:00
[2026-01-28T00:16:12.977+0000] {processor.py:183} INFO - Processing /home/airflow/.local/lib/python3.12/site-packages/airflow/example_dags/example_branch_operator_decorator.py took 0.102 seconds
[2026-01-28T00:16:43.867+0000] {processor.py:161} INFO - Started process (PID=4214) to work on /home/airflow/.local/lib/python3.12/site-packages/airflow/example_dags/example_branch_operator_decorator.py
[2026-01-28T00:16:43.868+0000] {processor.py:830} INFO - Processing file /home/airflow/.local/lib/python3.12/site-packages/airflow/example_dags/example_branch_operator_decorator.py for tasks to queue
[2026-01-28T00:16:43.870+0000] {logging_mixin.py:188} INFO - [2026-01-28T00:16:43.870+0000] {dagbag.py:540} INFO - Filling up the DagBag from /home/airflow/.local/lib/python3.12/site-packages/airflow/example_dags/example_branch_operator_decorator.py
[2026-01-28T00:16:43.888+0000] {processor.py:840} INFO - DAG(s) 'example_branch_python_operator_decorator' retrieved from /home/airflow/.local/lib/python3.12/site-packages/airflow/example_dags/example_branch_operator_decorator.py
[2026-01-28T00:16:43.913+0000] {logging_mixin.py:188} INFO - [2026-01-28T00:16:43.913+0000] {dag.py:3096} INFO - Sync 1 DAGs
[2026-01-28T00:16:43.934+0000] {logging_mixin.py:188} INFO - [2026-01-28T00:16:43.934+0000] {dag.py:3954} INFO - Setting next_dagrun for example_branch_python_operator_decorator to 2026-01-27 00:00:00+00:00, run_after=2026-01-28 00:00:00+00:00
[2026-01-28T00:16:43.953+0000] {processor.py:183} INFO - Processing /home/airflow/.local/lib/python3.12/site-packages/airflow/example_dags/example_branch_operator_decorator.py took 0.092 seconds
[2026-01-28T00:17:14.644+0000] {processor.py:161} INFO - Started process (PID=4266) to work on /home/airflow/.local/lib/python3.12/site-packages/airflow/example_dags/example_branch_operator_decorator.py
[2026-01-28T00:17:14.645+0000] {processor.py:830} INFO - Processing file /home/airflow/.local/lib/python3.12/site-packages/airflow/example_dags/example_branch_operator_decorator.py for tasks to queue
[2026-01-28T00:17:14.647+0000] {logging_mixin.py:188} INFO - [2026-01-28T00:17:14.647+0000] {dagbag.py:540} INFO - Filling up the DagBag from /home/airflow/.local/lib/python3.12/site-packages/airflow/example_dags/example_branch_operator_decorator.py
[2026-01-28T00:17:14.665+0000] {processor.py:840} INFO - DAG(s) 'example_branch_python_operator_decorator' retrieved from /home/airflow/.local/lib/python3.12/site-packages/airflow/example_dags/example_branch_operator_decorator.py
[2026-01-28T00:17:14.689+0000] {logging_mixin.py:188} INFO - [2026-01-28T00:17:14.689+0000] {dag.py:3096} INFO - Sync 1 DAGs
[2026-01-28T00:17:14.709+0000] {logging_mixin.py:188} INFO - [2026-01-28T00:17:14.708+0000] {dag.py:3954} INFO - Setting next_dagrun for example_branch_python_operator_decorator to 2026-01-27 00:00:00+00:00, run_after=2026-01-28 00:00:00+00:00
[2026-01-28T00:17:14.728+0000] {processor.py:183} INFO - Processing /home/airflow/.local/lib/python3.12/site-packages/airflow/example_dags/example_branch_operator_decorator.py took 0.091 seconds
[2026-01-28T00:17:45.424+0000] {processor.py:161} INFO - Started process (PID=4318) to work on /home/airflow/.local/lib/python3.12/site-packages/airflow/example_dags/example_branch_operator_decorator.py
[2026-01-28T00:17:45.426+0000] {processor.py:830} INFO - Processing file /home/airflow/.local/lib/python3.12/site-packages/airflow/example_dags/example_branch_operator_decorator.py for tasks to queue
[2026-01-28T00:17:45.428+0000] {logging_mixin.py:188} INFO - [2026-01-28T00:17:45.427+0000] {dagbag.py:540} INFO - Filling up the DagBag from /home/airflow/.local/lib/python3.12/site-packages/airflow/example_dags/example_branch_operator_decorator.py
[2026-01-28T00:17:45.447+0000] {processor.py:840} INFO - DAG(s) 'example_branch_python_operator_decorator' retrieved from /home/airflow/.local/lib/python3.12/site-packages/airflow/example_dags/example_branch_operator_decorator.py
[2026-01-28T00:17:45.473+0000] {logging_mixin.py:188} INFO - [2026-01-28T00:17:45.473+0000] {dag.py:3096} INFO - Sync 1 DAGs
[2026-01-28T00:17:45.492+0000] {logging_mixin.py:188} INFO - [2026-01-28T00:17:45.492+0000] {dag.py:3954} INFO - Setting next_dagrun for example_branch_python_operator_decorator to 2026-01-27 00:00:00+00:00, run_after=2026-01-28 00:00:00+00:00
[2026-01-28T00:17:45.511+0000] {processor.py:183} INFO - Processing /home/airflow/.local/lib/python3.12/site-packages/airflow/example_dags/example_branch_operator_decorator.py took 0.094 seconds
[2026-01-28T00:18:16.338+0000] {processor.py:161} INFO - Started process (PID=4370) to work on /home/airflow/.local/lib/python3.12/site-packages/airflow/example_dags/example_branch_operator_decorator.py
[2026-01-28T00:18:16.339+0000] {processor.py:830} INFO - Processing file /home/airflow/.local/lib/python3.12/site-packages/airflow/example_dags/example_branch_operator_decorator.py for tasks to queue
[2026-01-28T00:18:16.341+0000] {logging_mixin.py:188} INFO - [2026-01-28T00:18:16.341+0000] {dagbag.py:540} INFO - Filling up the DagBag from /home/airflow/.local/lib/python3.12/site-packages/airflow/example_dags/example_branch_operator_decorator.py
[2026-01-28T00:18:16.362+0000] {processor.py:840} INFO - DAG(s) 'example_branch_python_operator_decorator' retrieved from /home/airflow/.local/lib/python3.12/site-packages/airflow/example_dags/example_branch_operator_decorator.py
[2026-01-28T00:18:16.391+0000] {logging_mixin.py:188} INFO - [2026-01-28T00:18:16.391+0000] {dag.py:3096} INFO - Sync 1 DAGs
[2026-01-28T00:18:16.411+0000] {logging_mixin.py:188} INFO - [2026-01-28T00:18:16.411+0000] {dag.py:3954} INFO - Setting next_dagrun for example_branch_python_operator_decorator to 2026-01-27 00:00:00+00:00, run_after=2026-01-28 00:00:00+00:00
[2026-01-28T00:18:16.430+0000] {processor.py:183} INFO - Processing /home/airflow/.local/lib/python3.12/site-packages/airflow/example_dags/example_branch_operator_decorator.py took 0.098 seconds
[2026-01-28T00:18:47.008+0000] {processor.py:161} INFO - Started process (PID=4422) to work on /home/airflow/.local/lib/python3.12/site-packages/airflow/example_dags/example_branch_operator_decorator.py
[2026-01-28T00:18:47.009+0000] {processor.py:830} INFO - Processing file /home/airflow/.local/lib/python3.12/site-packages/airflow/example_dags/example_branch_operator_decorator.py for tasks to queue
[2026-01-28T00:18:47.011+0000] {logging_mixin.py:188} INFO - [2026-01-28T00:18:47.011+0000] {dagbag.py:540} INFO - Filling up the DagBag from /home/airflow/.local/lib/python3.12/site-packages/airflow/example_dags/example_branch_operator_decorator.py
[2026-01-28T00:18:47.030+0000] {processor.py:840} INFO - DAG(s) 'example_branch_python_operator_decorator' retrieved from /home/airflow/.local/lib/python3.12/site-packages/airflow/example_dags/example_branch_operator_decorator.py
[2026-01-28T00:18:47.057+0000] {logging_mixin.py:188} INFO - [2026-01-28T00:18:47.057+0000] {dag.py:3096} INFO - Sync 1 DAGs
[2026-01-28T00:18:47.079+0000] {logging_mixin.py:188} INFO - [2026-01-28T00:18:47.079+0000] {dag.py:3954} INFO - Setting next_dagrun for example_branch_python_operator_decorator to 2026-01-27 00:00:00+00:00, run_after=2026-01-28 00:00:00+00:00
[2026-01-28T00:18:47.097+0000] {processor.py:183} INFO - Processing /home/airflow/.local/lib/python3.12/site-packages/airflow/example_dags/example_branch_operator_decorator.py took 0.095 seconds
[2026-01-28T00:19:18.064+0000] {processor.py:161} INFO - Started process (PID=4474) to work on /home/airflow/.local/lib/python3.12/site-packages/airflow/example_dags/example_branch_operator_decorator.py
[2026-01-28T00:19:18.066+0000] {processor.py:830} INFO - Processing file /home/airflow/.local/lib/python3.12/site-packages/airflow/example_dags/example_branch_operator_decorator.py for tasks to queue
[2026-01-28T00:19:18.068+0000] {logging_mixin.py:188} INFO - [2026-01-28T00:19:18.068+0000] {dagbag.py:540} INFO - Filling up the DagBag from /home/airflow/.local/lib/python3.12/site-packages/airflow/example_dags/example_branch_operator_decorator.py
[2026-01-28T00:19:18.094+0000] {processor.py:840} INFO - DAG(s) 'example_branch_python_operator_decorator' retrieved from /home/airflow/.local/lib/python3.12/site-packages/airflow/example_dags/example_branch_operator_decorator.py
[2026-01-28T00:19:18.133+0000] {logging_mixin.py:188} INFO - [2026-01-28T00:19:18.132+0000] {dag.py:3096} INFO - Sync 1 DAGs
[2026-01-28T00:19:18.165+0000] {logging_mixin.py:188} INFO - [2026-01-28T00:19:18.164+0000] {dag.py:3954} INFO - Setting next_dagrun for example_branch_python_operator_decorator to 2026-01-27 00:00:00+00:00, run_after=2026-01-28 00:00:00+00:00
[2026-01-28T00:19:18.187+0000] {processor.py:183} INFO - Processing /home/airflow/.local/lib/python3.12/site-packages/airflow/example_dags/example_branch_operator_decorator.py took 0.131 seconds
[2026-01-28T00:19:48.478+0000] {processor.py:161} INFO - Started process (PID=4526) to work on /home/airflow/.local/lib/python3.12/site-packages/airflow/example_dags/example_branch_operator_decorator.py
[2026-01-28T00:19:48.479+0000] {processor.py:830} INFO - Processing file /home/airflow/.local/lib/python3.12/site-packages/airflow/example_dags/example_branch_operator_decorator.py for tasks to queue
[2026-01-28T00:19:48.481+0000] {logging_mixin.py:188} INFO - [2026-01-28T00:19:48.481+0000] {dagbag.py:540} INFO - Filling up the DagBag from /home/airflow/.local/lib/python3.12/site-packages/airflow/example_dags/example_branch_operator_decorator.py
[2026-01-28T00:19:48.509+0000] {processor.py:840} INFO - DAG(s) 'example_branch_python_operator_decorator' retrieved from /home/airflow/.local/lib/python3.12/site-packages/airflow/example_dags/example_branch_operator_decorator.py
[2026-01-28T00:19:48.544+0000] {logging_mixin.py:188} INFO - [2026-01-28T00:19:48.543+0000] {dag.py:3096} INFO - Sync 1 DAGs
[2026-01-28T00:19:48.568+0000] {logging_mixin.py:188} INFO - [2026-01-28T00:19:48.568+0000] {dag.py:3954} INFO - Setting next_dagrun for example_branch_python_operator_decorator to 2026-01-27 00:00:00+00:00, run_after=2026-01-28 00:00:00+00:00
[2026-01-28T00:19:48.592+0000] {processor.py:183} INFO - Processing /home/airflow/.local/lib/python3.12/site-packages/airflow/example_dags/example_branch_operator_decorator.py took 0.121 seconds
[2026-01-28T00:20:18.756+0000] {processor.py:161} INFO - Started process (PID=4578) to work on /home/airflow/.local/lib/python3.12/site-packages/airflow/example_dags/example_branch_operator_decorator.py
[2026-01-28T00:20:18.758+0000] {processor.py:830} INFO - Processing file /home/airflow/.local/lib/python3.12/site-packages/airflow/example_dags/example_branch_operator_decorator.py for tasks to queue
[2026-01-28T00:20:18.760+0000] {logging_mixin.py:188} INFO - [2026-01-28T00:20:18.760+0000] {dagbag.py:540} INFO - Filling up the DagBag from /home/airflow/.local/lib/python3.12/site-packages/airflow/example_dags/example_branch_operator_decorator.py
[2026-01-28T00:20:18.784+0000] {processor.py:840} INFO - DAG(s) 'example_branch_python_operator_decorator' retrieved from /home/airflow/.local/lib/python3.12/site-packages/airflow/example_dags/example_branch_operator_decorator.py
[2026-01-28T00:20:18.808+0000] {logging_mixin.py:188} INFO - [2026-01-28T00:20:18.808+0000] {dag.py:3096} INFO - Sync 1 DAGs
[2026-01-28T00:20:18.829+0000] {logging_mixin.py:188} INFO - [2026-01-28T00:20:18.829+0000] {dag.py:3954} INFO - Setting next_dagrun for example_branch_python_operator_decorator to 2026-01-27 00:00:00+00:00, run_after=2026-01-28 00:00:00+00:00
[2026-01-28T00:20:18.847+0000] {processor.py:183} INFO - Processing /home/airflow/.local/lib/python3.12/site-packages/airflow/example_dags/example_branch_operator_decorator.py took 0.099 seconds
[2026-01-28T00:20:49.371+0000] {processor.py:161} INFO - Started process (PID=4630) to work on /home/airflow/.local/lib/python3.12/site-packages/airflow/example_dags/example_branch_operator_decorator.py
[2026-01-28T00:20:49.372+0000] {processor.py:830} INFO - Processing file /home/airflow/.local/lib/python3.12/site-packages/airflow/example_dags/example_branch_operator_decorator.py for tasks to queue
[2026-01-28T00:20:49.374+0000] {logging_mixin.py:188} INFO - [2026-01-28T00:20:49.374+0000] {dagbag.py:540} INFO - Filling up the DagBag from /home/airflow/.local/lib/python3.12/site-packages/airflow/example_dags/example_branch_operator_decorator.py
[2026-01-28T00:20:49.393+0000] {processor.py:840} INFO - DAG(s) 'example_branch_python_operator_decorator' retrieved from /home/airflow/.local/lib/python3.12/site-packages/airflow/example_dags/example_branch_operator_decorator.py
[2026-01-28T00:20:49.421+0000] {logging_mixin.py:188} INFO - [2026-01-28T00:20:49.421+0000] {dag.py:3096} INFO - Sync 1 DAGs
[2026-01-28T00:20:49.442+0000] {logging_mixin.py:188} INFO - [2026-01-28T00:20:49.442+0000] {dag.py:3954} INFO - Setting next_dagrun for example_branch_python_operator_decorator to 2026-01-27 00:00:00+00:00, run_after=2026-01-28 00:00:00+00:00
[2026-01-28T00:20:49.461+0000] {processor.py:183} INFO - Processing /home/airflow/.local/lib/python3.12/site-packages/airflow/example_dags/example_branch_operator_decorator.py took 0.096 seconds
[2026-01-28T00:21:19.639+0000] {processor.py:161} INFO - Started process (PID=4682) to work on /home/airflow/.local/lib/python3.12/site-packages/airflow/example_dags/example_branch_operator_decorator.py
[2026-01-28T00:21:19.640+0000] {processor.py:830} INFO - Processing file /home/airflow/.local/lib/python3.12/site-packages/airflow/example_dags/example_branch_operator_decorator.py for tasks to queue
[2026-01-28T00:21:19.642+0000] {logging_mixin.py:188} INFO - [2026-01-28T00:21:19.641+0000] {dagbag.py:540} INFO - Filling up the DagBag from /home/airflow/.local/lib/python3.12/site-packages/airflow/example_dags/example_branch_operator_decorator.py
[2026-01-28T00:21:19.662+0000] {processor.py:840} INFO - DAG(s) 'example_branch_python_operator_decorator' retrieved from /home/airflow/.local/lib/python3.12/site-packages/airflow/example_dags/example_branch_operator_decorator.py
[2026-01-28T00:21:19.695+0000] {logging_mixin.py:188} INFO - [2026-01-28T00:21:19.695+0000] {dag.py:3096} INFO - Sync 1 DAGs
[2026-01-28T00:21:19.717+0000] {logging_mixin.py:188} INFO - [2026-01-28T00:21:19.717+0000] {dag.py:3954} INFO - Setting next_dagrun for example_branch_python_operator_decorator to 2026-01-27 00:00:00+00:00, run_after=2026-01-28 00:00:00+00:00
[2026-01-28T00:21:19.738+0000] {processor.py:183} INFO - Processing /home/airflow/.local/lib/python3.12/site-packages/airflow/example_dags/example_branch_operator_decorator.py took 0.106 seconds
[2026-01-28T00:21:49.777+0000] {processor.py:161} INFO - Started process (PID=4734) to work on /home/airflow/.local/lib/python3.12/site-packages/airflow/example_dags/example_branch_operator_decorator.py
[2026-01-28T00:21:49.778+0000] {processor.py:830} INFO - Processing file /home/airflow/.local/lib/python3.12/site-packages/airflow/example_dags/example_branch_operator_decorator.py for tasks to queue
[2026-01-28T00:21:49.780+0000] {logging_mixin.py:188} INFO - [2026-01-28T00:21:49.780+0000] {dagbag.py:540} INFO - Filling up the DagBag from /home/airflow/.local/lib/python3.12/site-packages/airflow/example_dags/example_branch_operator_decorator.py
[2026-01-28T00:21:49.798+0000] {processor.py:840} INFO - DAG(s) 'example_branch_python_operator_decorator' retrieved from /home/airflow/.local/lib/python3.12/site-packages/airflow/example_dags/example_branch_operator_decorator.py
[2026-01-28T00:21:49.824+0000] {logging_mixin.py:188} INFO - [2026-01-28T00:21:49.824+0000] {dag.py:3096} INFO - Sync 1 DAGs
[2026-01-28T00:21:49.844+0000] {logging_mixin.py:188} INFO - [2026-01-28T00:21:49.844+0000] {dag.py:3954} INFO - Setting next_dagrun for example_branch_python_operator_decorator to 2026-01-27 00:00:00+00:00, run_after=2026-01-28 00:00:00+00:00
[2026-01-28T00:21:49.864+0000] {processor.py:183} INFO - Processing /home/airflow/.local/lib/python3.12/site-packages/airflow/example_dags/example_branch_operator_decorator.py took 0.095 seconds
[2026-01-28T00:22:19.962+0000] {processor.py:161} INFO - Started process (PID=4786) to work on /home/airflow/.local/lib/python3.12/site-packages/airflow/example_dags/example_branch_operator_decorator.py
[2026-01-28T00:22:19.963+0000] {processor.py:830} INFO - Processing file /home/airflow/.local/lib/python3.12/site-packages/airflow/example_dags/example_branch_operator_decorator.py for tasks to queue
[2026-01-28T00:22:19.966+0000] {logging_mixin.py:188} INFO - [2026-01-28T00:22:19.965+0000] {dagbag.py:540} INFO - Filling up the DagBag from /home/airflow/.local/lib/python3.12/site-packages/airflow/example_dags/example_branch_operator_decorator.py
[2026-01-28T00:22:19.986+0000] {processor.py:840} INFO - DAG(s) 'example_branch_python_operator_decorator' retrieved from /home/airflow/.local/lib/python3.12/site-packages/airflow/example_dags/example_branch_operator_decorator.py
[2026-01-28T00:22:20.015+0000] {logging_mixin.py:188} INFO - [2026-01-28T00:22:20.015+0000] {dag.py:3096} INFO - Sync 1 DAGs
[2026-01-28T00:22:20.041+0000] {logging_mixin.py:188} INFO - [2026-01-28T00:22:20.040+0000] {dag.py:3954} INFO - Setting next_dagrun for example_branch_python_operator_decorator to 2026-01-27 00:00:00+00:00, run_after=2026-01-28 00:00:00+00:00
[2026-01-28T00:22:20.063+0000] {processor.py:183} INFO - Processing /home/airflow/.local/lib/python3.12/site-packages/airflow/example_dags/example_branch_operator_decorator.py took 0.108 seconds
[2026-01-28T00:22:50.159+0000] {processor.py:161} INFO - Started process (PID=4838) to work on /home/airflow/.local/lib/python3.12/site-packages/airflow/example_dags/example_branch_operator_decorator.py
[2026-01-28T00:22:50.160+0000] {processor.py:830} INFO - Processing file /home/airflow/.local/lib/python3.12/site-packages/airflow/example_dags/example_branch_operator_decorator.py for tasks to queue
[2026-01-28T00:22:50.161+0000] {logging_mixin.py:188} INFO - [2026-01-28T00:22:50.161+0000] {dagbag.py:540} INFO - Filling up the DagBag from /home/airflow/.local/lib/python3.12/site-packages/airflow/example_dags/example_branch_operator_decorator.py
[2026-01-28T00:22:50.179+0000] {processor.py:840} INFO - DAG(s) 'example_branch_python_operator_decorator' retrieved from /home/airflow/.local/lib/python3.12/site-packages/airflow/example_dags/example_branch_operator_decorator.py
[2026-01-28T00:22:50.205+0000] {logging_mixin.py:188} INFO - [2026-01-28T00:22:50.205+0000] {dag.py:3096} INFO - Sync 1 DAGs
[2026-01-28T00:22:50.225+0000] {logging_mixin.py:188} INFO - [2026-01-28T00:22:50.225+0000] {dag.py:3954} INFO - Setting next_dagrun for example_branch_python_operator_decorator to 2026-01-27 00:00:00+00:00, run_after=2026-01-28 00:00:00+00:00
[2026-01-28T00:22:50.245+0000] {processor.py:183} INFO - Processing /home/airflow/.local/lib/python3.12/site-packages/airflow/example_dags/example_branch_operator_decorator.py took 0.091 seconds
[2026-01-28T00:23:20.424+0000] {processor.py:161} INFO - Started process (PID=4890) to work on /home/airflow/.local/lib/python3.12/site-packages/airflow/example_dags/example_branch_operator_decorator.py
[2026-01-28T00:23:20.425+0000] {processor.py:830} INFO - Processing file /home/airflow/.local/lib/python3.12/site-packages/airflow/example_dags/example_branch_operator_decorator.py for tasks to queue
[2026-01-28T00:23:20.427+0000] {logging_mixin.py:188} INFO - [2026-01-28T00:23:20.427+0000] {dagbag.py:540} INFO - Filling up the DagBag from /home/airflow/.local/lib/python3.12/site-packages/airflow/example_dags/example_branch_operator_decorator.py
[2026-01-28T00:23:20.446+0000] {processor.py:840} INFO - DAG(s) 'example_branch_python_operator_decorator' retrieved from /home/airflow/.local/lib/python3.12/site-packages/airflow/example_dags/example_branch_operator_decorator.py
[2026-01-28T00:23:20.478+0000] {logging_mixin.py:188} INFO - [2026-01-28T00:23:20.478+0000] {dag.py:3096} INFO - Sync 1 DAGs
[2026-01-28T00:23:20.502+0000] {logging_mixin.py:188} INFO - [2026-01-28T00:23:20.502+0000] {dag.py:3954} INFO - Setting next_dagrun for example_branch_python_operator_decorator to 2026-01-27 00:00:00+00:00, run_after=2026-01-28 00:00:00+00:00
[2026-01-28T00:23:20.522+0000] {processor.py:183} INFO - Processing /home/airflow/.local/lib/python3.12/site-packages/airflow/example_dags/example_branch_operator_decorator.py took 0.106 seconds
[2026-01-28T00:23:50.766+0000] {processor.py:161} INFO - Started process (PID=4942) to work on /home/airflow/.local/lib/python3.12/site-packages/airflow/example_dags/example_branch_operator_decorator.py
[2026-01-28T00:23:50.767+0000] {processor.py:830} INFO - Processing file /home/airflow/.local/lib/python3.12/site-packages/airflow/example_dags/example_branch_operator_decorator.py for tasks to queue
[2026-01-28T00:23:50.770+0000] {logging_mixin.py:188} INFO - [2026-01-28T00:23:50.770+0000] {dagbag.py:540} INFO - Filling up the DagBag from /home/airflow/.local/lib/python3.12/site-packages/airflow/example_dags/example_branch_operator_decorator.py
[2026-01-28T00:23:50.793+0000] {processor.py:840} INFO - DAG(s) 'example_branch_python_operator_decorator' retrieved from /home/airflow/.local/lib/python3.12/site-packages/airflow/example_dags/example_branch_operator_decorator.py
[2026-01-28T00:23:50.824+0000] {logging_mixin.py:188} INFO - [2026-01-28T00:23:50.824+0000] {dag.py:3096} INFO - Sync 1 DAGs
[2026-01-28T00:23:50.845+0000] {logging_mixin.py:188} INFO - [2026-01-28T00:23:50.845+0000] {dag.py:3954} INFO - Setting next_dagrun for example_branch_python_operator_decorator to 2026-01-27 00:00:00+00:00, run_after=2026-01-28 00:00:00+00:00
[2026-01-28T00:23:50.866+0000] {processor.py:183} INFO - Processing /home/airflow/.local/lib/python3.12/site-packages/airflow/example_dags/example_branch_operator_decorator.py took 0.106 seconds
[2026-01-28T00:24:21.138+0000] {processor.py:161} INFO - Started process (PID=4994) to work on /home/airflow/.local/lib/python3.12/site-packages/airflow/example_dags/example_branch_operator_decorator.py
[2026-01-28T00:24:21.139+0000] {processor.py:830} INFO - Processing file /home/airflow/.local/lib/python3.12/site-packages/airflow/example_dags/example_branch_operator_decorator.py for tasks to queue
[2026-01-28T00:24:21.141+0000] {logging_mixin.py:188} INFO - [2026-01-28T00:24:21.140+0000] {dagbag.py:540} INFO - Filling up the DagBag from /home/airflow/.local/lib/python3.12/site-packages/airflow/example_dags/example_branch_operator_decorator.py
[2026-01-28T00:24:21.158+0000] {processor.py:840} INFO - DAG(s) 'example_branch_python_operator_decorator' retrieved from /home/airflow/.local/lib/python3.12/site-packages/airflow/example_dags/example_branch_operator_decorator.py
[2026-01-28T00:24:21.184+0000] {logging_mixin.py:188} INFO - [2026-01-28T00:24:21.184+0000] {dag.py:3096} INFO - Sync 1 DAGs
[2026-01-28T00:24:21.204+0000] {logging_mixin.py:188} INFO - [2026-01-28T00:24:21.203+0000] {dag.py:3954} INFO - Setting next_dagrun for example_branch_python_operator_decorator to 2026-01-27 00:00:00+00:00, run_after=2026-01-28 00:00:00+00:00
[2026-01-28T00:24:21.223+0000] {processor.py:183} INFO - Processing /home/airflow/.local/lib/python3.12/site-packages/airflow/example_dags/example_branch_operator_decorator.py took 0.091 seconds
[2026-01-28T00:24:51.316+0000] {processor.py:161} INFO - Started process (PID=5046) to work on /home/airflow/.local/lib/python3.12/site-packages/airflow/example_dags/example_branch_operator_decorator.py
[2026-01-28T00:24:51.317+0000] {processor.py:830} INFO - Processing file /home/airflow/.local/lib/python3.12/site-packages/airflow/example_dags/example_branch_operator_decorator.py for tasks to queue
[2026-01-28T00:24:51.320+0000] {logging_mixin.py:188} INFO - [2026-01-28T00:24:51.319+0000] {dagbag.py:540} INFO - Filling up the DagBag from /home/airflow/.local/lib/python3.12/site-packages/airflow/example_dags/example_branch_operator_decorator.py
[2026-01-28T00:24:51.337+0000] {processor.py:840} INFO - DAG(s) 'example_branch_python_operator_decorator' retrieved from /home/airflow/.local/lib/python3.12/site-packages/airflow/example_dags/example_branch_operator_decorator.py
[2026-01-28T00:24:51.363+0000] {logging_mixin.py:188} INFO - [2026-01-28T00:24:51.362+0000] {dag.py:3096} INFO - Sync 1 DAGs
[2026-01-28T00:24:51.382+0000] {logging_mixin.py:188} INFO - [2026-01-28T00:24:51.382+0000] {dag.py:3954} INFO - Setting next_dagrun for example_branch_python_operator_decorator to 2026-01-27 00:00:00+00:00, run_after=2026-01-28 00:00:00+00:00
[2026-01-28T00:24:51.399+0000] {processor.py:183} INFO - Processing /home/airflow/.local/lib/python3.12/site-packages/airflow/example_dags/example_branch_operator_decorator.py took 0.090 seconds
[2026-01-28T00:25:21.507+0000] {processor.py:161} INFO - Started process (PID=5098) to work on /home/airflow/.local/lib/python3.12/site-packages/airflow/example_dags/example_branch_operator_decorator.py
[2026-01-28T00:25:21.509+0000] {processor.py:830} INFO - Processing file /home/airflow/.local/lib/python3.12/site-packages/airflow/example_dags/example_branch_operator_decorator.py for tasks to queue
[2026-01-28T00:25:21.511+0000] {logging_mixin.py:188} INFO - [2026-01-28T00:25:21.511+0000] {dagbag.py:540} INFO - Filling up the DagBag from /home/airflow/.local/lib/python3.12/site-packages/airflow/example_dags/example_branch_operator_decorator.py
[2026-01-28T00:25:21.529+0000] {processor.py:840} INFO - DAG(s) 'example_branch_python_operator_decorator' retrieved from /home/airflow/.local/lib/python3.12/site-packages/airflow/example_dags/example_branch_operator_decorator.py
[2026-01-28T00:25:21.555+0000] {logging_mixin.py:188} INFO - [2026-01-28T00:25:21.555+0000] {dag.py:3096} INFO - Sync 1 DAGs
[2026-01-28T00:25:21.577+0000] {logging_mixin.py:188} INFO - [2026-01-28T00:25:21.577+0000] {dag.py:3954} INFO - Setting next_dagrun for example_branch_python_operator_decorator to 2026-01-27 00:00:00+00:00, run_after=2026-01-28 00:00:00+00:00
[2026-01-28T00:25:21.597+0000] {processor.py:183} INFO - Processing /home/airflow/.local/lib/python3.12/site-packages/airflow/example_dags/example_branch_operator_decorator.py took 0.097 seconds
[2026-01-28T00:25:51.683+0000] {processor.py:161} INFO - Started process (PID=5150) to work on /home/airflow/.local/lib/python3.12/site-packages/airflow/example_dags/example_branch_operator_decorator.py
[2026-01-28T00:25:51.684+0000] {processor.py:830} INFO - Processing file /home/airflow/.local/lib/python3.12/site-packages/airflow/example_dags/example_branch_operator_decorator.py for tasks to queue
[2026-01-28T00:25:51.686+0000] {logging_mixin.py:188} INFO - [2026-01-28T00:25:51.686+0000] {dagbag.py:540} INFO - Filling up the DagBag from /home/airflow/.local/lib/python3.12/site-packages/airflow/example_dags/example_branch_operator_decorator.py
[2026-01-28T00:25:51.704+0000] {processor.py:840} INFO - DAG(s) 'example_branch_python_operator_decorator' retrieved from /home/airflow/.local/lib/python3.12/site-packages/airflow/example_dags/example_branch_operator_decorator.py
[2026-01-28T00:25:51.729+0000] {logging_mixin.py:188} INFO - [2026-01-28T00:25:51.729+0000] {dag.py:3096} INFO - Sync 1 DAGs
[2026-01-28T00:25:51.750+0000] {logging_mixin.py:188} INFO - [2026-01-28T00:25:51.749+0000] {dag.py:3954} INFO - Setting next_dagrun for example_branch_python_operator_decorator to 2026-01-27 00:00:00+00:00, run_after=2026-01-28 00:00:00+00:00
[2026-01-28T00:25:51.768+0000] {processor.py:183} INFO - Processing /home/airflow/.local/lib/python3.12/site-packages/airflow/example_dags/example_branch_operator_decorator.py took 0.090 seconds
[2026-01-28T00:26:21.965+0000] {processor.py:161} INFO - Started process (PID=5202) to work on /home/airflow/.local/lib/python3.12/site-packages/airflow/example_dags/example_branch_operator_decorator.py
[2026-01-28T00:26:21.967+0000] {processor.py:830} INFO - Processing file /home/airflow/.local/lib/python3.12/site-packages/airflow/example_dags/example_branch_operator_decorator.py for tasks to queue
[2026-01-28T00:26:21.968+0000] {logging_mixin.py:188} INFO - [2026-01-28T00:26:21.968+0000] {dagbag.py:540} INFO - Filling up the DagBag from /home/airflow/.local/lib/python3.12/site-packages/airflow/example_dags/example_branch_operator_decorator.py
[2026-01-28T00:26:21.985+0000] {processor.py:840} INFO - DAG(s) 'example_branch_python_operator_decorator' retrieved from /home/airflow/.local/lib/python3.12/site-packages/airflow/example_dags/example_branch_operator_decorator.py
[2026-01-28T00:26:22.011+0000] {logging_mixin.py:188} INFO - [2026-01-28T00:26:22.011+0000] {dag.py:3096} INFO - Sync 1 DAGs
[2026-01-28T00:26:22.031+0000] {logging_mixin.py:188} INFO - [2026-01-28T00:26:22.030+0000] {dag.py:3954} INFO - Setting next_dagrun for example_branch_python_operator_decorator to 2026-01-27 00:00:00+00:00, run_after=2026-01-28 00:00:00+00:00
[2026-01-28T00:26:22.047+0000] {processor.py:183} INFO - Processing /home/airflow/.local/lib/python3.12/site-packages/airflow/example_dags/example_branch_operator_decorator.py took 0.088 seconds
[2026-01-28T00:26:52.434+0000] {processor.py:161} INFO - Started process (PID=5254) to work on /home/airflow/.local/lib/python3.12/site-packages/airflow/example_dags/example_branch_operator_decorator.py
[2026-01-28T00:26:52.435+0000] {processor.py:830} INFO - Processing file /home/airflow/.local/lib/python3.12/site-packages/airflow/example_dags/example_branch_operator_decorator.py for tasks to queue
[2026-01-28T00:26:52.438+0000] {logging_mixin.py:188} INFO - [2026-01-28T00:26:52.438+0000] {dagbag.py:540} INFO - Filling up the DagBag from /home/airflow/.local/lib/python3.12/site-packages/airflow/example_dags/example_branch_operator_decorator.py
[2026-01-28T00:26:52.462+0000] {processor.py:840} INFO - DAG(s) 'example_branch_python_operator_decorator' retrieved from /home/airflow/.local/lib/python3.12/site-packages/airflow/example_dags/example_branch_operator_decorator.py
[2026-01-28T00:26:52.495+0000] {logging_mixin.py:188} INFO - [2026-01-28T00:26:52.494+0000] {dag.py:3096} INFO - Sync 1 DAGs
[2026-01-28T00:26:52.522+0000] {logging_mixin.py:188} INFO - [2026-01-28T00:26:52.522+0000] {dag.py:3954} INFO - Setting next_dagrun for example_branch_python_operator_decorator to 2026-01-27 00:00:00+00:00, run_after=2026-01-28 00:00:00+00:00
[2026-01-28T00:26:52.540+0000] {processor.py:183} INFO - Processing /home/airflow/.local/lib/python3.12/site-packages/airflow/example_dags/example_branch_operator_decorator.py took 0.114 seconds
[2026-01-28T00:27:22.954+0000] {processor.py:161} INFO - Started process (PID=5306) to work on /home/airflow/.local/lib/python3.12/site-packages/airflow/example_dags/example_branch_operator_decorator.py
[2026-01-28T00:27:22.956+0000] {processor.py:830} INFO - Processing file /home/airflow/.local/lib/python3.12/site-packages/airflow/example_dags/example_branch_operator_decorator.py for tasks to queue
[2026-01-28T00:27:22.958+0000] {logging_mixin.py:188} INFO - [2026-01-28T00:27:22.958+0000] {dagbag.py:540} INFO - Filling up the DagBag from /home/airflow/.local/lib/python3.12/site-packages/airflow/example_dags/example_branch_operator_decorator.py
[2026-01-28T00:27:22.978+0000] {processor.py:840} INFO - DAG(s) 'example_branch_python_operator_decorator' retrieved from /home/airflow/.local/lib/python3.12/site-packages/airflow/example_dags/example_branch_operator_decorator.py
[2026-01-28T00:27:23.005+0000] {logging_mixin.py:188} INFO - [2026-01-28T00:27:23.005+0000] {dag.py:3096} INFO - Sync 1 DAGs
[2026-01-28T00:27:23.031+0000] {logging_mixin.py:188} INFO - [2026-01-28T00:27:23.031+0000] {dag.py:3954} INFO - Setting next_dagrun for example_branch_python_operator_decorator to 2026-01-27 00:00:00+00:00, run_after=2026-01-28 00:00:00+00:00
[2026-01-28T00:27:23.050+0000] {processor.py:183} INFO - Processing /home/airflow/.local/lib/python3.12/site-packages/airflow/example_dags/example_branch_operator_decorator.py took 0.102 seconds
[2026-01-28T00:27:53.371+0000] {processor.py:161} INFO - Started process (PID=5358) to work on /home/airflow/.local/lib/python3.12/site-packages/airflow/example_dags/example_branch_operator_decorator.py
[2026-01-28T00:27:53.372+0000] {processor.py:830} INFO - Processing file /home/airflow/.local/lib/python3.12/site-packages/airflow/example_dags/example_branch_operator_decorator.py for tasks to queue
[2026-01-28T00:27:53.374+0000] {logging_mixin.py:188} INFO - [2026-01-28T00:27:53.374+0000] {dagbag.py:540} INFO - Filling up the DagBag from /home/airflow/.local/lib/python3.12/site-packages/airflow/example_dags/example_branch_operator_decorator.py
[2026-01-28T00:27:53.396+0000] {processor.py:840} INFO - DAG(s) 'example_branch_python_operator_decorator' retrieved from /home/airflow/.local/lib/python3.12/site-packages/airflow/example_dags/example_branch_operator_decorator.py
[2026-01-28T00:27:53.429+0000] {logging_mixin.py:188} INFO - [2026-01-28T00:27:53.428+0000] {dag.py:3096} INFO - Sync 1 DAGs
[2026-01-28T00:27:53.457+0000] {logging_mixin.py:188} INFO - [2026-01-28T00:27:53.457+0000] {dag.py:3954} INFO - Setting next_dagrun for example_branch_python_operator_decorator to 2026-01-27 00:00:00+00:00, run_after=2026-01-28 00:00:00+00:00
[2026-01-28T00:27:53.478+0000] {processor.py:183} INFO - Processing /home/airflow/.local/lib/python3.12/site-packages/airflow/example_dags/example_branch_operator_decorator.py took 0.113 seconds
[2026-01-28T00:28:24.117+0000] {processor.py:161} INFO - Started process (PID=5410) to work on /home/airflow/.local/lib/python3.12/site-packages/airflow/example_dags/example_branch_operator_decorator.py
[2026-01-28T00:28:24.119+0000] {processor.py:830} INFO - Processing file /home/airflow/.local/lib/python3.12/site-packages/airflow/example_dags/example_branch_operator_decorator.py for tasks to queue
[2026-01-28T00:28:24.121+0000] {logging_mixin.py:188} INFO - [2026-01-28T00:28:24.121+0000] {dagbag.py:540} INFO - Filling up the DagBag from /home/airflow/.local/lib/python3.12/site-packages/airflow/example_dags/example_branch_operator_decorator.py
[2026-01-28T00:28:24.140+0000] {processor.py:840} INFO - DAG(s) 'example_branch_python_operator_decorator' retrieved from /home/airflow/.local/lib/python3.12/site-packages/airflow/example_dags/example_branch_operator_decorator.py
[2026-01-28T00:28:24.167+0000] {logging_mixin.py:188} INFO - [2026-01-28T00:28:24.167+0000] {dag.py:3096} INFO - Sync 1 DAGs
[2026-01-28T00:28:24.187+0000] {logging_mixin.py:188} INFO - [2026-01-28T00:28:24.187+0000] {dag.py:3954} INFO - Setting next_dagrun for example_branch_python_operator_decorator to 2026-01-27 00:00:00+00:00, run_after=2026-01-28 00:00:00+00:00
[2026-01-28T00:28:24.207+0000] {processor.py:183} INFO - Processing /home/airflow/.local/lib/python3.12/site-packages/airflow/example_dags/example_branch_operator_decorator.py took 0.095 seconds
[2026-01-28T00:28:54.349+0000] {processor.py:161} INFO - Started process (PID=5462) to work on /home/airflow/.local/lib/python3.12/site-packages/airflow/example_dags/example_branch_operator_decorator.py
[2026-01-28T00:28:54.350+0000] {processor.py:830} INFO - Processing file /home/airflow/.local/lib/python3.12/site-packages/airflow/example_dags/example_branch_operator_decorator.py for tasks to queue
[2026-01-28T00:28:54.352+0000] {logging_mixin.py:188} INFO - [2026-01-28T00:28:54.352+0000] {dagbag.py:540} INFO - Filling up the DagBag from /home/airflow/.local/lib/python3.12/site-packages/airflow/example_dags/example_branch_operator_decorator.py
[2026-01-28T00:28:54.371+0000] {processor.py:840} INFO - DAG(s) 'example_branch_python_operator_decorator' retrieved from /home/airflow/.local/lib/python3.12/site-packages/airflow/example_dags/example_branch_operator_decorator.py
[2026-01-28T00:28:54.396+0000] {logging_mixin.py:188} INFO - [2026-01-28T00:28:54.396+0000] {dag.py:3096} INFO - Sync 1 DAGs
[2026-01-28T00:28:54.417+0000] {logging_mixin.py:188} INFO - [2026-01-28T00:28:54.417+0000] {dag.py:3954} INFO - Setting next_dagrun for example_branch_python_operator_decorator to 2026-01-27 00:00:00+00:00, run_after=2026-01-28 00:00:00+00:00
[2026-01-28T00:28:54.435+0000] {processor.py:183} INFO - Processing /home/airflow/.local/lib/python3.12/site-packages/airflow/example_dags/example_branch_operator_decorator.py took 0.093 seconds
[2026-01-28T00:29:24.503+0000] {processor.py:161} INFO - Started process (PID=5514) to work on /home/airflow/.local/lib/python3.12/site-packages/airflow/example_dags/example_branch_operator_decorator.py
[2026-01-28T00:29:24.504+0000] {processor.py:830} INFO - Processing file /home/airflow/.local/lib/python3.12/site-packages/airflow/example_dags/example_branch_operator_decorator.py for tasks to queue
[2026-01-28T00:29:24.506+0000] {logging_mixin.py:188} INFO - [2026-01-28T00:29:24.506+0000] {dagbag.py:540} INFO - Filling up the DagBag from /home/airflow/.local/lib/python3.12/site-packages/airflow/example_dags/example_branch_operator_decorator.py
[2026-01-28T00:29:24.525+0000] {processor.py:840} INFO - DAG(s) 'example_branch_python_operator_decorator' retrieved from /home/airflow/.local/lib/python3.12/site-packages/airflow/example_dags/example_branch_operator_decorator.py
[2026-01-28T00:29:24.552+0000] {logging_mixin.py:188} INFO - [2026-01-28T00:29:24.551+0000] {dag.py:3096} INFO - Sync 1 DAGs
[2026-01-28T00:29:24.571+0000] {logging_mixin.py:188} INFO - [2026-01-28T00:29:24.571+0000] {dag.py:3954} INFO - Setting next_dagrun for example_branch_python_operator_decorator to 2026-01-27 00:00:00+00:00, run_after=2026-01-28 00:00:00+00:00
[2026-01-28T00:29:24.588+0000] {processor.py:183} INFO - Processing /home/airflow/.local/lib/python3.12/site-packages/airflow/example_dags/example_branch_operator_decorator.py took 0.091 seconds
[2026-01-28T00:29:55.131+0000] {processor.py:161} INFO - Started process (PID=5564) to work on /home/airflow/.local/lib/python3.12/site-packages/airflow/example_dags/example_branch_operator_decorator.py
[2026-01-28T00:29:55.132+0000] {processor.py:830} INFO - Processing file /home/airflow/.local/lib/python3.12/site-packages/airflow/example_dags/example_branch_operator_decorator.py for tasks to queue
[2026-01-28T00:29:55.134+0000] {logging_mixin.py:188} INFO - [2026-01-28T00:29:55.133+0000] {dagbag.py:540} INFO - Filling up the DagBag from /home/airflow/.local/lib/python3.12/site-packages/airflow/example_dags/example_branch_operator_decorator.py
[2026-01-28T00:29:55.154+0000] {processor.py:840} INFO - DAG(s) 'example_branch_python_operator_decorator' retrieved from /home/airflow/.local/lib/python3.12/site-packages/airflow/example_dags/example_branch_operator_decorator.py
[2026-01-28T00:29:55.181+0000] {logging_mixin.py:188} INFO - [2026-01-28T00:29:55.180+0000] {dag.py:3096} INFO - Sync 1 DAGs
[2026-01-28T00:29:55.201+0000] {logging_mixin.py:188} INFO - [2026-01-28T00:29:55.200+0000] {dag.py:3954} INFO - Setting next_dagrun for example_branch_python_operator_decorator to 2026-01-27 00:00:00+00:00, run_after=2026-01-28 00:00:00+00:00
[2026-01-28T00:29:55.219+0000] {processor.py:183} INFO - Processing /home/airflow/.local/lib/python3.12/site-packages/airflow/example_dags/example_branch_operator_decorator.py took 0.095 seconds
[2026-01-28T00:30:25.711+0000] {processor.py:161} INFO - Started process (PID=5616) to work on /home/airflow/.local/lib/python3.12/site-packages/airflow/example_dags/example_branch_operator_decorator.py
[2026-01-28T00:30:25.712+0000] {processor.py:830} INFO - Processing file /home/airflow/.local/lib/python3.12/site-packages/airflow/example_dags/example_branch_operator_decorator.py for tasks to queue
[2026-01-28T00:30:25.714+0000] {logging_mixin.py:188} INFO - [2026-01-28T00:30:25.714+0000] {dagbag.py:540} INFO - Filling up the DagBag from /home/airflow/.local/lib/python3.12/site-packages/airflow/example_dags/example_branch_operator_decorator.py
[2026-01-28T00:30:25.733+0000] {processor.py:840} INFO - DAG(s) 'example_branch_python_operator_decorator' retrieved from /home/airflow/.local/lib/python3.12/site-packages/airflow/example_dags/example_branch_operator_decorator.py
[2026-01-28T00:30:25.760+0000] {logging_mixin.py:188} INFO - [2026-01-28T00:30:25.760+0000] {dag.py:3096} INFO - Sync 1 DAGs
[2026-01-28T00:30:25.781+0000] {logging_mixin.py:188} INFO - [2026-01-28T00:30:25.781+0000] {dag.py:3954} INFO - Setting next_dagrun for example_branch_python_operator_decorator to 2026-01-27 00:00:00+00:00, run_after=2026-01-28 00:00:00+00:00
[2026-01-28T00:30:25.798+0000] {processor.py:183} INFO - Processing /home/airflow/.local/lib/python3.12/site-packages/airflow/example_dags/example_branch_operator_decorator.py took 0.093 seconds
[2026-01-28T00:30:56.277+0000] {processor.py:161} INFO - Started process (PID=5668) to work on /home/airflow/.local/lib/python3.12/site-packages/airflow/example_dags/example_branch_operator_decorator.py
[2026-01-28T00:30:56.279+0000] {processor.py:830} INFO - Processing file /home/airflow/.local/lib/python3.12/site-packages/airflow/example_dags/example_branch_operator_decorator.py for tasks to queue
[2026-01-28T00:30:56.281+0000] {logging_mixin.py:188} INFO - [2026-01-28T00:30:56.280+0000] {dagbag.py:540} INFO - Filling up the DagBag from /home/airflow/.local/lib/python3.12/site-packages/airflow/example_dags/example_branch_operator_decorator.py
[2026-01-28T00:30:56.297+0000] {processor.py:840} INFO - DAG(s) 'example_branch_python_operator_decorator' retrieved from /home/airflow/.local/lib/python3.12/site-packages/airflow/example_dags/example_branch_operator_decorator.py
[2026-01-28T00:30:56.324+0000] {logging_mixin.py:188} INFO - [2026-01-28T00:30:56.324+0000] {dag.py:3096} INFO - Sync 1 DAGs
[2026-01-28T00:30:56.344+0000] {logging_mixin.py:188} INFO - [2026-01-28T00:30:56.344+0000] {dag.py:3954} INFO - Setting next_dagrun for example_branch_python_operator_decorator to 2026-01-27 00:00:00+00:00, run_after=2026-01-28 00:00:00+00:00
[2026-01-28T00:30:56.362+0000] {processor.py:183} INFO - Processing /home/airflow/.local/lib/python3.12/site-packages/airflow/example_dags/example_branch_operator_decorator.py took 0.090 seconds
[2026-01-28T00:31:26.853+0000] {processor.py:161} INFO - Started process (PID=5720) to work on /home/airflow/.local/lib/python3.12/site-packages/airflow/example_dags/example_branch_operator_decorator.py
[2026-01-28T00:31:26.854+0000] {processor.py:830} INFO - Processing file /home/airflow/.local/lib/python3.12/site-packages/airflow/example_dags/example_branch_operator_decorator.py for tasks to queue
[2026-01-28T00:31:26.857+0000] {logging_mixin.py:188} INFO - [2026-01-28T00:31:26.856+0000] {dagbag.py:540} INFO - Filling up the DagBag from /home/airflow/.local/lib/python3.12/site-packages/airflow/example_dags/example_branch_operator_decorator.py
[2026-01-28T00:31:26.883+0000] {processor.py:840} INFO - DAG(s) 'example_branch_python_operator_decorator' retrieved from /home/airflow/.local/lib/python3.12/site-packages/airflow/example_dags/example_branch_operator_decorator.py
[2026-01-28T00:31:26.923+0000] {logging_mixin.py:188} INFO - [2026-01-28T00:31:26.922+0000] {dag.py:3096} INFO - Sync 1 DAGs
[2026-01-28T00:31:26.953+0000] {logging_mixin.py:188} INFO - [2026-01-28T00:31:26.952+0000] {dag.py:3954} INFO - Setting next_dagrun for example_branch_python_operator_decorator to 2026-01-27 00:00:00+00:00, run_after=2026-01-28 00:00:00+00:00
[2026-01-28T00:31:26.987+0000] {processor.py:183} INFO - Processing /home/airflow/.local/lib/python3.12/site-packages/airflow/example_dags/example_branch_operator_decorator.py took 0.142 seconds
[2026-01-28T00:31:57.455+0000] {processor.py:161} INFO - Started process (PID=5772) to work on /home/airflow/.local/lib/python3.12/site-packages/airflow/example_dags/example_branch_operator_decorator.py
[2026-01-28T00:31:57.457+0000] {processor.py:830} INFO - Processing file /home/airflow/.local/lib/python3.12/site-packages/airflow/example_dags/example_branch_operator_decorator.py for tasks to queue
[2026-01-28T00:31:57.459+0000] {logging_mixin.py:188} INFO - [2026-01-28T00:31:57.459+0000] {dagbag.py:540} INFO - Filling up the DagBag from /home/airflow/.local/lib/python3.12/site-packages/airflow/example_dags/example_branch_operator_decorator.py
[2026-01-28T00:31:57.477+0000] {processor.py:840} INFO - DAG(s) 'example_branch_python_operator_decorator' retrieved from /home/airflow/.local/lib/python3.12/site-packages/airflow/example_dags/example_branch_operator_decorator.py
[2026-01-28T00:31:57.504+0000] {logging_mixin.py:188} INFO - [2026-01-28T00:31:57.504+0000] {dag.py:3096} INFO - Sync 1 DAGs
[2026-01-28T00:31:57.523+0000] {logging_mixin.py:188} INFO - [2026-01-28T00:31:57.523+0000] {dag.py:3954} INFO - Setting next_dagrun for example_branch_python_operator_decorator to 2026-01-27 00:00:00+00:00, run_after=2026-01-28 00:00:00+00:00
[2026-01-28T00:31:57.541+0000] {processor.py:183} INFO - Processing /home/airflow/.local/lib/python3.12/site-packages/airflow/example_dags/example_branch_operator_decorator.py took 0.093 seconds
[2026-01-28T00:32:28.027+0000] {processor.py:161} INFO - Started process (PID=5824) to work on /home/airflow/.local/lib/python3.12/site-packages/airflow/example_dags/example_branch_operator_decorator.py
[2026-01-28T00:32:28.028+0000] {processor.py:830} INFO - Processing file /home/airflow/.local/lib/python3.12/site-packages/airflow/example_dags/example_branch_operator_decorator.py for tasks to queue
[2026-01-28T00:32:28.030+0000] {logging_mixin.py:188} INFO - [2026-01-28T00:32:28.030+0000] {dagbag.py:540} INFO - Filling up the DagBag from /home/airflow/.local/lib/python3.12/site-packages/airflow/example_dags/example_branch_operator_decorator.py
[2026-01-28T00:32:28.048+0000] {processor.py:840} INFO - DAG(s) 'example_branch_python_operator_decorator' retrieved from /home/airflow/.local/lib/python3.12/site-packages/airflow/example_dags/example_branch_operator_decorator.py
[2026-01-28T00:32:28.073+0000] {logging_mixin.py:188} INFO - [2026-01-28T00:32:28.073+0000] {dag.py:3096} INFO - Sync 1 DAGs
[2026-01-28T00:32:28.092+0000] {logging_mixin.py:188} INFO - [2026-01-28T00:32:28.092+0000] {dag.py:3954} INFO - Setting next_dagrun for example_branch_python_operator_decorator to 2026-01-27 00:00:00+00:00, run_after=2026-01-28 00:00:00+00:00
[2026-01-28T00:32:28.112+0000] {processor.py:183} INFO - Processing /home/airflow/.local/lib/python3.12/site-packages/airflow/example_dags/example_branch_operator_decorator.py took 0.091 seconds
[2026-01-28T00:32:58.560+0000] {processor.py:161} INFO - Started process (PID=5876) to work on /home/airflow/.local/lib/python3.12/site-packages/airflow/example_dags/example_branch_operator_decorator.py
[2026-01-28T00:32:58.561+0000] {processor.py:830} INFO - Processing file /home/airflow/.local/lib/python3.12/site-packages/airflow/example_dags/example_branch_operator_decorator.py for tasks to queue
[2026-01-28T00:32:58.563+0000] {logging_mixin.py:188} INFO - [2026-01-28T00:32:58.563+0000] {dagbag.py:540} INFO - Filling up the DagBag from /home/airflow/.local/lib/python3.12/site-packages/airflow/example_dags/example_branch_operator_decorator.py
[2026-01-28T00:32:58.581+0000] {processor.py:840} INFO - DAG(s) 'example_branch_python_operator_decorator' retrieved from /home/airflow/.local/lib/python3.12/site-packages/airflow/example_dags/example_branch_operator_decorator.py
[2026-01-28T00:32:58.608+0000] {logging_mixin.py:188} INFO - [2026-01-28T00:32:58.608+0000] {dag.py:3096} INFO - Sync 1 DAGs
[2026-01-28T00:32:58.628+0000] {logging_mixin.py:188} INFO - [2026-01-28T00:32:58.627+0000] {dag.py:3954} INFO - Setting next_dagrun for example_branch_python_operator_decorator to 2026-01-27 00:00:00+00:00, run_after=2026-01-28 00:00:00+00:00
[2026-01-28T00:32:58.645+0000] {processor.py:183} INFO - Processing /home/airflow/.local/lib/python3.12/site-packages/airflow/example_dags/example_branch_operator_decorator.py took 0.091 seconds
[2026-01-28T00:33:29.111+0000] {processor.py:161} INFO - Started process (PID=5928) to work on /home/airflow/.local/lib/python3.12/site-packages/airflow/example_dags/example_branch_operator_decorator.py
[2026-01-28T00:33:29.112+0000] {processor.py:830} INFO - Processing file /home/airflow/.local/lib/python3.12/site-packages/airflow/example_dags/example_branch_operator_decorator.py for tasks to queue
[2026-01-28T00:33:29.114+0000] {logging_mixin.py:188} INFO - [2026-01-28T00:33:29.114+0000] {dagbag.py:540} INFO - Filling up the DagBag from /home/airflow/.local/lib/python3.12/site-packages/airflow/example_dags/example_branch_operator_decorator.py
[2026-01-28T00:33:29.131+0000] {processor.py:840} INFO - DAG(s) 'example_branch_python_operator_decorator' retrieved from /home/airflow/.local/lib/python3.12/site-packages/airflow/example_dags/example_branch_operator_decorator.py
[2026-01-28T00:33:29.157+0000] {logging_mixin.py:188} INFO - [2026-01-28T00:33:29.157+0000] {dag.py:3096} INFO - Sync 1 DAGs
[2026-01-28T00:33:29.182+0000] {logging_mixin.py:188} INFO - [2026-01-28T00:33:29.182+0000] {dag.py:3954} INFO - Setting next_dagrun for example_branch_python_operator_decorator to 2026-01-27 00:00:00+00:00, run_after=2026-01-28 00:00:00+00:00
[2026-01-28T00:33:29.201+0000] {processor.py:183} INFO - Processing /home/airflow/.local/lib/python3.12/site-packages/airflow/example_dags/example_branch_operator_decorator.py took 0.096 seconds
[2026-01-28T00:33:59.753+0000] {processor.py:161} INFO - Started process (PID=5980) to work on /home/airflow/.local/lib/python3.12/site-packages/airflow/example_dags/example_branch_operator_decorator.py
[2026-01-28T00:33:59.756+0000] {processor.py:830} INFO - Processing file /home/airflow/.local/lib/python3.12/site-packages/airflow/example_dags/example_branch_operator_decorator.py for tasks to queue
[2026-01-28T00:33:59.758+0000] {logging_mixin.py:188} INFO - [2026-01-28T00:33:59.758+0000] {dagbag.py:540} INFO - Filling up the DagBag from /home/airflow/.local/lib/python3.12/site-packages/airflow/example_dags/example_branch_operator_decorator.py
[2026-01-28T00:33:59.776+0000] {processor.py:840} INFO - DAG(s) 'example_branch_python_operator_decorator' retrieved from /home/airflow/.local/lib/python3.12/site-packages/airflow/example_dags/example_branch_operator_decorator.py
[2026-01-28T00:33:59.801+0000] {logging_mixin.py:188} INFO - [2026-01-28T00:33:59.800+0000] {dag.py:3096} INFO - Sync 1 DAGs
[2026-01-28T00:33:59.822+0000] {logging_mixin.py:188} INFO - [2026-01-28T00:33:59.822+0000] {dag.py:3954} INFO - Setting next_dagrun for example_branch_python_operator_decorator to 2026-01-27 00:00:00+00:00, run_after=2026-01-28 00:00:00+00:00
[2026-01-28T00:33:59.964+0000] {processor.py:183} INFO - Processing /home/airflow/.local/lib/python3.12/site-packages/airflow/example_dags/example_branch_operator_decorator.py took 0.218 seconds
[2026-01-28T00:34:30.014+0000] {processor.py:161} INFO - Started process (PID=6033) to work on /home/airflow/.local/lib/python3.12/site-packages/airflow/example_dags/example_branch_operator_decorator.py
[2026-01-28T00:34:30.015+0000] {processor.py:830} INFO - Processing file /home/airflow/.local/lib/python3.12/site-packages/airflow/example_dags/example_branch_operator_decorator.py for tasks to queue
[2026-01-28T00:34:30.017+0000] {logging_mixin.py:188} INFO - [2026-01-28T00:34:30.016+0000] {dagbag.py:540} INFO - Filling up the DagBag from /home/airflow/.local/lib/python3.12/site-packages/airflow/example_dags/example_branch_operator_decorator.py
[2026-01-28T00:34:30.037+0000] {processor.py:840} INFO - DAG(s) 'example_branch_python_operator_decorator' retrieved from /home/airflow/.local/lib/python3.12/site-packages/airflow/example_dags/example_branch_operator_decorator.py
[2026-01-28T00:34:30.063+0000] {logging_mixin.py:188} INFO - [2026-01-28T00:34:30.063+0000] {dag.py:3096} INFO - Sync 1 DAGs
[2026-01-28T00:34:30.081+0000] {logging_mixin.py:188} INFO - [2026-01-28T00:34:30.080+0000] {dag.py:3954} INFO - Setting next_dagrun for example_branch_python_operator_decorator to 2026-01-27 00:00:00+00:00, run_after=2026-01-28 00:00:00+00:00
[2026-01-28T00:34:30.098+0000] {processor.py:183} INFO - Processing /home/airflow/.local/lib/python3.12/site-packages/airflow/example_dags/example_branch_operator_decorator.py took 0.090 seconds
[2026-01-28T00:35:00.771+0000] {processor.py:161} INFO - Started process (PID=6084) to work on /home/airflow/.local/lib/python3.12/site-packages/airflow/example_dags/example_branch_operator_decorator.py
[2026-01-28T00:35:00.772+0000] {processor.py:830} INFO - Processing file /home/airflow/.local/lib/python3.12/site-packages/airflow/example_dags/example_branch_operator_decorator.py for tasks to queue
[2026-01-28T00:35:00.774+0000] {logging_mixin.py:188} INFO - [2026-01-28T00:35:00.774+0000] {dagbag.py:540} INFO - Filling up the DagBag from /home/airflow/.local/lib/python3.12/site-packages/airflow/example_dags/example_branch_operator_decorator.py
[2026-01-28T00:35:00.792+0000] {processor.py:840} INFO - DAG(s) 'example_branch_python_operator_decorator' retrieved from /home/airflow/.local/lib/python3.12/site-packages/airflow/example_dags/example_branch_operator_decorator.py
[2026-01-28T00:35:00.817+0000] {logging_mixin.py:188} INFO - [2026-01-28T00:35:00.817+0000] {dag.py:3096} INFO - Sync 1 DAGs
[2026-01-28T00:35:00.839+0000] {logging_mixin.py:188} INFO - [2026-01-28T00:35:00.838+0000] {dag.py:3954} INFO - Setting next_dagrun for example_branch_python_operator_decorator to 2026-01-27 00:00:00+00:00, run_after=2026-01-28 00:00:00+00:00
[2026-01-28T00:35:00.857+0000] {processor.py:183} INFO - Processing /home/airflow/.local/lib/python3.12/site-packages/airflow/example_dags/example_branch_operator_decorator.py took 0.092 seconds
[2026-01-28T00:35:31.304+0000] {processor.py:161} INFO - Started process (PID=6136) to work on /home/airflow/.local/lib/python3.12/site-packages/airflow/example_dags/example_branch_operator_decorator.py
[2026-01-28T00:35:31.305+0000] {processor.py:830} INFO - Processing file /home/airflow/.local/lib/python3.12/site-packages/airflow/example_dags/example_branch_operator_decorator.py for tasks to queue
[2026-01-28T00:35:31.307+0000] {logging_mixin.py:188} INFO - [2026-01-28T00:35:31.307+0000] {dagbag.py:540} INFO - Filling up the DagBag from /home/airflow/.local/lib/python3.12/site-packages/airflow/example_dags/example_branch_operator_decorator.py
[2026-01-28T00:35:31.324+0000] {processor.py:840} INFO - DAG(s) 'example_branch_python_operator_decorator' retrieved from /home/airflow/.local/lib/python3.12/site-packages/airflow/example_dags/example_branch_operator_decorator.py
[2026-01-28T00:35:31.349+0000] {logging_mixin.py:188} INFO - [2026-01-28T00:35:31.349+0000] {dag.py:3096} INFO - Sync 1 DAGs
[2026-01-28T00:35:31.369+0000] {logging_mixin.py:188} INFO - [2026-01-28T00:35:31.368+0000] {dag.py:3954} INFO - Setting next_dagrun for example_branch_python_operator_decorator to 2026-01-27 00:00:00+00:00, run_after=2026-01-28 00:00:00+00:00
[2026-01-28T00:35:31.501+0000] {processor.py:183} INFO - Processing /home/airflow/.local/lib/python3.12/site-packages/airflow/example_dags/example_branch_operator_decorator.py took 0.203 seconds
[2026-01-28T00:36:01.620+0000] {processor.py:161} INFO - Started process (PID=6188) to work on /home/airflow/.local/lib/python3.12/site-packages/airflow/example_dags/example_branch_operator_decorator.py
[2026-01-28T00:36:01.621+0000] {processor.py:830} INFO - Processing file /home/airflow/.local/lib/python3.12/site-packages/airflow/example_dags/example_branch_operator_decorator.py for tasks to queue
[2026-01-28T00:36:01.623+0000] {logging_mixin.py:188} INFO - [2026-01-28T00:36:01.623+0000] {dagbag.py:540} INFO - Filling up the DagBag from /home/airflow/.local/lib/python3.12/site-packages/airflow/example_dags/example_branch_operator_decorator.py
[2026-01-28T00:36:01.640+0000] {processor.py:840} INFO - DAG(s) 'example_branch_python_operator_decorator' retrieved from /home/airflow/.local/lib/python3.12/site-packages/airflow/example_dags/example_branch_operator_decorator.py
[2026-01-28T00:36:01.667+0000] {logging_mixin.py:188} INFO - [2026-01-28T00:36:01.667+0000] {dag.py:3096} INFO - Sync 1 DAGs
[2026-01-28T00:36:01.687+0000] {logging_mixin.py:188} INFO - [2026-01-28T00:36:01.687+0000] {dag.py:3954} INFO - Setting next_dagrun for example_branch_python_operator_decorator to 2026-01-27 00:00:00+00:00, run_after=2026-01-28 00:00:00+00:00
[2026-01-28T00:36:01.707+0000] {processor.py:183} INFO - Processing /home/airflow/.local/lib/python3.12/site-packages/airflow/example_dags/example_branch_operator_decorator.py took 0.094 seconds
[2026-01-28T00:36:31.979+0000] {processor.py:161} INFO - Started process (PID=6240) to work on /home/airflow/.local/lib/python3.12/site-packages/airflow/example_dags/example_branch_operator_decorator.py
[2026-01-28T00:36:31.980+0000] {processor.py:830} INFO - Processing file /home/airflow/.local/lib/python3.12/site-packages/airflow/example_dags/example_branch_operator_decorator.py for tasks to queue
[2026-01-28T00:36:31.982+0000] {logging_mixin.py:188} INFO - [2026-01-28T00:36:31.982+0000] {dagbag.py:540} INFO - Filling up the DagBag from /home/airflow/.local/lib/python3.12/site-packages/airflow/example_dags/example_branch_operator_decorator.py
[2026-01-28T00:36:32.000+0000] {processor.py:840} INFO - DAG(s) 'example_branch_python_operator_decorator' retrieved from /home/airflow/.local/lib/python3.12/site-packages/airflow/example_dags/example_branch_operator_decorator.py
[2026-01-28T00:36:32.026+0000] {logging_mixin.py:188} INFO - [2026-01-28T00:36:32.026+0000] {dag.py:3096} INFO - Sync 1 DAGs
[2026-01-28T00:36:32.045+0000] {logging_mixin.py:188} INFO - [2026-01-28T00:36:32.045+0000] {dag.py:3954} INFO - Setting next_dagrun for example_branch_python_operator_decorator to 2026-01-27 00:00:00+00:00, run_after=2026-01-28 00:00:00+00:00
[2026-01-28T00:36:32.064+0000] {processor.py:183} INFO - Processing /home/airflow/.local/lib/python3.12/site-packages/airflow/example_dags/example_branch_operator_decorator.py took 0.091 seconds
[2026-01-28T00:37:03.085+0000] {processor.py:161} INFO - Started process (PID=6292) to work on /home/airflow/.local/lib/python3.12/site-packages/airflow/example_dags/example_branch_operator_decorator.py
[2026-01-28T00:37:03.086+0000] {processor.py:830} INFO - Processing file /home/airflow/.local/lib/python3.12/site-packages/airflow/example_dags/example_branch_operator_decorator.py for tasks to queue
[2026-01-28T00:37:03.088+0000] {logging_mixin.py:188} INFO - [2026-01-28T00:37:03.088+0000] {dagbag.py:540} INFO - Filling up the DagBag from /home/airflow/.local/lib/python3.12/site-packages/airflow/example_dags/example_branch_operator_decorator.py
[2026-01-28T00:37:03.105+0000] {processor.py:840} INFO - DAG(s) 'example_branch_python_operator_decorator' retrieved from /home/airflow/.local/lib/python3.12/site-packages/airflow/example_dags/example_branch_operator_decorator.py
[2026-01-28T00:37:03.130+0000] {logging_mixin.py:188} INFO - [2026-01-28T00:37:03.129+0000] {dag.py:3096} INFO - Sync 1 DAGs
[2026-01-28T00:37:03.292+0000] {logging_mixin.py:188} INFO - [2026-01-28T00:37:03.291+0000] {dag.py:3954} INFO - Setting next_dagrun for example_branch_python_operator_decorator to 2026-01-27 00:00:00+00:00, run_after=2026-01-28 00:00:00+00:00
[2026-01-28T00:37:03.314+0000] {processor.py:183} INFO - Processing /home/airflow/.local/lib/python3.12/site-packages/airflow/example_dags/example_branch_operator_decorator.py took 0.234 seconds
[2026-01-28T00:37:33.353+0000] {processor.py:161} INFO - Started process (PID=6344) to work on /home/airflow/.local/lib/python3.12/site-packages/airflow/example_dags/example_branch_operator_decorator.py
[2026-01-28T00:37:33.354+0000] {processor.py:830} INFO - Processing file /home/airflow/.local/lib/python3.12/site-packages/airflow/example_dags/example_branch_operator_decorator.py for tasks to queue
[2026-01-28T00:37:33.356+0000] {logging_mixin.py:188} INFO - [2026-01-28T00:37:33.356+0000] {dagbag.py:540} INFO - Filling up the DagBag from /home/airflow/.local/lib/python3.12/site-packages/airflow/example_dags/example_branch_operator_decorator.py
[2026-01-28T00:37:33.373+0000] {processor.py:840} INFO - DAG(s) 'example_branch_python_operator_decorator' retrieved from /home/airflow/.local/lib/python3.12/site-packages/airflow/example_dags/example_branch_operator_decorator.py
[2026-01-28T00:37:33.398+0000] {logging_mixin.py:188} INFO - [2026-01-28T00:37:33.397+0000] {dag.py:3096} INFO - Sync 1 DAGs
[2026-01-28T00:37:33.419+0000] {logging_mixin.py:188} INFO - [2026-01-28T00:37:33.419+0000] {dag.py:3954} INFO - Setting next_dagrun for example_branch_python_operator_decorator to 2026-01-27 00:00:00+00:00, run_after=2026-01-28 00:00:00+00:00
[2026-01-28T00:37:33.438+0000] {processor.py:183} INFO - Processing /home/airflow/.local/lib/python3.12/site-packages/airflow/example_dags/example_branch_operator_decorator.py took 0.090 seconds
[2026-01-28T00:38:04.014+0000] {processor.py:161} INFO - Started process (PID=6396) to work on /home/airflow/.local/lib/python3.12/site-packages/airflow/example_dags/example_branch_operator_decorator.py
[2026-01-28T00:38:04.016+0000] {processor.py:830} INFO - Processing file /home/airflow/.local/lib/python3.12/site-packages/airflow/example_dags/example_branch_operator_decorator.py for tasks to queue
[2026-01-28T00:38:04.018+0000] {logging_mixin.py:188} INFO - [2026-01-28T00:38:04.017+0000] {dagbag.py:540} INFO - Filling up the DagBag from /home/airflow/.local/lib/python3.12/site-packages/airflow/example_dags/example_branch_operator_decorator.py
[2026-01-28T00:38:04.039+0000] {processor.py:840} INFO - DAG(s) 'example_branch_python_operator_decorator' retrieved from /home/airflow/.local/lib/python3.12/site-packages/airflow/example_dags/example_branch_operator_decorator.py
[2026-01-28T00:38:04.175+0000] {logging_mixin.py:188} INFO - [2026-01-28T00:38:04.175+0000] {dag.py:3096} INFO - Sync 1 DAGs
[2026-01-28T00:38:04.189+0000] {logging_mixin.py:188} INFO - [2026-01-28T00:38:04.189+0000] {dag.py:3954} INFO - Setting next_dagrun for example_branch_python_operator_decorator to 2026-01-27 00:00:00+00:00, run_after=2026-01-28 00:00:00+00:00
[2026-01-28T00:38:04.206+0000] {processor.py:183} INFO - Processing /home/airflow/.local/lib/python3.12/site-packages/airflow/example_dags/example_branch_operator_decorator.py took 0.198 seconds
[2026-01-28T00:38:34.694+0000] {processor.py:161} INFO - Started process (PID=6448) to work on /home/airflow/.local/lib/python3.12/site-packages/airflow/example_dags/example_branch_operator_decorator.py
[2026-01-28T00:38:34.696+0000] {processor.py:830} INFO - Processing file /home/airflow/.local/lib/python3.12/site-packages/airflow/example_dags/example_branch_operator_decorator.py for tasks to queue
[2026-01-28T00:38:34.698+0000] {logging_mixin.py:188} INFO - [2026-01-28T00:38:34.698+0000] {dagbag.py:540} INFO - Filling up the DagBag from /home/airflow/.local/lib/python3.12/site-packages/airflow/example_dags/example_branch_operator_decorator.py
[2026-01-28T00:38:34.719+0000] {processor.py:840} INFO - DAG(s) 'example_branch_python_operator_decorator' retrieved from /home/airflow/.local/lib/python3.12/site-packages/airflow/example_dags/example_branch_operator_decorator.py
[2026-01-28T00:38:34.745+0000] {logging_mixin.py:188} INFO - [2026-01-28T00:38:34.745+0000] {dag.py:3096} INFO - Sync 1 DAGs
[2026-01-28T00:38:34.903+0000] {logging_mixin.py:188} INFO - [2026-01-28T00:38:34.903+0000] {dag.py:3954} INFO - Setting next_dagrun for example_branch_python_operator_decorator to 2026-01-27 00:00:00+00:00, run_after=2026-01-28 00:00:00+00:00
[2026-01-28T00:38:34.920+0000] {processor.py:183} INFO - Processing /home/airflow/.local/lib/python3.12/site-packages/airflow/example_dags/example_branch_operator_decorator.py took 0.232 seconds
[2026-01-28T00:39:05.493+0000] {processor.py:161} INFO - Started process (PID=6500) to work on /home/airflow/.local/lib/python3.12/site-packages/airflow/example_dags/example_branch_operator_decorator.py
[2026-01-28T00:39:05.494+0000] {processor.py:830} INFO - Processing file /home/airflow/.local/lib/python3.12/site-packages/airflow/example_dags/example_branch_operator_decorator.py for tasks to queue
[2026-01-28T00:39:05.496+0000] {logging_mixin.py:188} INFO - [2026-01-28T00:39:05.496+0000] {dagbag.py:540} INFO - Filling up the DagBag from /home/airflow/.local/lib/python3.12/site-packages/airflow/example_dags/example_branch_operator_decorator.py
[2026-01-28T00:39:05.513+0000] {processor.py:840} INFO - DAG(s) 'example_branch_python_operator_decorator' retrieved from /home/airflow/.local/lib/python3.12/site-packages/airflow/example_dags/example_branch_operator_decorator.py
[2026-01-28T00:39:05.537+0000] {logging_mixin.py:188} INFO - [2026-01-28T00:39:05.537+0000] {dag.py:3096} INFO - Sync 1 DAGs
[2026-01-28T00:39:05.555+0000] {logging_mixin.py:188} INFO - [2026-01-28T00:39:05.555+0000] {dag.py:3954} INFO - Setting next_dagrun for example_branch_python_operator_decorator to 2026-01-27 00:00:00+00:00, run_after=2026-01-28 00:00:00+00:00
[2026-01-28T00:39:05.573+0000] {processor.py:183} INFO - Processing /home/airflow/.local/lib/python3.12/site-packages/airflow/example_dags/example_branch_operator_decorator.py took 0.087 seconds
[2026-01-28T00:39:36.364+0000] {processor.py:161} INFO - Started process (PID=6552) to work on /home/airflow/.local/lib/python3.12/site-packages/airflow/example_dags/example_branch_operator_decorator.py
[2026-01-28T00:39:36.365+0000] {processor.py:830} INFO - Processing file /home/airflow/.local/lib/python3.12/site-packages/airflow/example_dags/example_branch_operator_decorator.py for tasks to queue
[2026-01-28T00:39:36.367+0000] {logging_mixin.py:188} INFO - [2026-01-28T00:39:36.366+0000] {dagbag.py:540} INFO - Filling up the DagBag from /home/airflow/.local/lib/python3.12/site-packages/airflow/example_dags/example_branch_operator_decorator.py
[2026-01-28T00:39:36.385+0000] {processor.py:840} INFO - DAG(s) 'example_branch_python_operator_decorator' retrieved from /home/airflow/.local/lib/python3.12/site-packages/airflow/example_dags/example_branch_operator_decorator.py
[2026-01-28T00:39:36.410+0000] {logging_mixin.py:188} INFO - [2026-01-28T00:39:36.410+0000] {dag.py:3096} INFO - Sync 1 DAGs
[2026-01-28T00:39:36.428+0000] {logging_mixin.py:188} INFO - [2026-01-28T00:39:36.428+0000] {dag.py:3954} INFO - Setting next_dagrun for example_branch_python_operator_decorator to 2026-01-27 00:00:00+00:00, run_after=2026-01-28 00:00:00+00:00
[2026-01-28T00:39:36.445+0000] {processor.py:183} INFO - Processing /home/airflow/.local/lib/python3.12/site-packages/airflow/example_dags/example_branch_operator_decorator.py took 0.088 seconds
[2026-01-28T00:40:06.647+0000] {processor.py:161} INFO - Started process (PID=6604) to work on /home/airflow/.local/lib/python3.12/site-packages/airflow/example_dags/example_branch_operator_decorator.py
[2026-01-28T00:40:06.649+0000] {processor.py:830} INFO - Processing file /home/airflow/.local/lib/python3.12/site-packages/airflow/example_dags/example_branch_operator_decorator.py for tasks to queue
[2026-01-28T00:40:06.651+0000] {logging_mixin.py:188} INFO - [2026-01-28T00:40:06.651+0000] {dagbag.py:540} INFO - Filling up the DagBag from /home/airflow/.local/lib/python3.12/site-packages/airflow/example_dags/example_branch_operator_decorator.py
[2026-01-28T00:40:06.669+0000] {processor.py:840} INFO - DAG(s) 'example_branch_python_operator_decorator' retrieved from /home/airflow/.local/lib/python3.12/site-packages/airflow/example_dags/example_branch_operator_decorator.py
[2026-01-28T00:40:06.695+0000] {logging_mixin.py:188} INFO - [2026-01-28T00:40:06.695+0000] {dag.py:3096} INFO - Sync 1 DAGs
[2026-01-28T00:40:06.714+0000] {logging_mixin.py:188} INFO - [2026-01-28T00:40:06.714+0000] {dag.py:3954} INFO - Setting next_dagrun for example_branch_python_operator_decorator to 2026-01-27 00:00:00+00:00, run_after=2026-01-28 00:00:00+00:00
[2026-01-28T00:40:06.734+0000] {processor.py:183} INFO - Processing /home/airflow/.local/lib/python3.12/site-packages/airflow/example_dags/example_branch_operator_decorator.py took 0.094 seconds
[2026-01-28T00:40:37.411+0000] {processor.py:161} INFO - Started process (PID=6656) to work on /home/airflow/.local/lib/python3.12/site-packages/airflow/example_dags/example_branch_operator_decorator.py
[2026-01-28T00:40:37.412+0000] {processor.py:830} INFO - Processing file /home/airflow/.local/lib/python3.12/site-packages/airflow/example_dags/example_branch_operator_decorator.py for tasks to queue
[2026-01-28T00:40:37.414+0000] {logging_mixin.py:188} INFO - [2026-01-28T00:40:37.414+0000] {dagbag.py:540} INFO - Filling up the DagBag from /home/airflow/.local/lib/python3.12/site-packages/airflow/example_dags/example_branch_operator_decorator.py
[2026-01-28T00:40:37.431+0000] {processor.py:840} INFO - DAG(s) 'example_branch_python_operator_decorator' retrieved from /home/airflow/.local/lib/python3.12/site-packages/airflow/example_dags/example_branch_operator_decorator.py
[2026-01-28T00:40:37.457+0000] {logging_mixin.py:188} INFO - [2026-01-28T00:40:37.457+0000] {dag.py:3096} INFO - Sync 1 DAGs
[2026-01-28T00:40:37.475+0000] {logging_mixin.py:188} INFO - [2026-01-28T00:40:37.474+0000] {dag.py:3954} INFO - Setting next_dagrun for example_branch_python_operator_decorator to 2026-01-27 00:00:00+00:00, run_after=2026-01-28 00:00:00+00:00
[2026-01-28T00:40:37.493+0000] {processor.py:183} INFO - Processing /home/airflow/.local/lib/python3.12/site-packages/airflow/example_dags/example_branch_operator_decorator.py took 0.088 seconds
[2026-01-28T00:41:08.131+0000] {processor.py:161} INFO - Started process (PID=6708) to work on /home/airflow/.local/lib/python3.12/site-packages/airflow/example_dags/example_branch_operator_decorator.py
[2026-01-28T00:41:08.132+0000] {processor.py:830} INFO - Processing file /home/airflow/.local/lib/python3.12/site-packages/airflow/example_dags/example_branch_operator_decorator.py for tasks to queue
[2026-01-28T00:41:08.135+0000] {logging_mixin.py:188} INFO - [2026-01-28T00:41:08.134+0000] {dagbag.py:540} INFO - Filling up the DagBag from /home/airflow/.local/lib/python3.12/site-packages/airflow/example_dags/example_branch_operator_decorator.py
[2026-01-28T00:41:08.152+0000] {processor.py:840} INFO - DAG(s) 'example_branch_python_operator_decorator' retrieved from /home/airflow/.local/lib/python3.12/site-packages/airflow/example_dags/example_branch_operator_decorator.py
[2026-01-28T00:41:08.175+0000] {logging_mixin.py:188} INFO - [2026-01-28T00:41:08.175+0000] {dag.py:3096} INFO - Sync 1 DAGs
[2026-01-28T00:41:08.193+0000] {logging_mixin.py:188} INFO - [2026-01-28T00:41:08.193+0000] {dag.py:3954} INFO - Setting next_dagrun for example_branch_python_operator_decorator to 2026-01-27 00:00:00+00:00, run_after=2026-01-28 00:00:00+00:00
[2026-01-28T00:41:08.210+0000] {processor.py:183} INFO - Processing /home/airflow/.local/lib/python3.12/site-packages/airflow/example_dags/example_branch_operator_decorator.py took 0.085 seconds
[2026-01-28T00:41:38.792+0000] {processor.py:161} INFO - Started process (PID=6760) to work on /home/airflow/.local/lib/python3.12/site-packages/airflow/example_dags/example_branch_operator_decorator.py
[2026-01-28T00:41:38.793+0000] {processor.py:830} INFO - Processing file /home/airflow/.local/lib/python3.12/site-packages/airflow/example_dags/example_branch_operator_decorator.py for tasks to queue
[2026-01-28T00:41:38.795+0000] {logging_mixin.py:188} INFO - [2026-01-28T00:41:38.795+0000] {dagbag.py:540} INFO - Filling up the DagBag from /home/airflow/.local/lib/python3.12/site-packages/airflow/example_dags/example_branch_operator_decorator.py
[2026-01-28T00:41:38.812+0000] {processor.py:840} INFO - DAG(s) 'example_branch_python_operator_decorator' retrieved from /home/airflow/.local/lib/python3.12/site-packages/airflow/example_dags/example_branch_operator_decorator.py
[2026-01-28T00:41:38.836+0000] {logging_mixin.py:188} INFO - [2026-01-28T00:41:38.835+0000] {dag.py:3096} INFO - Sync 1 DAGs
[2026-01-28T00:41:38.853+0000] {logging_mixin.py:188} INFO - [2026-01-28T00:41:38.853+0000] {dag.py:3954} INFO - Setting next_dagrun for example_branch_python_operator_decorator to 2026-01-27 00:00:00+00:00, run_after=2026-01-28 00:00:00+00:00
[2026-01-28T00:41:38.869+0000] {processor.py:183} INFO - Processing /home/airflow/.local/lib/python3.12/site-packages/airflow/example_dags/example_branch_operator_decorator.py took 0.083 seconds
[2026-01-28T00:42:09.411+0000] {processor.py:161} INFO - Started process (PID=6812) to work on /home/airflow/.local/lib/python3.12/site-packages/airflow/example_dags/example_branch_operator_decorator.py
[2026-01-28T00:42:09.412+0000] {processor.py:830} INFO - Processing file /home/airflow/.local/lib/python3.12/site-packages/airflow/example_dags/example_branch_operator_decorator.py for tasks to queue
[2026-01-28T00:42:09.414+0000] {logging_mixin.py:188} INFO - [2026-01-28T00:42:09.414+0000] {dagbag.py:540} INFO - Filling up the DagBag from /home/airflow/.local/lib/python3.12/site-packages/airflow/example_dags/example_branch_operator_decorator.py
[2026-01-28T00:42:09.431+0000] {processor.py:840} INFO - DAG(s) 'example_branch_python_operator_decorator' retrieved from /home/airflow/.local/lib/python3.12/site-packages/airflow/example_dags/example_branch_operator_decorator.py
[2026-01-28T00:42:09.455+0000] {logging_mixin.py:188} INFO - [2026-01-28T00:42:09.455+0000] {dag.py:3096} INFO - Sync 1 DAGs
[2026-01-28T00:42:09.474+0000] {logging_mixin.py:188} INFO - [2026-01-28T00:42:09.473+0000] {dag.py:3954} INFO - Setting next_dagrun for example_branch_python_operator_decorator to 2026-01-27 00:00:00+00:00, run_after=2026-01-28 00:00:00+00:00
[2026-01-28T00:42:09.491+0000] {processor.py:183} INFO - Processing /home/airflow/.local/lib/python3.12/site-packages/airflow/example_dags/example_branch_operator_decorator.py took 0.086 seconds
[2026-01-28T00:42:40.048+0000] {processor.py:161} INFO - Started process (PID=6864) to work on /home/airflow/.local/lib/python3.12/site-packages/airflow/example_dags/example_branch_operator_decorator.py
[2026-01-28T00:42:40.049+0000] {processor.py:830} INFO - Processing file /home/airflow/.local/lib/python3.12/site-packages/airflow/example_dags/example_branch_operator_decorator.py for tasks to queue
[2026-01-28T00:42:40.051+0000] {logging_mixin.py:188} INFO - [2026-01-28T00:42:40.051+0000] {dagbag.py:540} INFO - Filling up the DagBag from /home/airflow/.local/lib/python3.12/site-packages/airflow/example_dags/example_branch_operator_decorator.py
[2026-01-28T00:42:40.068+0000] {processor.py:840} INFO - DAG(s) 'example_branch_python_operator_decorator' retrieved from /home/airflow/.local/lib/python3.12/site-packages/airflow/example_dags/example_branch_operator_decorator.py
[2026-01-28T00:42:40.094+0000] {logging_mixin.py:188} INFO - [2026-01-28T00:42:40.093+0000] {dag.py:3096} INFO - Sync 1 DAGs
[2026-01-28T00:42:40.111+0000] {logging_mixin.py:188} INFO - [2026-01-28T00:42:40.111+0000] {dag.py:3954} INFO - Setting next_dagrun for example_branch_python_operator_decorator to 2026-01-27 00:00:00+00:00, run_after=2026-01-28 00:00:00+00:00
[2026-01-28T00:42:40.126+0000] {processor.py:183} INFO - Processing /home/airflow/.local/lib/python3.12/site-packages/airflow/example_dags/example_branch_operator_decorator.py took 0.084 seconds
[2026-01-28T00:43:10.676+0000] {processor.py:161} INFO - Started process (PID=6916) to work on /home/airflow/.local/lib/python3.12/site-packages/airflow/example_dags/example_branch_operator_decorator.py
[2026-01-28T00:43:10.677+0000] {processor.py:830} INFO - Processing file /home/airflow/.local/lib/python3.12/site-packages/airflow/example_dags/example_branch_operator_decorator.py for tasks to queue
[2026-01-28T00:43:10.679+0000] {logging_mixin.py:188} INFO - [2026-01-28T00:43:10.679+0000] {dagbag.py:540} INFO - Filling up the DagBag from /home/airflow/.local/lib/python3.12/site-packages/airflow/example_dags/example_branch_operator_decorator.py
[2026-01-28T00:43:10.695+0000] {processor.py:840} INFO - DAG(s) 'example_branch_python_operator_decorator' retrieved from /home/airflow/.local/lib/python3.12/site-packages/airflow/example_dags/example_branch_operator_decorator.py
[2026-01-28T00:43:10.719+0000] {logging_mixin.py:188} INFO - [2026-01-28T00:43:10.719+0000] {dag.py:3096} INFO - Sync 1 DAGs
[2026-01-28T00:43:10.736+0000] {logging_mixin.py:188} INFO - [2026-01-28T00:43:10.736+0000] {dag.py:3954} INFO - Setting next_dagrun for example_branch_python_operator_decorator to 2026-01-27 00:00:00+00:00, run_after=2026-01-28 00:00:00+00:00
[2026-01-28T00:43:10.754+0000] {processor.py:183} INFO - Processing /home/airflow/.local/lib/python3.12/site-packages/airflow/example_dags/example_branch_operator_decorator.py took 0.083 seconds
[2026-01-28T00:43:41.210+0000] {processor.py:161} INFO - Started process (PID=6968) to work on /home/airflow/.local/lib/python3.12/site-packages/airflow/example_dags/example_branch_operator_decorator.py
[2026-01-28T00:43:41.211+0000] {processor.py:830} INFO - Processing file /home/airflow/.local/lib/python3.12/site-packages/airflow/example_dags/example_branch_operator_decorator.py for tasks to queue
[2026-01-28T00:43:41.213+0000] {logging_mixin.py:188} INFO - [2026-01-28T00:43:41.213+0000] {dagbag.py:540} INFO - Filling up the DagBag from /home/airflow/.local/lib/python3.12/site-packages/airflow/example_dags/example_branch_operator_decorator.py
[2026-01-28T00:43:41.229+0000] {processor.py:840} INFO - DAG(s) 'example_branch_python_operator_decorator' retrieved from /home/airflow/.local/lib/python3.12/site-packages/airflow/example_dags/example_branch_operator_decorator.py
[2026-01-28T00:43:41.253+0000] {logging_mixin.py:188} INFO - [2026-01-28T00:43:41.253+0000] {dag.py:3096} INFO - Sync 1 DAGs
[2026-01-28T00:43:41.271+0000] {logging_mixin.py:188} INFO - [2026-01-28T00:43:41.271+0000] {dag.py:3954} INFO - Setting next_dagrun for example_branch_python_operator_decorator to 2026-01-27 00:00:00+00:00, run_after=2026-01-28 00:00:00+00:00
[2026-01-28T00:43:41.288+0000] {processor.py:183} INFO - Processing /home/airflow/.local/lib/python3.12/site-packages/airflow/example_dags/example_branch_operator_decorator.py took 0.084 seconds
[2026-01-28T00:44:11.755+0000] {processor.py:161} INFO - Started process (PID=7020) to work on /home/airflow/.local/lib/python3.12/site-packages/airflow/example_dags/example_branch_operator_decorator.py
[2026-01-28T00:44:11.756+0000] {processor.py:830} INFO - Processing file /home/airflow/.local/lib/python3.12/site-packages/airflow/example_dags/example_branch_operator_decorator.py for tasks to queue
[2026-01-28T00:44:11.758+0000] {logging_mixin.py:188} INFO - [2026-01-28T00:44:11.757+0000] {dagbag.py:540} INFO - Filling up the DagBag from /home/airflow/.local/lib/python3.12/site-packages/airflow/example_dags/example_branch_operator_decorator.py
[2026-01-28T00:44:11.774+0000] {processor.py:840} INFO - DAG(s) 'example_branch_python_operator_decorator' retrieved from /home/airflow/.local/lib/python3.12/site-packages/airflow/example_dags/example_branch_operator_decorator.py
[2026-01-28T00:44:11.799+0000] {logging_mixin.py:188} INFO - [2026-01-28T00:44:11.799+0000] {dag.py:3096} INFO - Sync 1 DAGs
[2026-01-28T00:44:11.817+0000] {logging_mixin.py:188} INFO - [2026-01-28T00:44:11.816+0000] {dag.py:3954} INFO - Setting next_dagrun for example_branch_python_operator_decorator to 2026-01-27 00:00:00+00:00, run_after=2026-01-28 00:00:00+00:00
[2026-01-28T00:44:11.835+0000] {processor.py:183} INFO - Processing /home/airflow/.local/lib/python3.12/site-packages/airflow/example_dags/example_branch_operator_decorator.py took 0.087 seconds
[2026-01-28T00:44:42.422+0000] {processor.py:161} INFO - Started process (PID=7072) to work on /home/airflow/.local/lib/python3.12/site-packages/airflow/example_dags/example_branch_operator_decorator.py
[2026-01-28T00:44:42.423+0000] {processor.py:830} INFO - Processing file /home/airflow/.local/lib/python3.12/site-packages/airflow/example_dags/example_branch_operator_decorator.py for tasks to queue
[2026-01-28T00:44:42.425+0000] {logging_mixin.py:188} INFO - [2026-01-28T00:44:42.425+0000] {dagbag.py:540} INFO - Filling up the DagBag from /home/airflow/.local/lib/python3.12/site-packages/airflow/example_dags/example_branch_operator_decorator.py
[2026-01-28T00:44:42.442+0000] {processor.py:840} INFO - DAG(s) 'example_branch_python_operator_decorator' retrieved from /home/airflow/.local/lib/python3.12/site-packages/airflow/example_dags/example_branch_operator_decorator.py
[2026-01-28T00:44:42.465+0000] {logging_mixin.py:188} INFO - [2026-01-28T00:44:42.465+0000] {dag.py:3096} INFO - Sync 1 DAGs
[2026-01-28T00:44:42.483+0000] {logging_mixin.py:188} INFO - [2026-01-28T00:44:42.483+0000] {dag.py:3954} INFO - Setting next_dagrun for example_branch_python_operator_decorator to 2026-01-27 00:00:00+00:00, run_after=2026-01-28 00:00:00+00:00
[2026-01-28T00:44:42.500+0000] {processor.py:183} INFO - Processing /home/airflow/.local/lib/python3.12/site-packages/airflow/example_dags/example_branch_operator_decorator.py took 0.084 seconds
[2026-01-28T00:45:13.322+0000] {processor.py:161} INFO - Started process (PID=7124) to work on /home/airflow/.local/lib/python3.12/site-packages/airflow/example_dags/example_branch_operator_decorator.py
[2026-01-28T00:45:13.324+0000] {processor.py:830} INFO - Processing file /home/airflow/.local/lib/python3.12/site-packages/airflow/example_dags/example_branch_operator_decorator.py for tasks to queue
[2026-01-28T00:45:13.326+0000] {logging_mixin.py:188} INFO - [2026-01-28T00:45:13.325+0000] {dagbag.py:540} INFO - Filling up the DagBag from /home/airflow/.local/lib/python3.12/site-packages/airflow/example_dags/example_branch_operator_decorator.py
[2026-01-28T00:45:13.344+0000] {processor.py:840} INFO - DAG(s) 'example_branch_python_operator_decorator' retrieved from /home/airflow/.local/lib/python3.12/site-packages/airflow/example_dags/example_branch_operator_decorator.py
[2026-01-28T00:45:13.369+0000] {logging_mixin.py:188} INFO - [2026-01-28T00:45:13.369+0000] {dag.py:3096} INFO - Sync 1 DAGs
[2026-01-28T00:45:13.389+0000] {logging_mixin.py:188} INFO - [2026-01-28T00:45:13.389+0000] {dag.py:3954} INFO - Setting next_dagrun for example_branch_python_operator_decorator to 2026-01-27 00:00:00+00:00, run_after=2026-01-28 00:00:00+00:00
[2026-01-28T00:45:13.404+0000] {processor.py:183} INFO - Processing /home/airflow/.local/lib/python3.12/site-packages/airflow/example_dags/example_branch_operator_decorator.py took 0.088 seconds
[2026-01-28T00:45:44.132+0000] {processor.py:161} INFO - Started process (PID=7176) to work on /home/airflow/.local/lib/python3.12/site-packages/airflow/example_dags/example_branch_operator_decorator.py
[2026-01-28T00:45:44.133+0000] {processor.py:830} INFO - Processing file /home/airflow/.local/lib/python3.12/site-packages/airflow/example_dags/example_branch_operator_decorator.py for tasks to queue
[2026-01-28T00:45:44.135+0000] {logging_mixin.py:188} INFO - [2026-01-28T00:45:44.135+0000] {dagbag.py:540} INFO - Filling up the DagBag from /home/airflow/.local/lib/python3.12/site-packages/airflow/example_dags/example_branch_operator_decorator.py
[2026-01-28T00:45:44.152+0000] {processor.py:840} INFO - DAG(s) 'example_branch_python_operator_decorator' retrieved from /home/airflow/.local/lib/python3.12/site-packages/airflow/example_dags/example_branch_operator_decorator.py
[2026-01-28T00:45:44.176+0000] {logging_mixin.py:188} INFO - [2026-01-28T00:45:44.175+0000] {dag.py:3096} INFO - Sync 1 DAGs
[2026-01-28T00:45:44.195+0000] {logging_mixin.py:188} INFO - [2026-01-28T00:45:44.195+0000] {dag.py:3954} INFO - Setting next_dagrun for example_branch_python_operator_decorator to 2026-01-27 00:00:00+00:00, run_after=2026-01-28 00:00:00+00:00
[2026-01-28T00:45:44.213+0000] {processor.py:183} INFO - Processing /home/airflow/.local/lib/python3.12/site-packages/airflow/example_dags/example_branch_operator_decorator.py took 0.087 seconds
[2026-01-28T00:46:14.776+0000] {processor.py:161} INFO - Started process (PID=7228) to work on /home/airflow/.local/lib/python3.12/site-packages/airflow/example_dags/example_branch_operator_decorator.py
[2026-01-28T00:46:14.777+0000] {processor.py:830} INFO - Processing file /home/airflow/.local/lib/python3.12/site-packages/airflow/example_dags/example_branch_operator_decorator.py for tasks to queue
[2026-01-28T00:46:14.779+0000] {logging_mixin.py:188} INFO - [2026-01-28T00:46:14.779+0000] {dagbag.py:540} INFO - Filling up the DagBag from /home/airflow/.local/lib/python3.12/site-packages/airflow/example_dags/example_branch_operator_decorator.py
[2026-01-28T00:46:14.796+0000] {processor.py:840} INFO - DAG(s) 'example_branch_python_operator_decorator' retrieved from /home/airflow/.local/lib/python3.12/site-packages/airflow/example_dags/example_branch_operator_decorator.py
[2026-01-28T00:46:14.821+0000] {logging_mixin.py:188} INFO - [2026-01-28T00:46:14.821+0000] {dag.py:3096} INFO - Sync 1 DAGs
[2026-01-28T00:46:14.841+0000] {logging_mixin.py:188} INFO - [2026-01-28T00:46:14.841+0000] {dag.py:3954} INFO - Setting next_dagrun for example_branch_python_operator_decorator to 2026-01-27 00:00:00+00:00, run_after=2026-01-28 00:00:00+00:00
[2026-01-28T00:46:14.860+0000] {processor.py:183} INFO - Processing /home/airflow/.local/lib/python3.12/site-packages/airflow/example_dags/example_branch_operator_decorator.py took 0.090 seconds
[2026-01-28T00:46:45.624+0000] {processor.py:161} INFO - Started process (PID=7280) to work on /home/airflow/.local/lib/python3.12/site-packages/airflow/example_dags/example_branch_operator_decorator.py
[2026-01-28T00:46:45.626+0000] {processor.py:830} INFO - Processing file /home/airflow/.local/lib/python3.12/site-packages/airflow/example_dags/example_branch_operator_decorator.py for tasks to queue
[2026-01-28T00:46:45.628+0000] {logging_mixin.py:188} INFO - [2026-01-28T00:46:45.628+0000] {dagbag.py:540} INFO - Filling up the DagBag from /home/airflow/.local/lib/python3.12/site-packages/airflow/example_dags/example_branch_operator_decorator.py
[2026-01-28T00:46:45.651+0000] {processor.py:840} INFO - DAG(s) 'example_branch_python_operator_decorator' retrieved from /home/airflow/.local/lib/python3.12/site-packages/airflow/example_dags/example_branch_operator_decorator.py
[2026-01-28T00:46:45.680+0000] {logging_mixin.py:188} INFO - [2026-01-28T00:46:45.680+0000] {dag.py:3096} INFO - Sync 1 DAGs
[2026-01-28T00:46:45.699+0000] {logging_mixin.py:188} INFO - [2026-01-28T00:46:45.699+0000] {dag.py:3954} INFO - Setting next_dagrun for example_branch_python_operator_decorator to 2026-01-27 00:00:00+00:00, run_after=2026-01-28 00:00:00+00:00
[2026-01-28T00:46:45.716+0000] {processor.py:183} INFO - Processing /home/airflow/.local/lib/python3.12/site-packages/airflow/example_dags/example_branch_operator_decorator.py took 0.100 seconds
[2026-01-28T00:47:16.142+0000] {processor.py:161} INFO - Started process (PID=7332) to work on /home/airflow/.local/lib/python3.12/site-packages/airflow/example_dags/example_branch_operator_decorator.py
[2026-01-28T00:47:16.143+0000] {processor.py:830} INFO - Processing file /home/airflow/.local/lib/python3.12/site-packages/airflow/example_dags/example_branch_operator_decorator.py for tasks to queue
[2026-01-28T00:47:16.146+0000] {logging_mixin.py:188} INFO - [2026-01-28T00:47:16.145+0000] {dagbag.py:540} INFO - Filling up the DagBag from /home/airflow/.local/lib/python3.12/site-packages/airflow/example_dags/example_branch_operator_decorator.py
[2026-01-28T00:47:16.163+0000] {processor.py:840} INFO - DAG(s) 'example_branch_python_operator_decorator' retrieved from /home/airflow/.local/lib/python3.12/site-packages/airflow/example_dags/example_branch_operator_decorator.py
[2026-01-28T00:47:16.187+0000] {logging_mixin.py:188} INFO - [2026-01-28T00:47:16.187+0000] {dag.py:3096} INFO - Sync 1 DAGs
[2026-01-28T00:47:16.205+0000] {logging_mixin.py:188} INFO - [2026-01-28T00:47:16.205+0000] {dag.py:3954} INFO - Setting next_dagrun for example_branch_python_operator_decorator to 2026-01-27 00:00:00+00:00, run_after=2026-01-28 00:00:00+00:00
[2026-01-28T00:47:16.224+0000] {processor.py:183} INFO - Processing /home/airflow/.local/lib/python3.12/site-packages/airflow/example_dags/example_branch_operator_decorator.py took 0.089 seconds
[2026-01-28T00:47:46.772+0000] {processor.py:161} INFO - Started process (PID=7384) to work on /home/airflow/.local/lib/python3.12/site-packages/airflow/example_dags/example_branch_operator_decorator.py
[2026-01-28T00:47:46.773+0000] {processor.py:830} INFO - Processing file /home/airflow/.local/lib/python3.12/site-packages/airflow/example_dags/example_branch_operator_decorator.py for tasks to queue
[2026-01-28T00:47:46.775+0000] {logging_mixin.py:188} INFO - [2026-01-28T00:47:46.775+0000] {dagbag.py:540} INFO - Filling up the DagBag from /home/airflow/.local/lib/python3.12/site-packages/airflow/example_dags/example_branch_operator_decorator.py
[2026-01-28T00:47:46.791+0000] {processor.py:840} INFO - DAG(s) 'example_branch_python_operator_decorator' retrieved from /home/airflow/.local/lib/python3.12/site-packages/airflow/example_dags/example_branch_operator_decorator.py
[2026-01-28T00:47:46.816+0000] {logging_mixin.py:188} INFO - [2026-01-28T00:47:46.816+0000] {dag.py:3096} INFO - Sync 1 DAGs
[2026-01-28T00:47:46.835+0000] {logging_mixin.py:188} INFO - [2026-01-28T00:47:46.834+0000] {dag.py:3954} INFO - Setting next_dagrun for example_branch_python_operator_decorator to 2026-01-27 00:00:00+00:00, run_after=2026-01-28 00:00:00+00:00
[2026-01-28T00:47:46.853+0000] {processor.py:183} INFO - Processing /home/airflow/.local/lib/python3.12/site-packages/airflow/example_dags/example_branch_operator_decorator.py took 0.087 seconds
[2026-01-28T00:48:17.191+0000] {processor.py:161} INFO - Started process (PID=7436) to work on /home/airflow/.local/lib/python3.12/site-packages/airflow/example_dags/example_branch_operator_decorator.py
[2026-01-28T00:48:17.192+0000] {processor.py:830} INFO - Processing file /home/airflow/.local/lib/python3.12/site-packages/airflow/example_dags/example_branch_operator_decorator.py for tasks to queue
[2026-01-28T00:48:17.194+0000] {logging_mixin.py:188} INFO - [2026-01-28T00:48:17.194+0000] {dagbag.py:540} INFO - Filling up the DagBag from /home/airflow/.local/lib/python3.12/site-packages/airflow/example_dags/example_branch_operator_decorator.py
[2026-01-28T00:48:17.210+0000] {processor.py:840} INFO - DAG(s) 'example_branch_python_operator_decorator' retrieved from /home/airflow/.local/lib/python3.12/site-packages/airflow/example_dags/example_branch_operator_decorator.py
[2026-01-28T00:48:17.236+0000] {logging_mixin.py:188} INFO - [2026-01-28T00:48:17.236+0000] {dag.py:3096} INFO - Sync 1 DAGs
[2026-01-28T00:48:17.253+0000] {logging_mixin.py:188} INFO - [2026-01-28T00:48:17.253+0000] {dag.py:3954} INFO - Setting next_dagrun for example_branch_python_operator_decorator to 2026-01-27 00:00:00+00:00, run_after=2026-01-28 00:00:00+00:00
[2026-01-28T00:48:17.271+0000] {processor.py:183} INFO - Processing /home/airflow/.local/lib/python3.12/site-packages/airflow/example_dags/example_branch_operator_decorator.py took 0.085 seconds
[2026-01-28T00:48:47.894+0000] {processor.py:161} INFO - Started process (PID=7488) to work on /home/airflow/.local/lib/python3.12/site-packages/airflow/example_dags/example_branch_operator_decorator.py
[2026-01-28T00:48:47.895+0000] {processor.py:830} INFO - Processing file /home/airflow/.local/lib/python3.12/site-packages/airflow/example_dags/example_branch_operator_decorator.py for tasks to queue
[2026-01-28T00:48:47.897+0000] {logging_mixin.py:188} INFO - [2026-01-28T00:48:47.897+0000] {dagbag.py:540} INFO - Filling up the DagBag from /home/airflow/.local/lib/python3.12/site-packages/airflow/example_dags/example_branch_operator_decorator.py
[2026-01-28T00:48:47.914+0000] {processor.py:840} INFO - DAG(s) 'example_branch_python_operator_decorator' retrieved from /home/airflow/.local/lib/python3.12/site-packages/airflow/example_dags/example_branch_operator_decorator.py
[2026-01-28T00:48:47.940+0000] {logging_mixin.py:188} INFO - [2026-01-28T00:48:47.940+0000] {dag.py:3096} INFO - Sync 1 DAGs
[2026-01-28T00:48:47.957+0000] {logging_mixin.py:188} INFO - [2026-01-28T00:48:47.957+0000] {dag.py:3954} INFO - Setting next_dagrun for example_branch_python_operator_decorator to 2026-01-27 00:00:00+00:00, run_after=2026-01-28 00:00:00+00:00
[2026-01-28T00:48:47.975+0000] {processor.py:183} INFO - Processing /home/airflow/.local/lib/python3.12/site-packages/airflow/example_dags/example_branch_operator_decorator.py took 0.088 seconds
[2026-01-28T00:49:18.474+0000] {processor.py:161} INFO - Started process (PID=7540) to work on /home/airflow/.local/lib/python3.12/site-packages/airflow/example_dags/example_branch_operator_decorator.py
[2026-01-28T00:49:18.476+0000] {processor.py:830} INFO - Processing file /home/airflow/.local/lib/python3.12/site-packages/airflow/example_dags/example_branch_operator_decorator.py for tasks to queue
[2026-01-28T00:49:18.478+0000] {logging_mixin.py:188} INFO - [2026-01-28T00:49:18.477+0000] {dagbag.py:540} INFO - Filling up the DagBag from /home/airflow/.local/lib/python3.12/site-packages/airflow/example_dags/example_branch_operator_decorator.py
[2026-01-28T00:49:18.495+0000] {processor.py:840} INFO - DAG(s) 'example_branch_python_operator_decorator' retrieved from /home/airflow/.local/lib/python3.12/site-packages/airflow/example_dags/example_branch_operator_decorator.py
[2026-01-28T00:49:18.520+0000] {logging_mixin.py:188} INFO - [2026-01-28T00:49:18.520+0000] {dag.py:3096} INFO - Sync 1 DAGs
[2026-01-28T00:49:18.541+0000] {logging_mixin.py:188} INFO - [2026-01-28T00:49:18.540+0000] {dag.py:3954} INFO - Setting next_dagrun for example_branch_python_operator_decorator to 2026-01-27 00:00:00+00:00, run_after=2026-01-28 00:00:00+00:00
[2026-01-28T00:49:18.559+0000] {processor.py:183} INFO - Processing /home/airflow/.local/lib/python3.12/site-packages/airflow/example_dags/example_branch_operator_decorator.py took 0.091 seconds
[2026-01-28T00:49:49.210+0000] {processor.py:161} INFO - Started process (PID=7592) to work on /home/airflow/.local/lib/python3.12/site-packages/airflow/example_dags/example_branch_operator_decorator.py
[2026-01-28T00:49:49.211+0000] {processor.py:830} INFO - Processing file /home/airflow/.local/lib/python3.12/site-packages/airflow/example_dags/example_branch_operator_decorator.py for tasks to queue
[2026-01-28T00:49:49.214+0000] {logging_mixin.py:188} INFO - [2026-01-28T00:49:49.214+0000] {dagbag.py:540} INFO - Filling up the DagBag from /home/airflow/.local/lib/python3.12/site-packages/airflow/example_dags/example_branch_operator_decorator.py
[2026-01-28T00:49:49.232+0000] {processor.py:840} INFO - DAG(s) 'example_branch_python_operator_decorator' retrieved from /home/airflow/.local/lib/python3.12/site-packages/airflow/example_dags/example_branch_operator_decorator.py
[2026-01-28T00:49:49.256+0000] {logging_mixin.py:188} INFO - [2026-01-28T00:49:49.256+0000] {dag.py:3096} INFO - Sync 1 DAGs
[2026-01-28T00:49:49.273+0000] {logging_mixin.py:188} INFO - [2026-01-28T00:49:49.273+0000] {dag.py:3954} INFO - Setting next_dagrun for example_branch_python_operator_decorator to 2026-01-27 00:00:00+00:00, run_after=2026-01-28 00:00:00+00:00
[2026-01-28T00:49:49.289+0000] {processor.py:183} INFO - Processing /home/airflow/.local/lib/python3.12/site-packages/airflow/example_dags/example_branch_operator_decorator.py took 0.085 seconds
[2026-01-28T00:50:19.966+0000] {processor.py:161} INFO - Started process (PID=7644) to work on /home/airflow/.local/lib/python3.12/site-packages/airflow/example_dags/example_branch_operator_decorator.py
[2026-01-28T00:50:19.967+0000] {processor.py:830} INFO - Processing file /home/airflow/.local/lib/python3.12/site-packages/airflow/example_dags/example_branch_operator_decorator.py for tasks to queue
[2026-01-28T00:50:19.970+0000] {logging_mixin.py:188} INFO - [2026-01-28T00:50:19.970+0000] {dagbag.py:540} INFO - Filling up the DagBag from /home/airflow/.local/lib/python3.12/site-packages/airflow/example_dags/example_branch_operator_decorator.py
[2026-01-28T00:50:19.991+0000] {processor.py:840} INFO - DAG(s) 'example_branch_python_operator_decorator' retrieved from /home/airflow/.local/lib/python3.12/site-packages/airflow/example_dags/example_branch_operator_decorator.py
[2026-01-28T00:50:20.018+0000] {logging_mixin.py:188} INFO - [2026-01-28T00:50:20.018+0000] {dag.py:3096} INFO - Sync 1 DAGs
[2026-01-28T00:50:20.036+0000] {logging_mixin.py:188} INFO - [2026-01-28T00:50:20.036+0000] {dag.py:3954} INFO - Setting next_dagrun for example_branch_python_operator_decorator to 2026-01-27 00:00:00+00:00, run_after=2026-01-28 00:00:00+00:00
[2026-01-28T00:50:20.054+0000] {processor.py:183} INFO - Processing /home/airflow/.local/lib/python3.12/site-packages/airflow/example_dags/example_branch_operator_decorator.py took 0.095 seconds
[2026-01-28T00:50:50.878+0000] {processor.py:161} INFO - Started process (PID=7696) to work on /home/airflow/.local/lib/python3.12/site-packages/airflow/example_dags/example_branch_operator_decorator.py
[2026-01-28T00:50:50.879+0000] {processor.py:830} INFO - Processing file /home/airflow/.local/lib/python3.12/site-packages/airflow/example_dags/example_branch_operator_decorator.py for tasks to queue
[2026-01-28T00:50:50.881+0000] {logging_mixin.py:188} INFO - [2026-01-28T00:50:50.881+0000] {dagbag.py:540} INFO - Filling up the DagBag from /home/airflow/.local/lib/python3.12/site-packages/airflow/example_dags/example_branch_operator_decorator.py
[2026-01-28T00:50:50.898+0000] {processor.py:840} INFO - DAG(s) 'example_branch_python_operator_decorator' retrieved from /home/airflow/.local/lib/python3.12/site-packages/airflow/example_dags/example_branch_operator_decorator.py
[2026-01-28T00:50:50.922+0000] {logging_mixin.py:188} INFO - [2026-01-28T00:50:50.922+0000] {dag.py:3096} INFO - Sync 1 DAGs
[2026-01-28T00:50:50.940+0000] {logging_mixin.py:188} INFO - [2026-01-28T00:50:50.940+0000] {dag.py:3954} INFO - Setting next_dagrun for example_branch_python_operator_decorator to 2026-01-27 00:00:00+00:00, run_after=2026-01-28 00:00:00+00:00
[2026-01-28T00:50:50.957+0000] {processor.py:183} INFO - Processing /home/airflow/.local/lib/python3.12/site-packages/airflow/example_dags/example_branch_operator_decorator.py took 0.085 seconds
[2026-01-28T00:51:21.524+0000] {processor.py:161} INFO - Started process (PID=7748) to work on /home/airflow/.local/lib/python3.12/site-packages/airflow/example_dags/example_branch_operator_decorator.py
[2026-01-28T00:51:21.525+0000] {processor.py:830} INFO - Processing file /home/airflow/.local/lib/python3.12/site-packages/airflow/example_dags/example_branch_operator_decorator.py for tasks to queue
[2026-01-28T00:51:21.527+0000] {logging_mixin.py:188} INFO - [2026-01-28T00:51:21.527+0000] {dagbag.py:540} INFO - Filling up the DagBag from /home/airflow/.local/lib/python3.12/site-packages/airflow/example_dags/example_branch_operator_decorator.py
[2026-01-28T00:51:21.544+0000] {processor.py:840} INFO - DAG(s) 'example_branch_python_operator_decorator' retrieved from /home/airflow/.local/lib/python3.12/site-packages/airflow/example_dags/example_branch_operator_decorator.py
[2026-01-28T00:51:21.569+0000] {logging_mixin.py:188} INFO - [2026-01-28T00:51:21.569+0000] {dag.py:3096} INFO - Sync 1 DAGs
[2026-01-28T00:51:21.587+0000] {logging_mixin.py:188} INFO - [2026-01-28T00:51:21.587+0000] {dag.py:3954} INFO - Setting next_dagrun for example_branch_python_operator_decorator to 2026-01-27 00:00:00+00:00, run_after=2026-01-28 00:00:00+00:00
[2026-01-28T00:51:21.606+0000] {processor.py:183} INFO - Processing /home/airflow/.local/lib/python3.12/site-packages/airflow/example_dags/example_branch_operator_decorator.py took 0.087 seconds
[2026-01-28T00:51:52.293+0000] {processor.py:161} INFO - Started process (PID=7800) to work on /home/airflow/.local/lib/python3.12/site-packages/airflow/example_dags/example_branch_operator_decorator.py
[2026-01-28T00:51:52.294+0000] {processor.py:830} INFO - Processing file /home/airflow/.local/lib/python3.12/site-packages/airflow/example_dags/example_branch_operator_decorator.py for tasks to queue
[2026-01-28T00:51:52.296+0000] {logging_mixin.py:188} INFO - [2026-01-28T00:51:52.295+0000] {dagbag.py:540} INFO - Filling up the DagBag from /home/airflow/.local/lib/python3.12/site-packages/airflow/example_dags/example_branch_operator_decorator.py
[2026-01-28T00:51:52.312+0000] {processor.py:840} INFO - DAG(s) 'example_branch_python_operator_decorator' retrieved from /home/airflow/.local/lib/python3.12/site-packages/airflow/example_dags/example_branch_operator_decorator.py
[2026-01-28T00:51:52.338+0000] {logging_mixin.py:188} INFO - [2026-01-28T00:51:52.338+0000] {dag.py:3096} INFO - Sync 1 DAGs
[2026-01-28T00:51:52.356+0000] {logging_mixin.py:188} INFO - [2026-01-28T00:51:52.356+0000] {dag.py:3954} INFO - Setting next_dagrun for example_branch_python_operator_decorator to 2026-01-27 00:00:00+00:00, run_after=2026-01-28 00:00:00+00:00
[2026-01-28T00:51:52.373+0000] {processor.py:183} INFO - Processing /home/airflow/.local/lib/python3.12/site-packages/airflow/example_dags/example_branch_operator_decorator.py took 0.086 seconds
[2026-01-28T00:52:23.076+0000] {processor.py:161} INFO - Started process (PID=7852) to work on /home/airflow/.local/lib/python3.12/site-packages/airflow/example_dags/example_branch_operator_decorator.py
[2026-01-28T00:52:23.077+0000] {processor.py:830} INFO - Processing file /home/airflow/.local/lib/python3.12/site-packages/airflow/example_dags/example_branch_operator_decorator.py for tasks to queue
[2026-01-28T00:52:23.079+0000] {logging_mixin.py:188} INFO - [2026-01-28T00:52:23.079+0000] {dagbag.py:540} INFO - Filling up the DagBag from /home/airflow/.local/lib/python3.12/site-packages/airflow/example_dags/example_branch_operator_decorator.py
[2026-01-28T00:52:23.097+0000] {processor.py:840} INFO - DAG(s) 'example_branch_python_operator_decorator' retrieved from /home/airflow/.local/lib/python3.12/site-packages/airflow/example_dags/example_branch_operator_decorator.py
[2026-01-28T00:52:23.120+0000] {logging_mixin.py:188} INFO - [2026-01-28T00:52:23.119+0000] {dag.py:3096} INFO - Sync 1 DAGs
[2026-01-28T00:52:23.137+0000] {logging_mixin.py:188} INFO - [2026-01-28T00:52:23.137+0000] {dag.py:3954} INFO - Setting next_dagrun for example_branch_python_operator_decorator to 2026-01-27 00:00:00+00:00, run_after=2026-01-28 00:00:00+00:00
[2026-01-28T00:52:23.155+0000] {processor.py:183} INFO - Processing /home/airflow/.local/lib/python3.12/site-packages/airflow/example_dags/example_branch_operator_decorator.py took 0.085 seconds
[2026-01-28T00:52:53.733+0000] {processor.py:161} INFO - Started process (PID=7904) to work on /home/airflow/.local/lib/python3.12/site-packages/airflow/example_dags/example_branch_operator_decorator.py
[2026-01-28T00:52:53.734+0000] {processor.py:830} INFO - Processing file /home/airflow/.local/lib/python3.12/site-packages/airflow/example_dags/example_branch_operator_decorator.py for tasks to queue
[2026-01-28T00:52:53.736+0000] {logging_mixin.py:188} INFO - [2026-01-28T00:52:53.736+0000] {dagbag.py:540} INFO - Filling up the DagBag from /home/airflow/.local/lib/python3.12/site-packages/airflow/example_dags/example_branch_operator_decorator.py
[2026-01-28T00:52:53.754+0000] {processor.py:840} INFO - DAG(s) 'example_branch_python_operator_decorator' retrieved from /home/airflow/.local/lib/python3.12/site-packages/airflow/example_dags/example_branch_operator_decorator.py
[2026-01-28T00:52:53.778+0000] {logging_mixin.py:188} INFO - [2026-01-28T00:52:53.777+0000] {dag.py:3096} INFO - Sync 1 DAGs
[2026-01-28T00:52:53.797+0000] {logging_mixin.py:188} INFO - [2026-01-28T00:52:53.797+0000] {dag.py:3954} INFO - Setting next_dagrun for example_branch_python_operator_decorator to 2026-01-27 00:00:00+00:00, run_after=2026-01-28 00:00:00+00:00
[2026-01-28T00:52:53.814+0000] {processor.py:183} INFO - Processing /home/airflow/.local/lib/python3.12/site-packages/airflow/example_dags/example_branch_operator_decorator.py took 0.087 seconds
[2026-01-28T00:53:24.440+0000] {processor.py:161} INFO - Started process (PID=7956) to work on /home/airflow/.local/lib/python3.12/site-packages/airflow/example_dags/example_branch_operator_decorator.py
[2026-01-28T00:53:24.441+0000] {processor.py:830} INFO - Processing file /home/airflow/.local/lib/python3.12/site-packages/airflow/example_dags/example_branch_operator_decorator.py for tasks to queue
[2026-01-28T00:53:24.443+0000] {logging_mixin.py:188} INFO - [2026-01-28T00:53:24.443+0000] {dagbag.py:540} INFO - Filling up the DagBag from /home/airflow/.local/lib/python3.12/site-packages/airflow/example_dags/example_branch_operator_decorator.py
[2026-01-28T00:53:24.461+0000] {processor.py:840} INFO - DAG(s) 'example_branch_python_operator_decorator' retrieved from /home/airflow/.local/lib/python3.12/site-packages/airflow/example_dags/example_branch_operator_decorator.py
[2026-01-28T00:53:24.484+0000] {logging_mixin.py:188} INFO - [2026-01-28T00:53:24.484+0000] {dag.py:3096} INFO - Sync 1 DAGs
[2026-01-28T00:53:24.502+0000] {logging_mixin.py:188} INFO - [2026-01-28T00:53:24.502+0000] {dag.py:3954} INFO - Setting next_dagrun for example_branch_python_operator_decorator to 2026-01-27 00:00:00+00:00, run_after=2026-01-28 00:00:00+00:00
[2026-01-28T00:53:24.526+0000] {processor.py:183} INFO - Processing /home/airflow/.local/lib/python3.12/site-packages/airflow/example_dags/example_branch_operator_decorator.py took 0.092 seconds
[2026-01-28T00:53:55.049+0000] {processor.py:161} INFO - Started process (PID=8008) to work on /home/airflow/.local/lib/python3.12/site-packages/airflow/example_dags/example_branch_operator_decorator.py
[2026-01-28T00:53:55.050+0000] {processor.py:830} INFO - Processing file /home/airflow/.local/lib/python3.12/site-packages/airflow/example_dags/example_branch_operator_decorator.py for tasks to queue
[2026-01-28T00:53:55.053+0000] {logging_mixin.py:188} INFO - [2026-01-28T00:53:55.052+0000] {dagbag.py:540} INFO - Filling up the DagBag from /home/airflow/.local/lib/python3.12/site-packages/airflow/example_dags/example_branch_operator_decorator.py
[2026-01-28T00:53:55.071+0000] {processor.py:840} INFO - DAG(s) 'example_branch_python_operator_decorator' retrieved from /home/airflow/.local/lib/python3.12/site-packages/airflow/example_dags/example_branch_operator_decorator.py
[2026-01-28T00:53:55.096+0000] {logging_mixin.py:188} INFO - [2026-01-28T00:53:55.096+0000] {dag.py:3096} INFO - Sync 1 DAGs
[2026-01-28T00:53:55.114+0000] {logging_mixin.py:188} INFO - [2026-01-28T00:53:55.113+0000] {dag.py:3954} INFO - Setting next_dagrun for example_branch_python_operator_decorator to 2026-01-27 00:00:00+00:00, run_after=2026-01-28 00:00:00+00:00
[2026-01-28T00:53:55.130+0000] {processor.py:183} INFO - Processing /home/airflow/.local/lib/python3.12/site-packages/airflow/example_dags/example_branch_operator_decorator.py took 0.088 seconds
[2026-01-28T00:54:25.797+0000] {processor.py:161} INFO - Started process (PID=8060) to work on /home/airflow/.local/lib/python3.12/site-packages/airflow/example_dags/example_branch_operator_decorator.py
[2026-01-28T00:54:25.798+0000] {processor.py:830} INFO - Processing file /home/airflow/.local/lib/python3.12/site-packages/airflow/example_dags/example_branch_operator_decorator.py for tasks to queue
[2026-01-28T00:54:25.800+0000] {logging_mixin.py:188} INFO - [2026-01-28T00:54:25.800+0000] {dagbag.py:540} INFO - Filling up the DagBag from /home/airflow/.local/lib/python3.12/site-packages/airflow/example_dags/example_branch_operator_decorator.py
[2026-01-28T00:54:25.822+0000] {processor.py:840} INFO - DAG(s) 'example_branch_python_operator_decorator' retrieved from /home/airflow/.local/lib/python3.12/site-packages/airflow/example_dags/example_branch_operator_decorator.py
[2026-01-28T00:54:25.846+0000] {logging_mixin.py:188} INFO - [2026-01-28T00:54:25.846+0000] {dag.py:3096} INFO - Sync 1 DAGs
[2026-01-28T00:54:25.865+0000] {logging_mixin.py:188} INFO - [2026-01-28T00:54:25.865+0000] {dag.py:3954} INFO - Setting next_dagrun for example_branch_python_operator_decorator to 2026-01-27 00:00:00+00:00, run_after=2026-01-28 00:00:00+00:00
[2026-01-28T00:54:25.882+0000] {processor.py:183} INFO - Processing /home/airflow/.local/lib/python3.12/site-packages/airflow/example_dags/example_branch_operator_decorator.py took 0.091 seconds
[2026-01-28T00:54:56.491+0000] {processor.py:161} INFO - Started process (PID=8112) to work on /home/airflow/.local/lib/python3.12/site-packages/airflow/example_dags/example_branch_operator_decorator.py
[2026-01-28T00:54:56.493+0000] {processor.py:830} INFO - Processing file /home/airflow/.local/lib/python3.12/site-packages/airflow/example_dags/example_branch_operator_decorator.py for tasks to queue
[2026-01-28T00:54:56.495+0000] {logging_mixin.py:188} INFO - [2026-01-28T00:54:56.495+0000] {dagbag.py:540} INFO - Filling up the DagBag from /home/airflow/.local/lib/python3.12/site-packages/airflow/example_dags/example_branch_operator_decorator.py
[2026-01-28T00:54:56.512+0000] {processor.py:840} INFO - DAG(s) 'example_branch_python_operator_decorator' retrieved from /home/airflow/.local/lib/python3.12/site-packages/airflow/example_dags/example_branch_operator_decorator.py
[2026-01-28T00:54:56.536+0000] {logging_mixin.py:188} INFO - [2026-01-28T00:54:56.536+0000] {dag.py:3096} INFO - Sync 1 DAGs
[2026-01-28T00:54:56.554+0000] {logging_mixin.py:188} INFO - [2026-01-28T00:54:56.554+0000] {dag.py:3954} INFO - Setting next_dagrun for example_branch_python_operator_decorator to 2026-01-27 00:00:00+00:00, run_after=2026-01-28 00:00:00+00:00
[2026-01-28T00:54:56.571+0000] {processor.py:183} INFO - Processing /home/airflow/.local/lib/python3.12/site-packages/airflow/example_dags/example_branch_operator_decorator.py took 0.085 seconds
[2026-01-28T00:55:27.378+0000] {processor.py:161} INFO - Started process (PID=8164) to work on /home/airflow/.local/lib/python3.12/site-packages/airflow/example_dags/example_branch_operator_decorator.py
[2026-01-28T00:55:27.379+0000] {processor.py:830} INFO - Processing file /home/airflow/.local/lib/python3.12/site-packages/airflow/example_dags/example_branch_operator_decorator.py for tasks to queue
[2026-01-28T00:55:27.381+0000] {logging_mixin.py:188} INFO - [2026-01-28T00:55:27.381+0000] {dagbag.py:540} INFO - Filling up the DagBag from /home/airflow/.local/lib/python3.12/site-packages/airflow/example_dags/example_branch_operator_decorator.py
[2026-01-28T00:55:27.398+0000] {processor.py:840} INFO - DAG(s) 'example_branch_python_operator_decorator' retrieved from /home/airflow/.local/lib/python3.12/site-packages/airflow/example_dags/example_branch_operator_decorator.py
[2026-01-28T00:55:27.423+0000] {logging_mixin.py:188} INFO - [2026-01-28T00:55:27.422+0000] {dag.py:3096} INFO - Sync 1 DAGs
[2026-01-28T00:55:27.440+0000] {logging_mixin.py:188} INFO - [2026-01-28T00:55:27.440+0000] {dag.py:3954} INFO - Setting next_dagrun for example_branch_python_operator_decorator to 2026-01-27 00:00:00+00:00, run_after=2026-01-28 00:00:00+00:00
[2026-01-28T00:55:27.458+0000] {processor.py:183} INFO - Processing /home/airflow/.local/lib/python3.12/site-packages/airflow/example_dags/example_branch_operator_decorator.py took 0.086 seconds
[2026-01-28T00:55:57.970+0000] {processor.py:161} INFO - Started process (PID=8216) to work on /home/airflow/.local/lib/python3.12/site-packages/airflow/example_dags/example_branch_operator_decorator.py
[2026-01-28T00:55:57.972+0000] {processor.py:830} INFO - Processing file /home/airflow/.local/lib/python3.12/site-packages/airflow/example_dags/example_branch_operator_decorator.py for tasks to queue
[2026-01-28T00:55:57.974+0000] {logging_mixin.py:188} INFO - [2026-01-28T00:55:57.973+0000] {dagbag.py:540} INFO - Filling up the DagBag from /home/airflow/.local/lib/python3.12/site-packages/airflow/example_dags/example_branch_operator_decorator.py
[2026-01-28T00:55:57.992+0000] {processor.py:840} INFO - DAG(s) 'example_branch_python_operator_decorator' retrieved from /home/airflow/.local/lib/python3.12/site-packages/airflow/example_dags/example_branch_operator_decorator.py
[2026-01-28T00:55:58.015+0000] {logging_mixin.py:188} INFO - [2026-01-28T00:55:58.015+0000] {dag.py:3096} INFO - Sync 1 DAGs
[2026-01-28T00:55:58.033+0000] {logging_mixin.py:188} INFO - [2026-01-28T00:55:58.033+0000] {dag.py:3954} INFO - Setting next_dagrun for example_branch_python_operator_decorator to 2026-01-27 00:00:00+00:00, run_after=2026-01-28 00:00:00+00:00
[2026-01-28T00:55:58.051+0000] {processor.py:183} INFO - Processing /home/airflow/.local/lib/python3.12/site-packages/airflow/example_dags/example_branch_operator_decorator.py took 0.086 seconds
[2026-01-28T00:56:28.854+0000] {processor.py:161} INFO - Started process (PID=8268) to work on /home/airflow/.local/lib/python3.12/site-packages/airflow/example_dags/example_branch_operator_decorator.py
[2026-01-28T00:56:28.855+0000] {processor.py:830} INFO - Processing file /home/airflow/.local/lib/python3.12/site-packages/airflow/example_dags/example_branch_operator_decorator.py for tasks to queue
[2026-01-28T00:56:28.859+0000] {logging_mixin.py:188} INFO - [2026-01-28T00:56:28.858+0000] {dagbag.py:540} INFO - Filling up the DagBag from /home/airflow/.local/lib/python3.12/site-packages/airflow/example_dags/example_branch_operator_decorator.py
[2026-01-28T00:56:28.877+0000] {processor.py:840} INFO - DAG(s) 'example_branch_python_operator_decorator' retrieved from /home/airflow/.local/lib/python3.12/site-packages/airflow/example_dags/example_branch_operator_decorator.py
[2026-01-28T00:56:28.902+0000] {logging_mixin.py:188} INFO - [2026-01-28T00:56:28.901+0000] {dag.py:3096} INFO - Sync 1 DAGs
[2026-01-28T00:56:28.919+0000] {logging_mixin.py:188} INFO - [2026-01-28T00:56:28.919+0000] {dag.py:3954} INFO - Setting next_dagrun for example_branch_python_operator_decorator to 2026-01-27 00:00:00+00:00, run_after=2026-01-28 00:00:00+00:00
[2026-01-28T00:56:28.937+0000] {processor.py:183} INFO - Processing /home/airflow/.local/lib/python3.12/site-packages/airflow/example_dags/example_branch_operator_decorator.py took 0.088 seconds
[2026-01-28T00:56:59.687+0000] {processor.py:161} INFO - Started process (PID=8320) to work on /home/airflow/.local/lib/python3.12/site-packages/airflow/example_dags/example_branch_operator_decorator.py
[2026-01-28T00:56:59.688+0000] {processor.py:830} INFO - Processing file /home/airflow/.local/lib/python3.12/site-packages/airflow/example_dags/example_branch_operator_decorator.py for tasks to queue
[2026-01-28T00:56:59.690+0000] {logging_mixin.py:188} INFO - [2026-01-28T00:56:59.689+0000] {dagbag.py:540} INFO - Filling up the DagBag from /home/airflow/.local/lib/python3.12/site-packages/airflow/example_dags/example_branch_operator_decorator.py
[2026-01-28T00:56:59.709+0000] {processor.py:840} INFO - DAG(s) 'example_branch_python_operator_decorator' retrieved from /home/airflow/.local/lib/python3.12/site-packages/airflow/example_dags/example_branch_operator_decorator.py
[2026-01-28T00:56:59.735+0000] {logging_mixin.py:188} INFO - [2026-01-28T00:56:59.735+0000] {dag.py:3096} INFO - Sync 1 DAGs
[2026-01-28T00:56:59.757+0000] {logging_mixin.py:188} INFO - [2026-01-28T00:56:59.756+0000] {dag.py:3954} INFO - Setting next_dagrun for example_branch_python_operator_decorator to 2026-01-27 00:00:00+00:00, run_after=2026-01-28 00:00:00+00:00
[2026-01-28T00:56:59.776+0000] {processor.py:183} INFO - Processing /home/airflow/.local/lib/python3.12/site-packages/airflow/example_dags/example_branch_operator_decorator.py took 0.095 seconds
[2026-01-28T00:57:30.352+0000] {processor.py:161} INFO - Started process (PID=8372) to work on /home/airflow/.local/lib/python3.12/site-packages/airflow/example_dags/example_branch_operator_decorator.py
[2026-01-28T00:57:30.353+0000] {processor.py:830} INFO - Processing file /home/airflow/.local/lib/python3.12/site-packages/airflow/example_dags/example_branch_operator_decorator.py for tasks to queue
[2026-01-28T00:57:30.355+0000] {logging_mixin.py:188} INFO - [2026-01-28T00:57:30.355+0000] {dagbag.py:540} INFO - Filling up the DagBag from /home/airflow/.local/lib/python3.12/site-packages/airflow/example_dags/example_branch_operator_decorator.py
[2026-01-28T00:57:30.373+0000] {processor.py:840} INFO - DAG(s) 'example_branch_python_operator_decorator' retrieved from /home/airflow/.local/lib/python3.12/site-packages/airflow/example_dags/example_branch_operator_decorator.py
[2026-01-28T00:57:30.397+0000] {logging_mixin.py:188} INFO - [2026-01-28T00:57:30.397+0000] {dag.py:3096} INFO - Sync 1 DAGs
[2026-01-28T00:57:30.415+0000] {logging_mixin.py:188} INFO - [2026-01-28T00:57:30.415+0000] {dag.py:3954} INFO - Setting next_dagrun for example_branch_python_operator_decorator to 2026-01-27 00:00:00+00:00, run_after=2026-01-28 00:00:00+00:00
[2026-01-28T00:57:30.433+0000] {processor.py:183} INFO - Processing /home/airflow/.local/lib/python3.12/site-packages/airflow/example_dags/example_branch_operator_decorator.py took 0.087 seconds
[2026-01-28T00:58:01.020+0000] {processor.py:161} INFO - Started process (PID=8424) to work on /home/airflow/.local/lib/python3.12/site-packages/airflow/example_dags/example_branch_operator_decorator.py
[2026-01-28T00:58:01.021+0000] {processor.py:830} INFO - Processing file /home/airflow/.local/lib/python3.12/site-packages/airflow/example_dags/example_branch_operator_decorator.py for tasks to queue
[2026-01-28T00:58:01.023+0000] {logging_mixin.py:188} INFO - [2026-01-28T00:58:01.023+0000] {dagbag.py:540} INFO - Filling up the DagBag from /home/airflow/.local/lib/python3.12/site-packages/airflow/example_dags/example_branch_operator_decorator.py
[2026-01-28T00:58:01.040+0000] {processor.py:840} INFO - DAG(s) 'example_branch_python_operator_decorator' retrieved from /home/airflow/.local/lib/python3.12/site-packages/airflow/example_dags/example_branch_operator_decorator.py
[2026-01-28T00:58:01.066+0000] {logging_mixin.py:188} INFO - [2026-01-28T00:58:01.065+0000] {dag.py:3096} INFO - Sync 1 DAGs
[2026-01-28T00:58:01.084+0000] {logging_mixin.py:188} INFO - [2026-01-28T00:58:01.084+0000] {dag.py:3954} INFO - Setting next_dagrun for example_branch_python_operator_decorator to 2026-01-27 00:00:00+00:00, run_after=2026-01-28 00:00:00+00:00
[2026-01-28T00:58:01.103+0000] {processor.py:183} INFO - Processing /home/airflow/.local/lib/python3.12/site-packages/airflow/example_dags/example_branch_operator_decorator.py took 0.089 seconds
[2026-01-28T00:58:31.836+0000] {processor.py:161} INFO - Started process (PID=8476) to work on /home/airflow/.local/lib/python3.12/site-packages/airflow/example_dags/example_branch_operator_decorator.py
[2026-01-28T00:58:31.837+0000] {processor.py:830} INFO - Processing file /home/airflow/.local/lib/python3.12/site-packages/airflow/example_dags/example_branch_operator_decorator.py for tasks to queue
[2026-01-28T00:58:31.839+0000] {logging_mixin.py:188} INFO - [2026-01-28T00:58:31.839+0000] {dagbag.py:540} INFO - Filling up the DagBag from /home/airflow/.local/lib/python3.12/site-packages/airflow/example_dags/example_branch_operator_decorator.py
[2026-01-28T00:58:31.857+0000] {processor.py:840} INFO - DAG(s) 'example_branch_python_operator_decorator' retrieved from /home/airflow/.local/lib/python3.12/site-packages/airflow/example_dags/example_branch_operator_decorator.py
[2026-01-28T00:58:31.882+0000] {logging_mixin.py:188} INFO - [2026-01-28T00:58:31.882+0000] {dag.py:3096} INFO - Sync 1 DAGs
[2026-01-28T00:58:31.900+0000] {logging_mixin.py:188} INFO - [2026-01-28T00:58:31.900+0000] {dag.py:3954} INFO - Setting next_dagrun for example_branch_python_operator_decorator to 2026-01-27 00:00:00+00:00, run_after=2026-01-28 00:00:00+00:00
[2026-01-28T00:58:31.918+0000] {processor.py:183} INFO - Processing /home/airflow/.local/lib/python3.12/site-packages/airflow/example_dags/example_branch_operator_decorator.py took 0.088 seconds
[2026-01-28T00:59:02.513+0000] {processor.py:161} INFO - Started process (PID=8528) to work on /home/airflow/.local/lib/python3.12/site-packages/airflow/example_dags/example_branch_operator_decorator.py
[2026-01-28T00:59:02.514+0000] {processor.py:830} INFO - Processing file /home/airflow/.local/lib/python3.12/site-packages/airflow/example_dags/example_branch_operator_decorator.py for tasks to queue
[2026-01-28T00:59:02.516+0000] {logging_mixin.py:188} INFO - [2026-01-28T00:59:02.516+0000] {dagbag.py:540} INFO - Filling up the DagBag from /home/airflow/.local/lib/python3.12/site-packages/airflow/example_dags/example_branch_operator_decorator.py
[2026-01-28T00:59:02.534+0000] {processor.py:840} INFO - DAG(s) 'example_branch_python_operator_decorator' retrieved from /home/airflow/.local/lib/python3.12/site-packages/airflow/example_dags/example_branch_operator_decorator.py
[2026-01-28T00:59:02.556+0000] {logging_mixin.py:188} INFO - [2026-01-28T00:59:02.556+0000] {dag.py:3096} INFO - Sync 1 DAGs
[2026-01-28T00:59:02.573+0000] {logging_mixin.py:188} INFO - [2026-01-28T00:59:02.573+0000] {dag.py:3954} INFO - Setting next_dagrun for example_branch_python_operator_decorator to 2026-01-27 00:00:00+00:00, run_after=2026-01-28 00:00:00+00:00
[2026-01-28T00:59:02.591+0000] {processor.py:183} INFO - Processing /home/airflow/.local/lib/python3.12/site-packages/airflow/example_dags/example_branch_operator_decorator.py took 0.084 seconds
[2026-01-28T00:59:33.188+0000] {processor.py:161} INFO - Started process (PID=8580) to work on /home/airflow/.local/lib/python3.12/site-packages/airflow/example_dags/example_branch_operator_decorator.py
[2026-01-28T00:59:33.189+0000] {processor.py:830} INFO - Processing file /home/airflow/.local/lib/python3.12/site-packages/airflow/example_dags/example_branch_operator_decorator.py for tasks to queue
[2026-01-28T00:59:33.191+0000] {logging_mixin.py:188} INFO - [2026-01-28T00:59:33.191+0000] {dagbag.py:540} INFO - Filling up the DagBag from /home/airflow/.local/lib/python3.12/site-packages/airflow/example_dags/example_branch_operator_decorator.py
[2026-01-28T00:59:33.208+0000] {processor.py:840} INFO - DAG(s) 'example_branch_python_operator_decorator' retrieved from /home/airflow/.local/lib/python3.12/site-packages/airflow/example_dags/example_branch_operator_decorator.py
[2026-01-28T00:59:33.233+0000] {logging_mixin.py:188} INFO - [2026-01-28T00:59:33.232+0000] {dag.py:3096} INFO - Sync 1 DAGs
[2026-01-28T00:59:33.250+0000] {logging_mixin.py:188} INFO - [2026-01-28T00:59:33.250+0000] {dag.py:3954} INFO - Setting next_dagrun for example_branch_python_operator_decorator to 2026-01-27 00:00:00+00:00, run_after=2026-01-28 00:00:00+00:00
[2026-01-28T00:59:33.267+0000] {processor.py:183} INFO - Processing /home/airflow/.local/lib/python3.12/site-packages/airflow/example_dags/example_branch_operator_decorator.py took 0.085 seconds
[2026-01-28T01:00:03.886+0000] {processor.py:161} INFO - Started process (PID=8632) to work on /home/airflow/.local/lib/python3.12/site-packages/airflow/example_dags/example_branch_operator_decorator.py
[2026-01-28T01:00:03.888+0000] {processor.py:830} INFO - Processing file /home/airflow/.local/lib/python3.12/site-packages/airflow/example_dags/example_branch_operator_decorator.py for tasks to queue
[2026-01-28T01:00:03.890+0000] {logging_mixin.py:188} INFO - [2026-01-28T01:00:03.889+0000] {dagbag.py:540} INFO - Filling up the DagBag from /home/airflow/.local/lib/python3.12/site-packages/airflow/example_dags/example_branch_operator_decorator.py
[2026-01-28T01:00:03.907+0000] {processor.py:840} INFO - DAG(s) 'example_branch_python_operator_decorator' retrieved from /home/airflow/.local/lib/python3.12/site-packages/airflow/example_dags/example_branch_operator_decorator.py
[2026-01-28T01:00:03.932+0000] {logging_mixin.py:188} INFO - [2026-01-28T01:00:03.932+0000] {dag.py:3096} INFO - Sync 1 DAGs
[2026-01-28T01:00:03.949+0000] {logging_mixin.py:188} INFO - [2026-01-28T01:00:03.949+0000] {dag.py:3954} INFO - Setting next_dagrun for example_branch_python_operator_decorator to 2026-01-27 00:00:00+00:00, run_after=2026-01-28 00:00:00+00:00
[2026-01-28T01:00:03.968+0000] {processor.py:183} INFO - Processing /home/airflow/.local/lib/python3.12/site-packages/airflow/example_dags/example_branch_operator_decorator.py took 0.087 seconds
[2026-01-28T01:00:34.748+0000] {processor.py:161} INFO - Started process (PID=8684) to work on /home/airflow/.local/lib/python3.12/site-packages/airflow/example_dags/example_branch_operator_decorator.py
[2026-01-28T01:00:34.749+0000] {processor.py:830} INFO - Processing file /home/airflow/.local/lib/python3.12/site-packages/airflow/example_dags/example_branch_operator_decorator.py for tasks to queue
[2026-01-28T01:00:34.751+0000] {logging_mixin.py:188} INFO - [2026-01-28T01:00:34.750+0000] {dagbag.py:540} INFO - Filling up the DagBag from /home/airflow/.local/lib/python3.12/site-packages/airflow/example_dags/example_branch_operator_decorator.py
[2026-01-28T01:00:34.768+0000] {processor.py:840} INFO - DAG(s) 'example_branch_python_operator_decorator' retrieved from /home/airflow/.local/lib/python3.12/site-packages/airflow/example_dags/example_branch_operator_decorator.py
[2026-01-28T01:00:34.792+0000] {logging_mixin.py:188} INFO - [2026-01-28T01:00:34.792+0000] {dag.py:3096} INFO - Sync 1 DAGs
[2026-01-28T01:00:34.810+0000] {logging_mixin.py:188} INFO - [2026-01-28T01:00:34.809+0000] {dag.py:3954} INFO - Setting next_dagrun for example_branch_python_operator_decorator to 2026-01-27 00:00:00+00:00, run_after=2026-01-28 00:00:00+00:00
[2026-01-28T01:00:34.828+0000] {processor.py:183} INFO - Processing /home/airflow/.local/lib/python3.12/site-packages/airflow/example_dags/example_branch_operator_decorator.py took 0.086 seconds
[2026-01-28T01:01:05.464+0000] {processor.py:161} INFO - Started process (PID=8736) to work on /home/airflow/.local/lib/python3.12/site-packages/airflow/example_dags/example_branch_operator_decorator.py
[2026-01-28T01:01:05.465+0000] {processor.py:830} INFO - Processing file /home/airflow/.local/lib/python3.12/site-packages/airflow/example_dags/example_branch_operator_decorator.py for tasks to queue
[2026-01-28T01:01:05.468+0000] {logging_mixin.py:188} INFO - [2026-01-28T01:01:05.467+0000] {dagbag.py:540} INFO - Filling up the DagBag from /home/airflow/.local/lib/python3.12/site-packages/airflow/example_dags/example_branch_operator_decorator.py
[2026-01-28T01:01:05.488+0000] {processor.py:840} INFO - DAG(s) 'example_branch_python_operator_decorator' retrieved from /home/airflow/.local/lib/python3.12/site-packages/airflow/example_dags/example_branch_operator_decorator.py
[2026-01-28T01:01:05.512+0000] {logging_mixin.py:188} INFO - [2026-01-28T01:01:05.512+0000] {dag.py:3096} INFO - Sync 1 DAGs
[2026-01-28T01:01:05.529+0000] {logging_mixin.py:188} INFO - [2026-01-28T01:01:05.529+0000] {dag.py:3954} INFO - Setting next_dagrun for example_branch_python_operator_decorator to 2026-01-27 00:00:00+00:00, run_after=2026-01-28 00:00:00+00:00
[2026-01-28T01:01:05.547+0000] {processor.py:183} INFO - Processing /home/airflow/.local/lib/python3.12/site-packages/airflow/example_dags/example_branch_operator_decorator.py took 0.089 seconds
[2026-01-28T01:01:36.108+0000] {processor.py:161} INFO - Started process (PID=8788) to work on /home/airflow/.local/lib/python3.12/site-packages/airflow/example_dags/example_branch_operator_decorator.py
[2026-01-28T01:01:36.109+0000] {processor.py:830} INFO - Processing file /home/airflow/.local/lib/python3.12/site-packages/airflow/example_dags/example_branch_operator_decorator.py for tasks to queue
[2026-01-28T01:01:36.112+0000] {logging_mixin.py:188} INFO - [2026-01-28T01:01:36.111+0000] {dagbag.py:540} INFO - Filling up the DagBag from /home/airflow/.local/lib/python3.12/site-packages/airflow/example_dags/example_branch_operator_decorator.py
[2026-01-28T01:01:36.130+0000] {processor.py:840} INFO - DAG(s) 'example_branch_python_operator_decorator' retrieved from /home/airflow/.local/lib/python3.12/site-packages/airflow/example_dags/example_branch_operator_decorator.py
[2026-01-28T01:01:36.154+0000] {logging_mixin.py:188} INFO - [2026-01-28T01:01:36.154+0000] {dag.py:3096} INFO - Sync 1 DAGs
[2026-01-28T01:01:36.172+0000] {logging_mixin.py:188} INFO - [2026-01-28T01:01:36.172+0000] {dag.py:3954} INFO - Setting next_dagrun for example_branch_python_operator_decorator to 2026-01-27 00:00:00+00:00, run_after=2026-01-28 00:00:00+00:00
[2026-01-28T01:01:36.189+0000] {processor.py:183} INFO - Processing /home/airflow/.local/lib/python3.12/site-packages/airflow/example_dags/example_branch_operator_decorator.py took 0.087 seconds
[2026-01-28T01:02:06.731+0000] {processor.py:161} INFO - Started process (PID=8840) to work on /home/airflow/.local/lib/python3.12/site-packages/airflow/example_dags/example_branch_operator_decorator.py
[2026-01-28T01:02:06.732+0000] {processor.py:830} INFO - Processing file /home/airflow/.local/lib/python3.12/site-packages/airflow/example_dags/example_branch_operator_decorator.py for tasks to queue
[2026-01-28T01:02:06.734+0000] {logging_mixin.py:188} INFO - [2026-01-28T01:02:06.734+0000] {dagbag.py:540} INFO - Filling up the DagBag from /home/airflow/.local/lib/python3.12/site-packages/airflow/example_dags/example_branch_operator_decorator.py
[2026-01-28T01:02:06.752+0000] {processor.py:840} INFO - DAG(s) 'example_branch_python_operator_decorator' retrieved from /home/airflow/.local/lib/python3.12/site-packages/airflow/example_dags/example_branch_operator_decorator.py
[2026-01-28T01:02:06.777+0000] {logging_mixin.py:188} INFO - [2026-01-28T01:02:06.777+0000] {dag.py:3096} INFO - Sync 1 DAGs
[2026-01-28T01:02:06.794+0000] {logging_mixin.py:188} INFO - [2026-01-28T01:02:06.794+0000] {dag.py:3954} INFO - Setting next_dagrun for example_branch_python_operator_decorator to 2026-01-27 00:00:00+00:00, run_after=2026-01-28 00:00:00+00:00
[2026-01-28T01:02:06.812+0000] {processor.py:183} INFO - Processing /home/airflow/.local/lib/python3.12/site-packages/airflow/example_dags/example_branch_operator_decorator.py took 0.087 seconds
[2026-01-28T01:02:37.286+0000] {processor.py:161} INFO - Started process (PID=8892) to work on /home/airflow/.local/lib/python3.12/site-packages/airflow/example_dags/example_branch_operator_decorator.py
[2026-01-28T01:02:37.287+0000] {processor.py:830} INFO - Processing file /home/airflow/.local/lib/python3.12/site-packages/airflow/example_dags/example_branch_operator_decorator.py for tasks to queue
[2026-01-28T01:02:37.289+0000] {logging_mixin.py:188} INFO - [2026-01-28T01:02:37.289+0000] {dagbag.py:540} INFO - Filling up the DagBag from /home/airflow/.local/lib/python3.12/site-packages/airflow/example_dags/example_branch_operator_decorator.py
[2026-01-28T01:02:37.306+0000] {processor.py:840} INFO - DAG(s) 'example_branch_python_operator_decorator' retrieved from /home/airflow/.local/lib/python3.12/site-packages/airflow/example_dags/example_branch_operator_decorator.py
[2026-01-28T01:02:37.333+0000] {logging_mixin.py:188} INFO - [2026-01-28T01:02:37.333+0000] {dag.py:3096} INFO - Sync 1 DAGs
[2026-01-28T01:02:37.351+0000] {logging_mixin.py:188} INFO - [2026-01-28T01:02:37.351+0000] {dag.py:3954} INFO - Setting next_dagrun for example_branch_python_operator_decorator to 2026-01-27 00:00:00+00:00, run_after=2026-01-28 00:00:00+00:00
[2026-01-28T01:02:37.368+0000] {processor.py:183} INFO - Processing /home/airflow/.local/lib/python3.12/site-packages/airflow/example_dags/example_branch_operator_decorator.py took 0.088 seconds
