[2026-01-28T00:00:19.240+0000] {processor.py:161} INFO - Started process (PID=2529) to work on /home/airflow/.local/lib/python3.12/site-packages/airflow/example_dags/example_trigger_target_dag.py
[2026-01-28T00:00:19.241+0000] {processor.py:830} INFO - Processing file /home/airflow/.local/lib/python3.12/site-packages/airflow/example_dags/example_trigger_target_dag.py for tasks to queue
[2026-01-28T00:00:19.244+0000] {logging_mixin.py:188} INFO - [2026-01-28T00:00:19.243+0000] {dagbag.py:540} INFO - Filling up the DagBag from /home/airflow/.local/lib/python3.12/site-packages/airflow/example_dags/example_trigger_target_dag.py
[2026-01-28T00:00:19.252+0000] {processor.py:840} INFO - DAG(s) 'example_trigger_target_dag' retrieved from /home/airflow/.local/lib/python3.12/site-packages/airflow/example_dags/example_trigger_target_dag.py
[2026-01-28T00:00:19.278+0000] {logging_mixin.py:188} INFO - [2026-01-28T00:00:19.277+0000] {dag.py:3096} INFO - Sync 1 DAGs
[2026-01-28T00:00:19.296+0000] {logging_mixin.py:188} INFO - [2026-01-28T00:00:19.295+0000] {dag.py:3954} INFO - Setting next_dagrun for example_trigger_target_dag to None, run_after=None
[2026-01-28T00:00:19.320+0000] {processor.py:183} INFO - Processing /home/airflow/.local/lib/python3.12/site-packages/airflow/example_dags/example_trigger_target_dag.py took 0.087 seconds
[2026-01-28T00:00:49.576+0000] {processor.py:161} INFO - Started process (PID=2581) to work on /home/airflow/.local/lib/python3.12/site-packages/airflow/example_dags/example_trigger_target_dag.py
[2026-01-28T00:00:49.577+0000] {processor.py:830} INFO - Processing file /home/airflow/.local/lib/python3.12/site-packages/airflow/example_dags/example_trigger_target_dag.py for tasks to queue
[2026-01-28T00:00:49.580+0000] {logging_mixin.py:188} INFO - [2026-01-28T00:00:49.579+0000] {dagbag.py:540} INFO - Filling up the DagBag from /home/airflow/.local/lib/python3.12/site-packages/airflow/example_dags/example_trigger_target_dag.py
[2026-01-28T00:00:49.588+0000] {processor.py:840} INFO - DAG(s) 'example_trigger_target_dag' retrieved from /home/airflow/.local/lib/python3.12/site-packages/airflow/example_dags/example_trigger_target_dag.py
[2026-01-28T00:00:49.613+0000] {logging_mixin.py:188} INFO - [2026-01-28T00:00:49.613+0000] {dag.py:3096} INFO - Sync 1 DAGs
[2026-01-28T00:00:49.630+0000] {logging_mixin.py:188} INFO - [2026-01-28T00:00:49.629+0000] {dag.py:3954} INFO - Setting next_dagrun for example_trigger_target_dag to None, run_after=None
[2026-01-28T00:00:49.661+0000] {processor.py:183} INFO - Processing /home/airflow/.local/lib/python3.12/site-packages/airflow/example_dags/example_trigger_target_dag.py took 0.095 seconds
[2026-01-28T00:01:20.314+0000] {processor.py:161} INFO - Started process (PID=2633) to work on /home/airflow/.local/lib/python3.12/site-packages/airflow/example_dags/example_trigger_target_dag.py
[2026-01-28T00:01:20.315+0000] {processor.py:830} INFO - Processing file /home/airflow/.local/lib/python3.12/site-packages/airflow/example_dags/example_trigger_target_dag.py for tasks to queue
[2026-01-28T00:01:20.318+0000] {logging_mixin.py:188} INFO - [2026-01-28T00:01:20.317+0000] {dagbag.py:540} INFO - Filling up the DagBag from /home/airflow/.local/lib/python3.12/site-packages/airflow/example_dags/example_trigger_target_dag.py
[2026-01-28T00:01:20.327+0000] {processor.py:840} INFO - DAG(s) 'example_trigger_target_dag' retrieved from /home/airflow/.local/lib/python3.12/site-packages/airflow/example_dags/example_trigger_target_dag.py
[2026-01-28T00:01:20.360+0000] {logging_mixin.py:188} INFO - [2026-01-28T00:01:20.360+0000] {dag.py:3096} INFO - Sync 1 DAGs
[2026-01-28T00:01:20.383+0000] {logging_mixin.py:188} INFO - [2026-01-28T00:01:20.383+0000] {dag.py:3954} INFO - Setting next_dagrun for example_trigger_target_dag to None, run_after=None
[2026-01-28T00:01:20.418+0000] {processor.py:183} INFO - Processing /home/airflow/.local/lib/python3.12/site-packages/airflow/example_dags/example_trigger_target_dag.py took 0.112 seconds
[2026-01-28T00:01:51.018+0000] {processor.py:161} INFO - Started process (PID=2685) to work on /home/airflow/.local/lib/python3.12/site-packages/airflow/example_dags/example_trigger_target_dag.py
[2026-01-28T00:01:51.020+0000] {processor.py:830} INFO - Processing file /home/airflow/.local/lib/python3.12/site-packages/airflow/example_dags/example_trigger_target_dag.py for tasks to queue
[2026-01-28T00:01:51.023+0000] {logging_mixin.py:188} INFO - [2026-01-28T00:01:51.023+0000] {dagbag.py:540} INFO - Filling up the DagBag from /home/airflow/.local/lib/python3.12/site-packages/airflow/example_dags/example_trigger_target_dag.py
[2026-01-28T00:01:51.033+0000] {processor.py:840} INFO - DAG(s) 'example_trigger_target_dag' retrieved from /home/airflow/.local/lib/python3.12/site-packages/airflow/example_dags/example_trigger_target_dag.py
[2026-01-28T00:01:51.058+0000] {logging_mixin.py:188} INFO - [2026-01-28T00:01:51.058+0000] {dag.py:3096} INFO - Sync 1 DAGs
[2026-01-28T00:01:51.075+0000] {logging_mixin.py:188} INFO - [2026-01-28T00:01:51.075+0000] {dag.py:3954} INFO - Setting next_dagrun for example_trigger_target_dag to None, run_after=None
[2026-01-28T00:01:51.105+0000] {processor.py:183} INFO - Processing /home/airflow/.local/lib/python3.12/site-packages/airflow/example_dags/example_trigger_target_dag.py took 0.097 seconds
[2026-01-28T00:02:21.794+0000] {processor.py:161} INFO - Started process (PID=2737) to work on /home/airflow/.local/lib/python3.12/site-packages/airflow/example_dags/example_trigger_target_dag.py
[2026-01-28T00:02:21.795+0000] {processor.py:830} INFO - Processing file /home/airflow/.local/lib/python3.12/site-packages/airflow/example_dags/example_trigger_target_dag.py for tasks to queue
[2026-01-28T00:02:21.798+0000] {logging_mixin.py:188} INFO - [2026-01-28T00:02:21.798+0000] {dagbag.py:540} INFO - Filling up the DagBag from /home/airflow/.local/lib/python3.12/site-packages/airflow/example_dags/example_trigger_target_dag.py
[2026-01-28T00:02:21.807+0000] {processor.py:840} INFO - DAG(s) 'example_trigger_target_dag' retrieved from /home/airflow/.local/lib/python3.12/site-packages/airflow/example_dags/example_trigger_target_dag.py
[2026-01-28T00:02:21.838+0000] {logging_mixin.py:188} INFO - [2026-01-28T00:02:21.837+0000] {dag.py:3096} INFO - Sync 1 DAGs
[2026-01-28T00:02:21.857+0000] {logging_mixin.py:188} INFO - [2026-01-28T00:02:21.857+0000] {dag.py:3954} INFO - Setting next_dagrun for example_trigger_target_dag to None, run_after=None
[2026-01-28T00:02:21.887+0000] {processor.py:183} INFO - Processing /home/airflow/.local/lib/python3.12/site-packages/airflow/example_dags/example_trigger_target_dag.py took 0.102 seconds
[2026-01-28T00:02:52.612+0000] {processor.py:161} INFO - Started process (PID=2789) to work on /home/airflow/.local/lib/python3.12/site-packages/airflow/example_dags/example_trigger_target_dag.py
[2026-01-28T00:02:52.613+0000] {processor.py:830} INFO - Processing file /home/airflow/.local/lib/python3.12/site-packages/airflow/example_dags/example_trigger_target_dag.py for tasks to queue
[2026-01-28T00:02:52.614+0000] {logging_mixin.py:188} INFO - [2026-01-28T00:02:52.614+0000] {dagbag.py:540} INFO - Filling up the DagBag from /home/airflow/.local/lib/python3.12/site-packages/airflow/example_dags/example_trigger_target_dag.py
[2026-01-28T00:02:52.620+0000] {processor.py:840} INFO - DAG(s) 'example_trigger_target_dag' retrieved from /home/airflow/.local/lib/python3.12/site-packages/airflow/example_dags/example_trigger_target_dag.py
[2026-01-28T00:02:52.641+0000] {logging_mixin.py:188} INFO - [2026-01-28T00:02:52.641+0000] {dag.py:3096} INFO - Sync 1 DAGs
[2026-01-28T00:02:52.653+0000] {logging_mixin.py:188} INFO - [2026-01-28T00:02:52.653+0000] {dag.py:3954} INFO - Setting next_dagrun for example_trigger_target_dag to None, run_after=None
[2026-01-28T00:02:52.673+0000] {processor.py:183} INFO - Processing /home/airflow/.local/lib/python3.12/site-packages/airflow/example_dags/example_trigger_target_dag.py took 0.068 seconds
[2026-01-28T00:03:22.943+0000] {processor.py:161} INFO - Started process (PID=2841) to work on /home/airflow/.local/lib/python3.12/site-packages/airflow/example_dags/example_trigger_target_dag.py
[2026-01-28T00:03:22.944+0000] {processor.py:830} INFO - Processing file /home/airflow/.local/lib/python3.12/site-packages/airflow/example_dags/example_trigger_target_dag.py for tasks to queue
[2026-01-28T00:03:22.946+0000] {logging_mixin.py:188} INFO - [2026-01-28T00:03:22.946+0000] {dagbag.py:540} INFO - Filling up the DagBag from /home/airflow/.local/lib/python3.12/site-packages/airflow/example_dags/example_trigger_target_dag.py
[2026-01-28T00:03:22.953+0000] {processor.py:840} INFO - DAG(s) 'example_trigger_target_dag' retrieved from /home/airflow/.local/lib/python3.12/site-packages/airflow/example_dags/example_trigger_target_dag.py
[2026-01-28T00:03:22.972+0000] {logging_mixin.py:188} INFO - [2026-01-28T00:03:22.972+0000] {dag.py:3096} INFO - Sync 1 DAGs
[2026-01-28T00:03:22.984+0000] {logging_mixin.py:188} INFO - [2026-01-28T00:03:22.984+0000] {dag.py:3954} INFO - Setting next_dagrun for example_trigger_target_dag to None, run_after=None
[2026-01-28T00:03:23.004+0000] {processor.py:183} INFO - Processing /home/airflow/.local/lib/python3.12/site-packages/airflow/example_dags/example_trigger_target_dag.py took 0.067 seconds
[2026-01-28T00:03:53.243+0000] {processor.py:161} INFO - Started process (PID=2893) to work on /home/airflow/.local/lib/python3.12/site-packages/airflow/example_dags/example_trigger_target_dag.py
[2026-01-28T00:03:53.244+0000] {processor.py:830} INFO - Processing file /home/airflow/.local/lib/python3.12/site-packages/airflow/example_dags/example_trigger_target_dag.py for tasks to queue
[2026-01-28T00:03:53.246+0000] {logging_mixin.py:188} INFO - [2026-01-28T00:03:53.246+0000] {dagbag.py:540} INFO - Filling up the DagBag from /home/airflow/.local/lib/python3.12/site-packages/airflow/example_dags/example_trigger_target_dag.py
[2026-01-28T00:03:53.252+0000] {processor.py:840} INFO - DAG(s) 'example_trigger_target_dag' retrieved from /home/airflow/.local/lib/python3.12/site-packages/airflow/example_dags/example_trigger_target_dag.py
[2026-01-28T00:03:53.274+0000] {logging_mixin.py:188} INFO - [2026-01-28T00:03:53.274+0000] {dag.py:3096} INFO - Sync 1 DAGs
[2026-01-28T00:03:53.286+0000] {logging_mixin.py:188} INFO - [2026-01-28T00:03:53.285+0000] {dag.py:3954} INFO - Setting next_dagrun for example_trigger_target_dag to None, run_after=None
[2026-01-28T00:03:53.305+0000] {processor.py:183} INFO - Processing /home/airflow/.local/lib/python3.12/site-packages/airflow/example_dags/example_trigger_target_dag.py took 0.068 seconds
[2026-01-28T00:04:23.706+0000] {processor.py:161} INFO - Started process (PID=2945) to work on /home/airflow/.local/lib/python3.12/site-packages/airflow/example_dags/example_trigger_target_dag.py
[2026-01-28T00:04:23.707+0000] {processor.py:830} INFO - Processing file /home/airflow/.local/lib/python3.12/site-packages/airflow/example_dags/example_trigger_target_dag.py for tasks to queue
[2026-01-28T00:04:23.709+0000] {logging_mixin.py:188} INFO - [2026-01-28T00:04:23.709+0000] {dagbag.py:540} INFO - Filling up the DagBag from /home/airflow/.local/lib/python3.12/site-packages/airflow/example_dags/example_trigger_target_dag.py
[2026-01-28T00:04:23.718+0000] {processor.py:840} INFO - DAG(s) 'example_trigger_target_dag' retrieved from /home/airflow/.local/lib/python3.12/site-packages/airflow/example_dags/example_trigger_target_dag.py
[2026-01-28T00:04:23.741+0000] {logging_mixin.py:188} INFO - [2026-01-28T00:04:23.741+0000] {dag.py:3096} INFO - Sync 1 DAGs
[2026-01-28T00:04:23.754+0000] {logging_mixin.py:188} INFO - [2026-01-28T00:04:23.753+0000] {dag.py:3954} INFO - Setting next_dagrun for example_trigger_target_dag to None, run_after=None
[2026-01-28T00:04:23.776+0000] {processor.py:183} INFO - Processing /home/airflow/.local/lib/python3.12/site-packages/airflow/example_dags/example_trigger_target_dag.py took 0.076 seconds
[2026-01-28T00:04:54.774+0000] {processor.py:161} INFO - Started process (PID=2997) to work on /home/airflow/.local/lib/python3.12/site-packages/airflow/example_dags/example_trigger_target_dag.py
[2026-01-28T00:04:54.775+0000] {processor.py:830} INFO - Processing file /home/airflow/.local/lib/python3.12/site-packages/airflow/example_dags/example_trigger_target_dag.py for tasks to queue
[2026-01-28T00:04:54.777+0000] {logging_mixin.py:188} INFO - [2026-01-28T00:04:54.777+0000] {dagbag.py:540} INFO - Filling up the DagBag from /home/airflow/.local/lib/python3.12/site-packages/airflow/example_dags/example_trigger_target_dag.py
[2026-01-28T00:04:54.785+0000] {processor.py:840} INFO - DAG(s) 'example_trigger_target_dag' retrieved from /home/airflow/.local/lib/python3.12/site-packages/airflow/example_dags/example_trigger_target_dag.py
[2026-01-28T00:04:54.807+0000] {logging_mixin.py:188} INFO - [2026-01-28T00:04:54.807+0000] {dag.py:3096} INFO - Sync 1 DAGs
[2026-01-28T00:04:54.830+0000] {logging_mixin.py:188} INFO - [2026-01-28T00:04:54.830+0000] {dag.py:3954} INFO - Setting next_dagrun for example_trigger_target_dag to None, run_after=None
[2026-01-28T00:04:54.857+0000] {processor.py:183} INFO - Processing /home/airflow/.local/lib/python3.12/site-packages/airflow/example_dags/example_trigger_target_dag.py took 0.091 seconds
[2026-01-28T00:05:25.044+0000] {processor.py:161} INFO - Started process (PID=3049) to work on /home/airflow/.local/lib/python3.12/site-packages/airflow/example_dags/example_trigger_target_dag.py
[2026-01-28T00:05:25.046+0000] {processor.py:830} INFO - Processing file /home/airflow/.local/lib/python3.12/site-packages/airflow/example_dags/example_trigger_target_dag.py for tasks to queue
[2026-01-28T00:05:25.048+0000] {logging_mixin.py:188} INFO - [2026-01-28T00:05:25.048+0000] {dagbag.py:540} INFO - Filling up the DagBag from /home/airflow/.local/lib/python3.12/site-packages/airflow/example_dags/example_trigger_target_dag.py
[2026-01-28T00:05:25.055+0000] {processor.py:840} INFO - DAG(s) 'example_trigger_target_dag' retrieved from /home/airflow/.local/lib/python3.12/site-packages/airflow/example_dags/example_trigger_target_dag.py
[2026-01-28T00:05:25.076+0000] {logging_mixin.py:188} INFO - [2026-01-28T00:05:25.075+0000] {dag.py:3096} INFO - Sync 1 DAGs
[2026-01-28T00:05:25.095+0000] {logging_mixin.py:188} INFO - [2026-01-28T00:05:25.094+0000] {dag.py:3954} INFO - Setting next_dagrun for example_trigger_target_dag to None, run_after=None
[2026-01-28T00:05:25.118+0000] {processor.py:183} INFO - Processing /home/airflow/.local/lib/python3.12/site-packages/airflow/example_dags/example_trigger_target_dag.py took 0.081 seconds
[2026-01-28T00:05:55.417+0000] {processor.py:161} INFO - Started process (PID=3101) to work on /home/airflow/.local/lib/python3.12/site-packages/airflow/example_dags/example_trigger_target_dag.py
[2026-01-28T00:05:55.418+0000] {processor.py:830} INFO - Processing file /home/airflow/.local/lib/python3.12/site-packages/airflow/example_dags/example_trigger_target_dag.py for tasks to queue
[2026-01-28T00:05:55.420+0000] {logging_mixin.py:188} INFO - [2026-01-28T00:05:55.420+0000] {dagbag.py:540} INFO - Filling up the DagBag from /home/airflow/.local/lib/python3.12/site-packages/airflow/example_dags/example_trigger_target_dag.py
[2026-01-28T00:05:55.427+0000] {processor.py:840} INFO - DAG(s) 'example_trigger_target_dag' retrieved from /home/airflow/.local/lib/python3.12/site-packages/airflow/example_dags/example_trigger_target_dag.py
[2026-01-28T00:05:55.445+0000] {logging_mixin.py:188} INFO - [2026-01-28T00:05:55.445+0000] {dag.py:3096} INFO - Sync 1 DAGs
[2026-01-28T00:05:55.457+0000] {logging_mixin.py:188} INFO - [2026-01-28T00:05:55.457+0000] {dag.py:3954} INFO - Setting next_dagrun for example_trigger_target_dag to None, run_after=None
[2026-01-28T00:05:55.476+0000] {processor.py:183} INFO - Processing /home/airflow/.local/lib/python3.12/site-packages/airflow/example_dags/example_trigger_target_dag.py took 0.065 seconds
[2026-01-28T00:06:26.515+0000] {processor.py:161} INFO - Started process (PID=3153) to work on /home/airflow/.local/lib/python3.12/site-packages/airflow/example_dags/example_trigger_target_dag.py
[2026-01-28T00:06:26.516+0000] {processor.py:830} INFO - Processing file /home/airflow/.local/lib/python3.12/site-packages/airflow/example_dags/example_trigger_target_dag.py for tasks to queue
[2026-01-28T00:06:26.518+0000] {logging_mixin.py:188} INFO - [2026-01-28T00:06:26.518+0000] {dagbag.py:540} INFO - Filling up the DagBag from /home/airflow/.local/lib/python3.12/site-packages/airflow/example_dags/example_trigger_target_dag.py
[2026-01-28T00:06:26.525+0000] {processor.py:840} INFO - DAG(s) 'example_trigger_target_dag' retrieved from /home/airflow/.local/lib/python3.12/site-packages/airflow/example_dags/example_trigger_target_dag.py
[2026-01-28T00:06:26.544+0000] {logging_mixin.py:188} INFO - [2026-01-28T00:06:26.544+0000] {dag.py:3096} INFO - Sync 1 DAGs
[2026-01-28T00:06:26.557+0000] {logging_mixin.py:188} INFO - [2026-01-28T00:06:26.556+0000] {dag.py:3954} INFO - Setting next_dagrun for example_trigger_target_dag to None, run_after=None
[2026-01-28T00:06:26.577+0000] {processor.py:183} INFO - Processing /home/airflow/.local/lib/python3.12/site-packages/airflow/example_dags/example_trigger_target_dag.py took 0.068 seconds
[2026-01-28T00:06:56.644+0000] {processor.py:161} INFO - Started process (PID=3205) to work on /home/airflow/.local/lib/python3.12/site-packages/airflow/example_dags/example_trigger_target_dag.py
[2026-01-28T00:06:56.646+0000] {processor.py:830} INFO - Processing file /home/airflow/.local/lib/python3.12/site-packages/airflow/example_dags/example_trigger_target_dag.py for tasks to queue
[2026-01-28T00:06:56.648+0000] {logging_mixin.py:188} INFO - [2026-01-28T00:06:56.647+0000] {dagbag.py:540} INFO - Filling up the DagBag from /home/airflow/.local/lib/python3.12/site-packages/airflow/example_dags/example_trigger_target_dag.py
[2026-01-28T00:06:56.653+0000] {processor.py:840} INFO - DAG(s) 'example_trigger_target_dag' retrieved from /home/airflow/.local/lib/python3.12/site-packages/airflow/example_dags/example_trigger_target_dag.py
[2026-01-28T00:06:56.672+0000] {logging_mixin.py:188} INFO - [2026-01-28T00:06:56.672+0000] {dag.py:3096} INFO - Sync 1 DAGs
[2026-01-28T00:06:56.684+0000] {logging_mixin.py:188} INFO - [2026-01-28T00:06:56.684+0000] {dag.py:3954} INFO - Setting next_dagrun for example_trigger_target_dag to None, run_after=None
[2026-01-28T00:06:56.705+0000] {processor.py:183} INFO - Processing /home/airflow/.local/lib/python3.12/site-packages/airflow/example_dags/example_trigger_target_dag.py took 0.066 seconds
[2026-01-28T00:07:26.812+0000] {processor.py:161} INFO - Started process (PID=3257) to work on /home/airflow/.local/lib/python3.12/site-packages/airflow/example_dags/example_trigger_target_dag.py
[2026-01-28T00:07:26.813+0000] {processor.py:830} INFO - Processing file /home/airflow/.local/lib/python3.12/site-packages/airflow/example_dags/example_trigger_target_dag.py for tasks to queue
[2026-01-28T00:07:26.815+0000] {logging_mixin.py:188} INFO - [2026-01-28T00:07:26.815+0000] {dagbag.py:540} INFO - Filling up the DagBag from /home/airflow/.local/lib/python3.12/site-packages/airflow/example_dags/example_trigger_target_dag.py
[2026-01-28T00:07:26.821+0000] {processor.py:840} INFO - DAG(s) 'example_trigger_target_dag' retrieved from /home/airflow/.local/lib/python3.12/site-packages/airflow/example_dags/example_trigger_target_dag.py
[2026-01-28T00:07:26.839+0000] {logging_mixin.py:188} INFO - [2026-01-28T00:07:26.839+0000] {dag.py:3096} INFO - Sync 1 DAGs
[2026-01-28T00:07:26.852+0000] {logging_mixin.py:188} INFO - [2026-01-28T00:07:26.852+0000] {dag.py:3954} INFO - Setting next_dagrun for example_trigger_target_dag to None, run_after=None
[2026-01-28T00:07:26.873+0000] {processor.py:183} INFO - Processing /home/airflow/.local/lib/python3.12/site-packages/airflow/example_dags/example_trigger_target_dag.py took 0.067 seconds
[2026-01-28T00:07:57.207+0000] {processor.py:161} INFO - Started process (PID=3309) to work on /home/airflow/.local/lib/python3.12/site-packages/airflow/example_dags/example_trigger_target_dag.py
[2026-01-28T00:07:57.209+0000] {processor.py:830} INFO - Processing file /home/airflow/.local/lib/python3.12/site-packages/airflow/example_dags/example_trigger_target_dag.py for tasks to queue
[2026-01-28T00:07:57.211+0000] {logging_mixin.py:188} INFO - [2026-01-28T00:07:57.210+0000] {dagbag.py:540} INFO - Filling up the DagBag from /home/airflow/.local/lib/python3.12/site-packages/airflow/example_dags/example_trigger_target_dag.py
[2026-01-28T00:07:57.217+0000] {processor.py:840} INFO - DAG(s) 'example_trigger_target_dag' retrieved from /home/airflow/.local/lib/python3.12/site-packages/airflow/example_dags/example_trigger_target_dag.py
[2026-01-28T00:07:57.237+0000] {logging_mixin.py:188} INFO - [2026-01-28T00:07:57.237+0000] {dag.py:3096} INFO - Sync 1 DAGs
[2026-01-28T00:07:57.251+0000] {logging_mixin.py:188} INFO - [2026-01-28T00:07:57.250+0000] {dag.py:3954} INFO - Setting next_dagrun for example_trigger_target_dag to None, run_after=None
[2026-01-28T00:07:57.277+0000] {processor.py:183} INFO - Processing /home/airflow/.local/lib/python3.12/site-packages/airflow/example_dags/example_trigger_target_dag.py took 0.076 seconds
[2026-01-28T00:08:27.753+0000] {processor.py:161} INFO - Started process (PID=3361) to work on /home/airflow/.local/lib/python3.12/site-packages/airflow/example_dags/example_trigger_target_dag.py
[2026-01-28T00:08:27.754+0000] {processor.py:830} INFO - Processing file /home/airflow/.local/lib/python3.12/site-packages/airflow/example_dags/example_trigger_target_dag.py for tasks to queue
[2026-01-28T00:08:27.756+0000] {logging_mixin.py:188} INFO - [2026-01-28T00:08:27.755+0000] {dagbag.py:540} INFO - Filling up the DagBag from /home/airflow/.local/lib/python3.12/site-packages/airflow/example_dags/example_trigger_target_dag.py
[2026-01-28T00:08:27.761+0000] {processor.py:840} INFO - DAG(s) 'example_trigger_target_dag' retrieved from /home/airflow/.local/lib/python3.12/site-packages/airflow/example_dags/example_trigger_target_dag.py
[2026-01-28T00:08:27.780+0000] {logging_mixin.py:188} INFO - [2026-01-28T00:08:27.780+0000] {dag.py:3096} INFO - Sync 1 DAGs
[2026-01-28T00:08:27.791+0000] {logging_mixin.py:188} INFO - [2026-01-28T00:08:27.791+0000] {dag.py:3954} INFO - Setting next_dagrun for example_trigger_target_dag to None, run_after=None
[2026-01-28T00:08:27.812+0000] {processor.py:183} INFO - Processing /home/airflow/.local/lib/python3.12/site-packages/airflow/example_dags/example_trigger_target_dag.py took 0.065 seconds
[2026-01-28T00:08:58.069+0000] {processor.py:161} INFO - Started process (PID=3413) to work on /home/airflow/.local/lib/python3.12/site-packages/airflow/example_dags/example_trigger_target_dag.py
[2026-01-28T00:08:58.070+0000] {processor.py:830} INFO - Processing file /home/airflow/.local/lib/python3.12/site-packages/airflow/example_dags/example_trigger_target_dag.py for tasks to queue
[2026-01-28T00:08:58.072+0000] {logging_mixin.py:188} INFO - [2026-01-28T00:08:58.071+0000] {dagbag.py:540} INFO - Filling up the DagBag from /home/airflow/.local/lib/python3.12/site-packages/airflow/example_dags/example_trigger_target_dag.py
[2026-01-28T00:08:58.078+0000] {processor.py:840} INFO - DAG(s) 'example_trigger_target_dag' retrieved from /home/airflow/.local/lib/python3.12/site-packages/airflow/example_dags/example_trigger_target_dag.py
[2026-01-28T00:08:58.099+0000] {logging_mixin.py:188} INFO - [2026-01-28T00:08:58.099+0000] {dag.py:3096} INFO - Sync 1 DAGs
[2026-01-28T00:08:58.111+0000] {logging_mixin.py:188} INFO - [2026-01-28T00:08:58.111+0000] {dag.py:3954} INFO - Setting next_dagrun for example_trigger_target_dag to None, run_after=None
[2026-01-28T00:08:58.131+0000] {processor.py:183} INFO - Processing /home/airflow/.local/lib/python3.12/site-packages/airflow/example_dags/example_trigger_target_dag.py took 0.069 seconds
[2026-01-28T00:09:29.053+0000] {processor.py:161} INFO - Started process (PID=3465) to work on /home/airflow/.local/lib/python3.12/site-packages/airflow/example_dags/example_trigger_target_dag.py
[2026-01-28T00:09:29.055+0000] {processor.py:830} INFO - Processing file /home/airflow/.local/lib/python3.12/site-packages/airflow/example_dags/example_trigger_target_dag.py for tasks to queue
[2026-01-28T00:09:29.057+0000] {logging_mixin.py:188} INFO - [2026-01-28T00:09:29.057+0000] {dagbag.py:540} INFO - Filling up the DagBag from /home/airflow/.local/lib/python3.12/site-packages/airflow/example_dags/example_trigger_target_dag.py
[2026-01-28T00:09:29.063+0000] {processor.py:840} INFO - DAG(s) 'example_trigger_target_dag' retrieved from /home/airflow/.local/lib/python3.12/site-packages/airflow/example_dags/example_trigger_target_dag.py
[2026-01-28T00:09:29.084+0000] {logging_mixin.py:188} INFO - [2026-01-28T00:09:29.084+0000] {dag.py:3096} INFO - Sync 1 DAGs
[2026-01-28T00:09:29.096+0000] {logging_mixin.py:188} INFO - [2026-01-28T00:09:29.096+0000] {dag.py:3954} INFO - Setting next_dagrun for example_trigger_target_dag to None, run_after=None
[2026-01-28T00:09:29.116+0000] {processor.py:183} INFO - Processing /home/airflow/.local/lib/python3.12/site-packages/airflow/example_dags/example_trigger_target_dag.py took 0.069 seconds
[2026-01-28T00:09:59.767+0000] {processor.py:161} INFO - Started process (PID=3517) to work on /home/airflow/.local/lib/python3.12/site-packages/airflow/example_dags/example_trigger_target_dag.py
[2026-01-28T00:09:59.768+0000] {processor.py:830} INFO - Processing file /home/airflow/.local/lib/python3.12/site-packages/airflow/example_dags/example_trigger_target_dag.py for tasks to queue
[2026-01-28T00:09:59.770+0000] {logging_mixin.py:188} INFO - [2026-01-28T00:09:59.770+0000] {dagbag.py:540} INFO - Filling up the DagBag from /home/airflow/.local/lib/python3.12/site-packages/airflow/example_dags/example_trigger_target_dag.py
[2026-01-28T00:09:59.778+0000] {processor.py:840} INFO - DAG(s) 'example_trigger_target_dag' retrieved from /home/airflow/.local/lib/python3.12/site-packages/airflow/example_dags/example_trigger_target_dag.py
[2026-01-28T00:09:59.800+0000] {logging_mixin.py:188} INFO - [2026-01-28T00:09:59.800+0000] {dag.py:3096} INFO - Sync 1 DAGs
[2026-01-28T00:09:59.813+0000] {logging_mixin.py:188} INFO - [2026-01-28T00:09:59.813+0000] {dag.py:3954} INFO - Setting next_dagrun for example_trigger_target_dag to None, run_after=None
[2026-01-28T00:09:59.831+0000] {processor.py:183} INFO - Processing /home/airflow/.local/lib/python3.12/site-packages/airflow/example_dags/example_trigger_target_dag.py took 0.071 seconds
[2026-01-28T00:10:29.962+0000] {processor.py:161} INFO - Started process (PID=3569) to work on /home/airflow/.local/lib/python3.12/site-packages/airflow/example_dags/example_trigger_target_dag.py
[2026-01-28T00:10:29.963+0000] {processor.py:830} INFO - Processing file /home/airflow/.local/lib/python3.12/site-packages/airflow/example_dags/example_trigger_target_dag.py for tasks to queue
[2026-01-28T00:10:29.965+0000] {logging_mixin.py:188} INFO - [2026-01-28T00:10:29.965+0000] {dagbag.py:540} INFO - Filling up the DagBag from /home/airflow/.local/lib/python3.12/site-packages/airflow/example_dags/example_trigger_target_dag.py
[2026-01-28T00:10:29.971+0000] {processor.py:840} INFO - DAG(s) 'example_trigger_target_dag' retrieved from /home/airflow/.local/lib/python3.12/site-packages/airflow/example_dags/example_trigger_target_dag.py
[2026-01-28T00:10:29.990+0000] {logging_mixin.py:188} INFO - [2026-01-28T00:10:29.990+0000] {dag.py:3096} INFO - Sync 1 DAGs
[2026-01-28T00:10:30.001+0000] {logging_mixin.py:188} INFO - [2026-01-28T00:10:30.001+0000] {dag.py:3954} INFO - Setting next_dagrun for example_trigger_target_dag to None, run_after=None
[2026-01-28T00:10:30.022+0000] {processor.py:183} INFO - Processing /home/airflow/.local/lib/python3.12/site-packages/airflow/example_dags/example_trigger_target_dag.py took 0.066 seconds
[2026-01-28T00:11:00.296+0000] {processor.py:161} INFO - Started process (PID=3621) to work on /home/airflow/.local/lib/python3.12/site-packages/airflow/example_dags/example_trigger_target_dag.py
[2026-01-28T00:11:00.297+0000] {processor.py:830} INFO - Processing file /home/airflow/.local/lib/python3.12/site-packages/airflow/example_dags/example_trigger_target_dag.py for tasks to queue
[2026-01-28T00:11:00.299+0000] {logging_mixin.py:188} INFO - [2026-01-28T00:11:00.299+0000] {dagbag.py:540} INFO - Filling up the DagBag from /home/airflow/.local/lib/python3.12/site-packages/airflow/example_dags/example_trigger_target_dag.py
[2026-01-28T00:11:00.306+0000] {processor.py:840} INFO - DAG(s) 'example_trigger_target_dag' retrieved from /home/airflow/.local/lib/python3.12/site-packages/airflow/example_dags/example_trigger_target_dag.py
[2026-01-28T00:11:00.327+0000] {logging_mixin.py:188} INFO - [2026-01-28T00:11:00.327+0000] {dag.py:3096} INFO - Sync 1 DAGs
[2026-01-28T00:11:00.340+0000] {logging_mixin.py:188} INFO - [2026-01-28T00:11:00.340+0000] {dag.py:3954} INFO - Setting next_dagrun for example_trigger_target_dag to None, run_after=None
[2026-01-28T00:11:00.361+0000] {processor.py:183} INFO - Processing /home/airflow/.local/lib/python3.12/site-packages/airflow/example_dags/example_trigger_target_dag.py took 0.073 seconds
[2026-01-28T00:11:30.406+0000] {processor.py:161} INFO - Started process (PID=3673) to work on /home/airflow/.local/lib/python3.12/site-packages/airflow/example_dags/example_trigger_target_dag.py
[2026-01-28T00:11:30.407+0000] {processor.py:830} INFO - Processing file /home/airflow/.local/lib/python3.12/site-packages/airflow/example_dags/example_trigger_target_dag.py for tasks to queue
[2026-01-28T00:11:30.409+0000] {logging_mixin.py:188} INFO - [2026-01-28T00:11:30.409+0000] {dagbag.py:540} INFO - Filling up the DagBag from /home/airflow/.local/lib/python3.12/site-packages/airflow/example_dags/example_trigger_target_dag.py
[2026-01-28T00:11:30.415+0000] {processor.py:840} INFO - DAG(s) 'example_trigger_target_dag' retrieved from /home/airflow/.local/lib/python3.12/site-packages/airflow/example_dags/example_trigger_target_dag.py
[2026-01-28T00:11:30.436+0000] {logging_mixin.py:188} INFO - [2026-01-28T00:11:30.436+0000] {dag.py:3096} INFO - Sync 1 DAGs
[2026-01-28T00:11:30.450+0000] {logging_mixin.py:188} INFO - [2026-01-28T00:11:30.450+0000] {dag.py:3954} INFO - Setting next_dagrun for example_trigger_target_dag to None, run_after=None
[2026-01-28T00:11:30.471+0000] {processor.py:183} INFO - Processing /home/airflow/.local/lib/python3.12/site-packages/airflow/example_dags/example_trigger_target_dag.py took 0.071 seconds
[2026-01-28T00:12:00.705+0000] {processor.py:161} INFO - Started process (PID=3725) to work on /home/airflow/.local/lib/python3.12/site-packages/airflow/example_dags/example_trigger_target_dag.py
[2026-01-28T00:12:00.706+0000] {processor.py:830} INFO - Processing file /home/airflow/.local/lib/python3.12/site-packages/airflow/example_dags/example_trigger_target_dag.py for tasks to queue
[2026-01-28T00:12:00.708+0000] {logging_mixin.py:188} INFO - [2026-01-28T00:12:00.708+0000] {dagbag.py:540} INFO - Filling up the DagBag from /home/airflow/.local/lib/python3.12/site-packages/airflow/example_dags/example_trigger_target_dag.py
[2026-01-28T00:12:00.716+0000] {processor.py:840} INFO - DAG(s) 'example_trigger_target_dag' retrieved from /home/airflow/.local/lib/python3.12/site-packages/airflow/example_dags/example_trigger_target_dag.py
[2026-01-28T00:12:00.738+0000] {logging_mixin.py:188} INFO - [2026-01-28T00:12:00.737+0000] {dag.py:3096} INFO - Sync 1 DAGs
[2026-01-28T00:12:00.749+0000] {logging_mixin.py:188} INFO - [2026-01-28T00:12:00.749+0000] {dag.py:3954} INFO - Setting next_dagrun for example_trigger_target_dag to None, run_after=None
[2026-01-28T00:12:00.774+0000] {processor.py:183} INFO - Processing /home/airflow/.local/lib/python3.12/site-packages/airflow/example_dags/example_trigger_target_dag.py took 0.076 seconds
[2026-01-28T00:12:31.012+0000] {processor.py:161} INFO - Started process (PID=3777) to work on /home/airflow/.local/lib/python3.12/site-packages/airflow/example_dags/example_trigger_target_dag.py
[2026-01-28T00:12:31.013+0000] {processor.py:830} INFO - Processing file /home/airflow/.local/lib/python3.12/site-packages/airflow/example_dags/example_trigger_target_dag.py for tasks to queue
[2026-01-28T00:12:31.014+0000] {logging_mixin.py:188} INFO - [2026-01-28T00:12:31.014+0000] {dagbag.py:540} INFO - Filling up the DagBag from /home/airflow/.local/lib/python3.12/site-packages/airflow/example_dags/example_trigger_target_dag.py
[2026-01-28T00:12:31.020+0000] {processor.py:840} INFO - DAG(s) 'example_trigger_target_dag' retrieved from /home/airflow/.local/lib/python3.12/site-packages/airflow/example_dags/example_trigger_target_dag.py
[2026-01-28T00:12:31.039+0000] {logging_mixin.py:188} INFO - [2026-01-28T00:12:31.039+0000] {dag.py:3096} INFO - Sync 1 DAGs
[2026-01-28T00:12:31.050+0000] {logging_mixin.py:188} INFO - [2026-01-28T00:12:31.050+0000] {dag.py:3954} INFO - Setting next_dagrun for example_trigger_target_dag to None, run_after=None
[2026-01-28T00:12:31.069+0000] {processor.py:183} INFO - Processing /home/airflow/.local/lib/python3.12/site-packages/airflow/example_dags/example_trigger_target_dag.py took 0.063 seconds
[2026-01-28T00:13:02.056+0000] {processor.py:161} INFO - Started process (PID=3829) to work on /home/airflow/.local/lib/python3.12/site-packages/airflow/example_dags/example_trigger_target_dag.py
[2026-01-28T00:13:02.057+0000] {processor.py:830} INFO - Processing file /home/airflow/.local/lib/python3.12/site-packages/airflow/example_dags/example_trigger_target_dag.py for tasks to queue
[2026-01-28T00:13:02.059+0000] {logging_mixin.py:188} INFO - [2026-01-28T00:13:02.058+0000] {dagbag.py:540} INFO - Filling up the DagBag from /home/airflow/.local/lib/python3.12/site-packages/airflow/example_dags/example_trigger_target_dag.py
[2026-01-28T00:13:02.064+0000] {processor.py:840} INFO - DAG(s) 'example_trigger_target_dag' retrieved from /home/airflow/.local/lib/python3.12/site-packages/airflow/example_dags/example_trigger_target_dag.py
[2026-01-28T00:13:02.084+0000] {logging_mixin.py:188} INFO - [2026-01-28T00:13:02.084+0000] {dag.py:3096} INFO - Sync 1 DAGs
[2026-01-28T00:13:02.094+0000] {logging_mixin.py:188} INFO - [2026-01-28T00:13:02.094+0000] {dag.py:3954} INFO - Setting next_dagrun for example_trigger_target_dag to None, run_after=None
[2026-01-28T00:13:02.113+0000] {processor.py:183} INFO - Processing /home/airflow/.local/lib/python3.12/site-packages/airflow/example_dags/example_trigger_target_dag.py took 0.063 seconds
[2026-01-28T00:13:32.281+0000] {processor.py:161} INFO - Started process (PID=3881) to work on /home/airflow/.local/lib/python3.12/site-packages/airflow/example_dags/example_trigger_target_dag.py
[2026-01-28T00:13:32.282+0000] {processor.py:830} INFO - Processing file /home/airflow/.local/lib/python3.12/site-packages/airflow/example_dags/example_trigger_target_dag.py for tasks to queue
[2026-01-28T00:13:32.285+0000] {logging_mixin.py:188} INFO - [2026-01-28T00:13:32.284+0000] {dagbag.py:540} INFO - Filling up the DagBag from /home/airflow/.local/lib/python3.12/site-packages/airflow/example_dags/example_trigger_target_dag.py
[2026-01-28T00:13:32.290+0000] {processor.py:840} INFO - DAG(s) 'example_trigger_target_dag' retrieved from /home/airflow/.local/lib/python3.12/site-packages/airflow/example_dags/example_trigger_target_dag.py
[2026-01-28T00:13:32.310+0000] {logging_mixin.py:188} INFO - [2026-01-28T00:13:32.310+0000] {dag.py:3096} INFO - Sync 1 DAGs
[2026-01-28T00:13:32.322+0000] {logging_mixin.py:188} INFO - [2026-01-28T00:13:32.322+0000] {dag.py:3954} INFO - Setting next_dagrun for example_trigger_target_dag to None, run_after=None
[2026-01-28T00:13:32.341+0000] {processor.py:183} INFO - Processing /home/airflow/.local/lib/python3.12/site-packages/airflow/example_dags/example_trigger_target_dag.py took 0.066 seconds
[2026-01-28T00:14:02.868+0000] {processor.py:161} INFO - Started process (PID=3933) to work on /home/airflow/.local/lib/python3.12/site-packages/airflow/example_dags/example_trigger_target_dag.py
[2026-01-28T00:14:02.869+0000] {processor.py:830} INFO - Processing file /home/airflow/.local/lib/python3.12/site-packages/airflow/example_dags/example_trigger_target_dag.py for tasks to queue
[2026-01-28T00:14:02.871+0000] {logging_mixin.py:188} INFO - [2026-01-28T00:14:02.871+0000] {dagbag.py:540} INFO - Filling up the DagBag from /home/airflow/.local/lib/python3.12/site-packages/airflow/example_dags/example_trigger_target_dag.py
[2026-01-28T00:14:02.879+0000] {processor.py:840} INFO - DAG(s) 'example_trigger_target_dag' retrieved from /home/airflow/.local/lib/python3.12/site-packages/airflow/example_dags/example_trigger_target_dag.py
[2026-01-28T00:14:02.904+0000] {logging_mixin.py:188} INFO - [2026-01-28T00:14:02.904+0000] {dag.py:3096} INFO - Sync 1 DAGs
[2026-01-28T00:14:02.924+0000] {logging_mixin.py:188} INFO - [2026-01-28T00:14:02.924+0000] {dag.py:3954} INFO - Setting next_dagrun for example_trigger_target_dag to None, run_after=None
[2026-01-28T00:14:02.949+0000] {processor.py:183} INFO - Processing /home/airflow/.local/lib/python3.12/site-packages/airflow/example_dags/example_trigger_target_dag.py took 0.088 seconds
[2026-01-28T00:14:33.134+0000] {processor.py:161} INFO - Started process (PID=3985) to work on /home/airflow/.local/lib/python3.12/site-packages/airflow/example_dags/example_trigger_target_dag.py
[2026-01-28T00:14:33.136+0000] {processor.py:830} INFO - Processing file /home/airflow/.local/lib/python3.12/site-packages/airflow/example_dags/example_trigger_target_dag.py for tasks to queue
[2026-01-28T00:14:33.140+0000] {logging_mixin.py:188} INFO - [2026-01-28T00:14:33.138+0000] {dagbag.py:540} INFO - Filling up the DagBag from /home/airflow/.local/lib/python3.12/site-packages/airflow/example_dags/example_trigger_target_dag.py
[2026-01-28T00:14:33.149+0000] {processor.py:840} INFO - DAG(s) 'example_trigger_target_dag' retrieved from /home/airflow/.local/lib/python3.12/site-packages/airflow/example_dags/example_trigger_target_dag.py
[2026-01-28T00:14:33.174+0000] {logging_mixin.py:188} INFO - [2026-01-28T00:14:33.174+0000] {dag.py:3096} INFO - Sync 1 DAGs
[2026-01-28T00:14:33.191+0000] {logging_mixin.py:188} INFO - [2026-01-28T00:14:33.190+0000] {dag.py:3954} INFO - Setting next_dagrun for example_trigger_target_dag to None, run_after=None
[2026-01-28T00:14:33.213+0000] {processor.py:183} INFO - Processing /home/airflow/.local/lib/python3.12/site-packages/airflow/example_dags/example_trigger_target_dag.py took 0.086 seconds
[2026-01-28T00:15:03.357+0000] {processor.py:161} INFO - Started process (PID=4037) to work on /home/airflow/.local/lib/python3.12/site-packages/airflow/example_dags/example_trigger_target_dag.py
[2026-01-28T00:15:03.358+0000] {processor.py:830} INFO - Processing file /home/airflow/.local/lib/python3.12/site-packages/airflow/example_dags/example_trigger_target_dag.py for tasks to queue
[2026-01-28T00:15:03.360+0000] {logging_mixin.py:188} INFO - [2026-01-28T00:15:03.359+0000] {dagbag.py:540} INFO - Filling up the DagBag from /home/airflow/.local/lib/python3.12/site-packages/airflow/example_dags/example_trigger_target_dag.py
[2026-01-28T00:15:03.368+0000] {processor.py:840} INFO - DAG(s) 'example_trigger_target_dag' retrieved from /home/airflow/.local/lib/python3.12/site-packages/airflow/example_dags/example_trigger_target_dag.py
[2026-01-28T00:15:03.392+0000] {logging_mixin.py:188} INFO - [2026-01-28T00:15:03.392+0000] {dag.py:3096} INFO - Sync 1 DAGs
[2026-01-28T00:15:03.407+0000] {logging_mixin.py:188} INFO - [2026-01-28T00:15:03.407+0000] {dag.py:3954} INFO - Setting next_dagrun for example_trigger_target_dag to None, run_after=None
[2026-01-28T00:15:03.429+0000] {processor.py:183} INFO - Processing /home/airflow/.local/lib/python3.12/site-packages/airflow/example_dags/example_trigger_target_dag.py took 0.078 seconds
[2026-01-28T00:15:33.853+0000] {processor.py:161} INFO - Started process (PID=4089) to work on /home/airflow/.local/lib/python3.12/site-packages/airflow/example_dags/example_trigger_target_dag.py
[2026-01-28T00:15:33.854+0000] {processor.py:830} INFO - Processing file /home/airflow/.local/lib/python3.12/site-packages/airflow/example_dags/example_trigger_target_dag.py for tasks to queue
[2026-01-28T00:15:33.857+0000] {logging_mixin.py:188} INFO - [2026-01-28T00:15:33.856+0000] {dagbag.py:540} INFO - Filling up the DagBag from /home/airflow/.local/lib/python3.12/site-packages/airflow/example_dags/example_trigger_target_dag.py
[2026-01-28T00:15:33.863+0000] {processor.py:840} INFO - DAG(s) 'example_trigger_target_dag' retrieved from /home/airflow/.local/lib/python3.12/site-packages/airflow/example_dags/example_trigger_target_dag.py
[2026-01-28T00:15:33.884+0000] {logging_mixin.py:188} INFO - [2026-01-28T00:15:33.884+0000] {dag.py:3096} INFO - Sync 1 DAGs
[2026-01-28T00:15:33.897+0000] {logging_mixin.py:188} INFO - [2026-01-28T00:15:33.896+0000] {dag.py:3954} INFO - Setting next_dagrun for example_trigger_target_dag to None, run_after=None
[2026-01-28T00:15:33.918+0000] {processor.py:183} INFO - Processing /home/airflow/.local/lib/python3.12/site-packages/airflow/example_dags/example_trigger_target_dag.py took 0.073 seconds
[2026-01-28T00:16:04.757+0000] {processor.py:161} INFO - Started process (PID=4141) to work on /home/airflow/.local/lib/python3.12/site-packages/airflow/example_dags/example_trigger_target_dag.py
[2026-01-28T00:16:04.758+0000] {processor.py:830} INFO - Processing file /home/airflow/.local/lib/python3.12/site-packages/airflow/example_dags/example_trigger_target_dag.py for tasks to queue
[2026-01-28T00:16:04.760+0000] {logging_mixin.py:188} INFO - [2026-01-28T00:16:04.760+0000] {dagbag.py:540} INFO - Filling up the DagBag from /home/airflow/.local/lib/python3.12/site-packages/airflow/example_dags/example_trigger_target_dag.py
[2026-01-28T00:16:04.767+0000] {processor.py:840} INFO - DAG(s) 'example_trigger_target_dag' retrieved from /home/airflow/.local/lib/python3.12/site-packages/airflow/example_dags/example_trigger_target_dag.py
[2026-01-28T00:16:04.788+0000] {logging_mixin.py:188} INFO - [2026-01-28T00:16:04.787+0000] {dag.py:3096} INFO - Sync 1 DAGs
[2026-01-28T00:16:04.801+0000] {logging_mixin.py:188} INFO - [2026-01-28T00:16:04.801+0000] {dag.py:3954} INFO - Setting next_dagrun for example_trigger_target_dag to None, run_after=None
[2026-01-28T00:16:04.822+0000] {processor.py:183} INFO - Processing /home/airflow/.local/lib/python3.12/site-packages/airflow/example_dags/example_trigger_target_dag.py took 0.071 seconds
[2026-01-28T00:16:35.713+0000] {processor.py:161} INFO - Started process (PID=4193) to work on /home/airflow/.local/lib/python3.12/site-packages/airflow/example_dags/example_trigger_target_dag.py
[2026-01-28T00:16:35.713+0000] {processor.py:830} INFO - Processing file /home/airflow/.local/lib/python3.12/site-packages/airflow/example_dags/example_trigger_target_dag.py for tasks to queue
[2026-01-28T00:16:35.715+0000] {logging_mixin.py:188} INFO - [2026-01-28T00:16:35.715+0000] {dagbag.py:540} INFO - Filling up the DagBag from /home/airflow/.local/lib/python3.12/site-packages/airflow/example_dags/example_trigger_target_dag.py
[2026-01-28T00:16:35.721+0000] {processor.py:840} INFO - DAG(s) 'example_trigger_target_dag' retrieved from /home/airflow/.local/lib/python3.12/site-packages/airflow/example_dags/example_trigger_target_dag.py
[2026-01-28T00:16:35.740+0000] {logging_mixin.py:188} INFO - [2026-01-28T00:16:35.740+0000] {dag.py:3096} INFO - Sync 1 DAGs
[2026-01-28T00:16:35.753+0000] {logging_mixin.py:188} INFO - [2026-01-28T00:16:35.753+0000] {dag.py:3954} INFO - Setting next_dagrun for example_trigger_target_dag to None, run_after=None
[2026-01-28T00:16:35.771+0000] {processor.py:183} INFO - Processing /home/airflow/.local/lib/python3.12/site-packages/airflow/example_dags/example_trigger_target_dag.py took 0.065 seconds
[2026-01-28T00:17:06.474+0000] {processor.py:161} INFO - Started process (PID=4245) to work on /home/airflow/.local/lib/python3.12/site-packages/airflow/example_dags/example_trigger_target_dag.py
[2026-01-28T00:17:06.476+0000] {processor.py:830} INFO - Processing file /home/airflow/.local/lib/python3.12/site-packages/airflow/example_dags/example_trigger_target_dag.py for tasks to queue
[2026-01-28T00:17:06.477+0000] {logging_mixin.py:188} INFO - [2026-01-28T00:17:06.477+0000] {dagbag.py:540} INFO - Filling up the DagBag from /home/airflow/.local/lib/python3.12/site-packages/airflow/example_dags/example_trigger_target_dag.py
[2026-01-28T00:17:06.483+0000] {processor.py:840} INFO - DAG(s) 'example_trigger_target_dag' retrieved from /home/airflow/.local/lib/python3.12/site-packages/airflow/example_dags/example_trigger_target_dag.py
[2026-01-28T00:17:06.501+0000] {logging_mixin.py:188} INFO - [2026-01-28T00:17:06.501+0000] {dag.py:3096} INFO - Sync 1 DAGs
[2026-01-28T00:17:06.514+0000] {logging_mixin.py:188} INFO - [2026-01-28T00:17:06.514+0000] {dag.py:3954} INFO - Setting next_dagrun for example_trigger_target_dag to None, run_after=None
[2026-01-28T00:17:06.533+0000] {processor.py:183} INFO - Processing /home/airflow/.local/lib/python3.12/site-packages/airflow/example_dags/example_trigger_target_dag.py took 0.064 seconds
[2026-01-28T00:17:37.287+0000] {processor.py:161} INFO - Started process (PID=4297) to work on /home/airflow/.local/lib/python3.12/site-packages/airflow/example_dags/example_trigger_target_dag.py
[2026-01-28T00:17:37.288+0000] {processor.py:830} INFO - Processing file /home/airflow/.local/lib/python3.12/site-packages/airflow/example_dags/example_trigger_target_dag.py for tasks to queue
[2026-01-28T00:17:37.290+0000] {logging_mixin.py:188} INFO - [2026-01-28T00:17:37.290+0000] {dagbag.py:540} INFO - Filling up the DagBag from /home/airflow/.local/lib/python3.12/site-packages/airflow/example_dags/example_trigger_target_dag.py
[2026-01-28T00:17:37.295+0000] {processor.py:840} INFO - DAG(s) 'example_trigger_target_dag' retrieved from /home/airflow/.local/lib/python3.12/site-packages/airflow/example_dags/example_trigger_target_dag.py
[2026-01-28T00:17:37.314+0000] {logging_mixin.py:188} INFO - [2026-01-28T00:17:37.314+0000] {dag.py:3096} INFO - Sync 1 DAGs
[2026-01-28T00:17:37.325+0000] {logging_mixin.py:188} INFO - [2026-01-28T00:17:37.325+0000] {dag.py:3954} INFO - Setting next_dagrun for example_trigger_target_dag to None, run_after=None
[2026-01-28T00:17:37.343+0000] {processor.py:183} INFO - Processing /home/airflow/.local/lib/python3.12/site-packages/airflow/example_dags/example_trigger_target_dag.py took 0.061 seconds
[2026-01-28T00:18:08.165+0000] {processor.py:161} INFO - Started process (PID=4349) to work on /home/airflow/.local/lib/python3.12/site-packages/airflow/example_dags/example_trigger_target_dag.py
[2026-01-28T00:18:08.166+0000] {processor.py:830} INFO - Processing file /home/airflow/.local/lib/python3.12/site-packages/airflow/example_dags/example_trigger_target_dag.py for tasks to queue
[2026-01-28T00:18:08.168+0000] {logging_mixin.py:188} INFO - [2026-01-28T00:18:08.168+0000] {dagbag.py:540} INFO - Filling up the DagBag from /home/airflow/.local/lib/python3.12/site-packages/airflow/example_dags/example_trigger_target_dag.py
[2026-01-28T00:18:08.173+0000] {processor.py:840} INFO - DAG(s) 'example_trigger_target_dag' retrieved from /home/airflow/.local/lib/python3.12/site-packages/airflow/example_dags/example_trigger_target_dag.py
[2026-01-28T00:18:08.192+0000] {logging_mixin.py:188} INFO - [2026-01-28T00:18:08.192+0000] {dag.py:3096} INFO - Sync 1 DAGs
[2026-01-28T00:18:08.203+0000] {logging_mixin.py:188} INFO - [2026-01-28T00:18:08.203+0000] {dag.py:3954} INFO - Setting next_dagrun for example_trigger_target_dag to None, run_after=None
[2026-01-28T00:18:08.224+0000] {processor.py:183} INFO - Processing /home/airflow/.local/lib/python3.12/site-packages/airflow/example_dags/example_trigger_target_dag.py took 0.065 seconds
[2026-01-28T00:18:38.878+0000] {processor.py:161} INFO - Started process (PID=4401) to work on /home/airflow/.local/lib/python3.12/site-packages/airflow/example_dags/example_trigger_target_dag.py
[2026-01-28T00:18:38.879+0000] {processor.py:830} INFO - Processing file /home/airflow/.local/lib/python3.12/site-packages/airflow/example_dags/example_trigger_target_dag.py for tasks to queue
[2026-01-28T00:18:38.881+0000] {logging_mixin.py:188} INFO - [2026-01-28T00:18:38.881+0000] {dagbag.py:540} INFO - Filling up the DagBag from /home/airflow/.local/lib/python3.12/site-packages/airflow/example_dags/example_trigger_target_dag.py
[2026-01-28T00:18:38.887+0000] {processor.py:840} INFO - DAG(s) 'example_trigger_target_dag' retrieved from /home/airflow/.local/lib/python3.12/site-packages/airflow/example_dags/example_trigger_target_dag.py
[2026-01-28T00:18:38.907+0000] {logging_mixin.py:188} INFO - [2026-01-28T00:18:38.907+0000] {dag.py:3096} INFO - Sync 1 DAGs
[2026-01-28T00:18:38.918+0000] {logging_mixin.py:188} INFO - [2026-01-28T00:18:38.918+0000] {dag.py:3954} INFO - Setting next_dagrun for example_trigger_target_dag to None, run_after=None
[2026-01-28T00:18:38.938+0000] {processor.py:183} INFO - Processing /home/airflow/.local/lib/python3.12/site-packages/airflow/example_dags/example_trigger_target_dag.py took 0.066 seconds
[2026-01-28T00:19:09.738+0000] {processor.py:161} INFO - Started process (PID=4453) to work on /home/airflow/.local/lib/python3.12/site-packages/airflow/example_dags/example_trigger_target_dag.py
[2026-01-28T00:19:09.739+0000] {processor.py:830} INFO - Processing file /home/airflow/.local/lib/python3.12/site-packages/airflow/example_dags/example_trigger_target_dag.py for tasks to queue
[2026-01-28T00:19:09.741+0000] {logging_mixin.py:188} INFO - [2026-01-28T00:19:09.741+0000] {dagbag.py:540} INFO - Filling up the DagBag from /home/airflow/.local/lib/python3.12/site-packages/airflow/example_dags/example_trigger_target_dag.py
[2026-01-28T00:19:09.747+0000] {processor.py:840} INFO - DAG(s) 'example_trigger_target_dag' retrieved from /home/airflow/.local/lib/python3.12/site-packages/airflow/example_dags/example_trigger_target_dag.py
[2026-01-28T00:19:09.766+0000] {logging_mixin.py:188} INFO - [2026-01-28T00:19:09.766+0000] {dag.py:3096} INFO - Sync 1 DAGs
[2026-01-28T00:19:09.778+0000] {logging_mixin.py:188} INFO - [2026-01-28T00:19:09.778+0000] {dag.py:3954} INFO - Setting next_dagrun for example_trigger_target_dag to None, run_after=None
[2026-01-28T00:19:09.798+0000] {processor.py:183} INFO - Processing /home/airflow/.local/lib/python3.12/site-packages/airflow/example_dags/example_trigger_target_dag.py took 0.066 seconds
[2026-01-28T00:19:40.227+0000] {processor.py:161} INFO - Started process (PID=4505) to work on /home/airflow/.local/lib/python3.12/site-packages/airflow/example_dags/example_trigger_target_dag.py
[2026-01-28T00:19:40.229+0000] {processor.py:830} INFO - Processing file /home/airflow/.local/lib/python3.12/site-packages/airflow/example_dags/example_trigger_target_dag.py for tasks to queue
[2026-01-28T00:19:40.230+0000] {logging_mixin.py:188} INFO - [2026-01-28T00:19:40.230+0000] {dagbag.py:540} INFO - Filling up the DagBag from /home/airflow/.local/lib/python3.12/site-packages/airflow/example_dags/example_trigger_target_dag.py
[2026-01-28T00:19:40.236+0000] {processor.py:840} INFO - DAG(s) 'example_trigger_target_dag' retrieved from /home/airflow/.local/lib/python3.12/site-packages/airflow/example_dags/example_trigger_target_dag.py
[2026-01-28T00:19:40.255+0000] {logging_mixin.py:188} INFO - [2026-01-28T00:19:40.255+0000] {dag.py:3096} INFO - Sync 1 DAGs
[2026-01-28T00:19:40.267+0000] {logging_mixin.py:188} INFO - [2026-01-28T00:19:40.266+0000] {dag.py:3954} INFO - Setting next_dagrun for example_trigger_target_dag to None, run_after=None
[2026-01-28T00:19:40.286+0000] {processor.py:183} INFO - Processing /home/airflow/.local/lib/python3.12/site-packages/airflow/example_dags/example_trigger_target_dag.py took 0.065 seconds
[2026-01-28T00:20:10.552+0000] {processor.py:161} INFO - Started process (PID=4557) to work on /home/airflow/.local/lib/python3.12/site-packages/airflow/example_dags/example_trigger_target_dag.py
[2026-01-28T00:20:10.553+0000] {processor.py:830} INFO - Processing file /home/airflow/.local/lib/python3.12/site-packages/airflow/example_dags/example_trigger_target_dag.py for tasks to queue
[2026-01-28T00:20:10.556+0000] {logging_mixin.py:188} INFO - [2026-01-28T00:20:10.555+0000] {dagbag.py:540} INFO - Filling up the DagBag from /home/airflow/.local/lib/python3.12/site-packages/airflow/example_dags/example_trigger_target_dag.py
[2026-01-28T00:20:10.561+0000] {processor.py:840} INFO - DAG(s) 'example_trigger_target_dag' retrieved from /home/airflow/.local/lib/python3.12/site-packages/airflow/example_dags/example_trigger_target_dag.py
[2026-01-28T00:20:10.580+0000] {logging_mixin.py:188} INFO - [2026-01-28T00:20:10.580+0000] {dag.py:3096} INFO - Sync 1 DAGs
[2026-01-28T00:20:10.591+0000] {logging_mixin.py:188} INFO - [2026-01-28T00:20:10.591+0000] {dag.py:3954} INFO - Setting next_dagrun for example_trigger_target_dag to None, run_after=None
[2026-01-28T00:20:10.612+0000] {processor.py:183} INFO - Processing /home/airflow/.local/lib/python3.12/site-packages/airflow/example_dags/example_trigger_target_dag.py took 0.065 seconds
[2026-01-28T00:20:41.233+0000] {processor.py:161} INFO - Started process (PID=4609) to work on /home/airflow/.local/lib/python3.12/site-packages/airflow/example_dags/example_trigger_target_dag.py
[2026-01-28T00:20:41.234+0000] {processor.py:830} INFO - Processing file /home/airflow/.local/lib/python3.12/site-packages/airflow/example_dags/example_trigger_target_dag.py for tasks to queue
[2026-01-28T00:20:41.236+0000] {logging_mixin.py:188} INFO - [2026-01-28T00:20:41.236+0000] {dagbag.py:540} INFO - Filling up the DagBag from /home/airflow/.local/lib/python3.12/site-packages/airflow/example_dags/example_trigger_target_dag.py
[2026-01-28T00:20:41.243+0000] {processor.py:840} INFO - DAG(s) 'example_trigger_target_dag' retrieved from /home/airflow/.local/lib/python3.12/site-packages/airflow/example_dags/example_trigger_target_dag.py
[2026-01-28T00:20:41.262+0000] {logging_mixin.py:188} INFO - [2026-01-28T00:20:41.261+0000] {dag.py:3096} INFO - Sync 1 DAGs
[2026-01-28T00:20:41.273+0000] {logging_mixin.py:188} INFO - [2026-01-28T00:20:41.273+0000] {dag.py:3954} INFO - Setting next_dagrun for example_trigger_target_dag to None, run_after=None
[2026-01-28T00:20:41.293+0000] {processor.py:183} INFO - Processing /home/airflow/.local/lib/python3.12/site-packages/airflow/example_dags/example_trigger_target_dag.py took 0.066 seconds
[2026-01-28T00:21:11.418+0000] {processor.py:161} INFO - Started process (PID=4661) to work on /home/airflow/.local/lib/python3.12/site-packages/airflow/example_dags/example_trigger_target_dag.py
[2026-01-28T00:21:11.419+0000] {processor.py:830} INFO - Processing file /home/airflow/.local/lib/python3.12/site-packages/airflow/example_dags/example_trigger_target_dag.py for tasks to queue
[2026-01-28T00:21:11.421+0000] {logging_mixin.py:188} INFO - [2026-01-28T00:21:11.421+0000] {dagbag.py:540} INFO - Filling up the DagBag from /home/airflow/.local/lib/python3.12/site-packages/airflow/example_dags/example_trigger_target_dag.py
[2026-01-28T00:21:11.427+0000] {processor.py:840} INFO - DAG(s) 'example_trigger_target_dag' retrieved from /home/airflow/.local/lib/python3.12/site-packages/airflow/example_dags/example_trigger_target_dag.py
[2026-01-28T00:21:11.448+0000] {logging_mixin.py:188} INFO - [2026-01-28T00:21:11.447+0000] {dag.py:3096} INFO - Sync 1 DAGs
[2026-01-28T00:21:11.459+0000] {logging_mixin.py:188} INFO - [2026-01-28T00:21:11.459+0000] {dag.py:3954} INFO - Setting next_dagrun for example_trigger_target_dag to None, run_after=None
[2026-01-28T00:21:11.480+0000] {processor.py:183} INFO - Processing /home/airflow/.local/lib/python3.12/site-packages/airflow/example_dags/example_trigger_target_dag.py took 0.068 seconds
[2026-01-28T00:21:41.621+0000] {processor.py:161} INFO - Started process (PID=4713) to work on /home/airflow/.local/lib/python3.12/site-packages/airflow/example_dags/example_trigger_target_dag.py
[2026-01-28T00:21:41.622+0000] {processor.py:830} INFO - Processing file /home/airflow/.local/lib/python3.12/site-packages/airflow/example_dags/example_trigger_target_dag.py for tasks to queue
[2026-01-28T00:21:41.624+0000] {logging_mixin.py:188} INFO - [2026-01-28T00:21:41.624+0000] {dagbag.py:540} INFO - Filling up the DagBag from /home/airflow/.local/lib/python3.12/site-packages/airflow/example_dags/example_trigger_target_dag.py
[2026-01-28T00:21:41.630+0000] {processor.py:840} INFO - DAG(s) 'example_trigger_target_dag' retrieved from /home/airflow/.local/lib/python3.12/site-packages/airflow/example_dags/example_trigger_target_dag.py
[2026-01-28T00:21:41.649+0000] {logging_mixin.py:188} INFO - [2026-01-28T00:21:41.649+0000] {dag.py:3096} INFO - Sync 1 DAGs
[2026-01-28T00:21:41.662+0000] {logging_mixin.py:188} INFO - [2026-01-28T00:21:41.661+0000] {dag.py:3954} INFO - Setting next_dagrun for example_trigger_target_dag to None, run_after=None
[2026-01-28T00:21:41.681+0000] {processor.py:183} INFO - Processing /home/airflow/.local/lib/python3.12/site-packages/airflow/example_dags/example_trigger_target_dag.py took 0.066 seconds
[2026-01-28T00:22:11.766+0000] {processor.py:161} INFO - Started process (PID=4765) to work on /home/airflow/.local/lib/python3.12/site-packages/airflow/example_dags/example_trigger_target_dag.py
[2026-01-28T00:22:11.767+0000] {processor.py:830} INFO - Processing file /home/airflow/.local/lib/python3.12/site-packages/airflow/example_dags/example_trigger_target_dag.py for tasks to queue
[2026-01-28T00:22:11.770+0000] {logging_mixin.py:188} INFO - [2026-01-28T00:22:11.769+0000] {dagbag.py:540} INFO - Filling up the DagBag from /home/airflow/.local/lib/python3.12/site-packages/airflow/example_dags/example_trigger_target_dag.py
[2026-01-28T00:22:11.775+0000] {processor.py:840} INFO - DAG(s) 'example_trigger_target_dag' retrieved from /home/airflow/.local/lib/python3.12/site-packages/airflow/example_dags/example_trigger_target_dag.py
[2026-01-28T00:22:11.795+0000] {logging_mixin.py:188} INFO - [2026-01-28T00:22:11.795+0000] {dag.py:3096} INFO - Sync 1 DAGs
[2026-01-28T00:22:11.806+0000] {logging_mixin.py:188} INFO - [2026-01-28T00:22:11.806+0000] {dag.py:3954} INFO - Setting next_dagrun for example_trigger_target_dag to None, run_after=None
[2026-01-28T00:22:11.825+0000] {processor.py:183} INFO - Processing /home/airflow/.local/lib/python3.12/site-packages/airflow/example_dags/example_trigger_target_dag.py took 0.065 seconds
[2026-01-28T00:22:41.946+0000] {processor.py:161} INFO - Started process (PID=4817) to work on /home/airflow/.local/lib/python3.12/site-packages/airflow/example_dags/example_trigger_target_dag.py
[2026-01-28T00:22:41.947+0000] {processor.py:830} INFO - Processing file /home/airflow/.local/lib/python3.12/site-packages/airflow/example_dags/example_trigger_target_dag.py for tasks to queue
[2026-01-28T00:22:41.949+0000] {logging_mixin.py:188} INFO - [2026-01-28T00:22:41.949+0000] {dagbag.py:540} INFO - Filling up the DagBag from /home/airflow/.local/lib/python3.12/site-packages/airflow/example_dags/example_trigger_target_dag.py
[2026-01-28T00:22:41.955+0000] {processor.py:840} INFO - DAG(s) 'example_trigger_target_dag' retrieved from /home/airflow/.local/lib/python3.12/site-packages/airflow/example_dags/example_trigger_target_dag.py
[2026-01-28T00:22:41.975+0000] {logging_mixin.py:188} INFO - [2026-01-28T00:22:41.975+0000] {dag.py:3096} INFO - Sync 1 DAGs
[2026-01-28T00:22:41.987+0000] {logging_mixin.py:188} INFO - [2026-01-28T00:22:41.986+0000] {dag.py:3954} INFO - Setting next_dagrun for example_trigger_target_dag to None, run_after=None
[2026-01-28T00:22:42.007+0000] {processor.py:183} INFO - Processing /home/airflow/.local/lib/python3.12/site-packages/airflow/example_dags/example_trigger_target_dag.py took 0.067 seconds
[2026-01-28T00:23:12.211+0000] {processor.py:161} INFO - Started process (PID=4869) to work on /home/airflow/.local/lib/python3.12/site-packages/airflow/example_dags/example_trigger_target_dag.py
[2026-01-28T00:23:12.212+0000] {processor.py:830} INFO - Processing file /home/airflow/.local/lib/python3.12/site-packages/airflow/example_dags/example_trigger_target_dag.py for tasks to queue
[2026-01-28T00:23:12.214+0000] {logging_mixin.py:188} INFO - [2026-01-28T00:23:12.214+0000] {dagbag.py:540} INFO - Filling up the DagBag from /home/airflow/.local/lib/python3.12/site-packages/airflow/example_dags/example_trigger_target_dag.py
[2026-01-28T00:23:12.221+0000] {processor.py:840} INFO - DAG(s) 'example_trigger_target_dag' retrieved from /home/airflow/.local/lib/python3.12/site-packages/airflow/example_dags/example_trigger_target_dag.py
[2026-01-28T00:23:12.241+0000] {logging_mixin.py:188} INFO - [2026-01-28T00:23:12.241+0000] {dag.py:3096} INFO - Sync 1 DAGs
[2026-01-28T00:23:12.253+0000] {logging_mixin.py:188} INFO - [2026-01-28T00:23:12.253+0000] {dag.py:3954} INFO - Setting next_dagrun for example_trigger_target_dag to None, run_after=None
[2026-01-28T00:23:12.272+0000] {processor.py:183} INFO - Processing /home/airflow/.local/lib/python3.12/site-packages/airflow/example_dags/example_trigger_target_dag.py took 0.067 seconds
[2026-01-28T00:23:42.500+0000] {processor.py:161} INFO - Started process (PID=4921) to work on /home/airflow/.local/lib/python3.12/site-packages/airflow/example_dags/example_trigger_target_dag.py
[2026-01-28T00:23:42.501+0000] {processor.py:830} INFO - Processing file /home/airflow/.local/lib/python3.12/site-packages/airflow/example_dags/example_trigger_target_dag.py for tasks to queue
[2026-01-28T00:23:42.503+0000] {logging_mixin.py:188} INFO - [2026-01-28T00:23:42.502+0000] {dagbag.py:540} INFO - Filling up the DagBag from /home/airflow/.local/lib/python3.12/site-packages/airflow/example_dags/example_trigger_target_dag.py
[2026-01-28T00:23:42.509+0000] {processor.py:840} INFO - DAG(s) 'example_trigger_target_dag' retrieved from /home/airflow/.local/lib/python3.12/site-packages/airflow/example_dags/example_trigger_target_dag.py
[2026-01-28T00:23:42.528+0000] {logging_mixin.py:188} INFO - [2026-01-28T00:23:42.528+0000] {dag.py:3096} INFO - Sync 1 DAGs
[2026-01-28T00:23:42.540+0000] {logging_mixin.py:188} INFO - [2026-01-28T00:23:42.540+0000] {dag.py:3954} INFO - Setting next_dagrun for example_trigger_target_dag to None, run_after=None
[2026-01-28T00:23:42.561+0000] {processor.py:183} INFO - Processing /home/airflow/.local/lib/python3.12/site-packages/airflow/example_dags/example_trigger_target_dag.py took 0.068 seconds
[2026-01-28T00:24:12.985+0000] {processor.py:161} INFO - Started process (PID=4973) to work on /home/airflow/.local/lib/python3.12/site-packages/airflow/example_dags/example_trigger_target_dag.py
[2026-01-28T00:24:12.986+0000] {processor.py:830} INFO - Processing file /home/airflow/.local/lib/python3.12/site-packages/airflow/example_dags/example_trigger_target_dag.py for tasks to queue
[2026-01-28T00:24:12.988+0000] {logging_mixin.py:188} INFO - [2026-01-28T00:24:12.988+0000] {dagbag.py:540} INFO - Filling up the DagBag from /home/airflow/.local/lib/python3.12/site-packages/airflow/example_dags/example_trigger_target_dag.py
[2026-01-28T00:24:12.993+0000] {processor.py:840} INFO - DAG(s) 'example_trigger_target_dag' retrieved from /home/airflow/.local/lib/python3.12/site-packages/airflow/example_dags/example_trigger_target_dag.py
[2026-01-28T00:24:13.012+0000] {logging_mixin.py:188} INFO - [2026-01-28T00:24:13.011+0000] {dag.py:3096} INFO - Sync 1 DAGs
[2026-01-28T00:24:13.023+0000] {logging_mixin.py:188} INFO - [2026-01-28T00:24:13.022+0000] {dag.py:3954} INFO - Setting next_dagrun for example_trigger_target_dag to None, run_after=None
[2026-01-28T00:24:13.042+0000] {processor.py:183} INFO - Processing /home/airflow/.local/lib/python3.12/site-packages/airflow/example_dags/example_trigger_target_dag.py took 0.063 seconds
[2026-01-28T00:24:43.101+0000] {processor.py:161} INFO - Started process (PID=5025) to work on /home/airflow/.local/lib/python3.12/site-packages/airflow/example_dags/example_trigger_target_dag.py
[2026-01-28T00:24:43.102+0000] {processor.py:830} INFO - Processing file /home/airflow/.local/lib/python3.12/site-packages/airflow/example_dags/example_trigger_target_dag.py for tasks to queue
[2026-01-28T00:24:43.104+0000] {logging_mixin.py:188} INFO - [2026-01-28T00:24:43.103+0000] {dagbag.py:540} INFO - Filling up the DagBag from /home/airflow/.local/lib/python3.12/site-packages/airflow/example_dags/example_trigger_target_dag.py
[2026-01-28T00:24:43.109+0000] {processor.py:840} INFO - DAG(s) 'example_trigger_target_dag' retrieved from /home/airflow/.local/lib/python3.12/site-packages/airflow/example_dags/example_trigger_target_dag.py
[2026-01-28T00:24:43.127+0000] {logging_mixin.py:188} INFO - [2026-01-28T00:24:43.127+0000] {dag.py:3096} INFO - Sync 1 DAGs
[2026-01-28T00:24:43.138+0000] {logging_mixin.py:188} INFO - [2026-01-28T00:24:43.138+0000] {dag.py:3954} INFO - Setting next_dagrun for example_trigger_target_dag to None, run_after=None
[2026-01-28T00:24:43.156+0000] {processor.py:183} INFO - Processing /home/airflow/.local/lib/python3.12/site-packages/airflow/example_dags/example_trigger_target_dag.py took 0.061 seconds
[2026-01-28T00:25:13.934+0000] {processor.py:161} INFO - Started process (PID=5075) to work on /home/airflow/.local/lib/python3.12/site-packages/airflow/example_dags/example_trigger_target_dag.py
[2026-01-28T00:25:13.935+0000] {processor.py:830} INFO - Processing file /home/airflow/.local/lib/python3.12/site-packages/airflow/example_dags/example_trigger_target_dag.py for tasks to queue
[2026-01-28T00:25:13.937+0000] {logging_mixin.py:188} INFO - [2026-01-28T00:25:13.936+0000] {dagbag.py:540} INFO - Filling up the DagBag from /home/airflow/.local/lib/python3.12/site-packages/airflow/example_dags/example_trigger_target_dag.py
[2026-01-28T00:25:13.942+0000] {processor.py:840} INFO - DAG(s) 'example_trigger_target_dag' retrieved from /home/airflow/.local/lib/python3.12/site-packages/airflow/example_dags/example_trigger_target_dag.py
[2026-01-28T00:25:13.960+0000] {logging_mixin.py:188} INFO - [2026-01-28T00:25:13.960+0000] {dag.py:3096} INFO - Sync 1 DAGs
[2026-01-28T00:25:13.970+0000] {logging_mixin.py:188} INFO - [2026-01-28T00:25:13.970+0000] {dag.py:3954} INFO - Setting next_dagrun for example_trigger_target_dag to None, run_after=None
[2026-01-28T00:25:13.988+0000] {processor.py:183} INFO - Processing /home/airflow/.local/lib/python3.12/site-packages/airflow/example_dags/example_trigger_target_dag.py took 0.060 seconds
[2026-01-28T00:25:44.155+0000] {processor.py:161} INFO - Started process (PID=5127) to work on /home/airflow/.local/lib/python3.12/site-packages/airflow/example_dags/example_trigger_target_dag.py
[2026-01-28T00:25:44.156+0000] {processor.py:830} INFO - Processing file /home/airflow/.local/lib/python3.12/site-packages/airflow/example_dags/example_trigger_target_dag.py for tasks to queue
[2026-01-28T00:25:44.158+0000] {logging_mixin.py:188} INFO - [2026-01-28T00:25:44.158+0000] {dagbag.py:540} INFO - Filling up the DagBag from /home/airflow/.local/lib/python3.12/site-packages/airflow/example_dags/example_trigger_target_dag.py
[2026-01-28T00:25:44.163+0000] {processor.py:840} INFO - DAG(s) 'example_trigger_target_dag' retrieved from /home/airflow/.local/lib/python3.12/site-packages/airflow/example_dags/example_trigger_target_dag.py
[2026-01-28T00:25:44.181+0000] {logging_mixin.py:188} INFO - [2026-01-28T00:25:44.181+0000] {dag.py:3096} INFO - Sync 1 DAGs
[2026-01-28T00:25:44.191+0000] {logging_mixin.py:188} INFO - [2026-01-28T00:25:44.191+0000] {dag.py:3954} INFO - Setting next_dagrun for example_trigger_target_dag to None, run_after=None
[2026-01-28T00:25:44.208+0000] {processor.py:183} INFO - Processing /home/airflow/.local/lib/python3.12/site-packages/airflow/example_dags/example_trigger_target_dag.py took 0.058 seconds
[2026-01-28T00:26:14.469+0000] {processor.py:161} INFO - Started process (PID=5179) to work on /home/airflow/.local/lib/python3.12/site-packages/airflow/example_dags/example_trigger_target_dag.py
[2026-01-28T00:26:14.470+0000] {processor.py:830} INFO - Processing file /home/airflow/.local/lib/python3.12/site-packages/airflow/example_dags/example_trigger_target_dag.py for tasks to queue
[2026-01-28T00:26:14.472+0000] {logging_mixin.py:188} INFO - [2026-01-28T00:26:14.471+0000] {dagbag.py:540} INFO - Filling up the DagBag from /home/airflow/.local/lib/python3.12/site-packages/airflow/example_dags/example_trigger_target_dag.py
[2026-01-28T00:26:14.477+0000] {processor.py:840} INFO - DAG(s) 'example_trigger_target_dag' retrieved from /home/airflow/.local/lib/python3.12/site-packages/airflow/example_dags/example_trigger_target_dag.py
[2026-01-28T00:26:14.495+0000] {logging_mixin.py:188} INFO - [2026-01-28T00:26:14.494+0000] {dag.py:3096} INFO - Sync 1 DAGs
[2026-01-28T00:26:14.506+0000] {logging_mixin.py:188} INFO - [2026-01-28T00:26:14.506+0000] {dag.py:3954} INFO - Setting next_dagrun for example_trigger_target_dag to None, run_after=None
[2026-01-28T00:26:14.524+0000] {processor.py:183} INFO - Processing /home/airflow/.local/lib/python3.12/site-packages/airflow/example_dags/example_trigger_target_dag.py took 0.061 seconds
[2026-01-28T00:26:45.522+0000] {processor.py:161} INFO - Started process (PID=5231) to work on /home/airflow/.local/lib/python3.12/site-packages/airflow/example_dags/example_trigger_target_dag.py
[2026-01-28T00:26:45.524+0000] {processor.py:830} INFO - Processing file /home/airflow/.local/lib/python3.12/site-packages/airflow/example_dags/example_trigger_target_dag.py for tasks to queue
[2026-01-28T00:26:45.526+0000] {logging_mixin.py:188} INFO - [2026-01-28T00:26:45.526+0000] {dagbag.py:540} INFO - Filling up the DagBag from /home/airflow/.local/lib/python3.12/site-packages/airflow/example_dags/example_trigger_target_dag.py
[2026-01-28T00:26:45.534+0000] {processor.py:840} INFO - DAG(s) 'example_trigger_target_dag' retrieved from /home/airflow/.local/lib/python3.12/site-packages/airflow/example_dags/example_trigger_target_dag.py
[2026-01-28T00:26:45.555+0000] {logging_mixin.py:188} INFO - [2026-01-28T00:26:45.555+0000] {dag.py:3096} INFO - Sync 1 DAGs
[2026-01-28T00:26:45.569+0000] {logging_mixin.py:188} INFO - [2026-01-28T00:26:45.569+0000] {dag.py:3954} INFO - Setting next_dagrun for example_trigger_target_dag to None, run_after=None
[2026-01-28T00:26:45.591+0000] {processor.py:183} INFO - Processing /home/airflow/.local/lib/python3.12/site-packages/airflow/example_dags/example_trigger_target_dag.py took 0.077 seconds
[2026-01-28T00:27:16.096+0000] {processor.py:161} INFO - Started process (PID=5283) to work on /home/airflow/.local/lib/python3.12/site-packages/airflow/example_dags/example_trigger_target_dag.py
[2026-01-28T00:27:16.097+0000] {processor.py:830} INFO - Processing file /home/airflow/.local/lib/python3.12/site-packages/airflow/example_dags/example_trigger_target_dag.py for tasks to queue
[2026-01-28T00:27:16.099+0000] {logging_mixin.py:188} INFO - [2026-01-28T00:27:16.098+0000] {dagbag.py:540} INFO - Filling up the DagBag from /home/airflow/.local/lib/python3.12/site-packages/airflow/example_dags/example_trigger_target_dag.py
[2026-01-28T00:27:16.104+0000] {processor.py:840} INFO - DAG(s) 'example_trigger_target_dag' retrieved from /home/airflow/.local/lib/python3.12/site-packages/airflow/example_dags/example_trigger_target_dag.py
[2026-01-28T00:27:16.125+0000] {logging_mixin.py:188} INFO - [2026-01-28T00:27:16.125+0000] {dag.py:3096} INFO - Sync 1 DAGs
[2026-01-28T00:27:16.136+0000] {logging_mixin.py:188} INFO - [2026-01-28T00:27:16.136+0000] {dag.py:3954} INFO - Setting next_dagrun for example_trigger_target_dag to None, run_after=None
[2026-01-28T00:27:16.156+0000] {processor.py:183} INFO - Processing /home/airflow/.local/lib/python3.12/site-packages/airflow/example_dags/example_trigger_target_dag.py took 0.066 seconds
[2026-01-28T00:27:46.436+0000] {processor.py:161} INFO - Started process (PID=5335) to work on /home/airflow/.local/lib/python3.12/site-packages/airflow/example_dags/example_trigger_target_dag.py
[2026-01-28T00:27:46.437+0000] {processor.py:830} INFO - Processing file /home/airflow/.local/lib/python3.12/site-packages/airflow/example_dags/example_trigger_target_dag.py for tasks to queue
[2026-01-28T00:27:46.439+0000] {logging_mixin.py:188} INFO - [2026-01-28T00:27:46.439+0000] {dagbag.py:540} INFO - Filling up the DagBag from /home/airflow/.local/lib/python3.12/site-packages/airflow/example_dags/example_trigger_target_dag.py
[2026-01-28T00:27:46.445+0000] {processor.py:840} INFO - DAG(s) 'example_trigger_target_dag' retrieved from /home/airflow/.local/lib/python3.12/site-packages/airflow/example_dags/example_trigger_target_dag.py
[2026-01-28T00:27:46.467+0000] {logging_mixin.py:188} INFO - [2026-01-28T00:27:46.466+0000] {dag.py:3096} INFO - Sync 1 DAGs
[2026-01-28T00:27:46.494+0000] {logging_mixin.py:188} INFO - [2026-01-28T00:27:46.494+0000] {dag.py:3954} INFO - Setting next_dagrun for example_trigger_target_dag to None, run_after=None
[2026-01-28T00:27:46.515+0000] {processor.py:183} INFO - Processing /home/airflow/.local/lib/python3.12/site-packages/airflow/example_dags/example_trigger_target_dag.py took 0.084 seconds
[2026-01-28T00:28:16.886+0000] {processor.py:161} INFO - Started process (PID=5387) to work on /home/airflow/.local/lib/python3.12/site-packages/airflow/example_dags/example_trigger_target_dag.py
[2026-01-28T00:28:16.887+0000] {processor.py:830} INFO - Processing file /home/airflow/.local/lib/python3.12/site-packages/airflow/example_dags/example_trigger_target_dag.py for tasks to queue
[2026-01-28T00:28:16.889+0000] {logging_mixin.py:188} INFO - [2026-01-28T00:28:16.889+0000] {dagbag.py:540} INFO - Filling up the DagBag from /home/airflow/.local/lib/python3.12/site-packages/airflow/example_dags/example_trigger_target_dag.py
[2026-01-28T00:28:16.895+0000] {processor.py:840} INFO - DAG(s) 'example_trigger_target_dag' retrieved from /home/airflow/.local/lib/python3.12/site-packages/airflow/example_dags/example_trigger_target_dag.py
[2026-01-28T00:28:16.915+0000] {logging_mixin.py:188} INFO - [2026-01-28T00:28:16.915+0000] {dag.py:3096} INFO - Sync 1 DAGs
[2026-01-28T00:28:16.927+0000] {logging_mixin.py:188} INFO - [2026-01-28T00:28:16.927+0000] {dag.py:3954} INFO - Setting next_dagrun for example_trigger_target_dag to None, run_after=None
[2026-01-28T00:28:16.948+0000] {processor.py:183} INFO - Processing /home/airflow/.local/lib/python3.12/site-packages/airflow/example_dags/example_trigger_target_dag.py took 0.067 seconds
[2026-01-28T00:28:47.620+0000] {processor.py:161} INFO - Started process (PID=5439) to work on /home/airflow/.local/lib/python3.12/site-packages/airflow/example_dags/example_trigger_target_dag.py
[2026-01-28T00:28:47.621+0000] {processor.py:830} INFO - Processing file /home/airflow/.local/lib/python3.12/site-packages/airflow/example_dags/example_trigger_target_dag.py for tasks to queue
[2026-01-28T00:28:47.623+0000] {logging_mixin.py:188} INFO - [2026-01-28T00:28:47.622+0000] {dagbag.py:540} INFO - Filling up the DagBag from /home/airflow/.local/lib/python3.12/site-packages/airflow/example_dags/example_trigger_target_dag.py
[2026-01-28T00:28:47.631+0000] {processor.py:840} INFO - DAG(s) 'example_trigger_target_dag' retrieved from /home/airflow/.local/lib/python3.12/site-packages/airflow/example_dags/example_trigger_target_dag.py
[2026-01-28T00:28:47.653+0000] {logging_mixin.py:188} INFO - [2026-01-28T00:28:47.653+0000] {dag.py:3096} INFO - Sync 1 DAGs
[2026-01-28T00:28:47.668+0000] {logging_mixin.py:188} INFO - [2026-01-28T00:28:47.667+0000] {dag.py:3954} INFO - Setting next_dagrun for example_trigger_target_dag to None, run_after=None
[2026-01-28T00:28:47.690+0000] {processor.py:183} INFO - Processing /home/airflow/.local/lib/python3.12/site-packages/airflow/example_dags/example_trigger_target_dag.py took 0.075 seconds
[2026-01-28T00:29:17.820+0000] {processor.py:161} INFO - Started process (PID=5491) to work on /home/airflow/.local/lib/python3.12/site-packages/airflow/example_dags/example_trigger_target_dag.py
[2026-01-28T00:29:17.821+0000] {processor.py:830} INFO - Processing file /home/airflow/.local/lib/python3.12/site-packages/airflow/example_dags/example_trigger_target_dag.py for tasks to queue
[2026-01-28T00:29:17.823+0000] {logging_mixin.py:188} INFO - [2026-01-28T00:29:17.823+0000] {dagbag.py:540} INFO - Filling up the DagBag from /home/airflow/.local/lib/python3.12/site-packages/airflow/example_dags/example_trigger_target_dag.py
[2026-01-28T00:29:17.831+0000] {processor.py:840} INFO - DAG(s) 'example_trigger_target_dag' retrieved from /home/airflow/.local/lib/python3.12/site-packages/airflow/example_dags/example_trigger_target_dag.py
[2026-01-28T00:29:17.851+0000] {logging_mixin.py:188} INFO - [2026-01-28T00:29:17.850+0000] {dag.py:3096} INFO - Sync 1 DAGs
[2026-01-28T00:29:17.862+0000] {logging_mixin.py:188} INFO - [2026-01-28T00:29:17.861+0000] {dag.py:3954} INFO - Setting next_dagrun for example_trigger_target_dag to None, run_after=None
[2026-01-28T00:29:17.881+0000] {processor.py:183} INFO - Processing /home/airflow/.local/lib/python3.12/site-packages/airflow/example_dags/example_trigger_target_dag.py took 0.068 seconds
[2026-01-28T00:29:47.941+0000] {processor.py:161} INFO - Started process (PID=5543) to work on /home/airflow/.local/lib/python3.12/site-packages/airflow/example_dags/example_trigger_target_dag.py
[2026-01-28T00:29:47.942+0000] {processor.py:830} INFO - Processing file /home/airflow/.local/lib/python3.12/site-packages/airflow/example_dags/example_trigger_target_dag.py for tasks to queue
[2026-01-28T00:29:47.944+0000] {logging_mixin.py:188} INFO - [2026-01-28T00:29:47.944+0000] {dagbag.py:540} INFO - Filling up the DagBag from /home/airflow/.local/lib/python3.12/site-packages/airflow/example_dags/example_trigger_target_dag.py
[2026-01-28T00:29:47.949+0000] {processor.py:840} INFO - DAG(s) 'example_trigger_target_dag' retrieved from /home/airflow/.local/lib/python3.12/site-packages/airflow/example_dags/example_trigger_target_dag.py
[2026-01-28T00:29:47.967+0000] {logging_mixin.py:188} INFO - [2026-01-28T00:29:47.967+0000] {dag.py:3096} INFO - Sync 1 DAGs
[2026-01-28T00:29:47.982+0000] {logging_mixin.py:188} INFO - [2026-01-28T00:29:47.982+0000] {dag.py:3954} INFO - Setting next_dagrun for example_trigger_target_dag to None, run_after=None
[2026-01-28T00:29:47.999+0000] {processor.py:183} INFO - Processing /home/airflow/.local/lib/python3.12/site-packages/airflow/example_dags/example_trigger_target_dag.py took 0.065 seconds
[2026-01-28T00:30:18.517+0000] {processor.py:161} INFO - Started process (PID=5595) to work on /home/airflow/.local/lib/python3.12/site-packages/airflow/example_dags/example_trigger_target_dag.py
[2026-01-28T00:30:18.518+0000] {processor.py:830} INFO - Processing file /home/airflow/.local/lib/python3.12/site-packages/airflow/example_dags/example_trigger_target_dag.py for tasks to queue
[2026-01-28T00:30:18.520+0000] {logging_mixin.py:188} INFO - [2026-01-28T00:30:18.520+0000] {dagbag.py:540} INFO - Filling up the DagBag from /home/airflow/.local/lib/python3.12/site-packages/airflow/example_dags/example_trigger_target_dag.py
[2026-01-28T00:30:18.525+0000] {processor.py:840} INFO - DAG(s) 'example_trigger_target_dag' retrieved from /home/airflow/.local/lib/python3.12/site-packages/airflow/example_dags/example_trigger_target_dag.py
[2026-01-28T00:30:18.544+0000] {logging_mixin.py:188} INFO - [2026-01-28T00:30:18.544+0000] {dag.py:3096} INFO - Sync 1 DAGs
[2026-01-28T00:30:18.554+0000] {logging_mixin.py:188} INFO - [2026-01-28T00:30:18.554+0000] {dag.py:3954} INFO - Setting next_dagrun for example_trigger_target_dag to None, run_after=None
[2026-01-28T00:30:18.572+0000] {processor.py:183} INFO - Processing /home/airflow/.local/lib/python3.12/site-packages/airflow/example_dags/example_trigger_target_dag.py took 0.061 seconds
[2026-01-28T00:30:49.187+0000] {processor.py:161} INFO - Started process (PID=5647) to work on /home/airflow/.local/lib/python3.12/site-packages/airflow/example_dags/example_trigger_target_dag.py
[2026-01-28T00:30:49.188+0000] {processor.py:830} INFO - Processing file /home/airflow/.local/lib/python3.12/site-packages/airflow/example_dags/example_trigger_target_dag.py for tasks to queue
[2026-01-28T00:30:49.189+0000] {logging_mixin.py:188} INFO - [2026-01-28T00:30:49.189+0000] {dagbag.py:540} INFO - Filling up the DagBag from /home/airflow/.local/lib/python3.12/site-packages/airflow/example_dags/example_trigger_target_dag.py
[2026-01-28T00:30:49.195+0000] {processor.py:840} INFO - DAG(s) 'example_trigger_target_dag' retrieved from /home/airflow/.local/lib/python3.12/site-packages/airflow/example_dags/example_trigger_target_dag.py
[2026-01-28T00:30:49.214+0000] {logging_mixin.py:188} INFO - [2026-01-28T00:30:49.214+0000] {dag.py:3096} INFO - Sync 1 DAGs
[2026-01-28T00:30:49.224+0000] {logging_mixin.py:188} INFO - [2026-01-28T00:30:49.224+0000] {dag.py:3954} INFO - Setting next_dagrun for example_trigger_target_dag to None, run_after=None
[2026-01-28T00:30:49.244+0000] {processor.py:183} INFO - Processing /home/airflow/.local/lib/python3.12/site-packages/airflow/example_dags/example_trigger_target_dag.py took 0.062 seconds
[2026-01-28T00:31:19.699+0000] {processor.py:161} INFO - Started process (PID=5699) to work on /home/airflow/.local/lib/python3.12/site-packages/airflow/example_dags/example_trigger_target_dag.py
[2026-01-28T00:31:19.700+0000] {processor.py:830} INFO - Processing file /home/airflow/.local/lib/python3.12/site-packages/airflow/example_dags/example_trigger_target_dag.py for tasks to queue
[2026-01-28T00:31:19.702+0000] {logging_mixin.py:188} INFO - [2026-01-28T00:31:19.702+0000] {dagbag.py:540} INFO - Filling up the DagBag from /home/airflow/.local/lib/python3.12/site-packages/airflow/example_dags/example_trigger_target_dag.py
[2026-01-28T00:31:19.707+0000] {processor.py:840} INFO - DAG(s) 'example_trigger_target_dag' retrieved from /home/airflow/.local/lib/python3.12/site-packages/airflow/example_dags/example_trigger_target_dag.py
[2026-01-28T00:31:19.726+0000] {logging_mixin.py:188} INFO - [2026-01-28T00:31:19.725+0000] {dag.py:3096} INFO - Sync 1 DAGs
[2026-01-28T00:31:19.737+0000] {logging_mixin.py:188} INFO - [2026-01-28T00:31:19.736+0000] {dag.py:3954} INFO - Setting next_dagrun for example_trigger_target_dag to None, run_after=None
[2026-01-28T00:31:19.754+0000] {processor.py:183} INFO - Processing /home/airflow/.local/lib/python3.12/site-packages/airflow/example_dags/example_trigger_target_dag.py took 0.060 seconds
[2026-01-28T00:31:50.273+0000] {processor.py:161} INFO - Started process (PID=5751) to work on /home/airflow/.local/lib/python3.12/site-packages/airflow/example_dags/example_trigger_target_dag.py
[2026-01-28T00:31:50.274+0000] {processor.py:830} INFO - Processing file /home/airflow/.local/lib/python3.12/site-packages/airflow/example_dags/example_trigger_target_dag.py for tasks to queue
[2026-01-28T00:31:50.276+0000] {logging_mixin.py:188} INFO - [2026-01-28T00:31:50.276+0000] {dagbag.py:540} INFO - Filling up the DagBag from /home/airflow/.local/lib/python3.12/site-packages/airflow/example_dags/example_trigger_target_dag.py
[2026-01-28T00:31:50.282+0000] {processor.py:840} INFO - DAG(s) 'example_trigger_target_dag' retrieved from /home/airflow/.local/lib/python3.12/site-packages/airflow/example_dags/example_trigger_target_dag.py
[2026-01-28T00:31:50.301+0000] {logging_mixin.py:188} INFO - [2026-01-28T00:31:50.301+0000] {dag.py:3096} INFO - Sync 1 DAGs
[2026-01-28T00:31:50.312+0000] {logging_mixin.py:188} INFO - [2026-01-28T00:31:50.312+0000] {dag.py:3954} INFO - Setting next_dagrun for example_trigger_target_dag to None, run_after=None
[2026-01-28T00:31:50.332+0000] {processor.py:183} INFO - Processing /home/airflow/.local/lib/python3.12/site-packages/airflow/example_dags/example_trigger_target_dag.py took 0.065 seconds
[2026-01-28T00:32:20.932+0000] {processor.py:161} INFO - Started process (PID=5803) to work on /home/airflow/.local/lib/python3.12/site-packages/airflow/example_dags/example_trigger_target_dag.py
[2026-01-28T00:32:20.933+0000] {processor.py:830} INFO - Processing file /home/airflow/.local/lib/python3.12/site-packages/airflow/example_dags/example_trigger_target_dag.py for tasks to queue
[2026-01-28T00:32:20.935+0000] {logging_mixin.py:188} INFO - [2026-01-28T00:32:20.934+0000] {dagbag.py:540} INFO - Filling up the DagBag from /home/airflow/.local/lib/python3.12/site-packages/airflow/example_dags/example_trigger_target_dag.py
[2026-01-28T00:32:20.940+0000] {processor.py:840} INFO - DAG(s) 'example_trigger_target_dag' retrieved from /home/airflow/.local/lib/python3.12/site-packages/airflow/example_dags/example_trigger_target_dag.py
[2026-01-28T00:32:20.961+0000] {logging_mixin.py:188} INFO - [2026-01-28T00:32:20.960+0000] {dag.py:3096} INFO - Sync 1 DAGs
[2026-01-28T00:32:20.972+0000] {logging_mixin.py:188} INFO - [2026-01-28T00:32:20.972+0000] {dag.py:3954} INFO - Setting next_dagrun for example_trigger_target_dag to None, run_after=None
[2026-01-28T00:32:20.990+0000] {processor.py:183} INFO - Processing /home/airflow/.local/lib/python3.12/site-packages/airflow/example_dags/example_trigger_target_dag.py took 0.064 seconds
[2026-01-28T00:32:51.477+0000] {processor.py:161} INFO - Started process (PID=5855) to work on /home/airflow/.local/lib/python3.12/site-packages/airflow/example_dags/example_trigger_target_dag.py
[2026-01-28T00:32:51.479+0000] {processor.py:830} INFO - Processing file /home/airflow/.local/lib/python3.12/site-packages/airflow/example_dags/example_trigger_target_dag.py for tasks to queue
[2026-01-28T00:32:51.480+0000] {logging_mixin.py:188} INFO - [2026-01-28T00:32:51.480+0000] {dagbag.py:540} INFO - Filling up the DagBag from /home/airflow/.local/lib/python3.12/site-packages/airflow/example_dags/example_trigger_target_dag.py
[2026-01-28T00:32:51.486+0000] {processor.py:840} INFO - DAG(s) 'example_trigger_target_dag' retrieved from /home/airflow/.local/lib/python3.12/site-packages/airflow/example_dags/example_trigger_target_dag.py
[2026-01-28T00:32:51.504+0000] {logging_mixin.py:188} INFO - [2026-01-28T00:32:51.503+0000] {dag.py:3096} INFO - Sync 1 DAGs
[2026-01-28T00:32:51.514+0000] {logging_mixin.py:188} INFO - [2026-01-28T00:32:51.514+0000] {dag.py:3954} INFO - Setting next_dagrun for example_trigger_target_dag to None, run_after=None
[2026-01-28T00:32:51.532+0000] {processor.py:183} INFO - Processing /home/airflow/.local/lib/python3.12/site-packages/airflow/example_dags/example_trigger_target_dag.py took 0.060 seconds
[2026-01-28T00:33:21.943+0000] {processor.py:161} INFO - Started process (PID=5907) to work on /home/airflow/.local/lib/python3.12/site-packages/airflow/example_dags/example_trigger_target_dag.py
[2026-01-28T00:33:21.944+0000] {processor.py:830} INFO - Processing file /home/airflow/.local/lib/python3.12/site-packages/airflow/example_dags/example_trigger_target_dag.py for tasks to queue
[2026-01-28T00:33:21.946+0000] {logging_mixin.py:188} INFO - [2026-01-28T00:33:21.946+0000] {dagbag.py:540} INFO - Filling up the DagBag from /home/airflow/.local/lib/python3.12/site-packages/airflow/example_dags/example_trigger_target_dag.py
[2026-01-28T00:33:21.951+0000] {processor.py:840} INFO - DAG(s) 'example_trigger_target_dag' retrieved from /home/airflow/.local/lib/python3.12/site-packages/airflow/example_dags/example_trigger_target_dag.py
[2026-01-28T00:33:21.970+0000] {logging_mixin.py:188} INFO - [2026-01-28T00:33:21.970+0000] {dag.py:3096} INFO - Sync 1 DAGs
[2026-01-28T00:33:21.980+0000] {logging_mixin.py:188} INFO - [2026-01-28T00:33:21.980+0000] {dag.py:3954} INFO - Setting next_dagrun for example_trigger_target_dag to None, run_after=None
[2026-01-28T00:33:22.000+0000] {processor.py:183} INFO - Processing /home/airflow/.local/lib/python3.12/site-packages/airflow/example_dags/example_trigger_target_dag.py took 0.062 seconds
[2026-01-28T00:33:52.466+0000] {processor.py:161} INFO - Started process (PID=5959) to work on /home/airflow/.local/lib/python3.12/site-packages/airflow/example_dags/example_trigger_target_dag.py
[2026-01-28T00:33:52.467+0000] {processor.py:830} INFO - Processing file /home/airflow/.local/lib/python3.12/site-packages/airflow/example_dags/example_trigger_target_dag.py for tasks to queue
[2026-01-28T00:33:52.468+0000] {logging_mixin.py:188} INFO - [2026-01-28T00:33:52.468+0000] {dagbag.py:540} INFO - Filling up the DagBag from /home/airflow/.local/lib/python3.12/site-packages/airflow/example_dags/example_trigger_target_dag.py
[2026-01-28T00:33:52.474+0000] {processor.py:840} INFO - DAG(s) 'example_trigger_target_dag' retrieved from /home/airflow/.local/lib/python3.12/site-packages/airflow/example_dags/example_trigger_target_dag.py
[2026-01-28T00:33:52.492+0000] {logging_mixin.py:188} INFO - [2026-01-28T00:33:52.492+0000] {dag.py:3096} INFO - Sync 1 DAGs
[2026-01-28T00:33:52.503+0000] {logging_mixin.py:188} INFO - [2026-01-28T00:33:52.503+0000] {dag.py:3954} INFO - Setting next_dagrun for example_trigger_target_dag to None, run_after=None
[2026-01-28T00:33:52.522+0000] {processor.py:183} INFO - Processing /home/airflow/.local/lib/python3.12/site-packages/airflow/example_dags/example_trigger_target_dag.py took 0.062 seconds
[2026-01-28T00:34:22.643+0000] {processor.py:161} INFO - Started process (PID=6011) to work on /home/airflow/.local/lib/python3.12/site-packages/airflow/example_dags/example_trigger_target_dag.py
[2026-01-28T00:34:22.644+0000] {processor.py:830} INFO - Processing file /home/airflow/.local/lib/python3.12/site-packages/airflow/example_dags/example_trigger_target_dag.py for tasks to queue
[2026-01-28T00:34:22.645+0000] {logging_mixin.py:188} INFO - [2026-01-28T00:34:22.645+0000] {dagbag.py:540} INFO - Filling up the DagBag from /home/airflow/.local/lib/python3.12/site-packages/airflow/example_dags/example_trigger_target_dag.py
[2026-01-28T00:34:22.651+0000] {processor.py:840} INFO - DAG(s) 'example_trigger_target_dag' retrieved from /home/airflow/.local/lib/python3.12/site-packages/airflow/example_dags/example_trigger_target_dag.py
[2026-01-28T00:34:22.671+0000] {logging_mixin.py:188} INFO - [2026-01-28T00:34:22.670+0000] {dag.py:3096} INFO - Sync 1 DAGs
[2026-01-28T00:34:22.682+0000] {logging_mixin.py:188} INFO - [2026-01-28T00:34:22.682+0000] {dag.py:3954} INFO - Setting next_dagrun for example_trigger_target_dag to None, run_after=None
[2026-01-28T00:34:22.702+0000] {processor.py:183} INFO - Processing /home/airflow/.local/lib/python3.12/site-packages/airflow/example_dags/example_trigger_target_dag.py took 0.064 seconds
[2026-01-28T00:34:52.862+0000] {processor.py:161} INFO - Started process (PID=6063) to work on /home/airflow/.local/lib/python3.12/site-packages/airflow/example_dags/example_trigger_target_dag.py
[2026-01-28T00:34:52.863+0000] {processor.py:830} INFO - Processing file /home/airflow/.local/lib/python3.12/site-packages/airflow/example_dags/example_trigger_target_dag.py for tasks to queue
[2026-01-28T00:34:52.866+0000] {logging_mixin.py:188} INFO - [2026-01-28T00:34:52.865+0000] {dagbag.py:540} INFO - Filling up the DagBag from /home/airflow/.local/lib/python3.12/site-packages/airflow/example_dags/example_trigger_target_dag.py
[2026-01-28T00:34:52.872+0000] {processor.py:840} INFO - DAG(s) 'example_trigger_target_dag' retrieved from /home/airflow/.local/lib/python3.12/site-packages/airflow/example_dags/example_trigger_target_dag.py
[2026-01-28T00:34:52.895+0000] {logging_mixin.py:188} INFO - [2026-01-28T00:34:52.895+0000] {dag.py:3096} INFO - Sync 1 DAGs
[2026-01-28T00:34:52.909+0000] {logging_mixin.py:188} INFO - [2026-01-28T00:34:52.909+0000] {dag.py:3954} INFO - Setting next_dagrun for example_trigger_target_dag to None, run_after=None
[2026-01-28T00:34:52.931+0000] {processor.py:183} INFO - Processing /home/airflow/.local/lib/python3.12/site-packages/airflow/example_dags/example_trigger_target_dag.py took 0.077 seconds
[2026-01-28T00:35:23.019+0000] {processor.py:161} INFO - Started process (PID=6115) to work on /home/airflow/.local/lib/python3.12/site-packages/airflow/example_dags/example_trigger_target_dag.py
[2026-01-28T00:35:23.020+0000] {processor.py:830} INFO - Processing file /home/airflow/.local/lib/python3.12/site-packages/airflow/example_dags/example_trigger_target_dag.py for tasks to queue
[2026-01-28T00:35:23.021+0000] {logging_mixin.py:188} INFO - [2026-01-28T00:35:23.021+0000] {dagbag.py:540} INFO - Filling up the DagBag from /home/airflow/.local/lib/python3.12/site-packages/airflow/example_dags/example_trigger_target_dag.py
[2026-01-28T00:35:23.027+0000] {processor.py:840} INFO - DAG(s) 'example_trigger_target_dag' retrieved from /home/airflow/.local/lib/python3.12/site-packages/airflow/example_dags/example_trigger_target_dag.py
[2026-01-28T00:35:23.047+0000] {logging_mixin.py:188} INFO - [2026-01-28T00:35:23.047+0000] {dag.py:3096} INFO - Sync 1 DAGs
[2026-01-28T00:35:23.059+0000] {logging_mixin.py:188} INFO - [2026-01-28T00:35:23.058+0000] {dag.py:3954} INFO - Setting next_dagrun for example_trigger_target_dag to None, run_after=None
[2026-01-28T00:35:23.077+0000] {processor.py:183} INFO - Processing /home/airflow/.local/lib/python3.12/site-packages/airflow/example_dags/example_trigger_target_dag.py took 0.064 seconds
[2026-01-28T00:35:53.432+0000] {processor.py:161} INFO - Started process (PID=6167) to work on /home/airflow/.local/lib/python3.12/site-packages/airflow/example_dags/example_trigger_target_dag.py
[2026-01-28T00:35:53.433+0000] {processor.py:830} INFO - Processing file /home/airflow/.local/lib/python3.12/site-packages/airflow/example_dags/example_trigger_target_dag.py for tasks to queue
[2026-01-28T00:35:53.435+0000] {logging_mixin.py:188} INFO - [2026-01-28T00:35:53.434+0000] {dagbag.py:540} INFO - Filling up the DagBag from /home/airflow/.local/lib/python3.12/site-packages/airflow/example_dags/example_trigger_target_dag.py
[2026-01-28T00:35:53.440+0000] {processor.py:840} INFO - DAG(s) 'example_trigger_target_dag' retrieved from /home/airflow/.local/lib/python3.12/site-packages/airflow/example_dags/example_trigger_target_dag.py
[2026-01-28T00:35:53.460+0000] {logging_mixin.py:188} INFO - [2026-01-28T00:35:53.459+0000] {dag.py:3096} INFO - Sync 1 DAGs
[2026-01-28T00:35:53.471+0000] {logging_mixin.py:188} INFO - [2026-01-28T00:35:53.471+0000] {dag.py:3954} INFO - Setting next_dagrun for example_trigger_target_dag to None, run_after=None
[2026-01-28T00:35:53.488+0000] {processor.py:183} INFO - Processing /home/airflow/.local/lib/python3.12/site-packages/airflow/example_dags/example_trigger_target_dag.py took 0.062 seconds
[2026-01-28T00:36:23.858+0000] {processor.py:161} INFO - Started process (PID=6219) to work on /home/airflow/.local/lib/python3.12/site-packages/airflow/example_dags/example_trigger_target_dag.py
[2026-01-28T00:36:23.859+0000] {processor.py:830} INFO - Processing file /home/airflow/.local/lib/python3.12/site-packages/airflow/example_dags/example_trigger_target_dag.py for tasks to queue
[2026-01-28T00:36:23.860+0000] {logging_mixin.py:188} INFO - [2026-01-28T00:36:23.860+0000] {dagbag.py:540} INFO - Filling up the DagBag from /home/airflow/.local/lib/python3.12/site-packages/airflow/example_dags/example_trigger_target_dag.py
[2026-01-28T00:36:23.866+0000] {processor.py:840} INFO - DAG(s) 'example_trigger_target_dag' retrieved from /home/airflow/.local/lib/python3.12/site-packages/airflow/example_dags/example_trigger_target_dag.py
[2026-01-28T00:36:23.884+0000] {logging_mixin.py:188} INFO - [2026-01-28T00:36:23.883+0000] {dag.py:3096} INFO - Sync 1 DAGs
[2026-01-28T00:36:23.895+0000] {logging_mixin.py:188} INFO - [2026-01-28T00:36:23.894+0000] {dag.py:3954} INFO - Setting next_dagrun for example_trigger_target_dag to None, run_after=None
[2026-01-28T00:36:24.025+0000] {processor.py:183} INFO - Processing /home/airflow/.local/lib/python3.12/site-packages/airflow/example_dags/example_trigger_target_dag.py took 0.173 seconds
[2026-01-28T00:36:54.910+0000] {processor.py:161} INFO - Started process (PID=6271) to work on /home/airflow/.local/lib/python3.12/site-packages/airflow/example_dags/example_trigger_target_dag.py
[2026-01-28T00:36:54.911+0000] {processor.py:830} INFO - Processing file /home/airflow/.local/lib/python3.12/site-packages/airflow/example_dags/example_trigger_target_dag.py for tasks to queue
[2026-01-28T00:36:54.913+0000] {logging_mixin.py:188} INFO - [2026-01-28T00:36:54.913+0000] {dagbag.py:540} INFO - Filling up the DagBag from /home/airflow/.local/lib/python3.12/site-packages/airflow/example_dags/example_trigger_target_dag.py
[2026-01-28T00:36:54.918+0000] {processor.py:840} INFO - DAG(s) 'example_trigger_target_dag' retrieved from /home/airflow/.local/lib/python3.12/site-packages/airflow/example_dags/example_trigger_target_dag.py
[2026-01-28T00:36:54.936+0000] {logging_mixin.py:188} INFO - [2026-01-28T00:36:54.935+0000] {dag.py:3096} INFO - Sync 1 DAGs
[2026-01-28T00:36:54.946+0000] {logging_mixin.py:188} INFO - [2026-01-28T00:36:54.946+0000] {dag.py:3954} INFO - Setting next_dagrun for example_trigger_target_dag to None, run_after=None
[2026-01-28T00:36:54.965+0000] {processor.py:183} INFO - Processing /home/airflow/.local/lib/python3.12/site-packages/airflow/example_dags/example_trigger_target_dag.py took 0.060 seconds
[2026-01-28T00:37:25.139+0000] {processor.py:161} INFO - Started process (PID=6323) to work on /home/airflow/.local/lib/python3.12/site-packages/airflow/example_dags/example_trigger_target_dag.py
[2026-01-28T00:37:25.140+0000] {processor.py:830} INFO - Processing file /home/airflow/.local/lib/python3.12/site-packages/airflow/example_dags/example_trigger_target_dag.py for tasks to queue
[2026-01-28T00:37:25.142+0000] {logging_mixin.py:188} INFO - [2026-01-28T00:37:25.142+0000] {dagbag.py:540} INFO - Filling up the DagBag from /home/airflow/.local/lib/python3.12/site-packages/airflow/example_dags/example_trigger_target_dag.py
[2026-01-28T00:37:25.147+0000] {processor.py:840} INFO - DAG(s) 'example_trigger_target_dag' retrieved from /home/airflow/.local/lib/python3.12/site-packages/airflow/example_dags/example_trigger_target_dag.py
[2026-01-28T00:37:25.165+0000] {logging_mixin.py:188} INFO - [2026-01-28T00:37:25.165+0000] {dag.py:3096} INFO - Sync 1 DAGs
[2026-01-28T00:37:25.176+0000] {logging_mixin.py:188} INFO - [2026-01-28T00:37:25.175+0000] {dag.py:3954} INFO - Setting next_dagrun for example_trigger_target_dag to None, run_after=None
[2026-01-28T00:37:25.193+0000] {processor.py:183} INFO - Processing /home/airflow/.local/lib/python3.12/site-packages/airflow/example_dags/example_trigger_target_dag.py took 0.060 seconds
[2026-01-28T00:37:56.029+0000] {processor.py:161} INFO - Started process (PID=6375) to work on /home/airflow/.local/lib/python3.12/site-packages/airflow/example_dags/example_trigger_target_dag.py
[2026-01-28T00:37:56.030+0000] {processor.py:830} INFO - Processing file /home/airflow/.local/lib/python3.12/site-packages/airflow/example_dags/example_trigger_target_dag.py for tasks to queue
[2026-01-28T00:37:56.032+0000] {logging_mixin.py:188} INFO - [2026-01-28T00:37:56.031+0000] {dagbag.py:540} INFO - Filling up the DagBag from /home/airflow/.local/lib/python3.12/site-packages/airflow/example_dags/example_trigger_target_dag.py
[2026-01-28T00:37:56.037+0000] {processor.py:840} INFO - DAG(s) 'example_trigger_target_dag' retrieved from /home/airflow/.local/lib/python3.12/site-packages/airflow/example_dags/example_trigger_target_dag.py
[2026-01-28T00:37:56.055+0000] {logging_mixin.py:188} INFO - [2026-01-28T00:37:56.055+0000] {dag.py:3096} INFO - Sync 1 DAGs
[2026-01-28T00:37:56.066+0000] {logging_mixin.py:188} INFO - [2026-01-28T00:37:56.065+0000] {dag.py:3954} INFO - Setting next_dagrun for example_trigger_target_dag to None, run_after=None
[2026-01-28T00:37:56.204+0000] {processor.py:183} INFO - Processing /home/airflow/.local/lib/python3.12/site-packages/airflow/example_dags/example_trigger_target_dag.py took 0.181 seconds
[2026-01-28T00:38:26.391+0000] {processor.py:161} INFO - Started process (PID=6427) to work on /home/airflow/.local/lib/python3.12/site-packages/airflow/example_dags/example_trigger_target_dag.py
[2026-01-28T00:38:26.392+0000] {processor.py:830} INFO - Processing file /home/airflow/.local/lib/python3.12/site-packages/airflow/example_dags/example_trigger_target_dag.py for tasks to queue
[2026-01-28T00:38:26.394+0000] {logging_mixin.py:188} INFO - [2026-01-28T00:38:26.394+0000] {dagbag.py:540} INFO - Filling up the DagBag from /home/airflow/.local/lib/python3.12/site-packages/airflow/example_dags/example_trigger_target_dag.py
[2026-01-28T00:38:26.399+0000] {processor.py:840} INFO - DAG(s) 'example_trigger_target_dag' retrieved from /home/airflow/.local/lib/python3.12/site-packages/airflow/example_dags/example_trigger_target_dag.py
[2026-01-28T00:38:26.417+0000] {logging_mixin.py:188} INFO - [2026-01-28T00:38:26.417+0000] {dag.py:3096} INFO - Sync 1 DAGs
[2026-01-28T00:38:26.428+0000] {logging_mixin.py:188} INFO - [2026-01-28T00:38:26.428+0000] {dag.py:3954} INFO - Setting next_dagrun for example_trigger_target_dag to None, run_after=None
[2026-01-28T00:38:26.457+0000] {processor.py:183} INFO - Processing /home/airflow/.local/lib/python3.12/site-packages/airflow/example_dags/example_trigger_target_dag.py took 0.071 seconds
[2026-01-28T00:38:57.245+0000] {processor.py:161} INFO - Started process (PID=6479) to work on /home/airflow/.local/lib/python3.12/site-packages/airflow/example_dags/example_trigger_target_dag.py
[2026-01-28T00:38:57.245+0000] {processor.py:830} INFO - Processing file /home/airflow/.local/lib/python3.12/site-packages/airflow/example_dags/example_trigger_target_dag.py for tasks to queue
[2026-01-28T00:38:57.247+0000] {logging_mixin.py:188} INFO - [2026-01-28T00:38:57.247+0000] {dagbag.py:540} INFO - Filling up the DagBag from /home/airflow/.local/lib/python3.12/site-packages/airflow/example_dags/example_trigger_target_dag.py
[2026-01-28T00:38:57.253+0000] {processor.py:840} INFO - DAG(s) 'example_trigger_target_dag' retrieved from /home/airflow/.local/lib/python3.12/site-packages/airflow/example_dags/example_trigger_target_dag.py
[2026-01-28T00:38:57.394+0000] {logging_mixin.py:188} INFO - [2026-01-28T00:38:57.394+0000] {dag.py:3096} INFO - Sync 1 DAGs
[2026-01-28T00:38:57.403+0000] {logging_mixin.py:188} INFO - [2026-01-28T00:38:57.403+0000] {dag.py:3954} INFO - Setting next_dagrun for example_trigger_target_dag to None, run_after=None
[2026-01-28T00:38:57.421+0000] {processor.py:183} INFO - Processing /home/airflow/.local/lib/python3.12/site-packages/airflow/example_dags/example_trigger_target_dag.py took 0.182 seconds
[2026-01-28T00:39:28.167+0000] {processor.py:161} INFO - Started process (PID=6531) to work on /home/airflow/.local/lib/python3.12/site-packages/airflow/example_dags/example_trigger_target_dag.py
[2026-01-28T00:39:28.168+0000] {processor.py:830} INFO - Processing file /home/airflow/.local/lib/python3.12/site-packages/airflow/example_dags/example_trigger_target_dag.py for tasks to queue
[2026-01-28T00:39:28.170+0000] {logging_mixin.py:188} INFO - [2026-01-28T00:39:28.170+0000] {dagbag.py:540} INFO - Filling up the DagBag from /home/airflow/.local/lib/python3.12/site-packages/airflow/example_dags/example_trigger_target_dag.py
[2026-01-28T00:39:28.176+0000] {processor.py:840} INFO - DAG(s) 'example_trigger_target_dag' retrieved from /home/airflow/.local/lib/python3.12/site-packages/airflow/example_dags/example_trigger_target_dag.py
[2026-01-28T00:39:28.193+0000] {logging_mixin.py:188} INFO - [2026-01-28T00:39:28.193+0000] {dag.py:3096} INFO - Sync 1 DAGs
[2026-01-28T00:39:28.205+0000] {logging_mixin.py:188} INFO - [2026-01-28T00:39:28.204+0000] {dag.py:3954} INFO - Setting next_dagrun for example_trigger_target_dag to None, run_after=None
[2026-01-28T00:39:28.223+0000] {processor.py:183} INFO - Processing /home/airflow/.local/lib/python3.12/site-packages/airflow/example_dags/example_trigger_target_dag.py took 0.061 seconds
[2026-01-28T00:39:59.000+0000] {processor.py:161} INFO - Started process (PID=6583) to work on /home/airflow/.local/lib/python3.12/site-packages/airflow/example_dags/example_trigger_target_dag.py
[2026-01-28T00:39:59.003+0000] {processor.py:830} INFO - Processing file /home/airflow/.local/lib/python3.12/site-packages/airflow/example_dags/example_trigger_target_dag.py for tasks to queue
[2026-01-28T00:39:59.014+0000] {logging_mixin.py:188} INFO - [2026-01-28T00:39:59.011+0000] {dagbag.py:540} INFO - Filling up the DagBag from /home/airflow/.local/lib/python3.12/site-packages/airflow/example_dags/example_trigger_target_dag.py
[2026-01-28T00:39:59.027+0000] {processor.py:840} INFO - DAG(s) 'example_trigger_target_dag' retrieved from /home/airflow/.local/lib/python3.12/site-packages/airflow/example_dags/example_trigger_target_dag.py
[2026-01-28T00:39:59.059+0000] {logging_mixin.py:188} INFO - [2026-01-28T00:39:59.059+0000] {dag.py:3096} INFO - Sync 1 DAGs
[2026-01-28T00:39:59.079+0000] {logging_mixin.py:188} INFO - [2026-01-28T00:39:59.078+0000] {dag.py:3954} INFO - Setting next_dagrun for example_trigger_target_dag to None, run_after=None
[2026-01-28T00:39:59.102+0000] {processor.py:183} INFO - Processing /home/airflow/.local/lib/python3.12/site-packages/airflow/example_dags/example_trigger_target_dag.py took 0.114 seconds
[2026-01-28T00:40:29.256+0000] {processor.py:161} INFO - Started process (PID=6635) to work on /home/airflow/.local/lib/python3.12/site-packages/airflow/example_dags/example_trigger_target_dag.py
[2026-01-28T00:40:29.257+0000] {processor.py:830} INFO - Processing file /home/airflow/.local/lib/python3.12/site-packages/airflow/example_dags/example_trigger_target_dag.py for tasks to queue
[2026-01-28T00:40:29.259+0000] {logging_mixin.py:188} INFO - [2026-01-28T00:40:29.259+0000] {dagbag.py:540} INFO - Filling up the DagBag from /home/airflow/.local/lib/python3.12/site-packages/airflow/example_dags/example_trigger_target_dag.py
[2026-01-28T00:40:29.265+0000] {processor.py:840} INFO - DAG(s) 'example_trigger_target_dag' retrieved from /home/airflow/.local/lib/python3.12/site-packages/airflow/example_dags/example_trigger_target_dag.py
[2026-01-28T00:40:29.282+0000] {logging_mixin.py:188} INFO - [2026-01-28T00:40:29.282+0000] {dag.py:3096} INFO - Sync 1 DAGs
[2026-01-28T00:40:29.292+0000] {logging_mixin.py:188} INFO - [2026-01-28T00:40:29.292+0000] {dag.py:3954} INFO - Setting next_dagrun for example_trigger_target_dag to None, run_after=None
[2026-01-28T00:40:29.310+0000] {processor.py:183} INFO - Processing /home/airflow/.local/lib/python3.12/site-packages/airflow/example_dags/example_trigger_target_dag.py took 0.059 seconds
[2026-01-28T00:41:00.044+0000] {processor.py:161} INFO - Started process (PID=6687) to work on /home/airflow/.local/lib/python3.12/site-packages/airflow/example_dags/example_trigger_target_dag.py
[2026-01-28T00:41:00.045+0000] {processor.py:830} INFO - Processing file /home/airflow/.local/lib/python3.12/site-packages/airflow/example_dags/example_trigger_target_dag.py for tasks to queue
[2026-01-28T00:41:00.047+0000] {logging_mixin.py:188} INFO - [2026-01-28T00:41:00.047+0000] {dagbag.py:540} INFO - Filling up the DagBag from /home/airflow/.local/lib/python3.12/site-packages/airflow/example_dags/example_trigger_target_dag.py
[2026-01-28T00:41:00.053+0000] {processor.py:840} INFO - DAG(s) 'example_trigger_target_dag' retrieved from /home/airflow/.local/lib/python3.12/site-packages/airflow/example_dags/example_trigger_target_dag.py
[2026-01-28T00:41:00.069+0000] {logging_mixin.py:188} INFO - [2026-01-28T00:41:00.069+0000] {dag.py:3096} INFO - Sync 1 DAGs
[2026-01-28T00:41:00.079+0000] {logging_mixin.py:188} INFO - [2026-01-28T00:41:00.079+0000] {dag.py:3954} INFO - Setting next_dagrun for example_trigger_target_dag to None, run_after=None
[2026-01-28T00:41:00.094+0000] {processor.py:183} INFO - Processing /home/airflow/.local/lib/python3.12/site-packages/airflow/example_dags/example_trigger_target_dag.py took 0.055 seconds
[2026-01-28T00:41:30.697+0000] {processor.py:161} INFO - Started process (PID=6739) to work on /home/airflow/.local/lib/python3.12/site-packages/airflow/example_dags/example_trigger_target_dag.py
[2026-01-28T00:41:30.698+0000] {processor.py:830} INFO - Processing file /home/airflow/.local/lib/python3.12/site-packages/airflow/example_dags/example_trigger_target_dag.py for tasks to queue
[2026-01-28T00:41:30.700+0000] {logging_mixin.py:188} INFO - [2026-01-28T00:41:30.700+0000] {dagbag.py:540} INFO - Filling up the DagBag from /home/airflow/.local/lib/python3.12/site-packages/airflow/example_dags/example_trigger_target_dag.py
[2026-01-28T00:41:30.705+0000] {processor.py:840} INFO - DAG(s) 'example_trigger_target_dag' retrieved from /home/airflow/.local/lib/python3.12/site-packages/airflow/example_dags/example_trigger_target_dag.py
[2026-01-28T00:41:30.725+0000] {logging_mixin.py:188} INFO - [2026-01-28T00:41:30.724+0000] {dag.py:3096} INFO - Sync 1 DAGs
[2026-01-28T00:41:30.735+0000] {logging_mixin.py:188} INFO - [2026-01-28T00:41:30.735+0000] {dag.py:3954} INFO - Setting next_dagrun for example_trigger_target_dag to None, run_after=None
[2026-01-28T00:41:30.752+0000] {processor.py:183} INFO - Processing /home/airflow/.local/lib/python3.12/site-packages/airflow/example_dags/example_trigger_target_dag.py took 0.060 seconds
[2026-01-28T00:42:01.462+0000] {processor.py:161} INFO - Started process (PID=6791) to work on /home/airflow/.local/lib/python3.12/site-packages/airflow/example_dags/example_trigger_target_dag.py
[2026-01-28T00:42:01.463+0000] {processor.py:830} INFO - Processing file /home/airflow/.local/lib/python3.12/site-packages/airflow/example_dags/example_trigger_target_dag.py for tasks to queue
[2026-01-28T00:42:01.465+0000] {logging_mixin.py:188} INFO - [2026-01-28T00:42:01.464+0000] {dagbag.py:540} INFO - Filling up the DagBag from /home/airflow/.local/lib/python3.12/site-packages/airflow/example_dags/example_trigger_target_dag.py
[2026-01-28T00:42:01.470+0000] {processor.py:840} INFO - DAG(s) 'example_trigger_target_dag' retrieved from /home/airflow/.local/lib/python3.12/site-packages/airflow/example_dags/example_trigger_target_dag.py
[2026-01-28T00:42:01.487+0000] {logging_mixin.py:188} INFO - [2026-01-28T00:42:01.487+0000] {dag.py:3096} INFO - Sync 1 DAGs
[2026-01-28T00:42:01.498+0000] {logging_mixin.py:188} INFO - [2026-01-28T00:42:01.497+0000] {dag.py:3954} INFO - Setting next_dagrun for example_trigger_target_dag to None, run_after=None
[2026-01-28T00:42:01.516+0000] {processor.py:183} INFO - Processing /home/airflow/.local/lib/python3.12/site-packages/airflow/example_dags/example_trigger_target_dag.py took 0.060 seconds
[2026-01-28T00:42:31.880+0000] {processor.py:161} INFO - Started process (PID=6843) to work on /home/airflow/.local/lib/python3.12/site-packages/airflow/example_dags/example_trigger_target_dag.py
[2026-01-28T00:42:31.881+0000] {processor.py:830} INFO - Processing file /home/airflow/.local/lib/python3.12/site-packages/airflow/example_dags/example_trigger_target_dag.py for tasks to queue
[2026-01-28T00:42:31.882+0000] {logging_mixin.py:188} INFO - [2026-01-28T00:42:31.882+0000] {dagbag.py:540} INFO - Filling up the DagBag from /home/airflow/.local/lib/python3.12/site-packages/airflow/example_dags/example_trigger_target_dag.py
[2026-01-28T00:42:31.888+0000] {processor.py:840} INFO - DAG(s) 'example_trigger_target_dag' retrieved from /home/airflow/.local/lib/python3.12/site-packages/airflow/example_dags/example_trigger_target_dag.py
[2026-01-28T00:42:31.906+0000] {logging_mixin.py:188} INFO - [2026-01-28T00:42:31.906+0000] {dag.py:3096} INFO - Sync 1 DAGs
[2026-01-28T00:42:31.916+0000] {logging_mixin.py:188} INFO - [2026-01-28T00:42:31.916+0000] {dag.py:3954} INFO - Setting next_dagrun for example_trigger_target_dag to None, run_after=None
[2026-01-28T00:42:31.944+0000] {processor.py:183} INFO - Processing /home/airflow/.local/lib/python3.12/site-packages/airflow/example_dags/example_trigger_target_dag.py took 0.069 seconds
[2026-01-28T00:43:02.597+0000] {processor.py:161} INFO - Started process (PID=6895) to work on /home/airflow/.local/lib/python3.12/site-packages/airflow/example_dags/example_trigger_target_dag.py
[2026-01-28T00:43:02.598+0000] {processor.py:830} INFO - Processing file /home/airflow/.local/lib/python3.12/site-packages/airflow/example_dags/example_trigger_target_dag.py for tasks to queue
[2026-01-28T00:43:02.600+0000] {logging_mixin.py:188} INFO - [2026-01-28T00:43:02.599+0000] {dagbag.py:540} INFO - Filling up the DagBag from /home/airflow/.local/lib/python3.12/site-packages/airflow/example_dags/example_trigger_target_dag.py
[2026-01-28T00:43:02.605+0000] {processor.py:840} INFO - DAG(s) 'example_trigger_target_dag' retrieved from /home/airflow/.local/lib/python3.12/site-packages/airflow/example_dags/example_trigger_target_dag.py
[2026-01-28T00:43:02.623+0000] {logging_mixin.py:188} INFO - [2026-01-28T00:43:02.622+0000] {dag.py:3096} INFO - Sync 1 DAGs
[2026-01-28T00:43:02.633+0000] {logging_mixin.py:188} INFO - [2026-01-28T00:43:02.633+0000] {dag.py:3954} INFO - Setting next_dagrun for example_trigger_target_dag to None, run_after=None
[2026-01-28T00:43:02.660+0000] {processor.py:183} INFO - Processing /home/airflow/.local/lib/python3.12/site-packages/airflow/example_dags/example_trigger_target_dag.py took 0.069 seconds
[2026-01-28T00:43:33.223+0000] {processor.py:161} INFO - Started process (PID=6947) to work on /home/airflow/.local/lib/python3.12/site-packages/airflow/example_dags/example_trigger_target_dag.py
[2026-01-28T00:43:33.225+0000] {processor.py:830} INFO - Processing file /home/airflow/.local/lib/python3.12/site-packages/airflow/example_dags/example_trigger_target_dag.py for tasks to queue
[2026-01-28T00:43:33.227+0000] {logging_mixin.py:188} INFO - [2026-01-28T00:43:33.226+0000] {dagbag.py:540} INFO - Filling up the DagBag from /home/airflow/.local/lib/python3.12/site-packages/airflow/example_dags/example_trigger_target_dag.py
[2026-01-28T00:43:33.233+0000] {processor.py:840} INFO - DAG(s) 'example_trigger_target_dag' retrieved from /home/airflow/.local/lib/python3.12/site-packages/airflow/example_dags/example_trigger_target_dag.py
[2026-01-28T00:43:33.251+0000] {logging_mixin.py:188} INFO - [2026-01-28T00:43:33.251+0000] {dag.py:3096} INFO - Sync 1 DAGs
[2026-01-28T00:43:33.261+0000] {logging_mixin.py:188} INFO - [2026-01-28T00:43:33.261+0000] {dag.py:3954} INFO - Setting next_dagrun for example_trigger_target_dag to None, run_after=None
[2026-01-28T00:43:33.281+0000] {processor.py:183} INFO - Processing /home/airflow/.local/lib/python3.12/site-packages/airflow/example_dags/example_trigger_target_dag.py took 0.063 seconds
[2026-01-28T00:44:03.677+0000] {processor.py:161} INFO - Started process (PID=6999) to work on /home/airflow/.local/lib/python3.12/site-packages/airflow/example_dags/example_trigger_target_dag.py
[2026-01-28T00:44:03.678+0000] {processor.py:830} INFO - Processing file /home/airflow/.local/lib/python3.12/site-packages/airflow/example_dags/example_trigger_target_dag.py for tasks to queue
[2026-01-28T00:44:03.680+0000] {logging_mixin.py:188} INFO - [2026-01-28T00:44:03.680+0000] {dagbag.py:540} INFO - Filling up the DagBag from /home/airflow/.local/lib/python3.12/site-packages/airflow/example_dags/example_trigger_target_dag.py
[2026-01-28T00:44:03.686+0000] {processor.py:840} INFO - DAG(s) 'example_trigger_target_dag' retrieved from /home/airflow/.local/lib/python3.12/site-packages/airflow/example_dags/example_trigger_target_dag.py
[2026-01-28T00:44:03.706+0000] {logging_mixin.py:188} INFO - [2026-01-28T00:44:03.706+0000] {dag.py:3096} INFO - Sync 1 DAGs
[2026-01-28T00:44:03.716+0000] {logging_mixin.py:188} INFO - [2026-01-28T00:44:03.716+0000] {dag.py:3954} INFO - Setting next_dagrun for example_trigger_target_dag to None, run_after=None
[2026-01-28T00:44:03.744+0000] {processor.py:183} INFO - Processing /home/airflow/.local/lib/python3.12/site-packages/airflow/example_dags/example_trigger_target_dag.py took 0.074 seconds
[2026-01-28T00:44:34.359+0000] {processor.py:161} INFO - Started process (PID=7051) to work on /home/airflow/.local/lib/python3.12/site-packages/airflow/example_dags/example_trigger_target_dag.py
[2026-01-28T00:44:34.360+0000] {processor.py:830} INFO - Processing file /home/airflow/.local/lib/python3.12/site-packages/airflow/example_dags/example_trigger_target_dag.py for tasks to queue
[2026-01-28T00:44:34.362+0000] {logging_mixin.py:188} INFO - [2026-01-28T00:44:34.361+0000] {dagbag.py:540} INFO - Filling up the DagBag from /home/airflow/.local/lib/python3.12/site-packages/airflow/example_dags/example_trigger_target_dag.py
[2026-01-28T00:44:34.367+0000] {processor.py:840} INFO - DAG(s) 'example_trigger_target_dag' retrieved from /home/airflow/.local/lib/python3.12/site-packages/airflow/example_dags/example_trigger_target_dag.py
[2026-01-28T00:44:34.386+0000] {logging_mixin.py:188} INFO - [2026-01-28T00:44:34.386+0000] {dag.py:3096} INFO - Sync 1 DAGs
[2026-01-28T00:44:34.396+0000] {logging_mixin.py:188} INFO - [2026-01-28T00:44:34.396+0000] {dag.py:3954} INFO - Setting next_dagrun for example_trigger_target_dag to None, run_after=None
[2026-01-28T00:44:34.413+0000] {processor.py:183} INFO - Processing /home/airflow/.local/lib/python3.12/site-packages/airflow/example_dags/example_trigger_target_dag.py took 0.059 seconds
[2026-01-28T00:45:05.168+0000] {processor.py:161} INFO - Started process (PID=7103) to work on /home/airflow/.local/lib/python3.12/site-packages/airflow/example_dags/example_trigger_target_dag.py
[2026-01-28T00:45:05.169+0000] {processor.py:830} INFO - Processing file /home/airflow/.local/lib/python3.12/site-packages/airflow/example_dags/example_trigger_target_dag.py for tasks to queue
[2026-01-28T00:45:05.171+0000] {logging_mixin.py:188} INFO - [2026-01-28T00:45:05.171+0000] {dagbag.py:540} INFO - Filling up the DagBag from /home/airflow/.local/lib/python3.12/site-packages/airflow/example_dags/example_trigger_target_dag.py
[2026-01-28T00:45:05.177+0000] {processor.py:840} INFO - DAG(s) 'example_trigger_target_dag' retrieved from /home/airflow/.local/lib/python3.12/site-packages/airflow/example_dags/example_trigger_target_dag.py
[2026-01-28T00:45:05.195+0000] {logging_mixin.py:188} INFO - [2026-01-28T00:45:05.195+0000] {dag.py:3096} INFO - Sync 1 DAGs
[2026-01-28T00:45:05.205+0000] {logging_mixin.py:188} INFO - [2026-01-28T00:45:05.205+0000] {dag.py:3954} INFO - Setting next_dagrun for example_trigger_target_dag to None, run_after=None
[2026-01-28T00:45:05.223+0000] {processor.py:183} INFO - Processing /home/airflow/.local/lib/python3.12/site-packages/airflow/example_dags/example_trigger_target_dag.py took 0.061 seconds
[2026-01-28T00:45:35.983+0000] {processor.py:161} INFO - Started process (PID=7155) to work on /home/airflow/.local/lib/python3.12/site-packages/airflow/example_dags/example_trigger_target_dag.py
[2026-01-28T00:45:35.985+0000] {processor.py:830} INFO - Processing file /home/airflow/.local/lib/python3.12/site-packages/airflow/example_dags/example_trigger_target_dag.py for tasks to queue
[2026-01-28T00:45:35.986+0000] {logging_mixin.py:188} INFO - [2026-01-28T00:45:35.986+0000] {dagbag.py:540} INFO - Filling up the DagBag from /home/airflow/.local/lib/python3.12/site-packages/airflow/example_dags/example_trigger_target_dag.py
[2026-01-28T00:45:35.992+0000] {processor.py:840} INFO - DAG(s) 'example_trigger_target_dag' retrieved from /home/airflow/.local/lib/python3.12/site-packages/airflow/example_dags/example_trigger_target_dag.py
[2026-01-28T00:45:36.010+0000] {logging_mixin.py:188} INFO - [2026-01-28T00:45:36.010+0000] {dag.py:3096} INFO - Sync 1 DAGs
[2026-01-28T00:45:36.020+0000] {logging_mixin.py:188} INFO - [2026-01-28T00:45:36.020+0000] {dag.py:3954} INFO - Setting next_dagrun for example_trigger_target_dag to None, run_after=None
[2026-01-28T00:45:36.048+0000] {processor.py:183} INFO - Processing /home/airflow/.local/lib/python3.12/site-packages/airflow/example_dags/example_trigger_target_dag.py took 0.070 seconds
[2026-01-28T00:46:06.764+0000] {processor.py:161} INFO - Started process (PID=7207) to work on /home/airflow/.local/lib/python3.12/site-packages/airflow/example_dags/example_trigger_target_dag.py
[2026-01-28T00:46:06.765+0000] {processor.py:830} INFO - Processing file /home/airflow/.local/lib/python3.12/site-packages/airflow/example_dags/example_trigger_target_dag.py for tasks to queue
[2026-01-28T00:46:06.767+0000] {logging_mixin.py:188} INFO - [2026-01-28T00:46:06.767+0000] {dagbag.py:540} INFO - Filling up the DagBag from /home/airflow/.local/lib/python3.12/site-packages/airflow/example_dags/example_trigger_target_dag.py
[2026-01-28T00:46:06.772+0000] {processor.py:840} INFO - DAG(s) 'example_trigger_target_dag' retrieved from /home/airflow/.local/lib/python3.12/site-packages/airflow/example_dags/example_trigger_target_dag.py
[2026-01-28T00:46:06.790+0000] {logging_mixin.py:188} INFO - [2026-01-28T00:46:06.789+0000] {dag.py:3096} INFO - Sync 1 DAGs
[2026-01-28T00:46:06.802+0000] {logging_mixin.py:188} INFO - [2026-01-28T00:46:06.802+0000] {dag.py:3954} INFO - Setting next_dagrun for example_trigger_target_dag to None, run_after=None
[2026-01-28T00:46:06.819+0000] {processor.py:183} INFO - Processing /home/airflow/.local/lib/python3.12/site-packages/airflow/example_dags/example_trigger_target_dag.py took 0.060 seconds
[2026-01-28T00:46:37.401+0000] {processor.py:161} INFO - Started process (PID=7259) to work on /home/airflow/.local/lib/python3.12/site-packages/airflow/example_dags/example_trigger_target_dag.py
[2026-01-28T00:46:37.402+0000] {processor.py:830} INFO - Processing file /home/airflow/.local/lib/python3.12/site-packages/airflow/example_dags/example_trigger_target_dag.py for tasks to queue
[2026-01-28T00:46:37.404+0000] {logging_mixin.py:188} INFO - [2026-01-28T00:46:37.404+0000] {dagbag.py:540} INFO - Filling up the DagBag from /home/airflow/.local/lib/python3.12/site-packages/airflow/example_dags/example_trigger_target_dag.py
[2026-01-28T00:46:37.410+0000] {processor.py:840} INFO - DAG(s) 'example_trigger_target_dag' retrieved from /home/airflow/.local/lib/python3.12/site-packages/airflow/example_dags/example_trigger_target_dag.py
[2026-01-28T00:46:37.429+0000] {logging_mixin.py:188} INFO - [2026-01-28T00:46:37.429+0000] {dag.py:3096} INFO - Sync 1 DAGs
[2026-01-28T00:46:37.440+0000] {logging_mixin.py:188} INFO - [2026-01-28T00:46:37.439+0000] {dag.py:3954} INFO - Setting next_dagrun for example_trigger_target_dag to None, run_after=None
[2026-01-28T00:46:37.468+0000] {processor.py:183} INFO - Processing /home/airflow/.local/lib/python3.12/site-packages/airflow/example_dags/example_trigger_target_dag.py took 0.072 seconds
[2026-01-28T00:47:08.094+0000] {processor.py:161} INFO - Started process (PID=7311) to work on /home/airflow/.local/lib/python3.12/site-packages/airflow/example_dags/example_trigger_target_dag.py
[2026-01-28T00:47:08.095+0000] {processor.py:830} INFO - Processing file /home/airflow/.local/lib/python3.12/site-packages/airflow/example_dags/example_trigger_target_dag.py for tasks to queue
[2026-01-28T00:47:08.097+0000] {logging_mixin.py:188} INFO - [2026-01-28T00:47:08.097+0000] {dagbag.py:540} INFO - Filling up the DagBag from /home/airflow/.local/lib/python3.12/site-packages/airflow/example_dags/example_trigger_target_dag.py
[2026-01-28T00:47:08.103+0000] {processor.py:840} INFO - DAG(s) 'example_trigger_target_dag' retrieved from /home/airflow/.local/lib/python3.12/site-packages/airflow/example_dags/example_trigger_target_dag.py
[2026-01-28T00:47:08.121+0000] {logging_mixin.py:188} INFO - [2026-01-28T00:47:08.121+0000] {dag.py:3096} INFO - Sync 1 DAGs
[2026-01-28T00:47:08.131+0000] {logging_mixin.py:188} INFO - [2026-01-28T00:47:08.131+0000] {dag.py:3954} INFO - Setting next_dagrun for example_trigger_target_dag to None, run_after=None
[2026-01-28T00:47:08.161+0000] {processor.py:183} INFO - Processing /home/airflow/.local/lib/python3.12/site-packages/airflow/example_dags/example_trigger_target_dag.py took 0.073 seconds
[2026-01-28T00:47:38.634+0000] {processor.py:161} INFO - Started process (PID=7363) to work on /home/airflow/.local/lib/python3.12/site-packages/airflow/example_dags/example_trigger_target_dag.py
[2026-01-28T00:47:38.635+0000] {processor.py:830} INFO - Processing file /home/airflow/.local/lib/python3.12/site-packages/airflow/example_dags/example_trigger_target_dag.py for tasks to queue
[2026-01-28T00:47:38.637+0000] {logging_mixin.py:188} INFO - [2026-01-28T00:47:38.636+0000] {dagbag.py:540} INFO - Filling up the DagBag from /home/airflow/.local/lib/python3.12/site-packages/airflow/example_dags/example_trigger_target_dag.py
[2026-01-28T00:47:38.642+0000] {processor.py:840} INFO - DAG(s) 'example_trigger_target_dag' retrieved from /home/airflow/.local/lib/python3.12/site-packages/airflow/example_dags/example_trigger_target_dag.py
[2026-01-28T00:47:38.660+0000] {logging_mixin.py:188} INFO - [2026-01-28T00:47:38.660+0000] {dag.py:3096} INFO - Sync 1 DAGs
[2026-01-28T00:47:38.670+0000] {logging_mixin.py:188} INFO - [2026-01-28T00:47:38.670+0000] {dag.py:3954} INFO - Setting next_dagrun for example_trigger_target_dag to None, run_after=None
[2026-01-28T00:47:38.688+0000] {processor.py:183} INFO - Processing /home/airflow/.local/lib/python3.12/site-packages/airflow/example_dags/example_trigger_target_dag.py took 0.060 seconds
[2026-01-28T00:48:09.176+0000] {processor.py:161} INFO - Started process (PID=7415) to work on /home/airflow/.local/lib/python3.12/site-packages/airflow/example_dags/example_trigger_target_dag.py
[2026-01-28T00:48:09.178+0000] {processor.py:830} INFO - Processing file /home/airflow/.local/lib/python3.12/site-packages/airflow/example_dags/example_trigger_target_dag.py for tasks to queue
[2026-01-28T00:48:09.180+0000] {logging_mixin.py:188} INFO - [2026-01-28T00:48:09.179+0000] {dagbag.py:540} INFO - Filling up the DagBag from /home/airflow/.local/lib/python3.12/site-packages/airflow/example_dags/example_trigger_target_dag.py
[2026-01-28T00:48:09.186+0000] {processor.py:840} INFO - DAG(s) 'example_trigger_target_dag' retrieved from /home/airflow/.local/lib/python3.12/site-packages/airflow/example_dags/example_trigger_target_dag.py
[2026-01-28T00:48:09.206+0000] {logging_mixin.py:188} INFO - [2026-01-28T00:48:09.206+0000] {dag.py:3096} INFO - Sync 1 DAGs
[2026-01-28T00:48:09.217+0000] {logging_mixin.py:188} INFO - [2026-01-28T00:48:09.217+0000] {dag.py:3954} INFO - Setting next_dagrun for example_trigger_target_dag to None, run_after=None
[2026-01-28T00:48:09.239+0000] {processor.py:183} INFO - Processing /home/airflow/.local/lib/python3.12/site-packages/airflow/example_dags/example_trigger_target_dag.py took 0.070 seconds
[2026-01-28T00:48:39.817+0000] {processor.py:161} INFO - Started process (PID=7467) to work on /home/airflow/.local/lib/python3.12/site-packages/airflow/example_dags/example_trigger_target_dag.py
[2026-01-28T00:48:39.818+0000] {processor.py:830} INFO - Processing file /home/airflow/.local/lib/python3.12/site-packages/airflow/example_dags/example_trigger_target_dag.py for tasks to queue
[2026-01-28T00:48:39.820+0000] {logging_mixin.py:188} INFO - [2026-01-28T00:48:39.820+0000] {dagbag.py:540} INFO - Filling up the DagBag from /home/airflow/.local/lib/python3.12/site-packages/airflow/example_dags/example_trigger_target_dag.py
[2026-01-28T00:48:39.825+0000] {processor.py:840} INFO - DAG(s) 'example_trigger_target_dag' retrieved from /home/airflow/.local/lib/python3.12/site-packages/airflow/example_dags/example_trigger_target_dag.py
[2026-01-28T00:48:39.844+0000] {logging_mixin.py:188} INFO - [2026-01-28T00:48:39.844+0000] {dag.py:3096} INFO - Sync 1 DAGs
[2026-01-28T00:48:39.854+0000] {logging_mixin.py:188} INFO - [2026-01-28T00:48:39.854+0000] {dag.py:3954} INFO - Setting next_dagrun for example_trigger_target_dag to None, run_after=None
[2026-01-28T00:48:39.872+0000] {processor.py:183} INFO - Processing /home/airflow/.local/lib/python3.12/site-packages/airflow/example_dags/example_trigger_target_dag.py took 0.061 seconds
[2026-01-28T00:49:10.376+0000] {processor.py:161} INFO - Started process (PID=7519) to work on /home/airflow/.local/lib/python3.12/site-packages/airflow/example_dags/example_trigger_target_dag.py
[2026-01-28T00:49:10.377+0000] {processor.py:830} INFO - Processing file /home/airflow/.local/lib/python3.12/site-packages/airflow/example_dags/example_trigger_target_dag.py for tasks to queue
[2026-01-28T00:49:10.379+0000] {logging_mixin.py:188} INFO - [2026-01-28T00:49:10.379+0000] {dagbag.py:540} INFO - Filling up the DagBag from /home/airflow/.local/lib/python3.12/site-packages/airflow/example_dags/example_trigger_target_dag.py
[2026-01-28T00:49:10.385+0000] {processor.py:840} INFO - DAG(s) 'example_trigger_target_dag' retrieved from /home/airflow/.local/lib/python3.12/site-packages/airflow/example_dags/example_trigger_target_dag.py
[2026-01-28T00:49:10.405+0000] {logging_mixin.py:188} INFO - [2026-01-28T00:49:10.405+0000] {dag.py:3096} INFO - Sync 1 DAGs
[2026-01-28T00:49:10.419+0000] {logging_mixin.py:188} INFO - [2026-01-28T00:49:10.418+0000] {dag.py:3954} INFO - Setting next_dagrun for example_trigger_target_dag to None, run_after=None
[2026-01-28T00:49:10.440+0000] {processor.py:183} INFO - Processing /home/airflow/.local/lib/python3.12/site-packages/airflow/example_dags/example_trigger_target_dag.py took 0.070 seconds
[2026-01-28T00:49:41.092+0000] {processor.py:161} INFO - Started process (PID=7571) to work on /home/airflow/.local/lib/python3.12/site-packages/airflow/example_dags/example_trigger_target_dag.py
[2026-01-28T00:49:41.093+0000] {processor.py:830} INFO - Processing file /home/airflow/.local/lib/python3.12/site-packages/airflow/example_dags/example_trigger_target_dag.py for tasks to queue
[2026-01-28T00:49:41.095+0000] {logging_mixin.py:188} INFO - [2026-01-28T00:49:41.094+0000] {dagbag.py:540} INFO - Filling up the DagBag from /home/airflow/.local/lib/python3.12/site-packages/airflow/example_dags/example_trigger_target_dag.py
[2026-01-28T00:49:41.100+0000] {processor.py:840} INFO - DAG(s) 'example_trigger_target_dag' retrieved from /home/airflow/.local/lib/python3.12/site-packages/airflow/example_dags/example_trigger_target_dag.py
[2026-01-28T00:49:41.118+0000] {logging_mixin.py:188} INFO - [2026-01-28T00:49:41.118+0000] {dag.py:3096} INFO - Sync 1 DAGs
[2026-01-28T00:49:41.128+0000] {logging_mixin.py:188} INFO - [2026-01-28T00:49:41.128+0000] {dag.py:3954} INFO - Setting next_dagrun for example_trigger_target_dag to None, run_after=None
[2026-01-28T00:49:41.156+0000] {processor.py:183} INFO - Processing /home/airflow/.local/lib/python3.12/site-packages/airflow/example_dags/example_trigger_target_dag.py took 0.070 seconds
[2026-01-28T00:50:11.870+0000] {processor.py:161} INFO - Started process (PID=7623) to work on /home/airflow/.local/lib/python3.12/site-packages/airflow/example_dags/example_trigger_target_dag.py
[2026-01-28T00:50:11.871+0000] {processor.py:830} INFO - Processing file /home/airflow/.local/lib/python3.12/site-packages/airflow/example_dags/example_trigger_target_dag.py for tasks to queue
[2026-01-28T00:50:11.872+0000] {logging_mixin.py:188} INFO - [2026-01-28T00:50:11.872+0000] {dagbag.py:540} INFO - Filling up the DagBag from /home/airflow/.local/lib/python3.12/site-packages/airflow/example_dags/example_trigger_target_dag.py
[2026-01-28T00:50:11.878+0000] {processor.py:840} INFO - DAG(s) 'example_trigger_target_dag' retrieved from /home/airflow/.local/lib/python3.12/site-packages/airflow/example_dags/example_trigger_target_dag.py
[2026-01-28T00:50:11.896+0000] {logging_mixin.py:188} INFO - [2026-01-28T00:50:11.895+0000] {dag.py:3096} INFO - Sync 1 DAGs
[2026-01-28T00:50:11.906+0000] {logging_mixin.py:188} INFO - [2026-01-28T00:50:11.906+0000] {dag.py:3954} INFO - Setting next_dagrun for example_trigger_target_dag to None, run_after=None
[2026-01-28T00:50:11.934+0000] {processor.py:183} INFO - Processing /home/airflow/.local/lib/python3.12/site-packages/airflow/example_dags/example_trigger_target_dag.py took 0.069 seconds
[2026-01-28T00:50:42.549+0000] {processor.py:161} INFO - Started process (PID=7675) to work on /home/airflow/.local/lib/python3.12/site-packages/airflow/example_dags/example_trigger_target_dag.py
[2026-01-28T00:50:42.550+0000] {processor.py:830} INFO - Processing file /home/airflow/.local/lib/python3.12/site-packages/airflow/example_dags/example_trigger_target_dag.py for tasks to queue
[2026-01-28T00:50:42.552+0000] {logging_mixin.py:188} INFO - [2026-01-28T00:50:42.552+0000] {dagbag.py:540} INFO - Filling up the DagBag from /home/airflow/.local/lib/python3.12/site-packages/airflow/example_dags/example_trigger_target_dag.py
[2026-01-28T00:50:42.558+0000] {processor.py:840} INFO - DAG(s) 'example_trigger_target_dag' retrieved from /home/airflow/.local/lib/python3.12/site-packages/airflow/example_dags/example_trigger_target_dag.py
[2026-01-28T00:50:42.577+0000] {logging_mixin.py:188} INFO - [2026-01-28T00:50:42.577+0000] {dag.py:3096} INFO - Sync 1 DAGs
[2026-01-28T00:50:42.589+0000] {logging_mixin.py:188} INFO - [2026-01-28T00:50:42.588+0000] {dag.py:3954} INFO - Setting next_dagrun for example_trigger_target_dag to None, run_after=None
[2026-01-28T00:50:42.617+0000] {processor.py:183} INFO - Processing /home/airflow/.local/lib/python3.12/site-packages/airflow/example_dags/example_trigger_target_dag.py took 0.074 seconds
[2026-01-28T00:51:13.416+0000] {processor.py:161} INFO - Started process (PID=7727) to work on /home/airflow/.local/lib/python3.12/site-packages/airflow/example_dags/example_trigger_target_dag.py
[2026-01-28T00:51:13.417+0000] {processor.py:830} INFO - Processing file /home/airflow/.local/lib/python3.12/site-packages/airflow/example_dags/example_trigger_target_dag.py for tasks to queue
[2026-01-28T00:51:13.419+0000] {logging_mixin.py:188} INFO - [2026-01-28T00:51:13.419+0000] {dagbag.py:540} INFO - Filling up the DagBag from /home/airflow/.local/lib/python3.12/site-packages/airflow/example_dags/example_trigger_target_dag.py
[2026-01-28T00:51:13.424+0000] {processor.py:840} INFO - DAG(s) 'example_trigger_target_dag' retrieved from /home/airflow/.local/lib/python3.12/site-packages/airflow/example_dags/example_trigger_target_dag.py
[2026-01-28T00:51:13.443+0000] {logging_mixin.py:188} INFO - [2026-01-28T00:51:13.442+0000] {dag.py:3096} INFO - Sync 1 DAGs
[2026-01-28T00:51:13.453+0000] {logging_mixin.py:188} INFO - [2026-01-28T00:51:13.453+0000] {dag.py:3954} INFO - Setting next_dagrun for example_trigger_target_dag to None, run_after=None
[2026-01-28T00:51:13.472+0000] {processor.py:183} INFO - Processing /home/airflow/.local/lib/python3.12/site-packages/airflow/example_dags/example_trigger_target_dag.py took 0.062 seconds
[2026-01-28T00:51:44.115+0000] {processor.py:161} INFO - Started process (PID=7779) to work on /home/airflow/.local/lib/python3.12/site-packages/airflow/example_dags/example_trigger_target_dag.py
[2026-01-28T00:51:44.116+0000] {processor.py:830} INFO - Processing file /home/airflow/.local/lib/python3.12/site-packages/airflow/example_dags/example_trigger_target_dag.py for tasks to queue
[2026-01-28T00:51:44.118+0000] {logging_mixin.py:188} INFO - [2026-01-28T00:51:44.118+0000] {dagbag.py:540} INFO - Filling up the DagBag from /home/airflow/.local/lib/python3.12/site-packages/airflow/example_dags/example_trigger_target_dag.py
[2026-01-28T00:51:44.123+0000] {processor.py:840} INFO - DAG(s) 'example_trigger_target_dag' retrieved from /home/airflow/.local/lib/python3.12/site-packages/airflow/example_dags/example_trigger_target_dag.py
[2026-01-28T00:51:44.143+0000] {logging_mixin.py:188} INFO - [2026-01-28T00:51:44.143+0000] {dag.py:3096} INFO - Sync 1 DAGs
[2026-01-28T00:51:44.153+0000] {logging_mixin.py:188} INFO - [2026-01-28T00:51:44.153+0000] {dag.py:3954} INFO - Setting next_dagrun for example_trigger_target_dag to None, run_after=None
[2026-01-28T00:51:44.181+0000] {processor.py:183} INFO - Processing /home/airflow/.local/lib/python3.12/site-packages/airflow/example_dags/example_trigger_target_dag.py took 0.072 seconds
[2026-01-28T00:52:14.909+0000] {processor.py:161} INFO - Started process (PID=7831) to work on /home/airflow/.local/lib/python3.12/site-packages/airflow/example_dags/example_trigger_target_dag.py
[2026-01-28T00:52:14.910+0000] {processor.py:830} INFO - Processing file /home/airflow/.local/lib/python3.12/site-packages/airflow/example_dags/example_trigger_target_dag.py for tasks to queue
[2026-01-28T00:52:14.912+0000] {logging_mixin.py:188} INFO - [2026-01-28T00:52:14.912+0000] {dagbag.py:540} INFO - Filling up the DagBag from /home/airflow/.local/lib/python3.12/site-packages/airflow/example_dags/example_trigger_target_dag.py
[2026-01-28T00:52:14.918+0000] {processor.py:840} INFO - DAG(s) 'example_trigger_target_dag' retrieved from /home/airflow/.local/lib/python3.12/site-packages/airflow/example_dags/example_trigger_target_dag.py
[2026-01-28T00:52:14.937+0000] {logging_mixin.py:188} INFO - [2026-01-28T00:52:14.936+0000] {dag.py:3096} INFO - Sync 1 DAGs
[2026-01-28T00:52:14.947+0000] {logging_mixin.py:188} INFO - [2026-01-28T00:52:14.946+0000] {dag.py:3954} INFO - Setting next_dagrun for example_trigger_target_dag to None, run_after=None
[2026-01-28T00:52:14.965+0000] {processor.py:183} INFO - Processing /home/airflow/.local/lib/python3.12/site-packages/airflow/example_dags/example_trigger_target_dag.py took 0.062 seconds
[2026-01-28T00:52:45.622+0000] {processor.py:161} INFO - Started process (PID=7883) to work on /home/airflow/.local/lib/python3.12/site-packages/airflow/example_dags/example_trigger_target_dag.py
[2026-01-28T00:52:45.623+0000] {processor.py:830} INFO - Processing file /home/airflow/.local/lib/python3.12/site-packages/airflow/example_dags/example_trigger_target_dag.py for tasks to queue
[2026-01-28T00:52:45.625+0000] {logging_mixin.py:188} INFO - [2026-01-28T00:52:45.625+0000] {dagbag.py:540} INFO - Filling up the DagBag from /home/airflow/.local/lib/python3.12/site-packages/airflow/example_dags/example_trigger_target_dag.py
[2026-01-28T00:52:45.630+0000] {processor.py:840} INFO - DAG(s) 'example_trigger_target_dag' retrieved from /home/airflow/.local/lib/python3.12/site-packages/airflow/example_dags/example_trigger_target_dag.py
[2026-01-28T00:52:45.649+0000] {logging_mixin.py:188} INFO - [2026-01-28T00:52:45.649+0000] {dag.py:3096} INFO - Sync 1 DAGs
[2026-01-28T00:52:45.659+0000] {logging_mixin.py:188} INFO - [2026-01-28T00:52:45.659+0000] {dag.py:3954} INFO - Setting next_dagrun for example_trigger_target_dag to None, run_after=None
[2026-01-28T00:52:45.687+0000] {processor.py:183} INFO - Processing /home/airflow/.local/lib/python3.12/site-packages/airflow/example_dags/example_trigger_target_dag.py took 0.071 seconds
[2026-01-28T00:53:16.317+0000] {processor.py:161} INFO - Started process (PID=7935) to work on /home/airflow/.local/lib/python3.12/site-packages/airflow/example_dags/example_trigger_target_dag.py
[2026-01-28T00:53:16.318+0000] {processor.py:830} INFO - Processing file /home/airflow/.local/lib/python3.12/site-packages/airflow/example_dags/example_trigger_target_dag.py for tasks to queue
[2026-01-28T00:53:16.320+0000] {logging_mixin.py:188} INFO - [2026-01-28T00:53:16.320+0000] {dagbag.py:540} INFO - Filling up the DagBag from /home/airflow/.local/lib/python3.12/site-packages/airflow/example_dags/example_trigger_target_dag.py
[2026-01-28T00:53:16.326+0000] {processor.py:840} INFO - DAG(s) 'example_trigger_target_dag' retrieved from /home/airflow/.local/lib/python3.12/site-packages/airflow/example_dags/example_trigger_target_dag.py
[2026-01-28T00:53:16.344+0000] {logging_mixin.py:188} INFO - [2026-01-28T00:53:16.344+0000] {dag.py:3096} INFO - Sync 1 DAGs
[2026-01-28T00:53:16.354+0000] {logging_mixin.py:188} INFO - [2026-01-28T00:53:16.354+0000] {dag.py:3954} INFO - Setting next_dagrun for example_trigger_target_dag to None, run_after=None
[2026-01-28T00:53:16.372+0000] {processor.py:183} INFO - Processing /home/airflow/.local/lib/python3.12/site-packages/airflow/example_dags/example_trigger_target_dag.py took 0.061 seconds
[2026-01-28T00:53:46.968+0000] {processor.py:161} INFO - Started process (PID=7987) to work on /home/airflow/.local/lib/python3.12/site-packages/airflow/example_dags/example_trigger_target_dag.py
[2026-01-28T00:53:46.969+0000] {processor.py:830} INFO - Processing file /home/airflow/.local/lib/python3.12/site-packages/airflow/example_dags/example_trigger_target_dag.py for tasks to queue
[2026-01-28T00:53:46.971+0000] {logging_mixin.py:188} INFO - [2026-01-28T00:53:46.970+0000] {dagbag.py:540} INFO - Filling up the DagBag from /home/airflow/.local/lib/python3.12/site-packages/airflow/example_dags/example_trigger_target_dag.py
[2026-01-28T00:53:46.976+0000] {processor.py:840} INFO - DAG(s) 'example_trigger_target_dag' retrieved from /home/airflow/.local/lib/python3.12/site-packages/airflow/example_dags/example_trigger_target_dag.py
[2026-01-28T00:53:46.994+0000] {logging_mixin.py:188} INFO - [2026-01-28T00:53:46.993+0000] {dag.py:3096} INFO - Sync 1 DAGs
[2026-01-28T00:53:47.004+0000] {logging_mixin.py:188} INFO - [2026-01-28T00:53:47.004+0000] {dag.py:3954} INFO - Setting next_dagrun for example_trigger_target_dag to None, run_after=None
[2026-01-28T00:53:47.022+0000] {processor.py:183} INFO - Processing /home/airflow/.local/lib/python3.12/site-packages/airflow/example_dags/example_trigger_target_dag.py took 0.060 seconds
[2026-01-28T00:54:17.637+0000] {processor.py:161} INFO - Started process (PID=8039) to work on /home/airflow/.local/lib/python3.12/site-packages/airflow/example_dags/example_trigger_target_dag.py
[2026-01-28T00:54:17.638+0000] {processor.py:830} INFO - Processing file /home/airflow/.local/lib/python3.12/site-packages/airflow/example_dags/example_trigger_target_dag.py for tasks to queue
[2026-01-28T00:54:17.640+0000] {logging_mixin.py:188} INFO - [2026-01-28T00:54:17.640+0000] {dagbag.py:540} INFO - Filling up the DagBag from /home/airflow/.local/lib/python3.12/site-packages/airflow/example_dags/example_trigger_target_dag.py
[2026-01-28T00:54:17.645+0000] {processor.py:840} INFO - DAG(s) 'example_trigger_target_dag' retrieved from /home/airflow/.local/lib/python3.12/site-packages/airflow/example_dags/example_trigger_target_dag.py
[2026-01-28T00:54:17.664+0000] {logging_mixin.py:188} INFO - [2026-01-28T00:54:17.664+0000] {dag.py:3096} INFO - Sync 1 DAGs
[2026-01-28T00:54:17.675+0000] {logging_mixin.py:188} INFO - [2026-01-28T00:54:17.675+0000] {dag.py:3954} INFO - Setting next_dagrun for example_trigger_target_dag to None, run_after=None
[2026-01-28T00:54:17.693+0000] {processor.py:183} INFO - Processing /home/airflow/.local/lib/python3.12/site-packages/airflow/example_dags/example_trigger_target_dag.py took 0.062 seconds
[2026-01-28T00:54:48.405+0000] {processor.py:161} INFO - Started process (PID=8091) to work on /home/airflow/.local/lib/python3.12/site-packages/airflow/example_dags/example_trigger_target_dag.py
[2026-01-28T00:54:48.406+0000] {processor.py:830} INFO - Processing file /home/airflow/.local/lib/python3.12/site-packages/airflow/example_dags/example_trigger_target_dag.py for tasks to queue
[2026-01-28T00:54:48.408+0000] {logging_mixin.py:188} INFO - [2026-01-28T00:54:48.408+0000] {dagbag.py:540} INFO - Filling up the DagBag from /home/airflow/.local/lib/python3.12/site-packages/airflow/example_dags/example_trigger_target_dag.py
[2026-01-28T00:54:48.415+0000] {processor.py:840} INFO - DAG(s) 'example_trigger_target_dag' retrieved from /home/airflow/.local/lib/python3.12/site-packages/airflow/example_dags/example_trigger_target_dag.py
[2026-01-28T00:54:48.434+0000] {logging_mixin.py:188} INFO - [2026-01-28T00:54:48.434+0000] {dag.py:3096} INFO - Sync 1 DAGs
[2026-01-28T00:54:48.445+0000] {logging_mixin.py:188} INFO - [2026-01-28T00:54:48.445+0000] {dag.py:3954} INFO - Setting next_dagrun for example_trigger_target_dag to None, run_after=None
[2026-01-28T00:54:48.474+0000] {processor.py:183} INFO - Processing /home/airflow/.local/lib/python3.12/site-packages/airflow/example_dags/example_trigger_target_dag.py took 0.075 seconds
[2026-01-28T00:55:19.178+0000] {processor.py:161} INFO - Started process (PID=8143) to work on /home/airflow/.local/lib/python3.12/site-packages/airflow/example_dags/example_trigger_target_dag.py
[2026-01-28T00:55:19.179+0000] {processor.py:830} INFO - Processing file /home/airflow/.local/lib/python3.12/site-packages/airflow/example_dags/example_trigger_target_dag.py for tasks to queue
[2026-01-28T00:55:19.181+0000] {logging_mixin.py:188} INFO - [2026-01-28T00:55:19.181+0000] {dagbag.py:540} INFO - Filling up the DagBag from /home/airflow/.local/lib/python3.12/site-packages/airflow/example_dags/example_trigger_target_dag.py
[2026-01-28T00:55:19.187+0000] {processor.py:840} INFO - DAG(s) 'example_trigger_target_dag' retrieved from /home/airflow/.local/lib/python3.12/site-packages/airflow/example_dags/example_trigger_target_dag.py
[2026-01-28T00:55:19.205+0000] {logging_mixin.py:188} INFO - [2026-01-28T00:55:19.205+0000] {dag.py:3096} INFO - Sync 1 DAGs
[2026-01-28T00:55:19.216+0000] {logging_mixin.py:188} INFO - [2026-01-28T00:55:19.216+0000] {dag.py:3954} INFO - Setting next_dagrun for example_trigger_target_dag to None, run_after=None
[2026-01-28T00:55:19.243+0000] {processor.py:183} INFO - Processing /home/airflow/.local/lib/python3.12/site-packages/airflow/example_dags/example_trigger_target_dag.py took 0.072 seconds
[2026-01-28T00:55:49.938+0000] {processor.py:161} INFO - Started process (PID=8195) to work on /home/airflow/.local/lib/python3.12/site-packages/airflow/example_dags/example_trigger_target_dag.py
[2026-01-28T00:55:49.939+0000] {processor.py:830} INFO - Processing file /home/airflow/.local/lib/python3.12/site-packages/airflow/example_dags/example_trigger_target_dag.py for tasks to queue
[2026-01-28T00:55:49.941+0000] {logging_mixin.py:188} INFO - [2026-01-28T00:55:49.941+0000] {dagbag.py:540} INFO - Filling up the DagBag from /home/airflow/.local/lib/python3.12/site-packages/airflow/example_dags/example_trigger_target_dag.py
[2026-01-28T00:55:49.946+0000] {processor.py:840} INFO - DAG(s) 'example_trigger_target_dag' retrieved from /home/airflow/.local/lib/python3.12/site-packages/airflow/example_dags/example_trigger_target_dag.py
[2026-01-28T00:55:49.968+0000] {logging_mixin.py:188} INFO - [2026-01-28T00:55:49.967+0000] {dag.py:3096} INFO - Sync 1 DAGs
[2026-01-28T00:55:49.978+0000] {logging_mixin.py:188} INFO - [2026-01-28T00:55:49.978+0000] {dag.py:3954} INFO - Setting next_dagrun for example_trigger_target_dag to None, run_after=None
[2026-01-28T00:55:50.007+0000] {processor.py:183} INFO - Processing /home/airflow/.local/lib/python3.12/site-packages/airflow/example_dags/example_trigger_target_dag.py took 0.075 seconds
[2026-01-28T00:56:20.632+0000] {processor.py:161} INFO - Started process (PID=8247) to work on /home/airflow/.local/lib/python3.12/site-packages/airflow/example_dags/example_trigger_target_dag.py
[2026-01-28T00:56:20.633+0000] {processor.py:830} INFO - Processing file /home/airflow/.local/lib/python3.12/site-packages/airflow/example_dags/example_trigger_target_dag.py for tasks to queue
[2026-01-28T00:56:20.634+0000] {logging_mixin.py:188} INFO - [2026-01-28T00:56:20.634+0000] {dagbag.py:540} INFO - Filling up the DagBag from /home/airflow/.local/lib/python3.12/site-packages/airflow/example_dags/example_trigger_target_dag.py
[2026-01-28T00:56:20.640+0000] {processor.py:840} INFO - DAG(s) 'example_trigger_target_dag' retrieved from /home/airflow/.local/lib/python3.12/site-packages/airflow/example_dags/example_trigger_target_dag.py
[2026-01-28T00:56:20.658+0000] {logging_mixin.py:188} INFO - [2026-01-28T00:56:20.658+0000] {dag.py:3096} INFO - Sync 1 DAGs
[2026-01-28T00:56:20.669+0000] {logging_mixin.py:188} INFO - [2026-01-28T00:56:20.669+0000] {dag.py:3954} INFO - Setting next_dagrun for example_trigger_target_dag to None, run_after=None
[2026-01-28T00:56:20.686+0000] {processor.py:183} INFO - Processing /home/airflow/.local/lib/python3.12/site-packages/airflow/example_dags/example_trigger_target_dag.py took 0.060 seconds
[2026-01-28T00:56:51.509+0000] {processor.py:161} INFO - Started process (PID=8299) to work on /home/airflow/.local/lib/python3.12/site-packages/airflow/example_dags/example_trigger_target_dag.py
[2026-01-28T00:56:51.510+0000] {processor.py:830} INFO - Processing file /home/airflow/.local/lib/python3.12/site-packages/airflow/example_dags/example_trigger_target_dag.py for tasks to queue
[2026-01-28T00:56:51.512+0000] {logging_mixin.py:188} INFO - [2026-01-28T00:56:51.511+0000] {dagbag.py:540} INFO - Filling up the DagBag from /home/airflow/.local/lib/python3.12/site-packages/airflow/example_dags/example_trigger_target_dag.py
[2026-01-28T00:56:51.517+0000] {processor.py:840} INFO - DAG(s) 'example_trigger_target_dag' retrieved from /home/airflow/.local/lib/python3.12/site-packages/airflow/example_dags/example_trigger_target_dag.py
[2026-01-28T00:56:51.537+0000] {logging_mixin.py:188} INFO - [2026-01-28T00:56:51.536+0000] {dag.py:3096} INFO - Sync 1 DAGs
[2026-01-28T00:56:51.547+0000] {logging_mixin.py:188} INFO - [2026-01-28T00:56:51.547+0000] {dag.py:3954} INFO - Setting next_dagrun for example_trigger_target_dag to None, run_after=None
[2026-01-28T00:56:51.574+0000] {processor.py:183} INFO - Processing /home/airflow/.local/lib/python3.12/site-packages/airflow/example_dags/example_trigger_target_dag.py took 0.072 seconds
[2026-01-28T00:57:22.212+0000] {processor.py:161} INFO - Started process (PID=8351) to work on /home/airflow/.local/lib/python3.12/site-packages/airflow/example_dags/example_trigger_target_dag.py
[2026-01-28T00:57:22.213+0000] {processor.py:830} INFO - Processing file /home/airflow/.local/lib/python3.12/site-packages/airflow/example_dags/example_trigger_target_dag.py for tasks to queue
[2026-01-28T00:57:22.215+0000] {logging_mixin.py:188} INFO - [2026-01-28T00:57:22.215+0000] {dagbag.py:540} INFO - Filling up the DagBag from /home/airflow/.local/lib/python3.12/site-packages/airflow/example_dags/example_trigger_target_dag.py
[2026-01-28T00:57:22.220+0000] {processor.py:840} INFO - DAG(s) 'example_trigger_target_dag' retrieved from /home/airflow/.local/lib/python3.12/site-packages/airflow/example_dags/example_trigger_target_dag.py
[2026-01-28T00:57:22.239+0000] {logging_mixin.py:188} INFO - [2026-01-28T00:57:22.238+0000] {dag.py:3096} INFO - Sync 1 DAGs
[2026-01-28T00:57:22.249+0000] {logging_mixin.py:188} INFO - [2026-01-28T00:57:22.249+0000] {dag.py:3954} INFO - Setting next_dagrun for example_trigger_target_dag to None, run_after=None
[2026-01-28T00:57:22.278+0000] {processor.py:183} INFO - Processing /home/airflow/.local/lib/python3.12/site-packages/airflow/example_dags/example_trigger_target_dag.py took 0.071 seconds
[2026-01-28T00:57:52.932+0000] {processor.py:161} INFO - Started process (PID=8403) to work on /home/airflow/.local/lib/python3.12/site-packages/airflow/example_dags/example_trigger_target_dag.py
[2026-01-28T00:57:52.933+0000] {processor.py:830} INFO - Processing file /home/airflow/.local/lib/python3.12/site-packages/airflow/example_dags/example_trigger_target_dag.py for tasks to queue
[2026-01-28T00:57:52.935+0000] {logging_mixin.py:188} INFO - [2026-01-28T00:57:52.934+0000] {dagbag.py:540} INFO - Filling up the DagBag from /home/airflow/.local/lib/python3.12/site-packages/airflow/example_dags/example_trigger_target_dag.py
[2026-01-28T00:57:52.940+0000] {processor.py:840} INFO - DAG(s) 'example_trigger_target_dag' retrieved from /home/airflow/.local/lib/python3.12/site-packages/airflow/example_dags/example_trigger_target_dag.py
[2026-01-28T00:57:52.958+0000] {logging_mixin.py:188} INFO - [2026-01-28T00:57:52.958+0000] {dag.py:3096} INFO - Sync 1 DAGs
[2026-01-28T00:57:52.968+0000] {logging_mixin.py:188} INFO - [2026-01-28T00:57:52.968+0000] {dag.py:3954} INFO - Setting next_dagrun for example_trigger_target_dag to None, run_after=None
[2026-01-28T00:57:52.986+0000] {processor.py:183} INFO - Processing /home/airflow/.local/lib/python3.12/site-packages/airflow/example_dags/example_trigger_target_dag.py took 0.060 seconds
[2026-01-28T00:58:23.525+0000] {processor.py:161} INFO - Started process (PID=8455) to work on /home/airflow/.local/lib/python3.12/site-packages/airflow/example_dags/example_trigger_target_dag.py
[2026-01-28T00:58:23.526+0000] {processor.py:830} INFO - Processing file /home/airflow/.local/lib/python3.12/site-packages/airflow/example_dags/example_trigger_target_dag.py for tasks to queue
[2026-01-28T00:58:23.528+0000] {logging_mixin.py:188} INFO - [2026-01-28T00:58:23.527+0000] {dagbag.py:540} INFO - Filling up the DagBag from /home/airflow/.local/lib/python3.12/site-packages/airflow/example_dags/example_trigger_target_dag.py
[2026-01-28T00:58:23.533+0000] {processor.py:840} INFO - DAG(s) 'example_trigger_target_dag' retrieved from /home/airflow/.local/lib/python3.12/site-packages/airflow/example_dags/example_trigger_target_dag.py
[2026-01-28T00:58:23.553+0000] {logging_mixin.py:188} INFO - [2026-01-28T00:58:23.553+0000] {dag.py:3096} INFO - Sync 1 DAGs
[2026-01-28T00:58:23.564+0000] {logging_mixin.py:188} INFO - [2026-01-28T00:58:23.564+0000] {dag.py:3954} INFO - Setting next_dagrun for example_trigger_target_dag to None, run_after=None
[2026-01-28T00:58:23.596+0000] {processor.py:183} INFO - Processing /home/airflow/.local/lib/python3.12/site-packages/airflow/example_dags/example_trigger_target_dag.py took 0.077 seconds
[2026-01-28T00:58:54.377+0000] {processor.py:161} INFO - Started process (PID=8507) to work on /home/airflow/.local/lib/python3.12/site-packages/airflow/example_dags/example_trigger_target_dag.py
[2026-01-28T00:58:54.377+0000] {processor.py:830} INFO - Processing file /home/airflow/.local/lib/python3.12/site-packages/airflow/example_dags/example_trigger_target_dag.py for tasks to queue
[2026-01-28T00:58:54.379+0000] {logging_mixin.py:188} INFO - [2026-01-28T00:58:54.379+0000] {dagbag.py:540} INFO - Filling up the DagBag from /home/airflow/.local/lib/python3.12/site-packages/airflow/example_dags/example_trigger_target_dag.py
[2026-01-28T00:58:54.384+0000] {processor.py:840} INFO - DAG(s) 'example_trigger_target_dag' retrieved from /home/airflow/.local/lib/python3.12/site-packages/airflow/example_dags/example_trigger_target_dag.py
[2026-01-28T00:58:54.403+0000] {logging_mixin.py:188} INFO - [2026-01-28T00:58:54.402+0000] {dag.py:3096} INFO - Sync 1 DAGs
[2026-01-28T00:58:54.413+0000] {logging_mixin.py:188} INFO - [2026-01-28T00:58:54.413+0000] {dag.py:3954} INFO - Setting next_dagrun for example_trigger_target_dag to None, run_after=None
[2026-01-28T00:58:54.433+0000] {processor.py:183} INFO - Processing /home/airflow/.local/lib/python3.12/site-packages/airflow/example_dags/example_trigger_target_dag.py took 0.062 seconds
[2026-01-28T00:59:25.038+0000] {processor.py:161} INFO - Started process (PID=8559) to work on /home/airflow/.local/lib/python3.12/site-packages/airflow/example_dags/example_trigger_target_dag.py
[2026-01-28T00:59:25.039+0000] {processor.py:830} INFO - Processing file /home/airflow/.local/lib/python3.12/site-packages/airflow/example_dags/example_trigger_target_dag.py for tasks to queue
[2026-01-28T00:59:25.041+0000] {logging_mixin.py:188} INFO - [2026-01-28T00:59:25.040+0000] {dagbag.py:540} INFO - Filling up the DagBag from /home/airflow/.local/lib/python3.12/site-packages/airflow/example_dags/example_trigger_target_dag.py
[2026-01-28T00:59:25.046+0000] {processor.py:840} INFO - DAG(s) 'example_trigger_target_dag' retrieved from /home/airflow/.local/lib/python3.12/site-packages/airflow/example_dags/example_trigger_target_dag.py
[2026-01-28T00:59:25.064+0000] {logging_mixin.py:188} INFO - [2026-01-28T00:59:25.064+0000] {dag.py:3096} INFO - Sync 1 DAGs
[2026-01-28T00:59:25.077+0000] {logging_mixin.py:188} INFO - [2026-01-28T00:59:25.077+0000] {dag.py:3954} INFO - Setting next_dagrun for example_trigger_target_dag to None, run_after=None
[2026-01-28T00:59:25.103+0000] {processor.py:183} INFO - Processing /home/airflow/.local/lib/python3.12/site-packages/airflow/example_dags/example_trigger_target_dag.py took 0.071 seconds
[2026-01-28T00:59:55.778+0000] {processor.py:161} INFO - Started process (PID=8611) to work on /home/airflow/.local/lib/python3.12/site-packages/airflow/example_dags/example_trigger_target_dag.py
[2026-01-28T00:59:55.779+0000] {processor.py:830} INFO - Processing file /home/airflow/.local/lib/python3.12/site-packages/airflow/example_dags/example_trigger_target_dag.py for tasks to queue
[2026-01-28T00:59:55.781+0000] {logging_mixin.py:188} INFO - [2026-01-28T00:59:55.781+0000] {dagbag.py:540} INFO - Filling up the DagBag from /home/airflow/.local/lib/python3.12/site-packages/airflow/example_dags/example_trigger_target_dag.py
[2026-01-28T00:59:55.787+0000] {processor.py:840} INFO - DAG(s) 'example_trigger_target_dag' retrieved from /home/airflow/.local/lib/python3.12/site-packages/airflow/example_dags/example_trigger_target_dag.py
[2026-01-28T00:59:55.806+0000] {logging_mixin.py:188} INFO - [2026-01-28T00:59:55.806+0000] {dag.py:3096} INFO - Sync 1 DAGs
[2026-01-28T00:59:55.817+0000] {logging_mixin.py:188} INFO - [2026-01-28T00:59:55.816+0000] {dag.py:3954} INFO - Setting next_dagrun for example_trigger_target_dag to None, run_after=None
[2026-01-28T00:59:55.835+0000] {processor.py:183} INFO - Processing /home/airflow/.local/lib/python3.12/site-packages/airflow/example_dags/example_trigger_target_dag.py took 0.063 seconds
[2026-01-28T01:00:26.671+0000] {processor.py:161} INFO - Started process (PID=8663) to work on /home/airflow/.local/lib/python3.12/site-packages/airflow/example_dags/example_trigger_target_dag.py
[2026-01-28T01:00:26.672+0000] {processor.py:830} INFO - Processing file /home/airflow/.local/lib/python3.12/site-packages/airflow/example_dags/example_trigger_target_dag.py for tasks to queue
[2026-01-28T01:00:26.673+0000] {logging_mixin.py:188} INFO - [2026-01-28T01:00:26.673+0000] {dagbag.py:540} INFO - Filling up the DagBag from /home/airflow/.local/lib/python3.12/site-packages/airflow/example_dags/example_trigger_target_dag.py
[2026-01-28T01:00:26.679+0000] {processor.py:840} INFO - DAG(s) 'example_trigger_target_dag' retrieved from /home/airflow/.local/lib/python3.12/site-packages/airflow/example_dags/example_trigger_target_dag.py
[2026-01-28T01:00:26.696+0000] {logging_mixin.py:188} INFO - [2026-01-28T01:00:26.696+0000] {dag.py:3096} INFO - Sync 1 DAGs
[2026-01-28T01:00:26.706+0000] {logging_mixin.py:188} INFO - [2026-01-28T01:00:26.706+0000] {dag.py:3954} INFO - Setting next_dagrun for example_trigger_target_dag to None, run_after=None
[2026-01-28T01:00:26.723+0000] {processor.py:183} INFO - Processing /home/airflow/.local/lib/python3.12/site-packages/airflow/example_dags/example_trigger_target_dag.py took 0.058 seconds
[2026-01-28T01:00:57.285+0000] {processor.py:161} INFO - Started process (PID=8715) to work on /home/airflow/.local/lib/python3.12/site-packages/airflow/example_dags/example_trigger_target_dag.py
[2026-01-28T01:00:57.286+0000] {processor.py:830} INFO - Processing file /home/airflow/.local/lib/python3.12/site-packages/airflow/example_dags/example_trigger_target_dag.py for tasks to queue
[2026-01-28T01:00:57.288+0000] {logging_mixin.py:188} INFO - [2026-01-28T01:00:57.288+0000] {dagbag.py:540} INFO - Filling up the DagBag from /home/airflow/.local/lib/python3.12/site-packages/airflow/example_dags/example_trigger_target_dag.py
[2026-01-28T01:00:57.294+0000] {processor.py:840} INFO - DAG(s) 'example_trigger_target_dag' retrieved from /home/airflow/.local/lib/python3.12/site-packages/airflow/example_dags/example_trigger_target_dag.py
[2026-01-28T01:00:57.312+0000] {logging_mixin.py:188} INFO - [2026-01-28T01:00:57.312+0000] {dag.py:3096} INFO - Sync 1 DAGs
[2026-01-28T01:00:57.323+0000] {logging_mixin.py:188} INFO - [2026-01-28T01:00:57.323+0000] {dag.py:3954} INFO - Setting next_dagrun for example_trigger_target_dag to None, run_after=None
[2026-01-28T01:00:57.341+0000] {processor.py:183} INFO - Processing /home/airflow/.local/lib/python3.12/site-packages/airflow/example_dags/example_trigger_target_dag.py took 0.062 seconds
[2026-01-28T01:01:28.028+0000] {processor.py:161} INFO - Started process (PID=8767) to work on /home/airflow/.local/lib/python3.12/site-packages/airflow/example_dags/example_trigger_target_dag.py
[2026-01-28T01:01:28.029+0000] {processor.py:830} INFO - Processing file /home/airflow/.local/lib/python3.12/site-packages/airflow/example_dags/example_trigger_target_dag.py for tasks to queue
[2026-01-28T01:01:28.030+0000] {logging_mixin.py:188} INFO - [2026-01-28T01:01:28.030+0000] {dagbag.py:540} INFO - Filling up the DagBag from /home/airflow/.local/lib/python3.12/site-packages/airflow/example_dags/example_trigger_target_dag.py
[2026-01-28T01:01:28.036+0000] {processor.py:840} INFO - DAG(s) 'example_trigger_target_dag' retrieved from /home/airflow/.local/lib/python3.12/site-packages/airflow/example_dags/example_trigger_target_dag.py
[2026-01-28T01:01:28.053+0000] {logging_mixin.py:188} INFO - [2026-01-28T01:01:28.053+0000] {dag.py:3096} INFO - Sync 1 DAGs
[2026-01-28T01:01:28.063+0000] {logging_mixin.py:188} INFO - [2026-01-28T01:01:28.063+0000] {dag.py:3954} INFO - Setting next_dagrun for example_trigger_target_dag to None, run_after=None
[2026-01-28T01:01:28.091+0000] {processor.py:183} INFO - Processing /home/airflow/.local/lib/python3.12/site-packages/airflow/example_dags/example_trigger_target_dag.py took 0.069 seconds
[2026-01-28T01:01:58.647+0000] {processor.py:161} INFO - Started process (PID=8819) to work on /home/airflow/.local/lib/python3.12/site-packages/airflow/example_dags/example_trigger_target_dag.py
[2026-01-28T01:01:58.648+0000] {processor.py:830} INFO - Processing file /home/airflow/.local/lib/python3.12/site-packages/airflow/example_dags/example_trigger_target_dag.py for tasks to queue
[2026-01-28T01:01:58.650+0000] {logging_mixin.py:188} INFO - [2026-01-28T01:01:58.649+0000] {dagbag.py:540} INFO - Filling up the DagBag from /home/airflow/.local/lib/python3.12/site-packages/airflow/example_dags/example_trigger_target_dag.py
[2026-01-28T01:01:58.655+0000] {processor.py:840} INFO - DAG(s) 'example_trigger_target_dag' retrieved from /home/airflow/.local/lib/python3.12/site-packages/airflow/example_dags/example_trigger_target_dag.py
[2026-01-28T01:01:58.673+0000] {logging_mixin.py:188} INFO - [2026-01-28T01:01:58.673+0000] {dag.py:3096} INFO - Sync 1 DAGs
[2026-01-28T01:01:58.683+0000] {logging_mixin.py:188} INFO - [2026-01-28T01:01:58.683+0000] {dag.py:3954} INFO - Setting next_dagrun for example_trigger_target_dag to None, run_after=None
[2026-01-28T01:01:58.711+0000] {processor.py:183} INFO - Processing /home/airflow/.local/lib/python3.12/site-packages/airflow/example_dags/example_trigger_target_dag.py took 0.070 seconds
[2026-01-28T01:02:29.213+0000] {processor.py:161} INFO - Started process (PID=8871) to work on /home/airflow/.local/lib/python3.12/site-packages/airflow/example_dags/example_trigger_target_dag.py
[2026-01-28T01:02:29.215+0000] {processor.py:830} INFO - Processing file /home/airflow/.local/lib/python3.12/site-packages/airflow/example_dags/example_trigger_target_dag.py for tasks to queue
[2026-01-28T01:02:29.216+0000] {logging_mixin.py:188} INFO - [2026-01-28T01:02:29.216+0000] {dagbag.py:540} INFO - Filling up the DagBag from /home/airflow/.local/lib/python3.12/site-packages/airflow/example_dags/example_trigger_target_dag.py
[2026-01-28T01:02:29.222+0000] {processor.py:840} INFO - DAG(s) 'example_trigger_target_dag' retrieved from /home/airflow/.local/lib/python3.12/site-packages/airflow/example_dags/example_trigger_target_dag.py
[2026-01-28T01:02:29.240+0000] {logging_mixin.py:188} INFO - [2026-01-28T01:02:29.240+0000] {dag.py:3096} INFO - Sync 1 DAGs
[2026-01-28T01:02:29.250+0000] {logging_mixin.py:188} INFO - [2026-01-28T01:02:29.250+0000] {dag.py:3954} INFO - Setting next_dagrun for example_trigger_target_dag to None, run_after=None
[2026-01-28T01:02:29.277+0000] {processor.py:183} INFO - Processing /home/airflow/.local/lib/python3.12/site-packages/airflow/example_dags/example_trigger_target_dag.py took 0.070 seconds
[2026-01-28T01:02:59.842+0000] {processor.py:161} INFO - Started process (PID=8923) to work on /home/airflow/.local/lib/python3.12/site-packages/airflow/example_dags/example_trigger_target_dag.py
[2026-01-28T01:02:59.843+0000] {processor.py:830} INFO - Processing file /home/airflow/.local/lib/python3.12/site-packages/airflow/example_dags/example_trigger_target_dag.py for tasks to queue
[2026-01-28T01:02:59.846+0000] {logging_mixin.py:188} INFO - [2026-01-28T01:02:59.846+0000] {dagbag.py:540} INFO - Filling up the DagBag from /home/airflow/.local/lib/python3.12/site-packages/airflow/example_dags/example_trigger_target_dag.py
[2026-01-28T01:02:59.853+0000] {processor.py:840} INFO - DAG(s) 'example_trigger_target_dag' retrieved from /home/airflow/.local/lib/python3.12/site-packages/airflow/example_dags/example_trigger_target_dag.py
[2026-01-28T01:02:59.871+0000] {logging_mixin.py:188} INFO - [2026-01-28T01:02:59.870+0000] {dag.py:3096} INFO - Sync 1 DAGs
[2026-01-28T01:02:59.882+0000] {logging_mixin.py:188} INFO - [2026-01-28T01:02:59.882+0000] {dag.py:3954} INFO - Setting next_dagrun for example_trigger_target_dag to None, run_after=None
[2026-01-28T01:02:59.911+0000] {processor.py:183} INFO - Processing /home/airflow/.local/lib/python3.12/site-packages/airflow/example_dags/example_trigger_target_dag.py took 0.074 seconds
