[2026-01-28T00:00:19.110+0000] {processor.py:161} INFO - Started process (PID=2528) to work on /home/airflow/.local/lib/python3.12/site-packages/airflow/example_dags/example_python_decorator.py
[2026-01-28T00:00:19.112+0000] {processor.py:830} INFO - Processing file /home/airflow/.local/lib/python3.12/site-packages/airflow/example_dags/example_python_decorator.py for tasks to queue
[2026-01-28T00:00:19.114+0000] {logging_mixin.py:188} INFO - [2026-01-28T00:00:19.114+0000] {dagbag.py:540} INFO - Filling up the DagBag from /home/airflow/.local/lib/python3.12/site-packages/airflow/example_dags/example_python_decorator.py
[2026-01-28T00:00:19.128+0000] {processor.py:840} INFO - DAG(s) 'example_python_decorator' retrieved from /home/airflow/.local/lib/python3.12/site-packages/airflow/example_dags/example_python_decorator.py
[2026-01-28T00:00:19.154+0000] {logging_mixin.py:188} INFO - [2026-01-28T00:00:19.154+0000] {dag.py:3096} INFO - Sync 1 DAGs
[2026-01-28T00:00:19.167+0000] {logging_mixin.py:188} INFO - [2026-01-28T00:00:19.167+0000] {dag.py:3954} INFO - Setting next_dagrun for example_python_decorator to None, run_after=None
[2026-01-28T00:00:19.193+0000] {processor.py:183} INFO - Processing /home/airflow/.local/lib/python3.12/site-packages/airflow/example_dags/example_python_decorator.py took 0.090 seconds
[2026-01-28T00:00:49.424+0000] {processor.py:161} INFO - Started process (PID=2580) to work on /home/airflow/.local/lib/python3.12/site-packages/airflow/example_dags/example_python_decorator.py
[2026-01-28T00:00:49.426+0000] {processor.py:830} INFO - Processing file /home/airflow/.local/lib/python3.12/site-packages/airflow/example_dags/example_python_decorator.py for tasks to queue
[2026-01-28T00:00:49.429+0000] {logging_mixin.py:188} INFO - [2026-01-28T00:00:49.428+0000] {dagbag.py:540} INFO - Filling up the DagBag from /home/airflow/.local/lib/python3.12/site-packages/airflow/example_dags/example_python_decorator.py
[2026-01-28T00:00:49.452+0000] {processor.py:840} INFO - DAG(s) 'example_python_decorator' retrieved from /home/airflow/.local/lib/python3.12/site-packages/airflow/example_dags/example_python_decorator.py
[2026-01-28T00:00:49.486+0000] {logging_mixin.py:188} INFO - [2026-01-28T00:00:49.486+0000] {dag.py:3096} INFO - Sync 1 DAGs
[2026-01-28T00:00:49.507+0000] {logging_mixin.py:188} INFO - [2026-01-28T00:00:49.507+0000] {dag.py:3954} INFO - Setting next_dagrun for example_python_decorator to None, run_after=None
[2026-01-28T00:00:49.535+0000] {processor.py:183} INFO - Processing /home/airflow/.local/lib/python3.12/site-packages/airflow/example_dags/example_python_decorator.py took 0.120 seconds
[2026-01-28T00:01:20.164+0000] {processor.py:161} INFO - Started process (PID=2632) to work on /home/airflow/.local/lib/python3.12/site-packages/airflow/example_dags/example_python_decorator.py
[2026-01-28T00:01:20.165+0000] {processor.py:830} INFO - Processing file /home/airflow/.local/lib/python3.12/site-packages/airflow/example_dags/example_python_decorator.py for tasks to queue
[2026-01-28T00:01:20.168+0000] {logging_mixin.py:188} INFO - [2026-01-28T00:01:20.168+0000] {dagbag.py:540} INFO - Filling up the DagBag from /home/airflow/.local/lib/python3.12/site-packages/airflow/example_dags/example_python_decorator.py
[2026-01-28T00:01:20.186+0000] {processor.py:840} INFO - DAG(s) 'example_python_decorator' retrieved from /home/airflow/.local/lib/python3.12/site-packages/airflow/example_dags/example_python_decorator.py
[2026-01-28T00:01:20.224+0000] {logging_mixin.py:188} INFO - [2026-01-28T00:01:20.224+0000] {dag.py:3096} INFO - Sync 1 DAGs
[2026-01-28T00:01:20.242+0000] {logging_mixin.py:188} INFO - [2026-01-28T00:01:20.242+0000] {dag.py:3954} INFO - Setting next_dagrun for example_python_decorator to None, run_after=None
[2026-01-28T00:01:20.267+0000] {processor.py:183} INFO - Processing /home/airflow/.local/lib/python3.12/site-packages/airflow/example_dags/example_python_decorator.py took 0.116 seconds
[2026-01-28T00:01:50.858+0000] {processor.py:161} INFO - Started process (PID=2684) to work on /home/airflow/.local/lib/python3.12/site-packages/airflow/example_dags/example_python_decorator.py
[2026-01-28T00:01:50.860+0000] {processor.py:830} INFO - Processing file /home/airflow/.local/lib/python3.12/site-packages/airflow/example_dags/example_python_decorator.py for tasks to queue
[2026-01-28T00:01:50.863+0000] {logging_mixin.py:188} INFO - [2026-01-28T00:01:50.863+0000] {dagbag.py:540} INFO - Filling up the DagBag from /home/airflow/.local/lib/python3.12/site-packages/airflow/example_dags/example_python_decorator.py
[2026-01-28T00:01:50.893+0000] {processor.py:840} INFO - DAG(s) 'example_python_decorator' retrieved from /home/airflow/.local/lib/python3.12/site-packages/airflow/example_dags/example_python_decorator.py
[2026-01-28T00:01:50.924+0000] {logging_mixin.py:188} INFO - [2026-01-28T00:01:50.923+0000] {dag.py:3096} INFO - Sync 1 DAGs
[2026-01-28T00:01:50.941+0000] {logging_mixin.py:188} INFO - [2026-01-28T00:01:50.939+0000] {dag.py:3954} INFO - Setting next_dagrun for example_python_decorator to None, run_after=None
[2026-01-28T00:01:50.970+0000] {processor.py:183} INFO - Processing /home/airflow/.local/lib/python3.12/site-packages/airflow/example_dags/example_python_decorator.py took 0.124 seconds
[2026-01-28T00:02:21.642+0000] {processor.py:161} INFO - Started process (PID=2736) to work on /home/airflow/.local/lib/python3.12/site-packages/airflow/example_dags/example_python_decorator.py
[2026-01-28T00:02:21.644+0000] {processor.py:830} INFO - Processing file /home/airflow/.local/lib/python3.12/site-packages/airflow/example_dags/example_python_decorator.py for tasks to queue
[2026-01-28T00:02:21.647+0000] {logging_mixin.py:188} INFO - [2026-01-28T00:02:21.647+0000] {dagbag.py:540} INFO - Filling up the DagBag from /home/airflow/.local/lib/python3.12/site-packages/airflow/example_dags/example_python_decorator.py
[2026-01-28T00:02:21.666+0000] {processor.py:840} INFO - DAG(s) 'example_python_decorator' retrieved from /home/airflow/.local/lib/python3.12/site-packages/airflow/example_dags/example_python_decorator.py
[2026-01-28T00:02:21.702+0000] {logging_mixin.py:188} INFO - [2026-01-28T00:02:21.701+0000] {dag.py:3096} INFO - Sync 1 DAGs
[2026-01-28T00:02:21.723+0000] {logging_mixin.py:188} INFO - [2026-01-28T00:02:21.722+0000] {dag.py:3954} INFO - Setting next_dagrun for example_python_decorator to None, run_after=None
[2026-01-28T00:02:21.752+0000] {processor.py:183} INFO - Processing /home/airflow/.local/lib/python3.12/site-packages/airflow/example_dags/example_python_decorator.py took 0.119 seconds
[2026-01-28T00:02:52.493+0000] {processor.py:161} INFO - Started process (PID=2788) to work on /home/airflow/.local/lib/python3.12/site-packages/airflow/example_dags/example_python_decorator.py
[2026-01-28T00:02:52.494+0000] {processor.py:830} INFO - Processing file /home/airflow/.local/lib/python3.12/site-packages/airflow/example_dags/example_python_decorator.py for tasks to queue
[2026-01-28T00:02:52.496+0000] {logging_mixin.py:188} INFO - [2026-01-28T00:02:52.495+0000] {dagbag.py:540} INFO - Filling up the DagBag from /home/airflow/.local/lib/python3.12/site-packages/airflow/example_dags/example_python_decorator.py
[2026-01-28T00:02:52.510+0000] {processor.py:840} INFO - DAG(s) 'example_python_decorator' retrieved from /home/airflow/.local/lib/python3.12/site-packages/airflow/example_dags/example_python_decorator.py
[2026-01-28T00:02:52.531+0000] {logging_mixin.py:188} INFO - [2026-01-28T00:02:52.531+0000] {dag.py:3096} INFO - Sync 1 DAGs
[2026-01-28T00:02:52.542+0000] {logging_mixin.py:188} INFO - [2026-01-28T00:02:52.542+0000] {dag.py:3954} INFO - Setting next_dagrun for example_python_decorator to None, run_after=None
[2026-01-28T00:02:52.574+0000] {processor.py:183} INFO - Processing /home/airflow/.local/lib/python3.12/site-packages/airflow/example_dags/example_python_decorator.py took 0.086 seconds
[2026-01-28T00:03:22.826+0000] {processor.py:161} INFO - Started process (PID=2840) to work on /home/airflow/.local/lib/python3.12/site-packages/airflow/example_dags/example_python_decorator.py
[2026-01-28T00:03:22.828+0000] {processor.py:830} INFO - Processing file /home/airflow/.local/lib/python3.12/site-packages/airflow/example_dags/example_python_decorator.py for tasks to queue
[2026-01-28T00:03:22.830+0000] {logging_mixin.py:188} INFO - [2026-01-28T00:03:22.830+0000] {dagbag.py:540} INFO - Filling up the DagBag from /home/airflow/.local/lib/python3.12/site-packages/airflow/example_dags/example_python_decorator.py
[2026-01-28T00:03:22.843+0000] {processor.py:840} INFO - DAG(s) 'example_python_decorator' retrieved from /home/airflow/.local/lib/python3.12/site-packages/airflow/example_dags/example_python_decorator.py
[2026-01-28T00:03:22.866+0000] {logging_mixin.py:188} INFO - [2026-01-28T00:03:22.866+0000] {dag.py:3096} INFO - Sync 1 DAGs
[2026-01-28T00:03:22.879+0000] {logging_mixin.py:188} INFO - [2026-01-28T00:03:22.879+0000] {dag.py:3954} INFO - Setting next_dagrun for example_python_decorator to None, run_after=None
[2026-01-28T00:03:22.909+0000] {processor.py:183} INFO - Processing /home/airflow/.local/lib/python3.12/site-packages/airflow/example_dags/example_python_decorator.py took 0.088 seconds
[2026-01-28T00:03:53.131+0000] {processor.py:161} INFO - Started process (PID=2892) to work on /home/airflow/.local/lib/python3.12/site-packages/airflow/example_dags/example_python_decorator.py
[2026-01-28T00:03:53.132+0000] {processor.py:830} INFO - Processing file /home/airflow/.local/lib/python3.12/site-packages/airflow/example_dags/example_python_decorator.py for tasks to queue
[2026-01-28T00:03:53.134+0000] {logging_mixin.py:188} INFO - [2026-01-28T00:03:53.133+0000] {dagbag.py:540} INFO - Filling up the DagBag from /home/airflow/.local/lib/python3.12/site-packages/airflow/example_dags/example_python_decorator.py
[2026-01-28T00:03:53.146+0000] {processor.py:840} INFO - DAG(s) 'example_python_decorator' retrieved from /home/airflow/.local/lib/python3.12/site-packages/airflow/example_dags/example_python_decorator.py
[2026-01-28T00:03:53.167+0000] {logging_mixin.py:188} INFO - [2026-01-28T00:03:53.167+0000] {dag.py:3096} INFO - Sync 1 DAGs
[2026-01-28T00:03:53.179+0000] {logging_mixin.py:188} INFO - [2026-01-28T00:03:53.178+0000] {dag.py:3954} INFO - Setting next_dagrun for example_python_decorator to None, run_after=None
[2026-01-28T00:03:53.207+0000] {processor.py:183} INFO - Processing /home/airflow/.local/lib/python3.12/site-packages/airflow/example_dags/example_python_decorator.py took 0.082 seconds
[2026-01-28T00:04:23.592+0000] {processor.py:161} INFO - Started process (PID=2944) to work on /home/airflow/.local/lib/python3.12/site-packages/airflow/example_dags/example_python_decorator.py
[2026-01-28T00:04:23.593+0000] {processor.py:830} INFO - Processing file /home/airflow/.local/lib/python3.12/site-packages/airflow/example_dags/example_python_decorator.py for tasks to queue
[2026-01-28T00:04:23.595+0000] {logging_mixin.py:188} INFO - [2026-01-28T00:04:23.595+0000] {dagbag.py:540} INFO - Filling up the DagBag from /home/airflow/.local/lib/python3.12/site-packages/airflow/example_dags/example_python_decorator.py
[2026-01-28T00:04:23.609+0000] {processor.py:840} INFO - DAG(s) 'example_python_decorator' retrieved from /home/airflow/.local/lib/python3.12/site-packages/airflow/example_dags/example_python_decorator.py
[2026-01-28T00:04:23.629+0000] {logging_mixin.py:188} INFO - [2026-01-28T00:04:23.629+0000] {dag.py:3096} INFO - Sync 1 DAGs
[2026-01-28T00:04:23.642+0000] {logging_mixin.py:188} INFO - [2026-01-28T00:04:23.642+0000] {dag.py:3954} INFO - Setting next_dagrun for example_python_decorator to None, run_after=None
[2026-01-28T00:04:23.664+0000] {processor.py:183} INFO - Processing /home/airflow/.local/lib/python3.12/site-packages/airflow/example_dags/example_python_decorator.py took 0.081 seconds
[2026-01-28T00:04:54.618+0000] {processor.py:161} INFO - Started process (PID=2996) to work on /home/airflow/.local/lib/python3.12/site-packages/airflow/example_dags/example_python_decorator.py
[2026-01-28T00:04:54.619+0000] {processor.py:830} INFO - Processing file /home/airflow/.local/lib/python3.12/site-packages/airflow/example_dags/example_python_decorator.py for tasks to queue
[2026-01-28T00:04:54.621+0000] {logging_mixin.py:188} INFO - [2026-01-28T00:04:54.621+0000] {dagbag.py:540} INFO - Filling up the DagBag from /home/airflow/.local/lib/python3.12/site-packages/airflow/example_dags/example_python_decorator.py
[2026-01-28T00:04:54.656+0000] {processor.py:840} INFO - DAG(s) 'example_python_decorator' retrieved from /home/airflow/.local/lib/python3.12/site-packages/airflow/example_dags/example_python_decorator.py
[2026-01-28T00:04:54.693+0000] {logging_mixin.py:188} INFO - [2026-01-28T00:04:54.693+0000] {dag.py:3096} INFO - Sync 1 DAGs
[2026-01-28T00:04:54.710+0000] {logging_mixin.py:188} INFO - [2026-01-28T00:04:54.710+0000] {dag.py:3954} INFO - Setting next_dagrun for example_python_decorator to None, run_after=None
[2026-01-28T00:04:54.733+0000] {processor.py:183} INFO - Processing /home/airflow/.local/lib/python3.12/site-packages/airflow/example_dags/example_python_decorator.py took 0.125 seconds
[2026-01-28T00:05:24.826+0000] {processor.py:161} INFO - Started process (PID=3048) to work on /home/airflow/.local/lib/python3.12/site-packages/airflow/example_dags/example_python_decorator.py
[2026-01-28T00:05:24.832+0000] {processor.py:830} INFO - Processing file /home/airflow/.local/lib/python3.12/site-packages/airflow/example_dags/example_python_decorator.py for tasks to queue
[2026-01-28T00:05:24.839+0000] {logging_mixin.py:188} INFO - [2026-01-28T00:05:24.839+0000] {dagbag.py:540} INFO - Filling up the DagBag from /home/airflow/.local/lib/python3.12/site-packages/airflow/example_dags/example_python_decorator.py
[2026-01-28T00:05:24.870+0000] {processor.py:840} INFO - DAG(s) 'example_python_decorator' retrieved from /home/airflow/.local/lib/python3.12/site-packages/airflow/example_dags/example_python_decorator.py
[2026-01-28T00:05:24.989+0000] {logging_mixin.py:188} INFO - [2026-01-28T00:05:24.988+0000] {dag.py:3096} INFO - Sync 1 DAGs
[2026-01-28T00:05:25.004+0000] {logging_mixin.py:188} INFO - [2026-01-28T00:05:25.004+0000] {dag.py:3954} INFO - Setting next_dagrun for example_python_decorator to None, run_after=None
[2026-01-28T00:05:25.032+0000] {processor.py:183} INFO - Processing /home/airflow/.local/lib/python3.12/site-packages/airflow/example_dags/example_python_decorator.py took 0.216 seconds
[2026-01-28T00:05:55.299+0000] {processor.py:161} INFO - Started process (PID=3100) to work on /home/airflow/.local/lib/python3.12/site-packages/airflow/example_dags/example_python_decorator.py
[2026-01-28T00:05:55.300+0000] {processor.py:830} INFO - Processing file /home/airflow/.local/lib/python3.12/site-packages/airflow/example_dags/example_python_decorator.py for tasks to queue
[2026-01-28T00:05:55.302+0000] {logging_mixin.py:188} INFO - [2026-01-28T00:05:55.301+0000] {dagbag.py:540} INFO - Filling up the DagBag from /home/airflow/.local/lib/python3.12/site-packages/airflow/example_dags/example_python_decorator.py
[2026-01-28T00:05:55.313+0000] {processor.py:840} INFO - DAG(s) 'example_python_decorator' retrieved from /home/airflow/.local/lib/python3.12/site-packages/airflow/example_dags/example_python_decorator.py
[2026-01-28T00:05:55.332+0000] {logging_mixin.py:188} INFO - [2026-01-28T00:05:55.332+0000] {dag.py:3096} INFO - Sync 1 DAGs
[2026-01-28T00:05:55.345+0000] {logging_mixin.py:188} INFO - [2026-01-28T00:05:55.345+0000] {dag.py:3954} INFO - Setting next_dagrun for example_python_decorator to None, run_after=None
[2026-01-28T00:05:55.379+0000] {processor.py:183} INFO - Processing /home/airflow/.local/lib/python3.12/site-packages/airflow/example_dags/example_python_decorator.py took 0.086 seconds
[2026-01-28T00:06:26.398+0000] {processor.py:161} INFO - Started process (PID=3152) to work on /home/airflow/.local/lib/python3.12/site-packages/airflow/example_dags/example_python_decorator.py
[2026-01-28T00:06:26.399+0000] {processor.py:830} INFO - Processing file /home/airflow/.local/lib/python3.12/site-packages/airflow/example_dags/example_python_decorator.py for tasks to queue
[2026-01-28T00:06:26.401+0000] {logging_mixin.py:188} INFO - [2026-01-28T00:06:26.400+0000] {dagbag.py:540} INFO - Filling up the DagBag from /home/airflow/.local/lib/python3.12/site-packages/airflow/example_dags/example_python_decorator.py
[2026-01-28T00:06:26.413+0000] {processor.py:840} INFO - DAG(s) 'example_python_decorator' retrieved from /home/airflow/.local/lib/python3.12/site-packages/airflow/example_dags/example_python_decorator.py
[2026-01-28T00:06:26.433+0000] {logging_mixin.py:188} INFO - [2026-01-28T00:06:26.433+0000] {dag.py:3096} INFO - Sync 1 DAGs
[2026-01-28T00:06:26.445+0000] {logging_mixin.py:188} INFO - [2026-01-28T00:06:26.445+0000] {dag.py:3954} INFO - Setting next_dagrun for example_python_decorator to None, run_after=None
[2026-01-28T00:06:26.477+0000] {processor.py:183} INFO - Processing /home/airflow/.local/lib/python3.12/site-packages/airflow/example_dags/example_python_decorator.py took 0.084 seconds
[2026-01-28T00:06:56.542+0000] {processor.py:161} INFO - Started process (PID=3204) to work on /home/airflow/.local/lib/python3.12/site-packages/airflow/example_dags/example_python_decorator.py
[2026-01-28T00:06:56.543+0000] {processor.py:830} INFO - Processing file /home/airflow/.local/lib/python3.12/site-packages/airflow/example_dags/example_python_decorator.py for tasks to queue
[2026-01-28T00:06:56.546+0000] {logging_mixin.py:188} INFO - [2026-01-28T00:06:56.545+0000] {dagbag.py:540} INFO - Filling up the DagBag from /home/airflow/.local/lib/python3.12/site-packages/airflow/example_dags/example_python_decorator.py
[2026-01-28T00:06:56.557+0000] {processor.py:840} INFO - DAG(s) 'example_python_decorator' retrieved from /home/airflow/.local/lib/python3.12/site-packages/airflow/example_dags/example_python_decorator.py
[2026-01-28T00:06:56.577+0000] {logging_mixin.py:188} INFO - [2026-01-28T00:06:56.577+0000] {dag.py:3096} INFO - Sync 1 DAGs
[2026-01-28T00:06:56.589+0000] {logging_mixin.py:188} INFO - [2026-01-28T00:06:56.588+0000] {dag.py:3954} INFO - Setting next_dagrun for example_python_decorator to None, run_after=None
[2026-01-28T00:06:56.609+0000] {processor.py:183} INFO - Processing /home/airflow/.local/lib/python3.12/site-packages/airflow/example_dags/example_python_decorator.py took 0.072 seconds
[2026-01-28T00:07:26.702+0000] {processor.py:161} INFO - Started process (PID=3256) to work on /home/airflow/.local/lib/python3.12/site-packages/airflow/example_dags/example_python_decorator.py
[2026-01-28T00:07:26.703+0000] {processor.py:830} INFO - Processing file /home/airflow/.local/lib/python3.12/site-packages/airflow/example_dags/example_python_decorator.py for tasks to queue
[2026-01-28T00:07:26.705+0000] {logging_mixin.py:188} INFO - [2026-01-28T00:07:26.705+0000] {dagbag.py:540} INFO - Filling up the DagBag from /home/airflow/.local/lib/python3.12/site-packages/airflow/example_dags/example_python_decorator.py
[2026-01-28T00:07:26.716+0000] {processor.py:840} INFO - DAG(s) 'example_python_decorator' retrieved from /home/airflow/.local/lib/python3.12/site-packages/airflow/example_dags/example_python_decorator.py
[2026-01-28T00:07:26.745+0000] {logging_mixin.py:188} INFO - [2026-01-28T00:07:26.744+0000] {dag.py:3096} INFO - Sync 1 DAGs
[2026-01-28T00:07:26.757+0000] {logging_mixin.py:188} INFO - [2026-01-28T00:07:26.757+0000] {dag.py:3954} INFO - Setting next_dagrun for example_python_decorator to None, run_after=None
[2026-01-28T00:07:26.779+0000] {processor.py:183} INFO - Processing /home/airflow/.local/lib/python3.12/site-packages/airflow/example_dags/example_python_decorator.py took 0.082 seconds
[2026-01-28T00:07:57.098+0000] {processor.py:161} INFO - Started process (PID=3308) to work on /home/airflow/.local/lib/python3.12/site-packages/airflow/example_dags/example_python_decorator.py
[2026-01-28T00:07:57.099+0000] {processor.py:830} INFO - Processing file /home/airflow/.local/lib/python3.12/site-packages/airflow/example_dags/example_python_decorator.py for tasks to queue
[2026-01-28T00:07:57.101+0000] {logging_mixin.py:188} INFO - [2026-01-28T00:07:57.101+0000] {dagbag.py:540} INFO - Filling up the DagBag from /home/airflow/.local/lib/python3.12/site-packages/airflow/example_dags/example_python_decorator.py
[2026-01-28T00:07:57.115+0000] {processor.py:840} INFO - DAG(s) 'example_python_decorator' retrieved from /home/airflow/.local/lib/python3.12/site-packages/airflow/example_dags/example_python_decorator.py
[2026-01-28T00:07:57.138+0000] {logging_mixin.py:188} INFO - [2026-01-28T00:07:57.138+0000] {dag.py:3096} INFO - Sync 1 DAGs
[2026-01-28T00:07:57.152+0000] {logging_mixin.py:188} INFO - [2026-01-28T00:07:57.152+0000] {dag.py:3954} INFO - Setting next_dagrun for example_python_decorator to None, run_after=None
[2026-01-28T00:07:57.171+0000] {processor.py:183} INFO - Processing /home/airflow/.local/lib/python3.12/site-packages/airflow/example_dags/example_python_decorator.py took 0.080 seconds
[2026-01-28T00:08:27.635+0000] {processor.py:161} INFO - Started process (PID=3360) to work on /home/airflow/.local/lib/python3.12/site-packages/airflow/example_dags/example_python_decorator.py
[2026-01-28T00:08:27.636+0000] {processor.py:830} INFO - Processing file /home/airflow/.local/lib/python3.12/site-packages/airflow/example_dags/example_python_decorator.py for tasks to queue
[2026-01-28T00:08:27.638+0000] {logging_mixin.py:188} INFO - [2026-01-28T00:08:27.638+0000] {dagbag.py:540} INFO - Filling up the DagBag from /home/airflow/.local/lib/python3.12/site-packages/airflow/example_dags/example_python_decorator.py
[2026-01-28T00:08:27.651+0000] {processor.py:840} INFO - DAG(s) 'example_python_decorator' retrieved from /home/airflow/.local/lib/python3.12/site-packages/airflow/example_dags/example_python_decorator.py
[2026-01-28T00:08:27.675+0000] {logging_mixin.py:188} INFO - [2026-01-28T00:08:27.675+0000] {dag.py:3096} INFO - Sync 1 DAGs
[2026-01-28T00:08:27.690+0000] {logging_mixin.py:188} INFO - [2026-01-28T00:08:27.689+0000] {dag.py:3954} INFO - Setting next_dagrun for example_python_decorator to None, run_after=None
[2026-01-28T00:08:27.720+0000] {processor.py:183} INFO - Processing /home/airflow/.local/lib/python3.12/site-packages/airflow/example_dags/example_python_decorator.py took 0.090 seconds
[2026-01-28T00:08:57.943+0000] {processor.py:161} INFO - Started process (PID=3412) to work on /home/airflow/.local/lib/python3.12/site-packages/airflow/example_dags/example_python_decorator.py
[2026-01-28T00:08:57.944+0000] {processor.py:830} INFO - Processing file /home/airflow/.local/lib/python3.12/site-packages/airflow/example_dags/example_python_decorator.py for tasks to queue
[2026-01-28T00:08:57.946+0000] {logging_mixin.py:188} INFO - [2026-01-28T00:08:57.946+0000] {dagbag.py:540} INFO - Filling up the DagBag from /home/airflow/.local/lib/python3.12/site-packages/airflow/example_dags/example_python_decorator.py
[2026-01-28T00:08:57.961+0000] {processor.py:840} INFO - DAG(s) 'example_python_decorator' retrieved from /home/airflow/.local/lib/python3.12/site-packages/airflow/example_dags/example_python_decorator.py
[2026-01-28T00:08:57.988+0000] {logging_mixin.py:188} INFO - [2026-01-28T00:08:57.987+0000] {dag.py:3096} INFO - Sync 1 DAGs
[2026-01-28T00:08:58.000+0000] {logging_mixin.py:188} INFO - [2026-01-28T00:08:58.000+0000] {dag.py:3954} INFO - Setting next_dagrun for example_python_decorator to None, run_after=None
[2026-01-28T00:08:58.034+0000] {processor.py:183} INFO - Processing /home/airflow/.local/lib/python3.12/site-packages/airflow/example_dags/example_python_decorator.py took 0.096 seconds
[2026-01-28T00:09:28.928+0000] {processor.py:161} INFO - Started process (PID=3464) to work on /home/airflow/.local/lib/python3.12/site-packages/airflow/example_dags/example_python_decorator.py
[2026-01-28T00:09:28.929+0000] {processor.py:830} INFO - Processing file /home/airflow/.local/lib/python3.12/site-packages/airflow/example_dags/example_python_decorator.py for tasks to queue
[2026-01-28T00:09:28.931+0000] {logging_mixin.py:188} INFO - [2026-01-28T00:09:28.931+0000] {dagbag.py:540} INFO - Filling up the DagBag from /home/airflow/.local/lib/python3.12/site-packages/airflow/example_dags/example_python_decorator.py
[2026-01-28T00:09:28.945+0000] {processor.py:840} INFO - DAG(s) 'example_python_decorator' retrieved from /home/airflow/.local/lib/python3.12/site-packages/airflow/example_dags/example_python_decorator.py
[2026-01-28T00:09:28.972+0000] {logging_mixin.py:188} INFO - [2026-01-28T00:09:28.972+0000] {dag.py:3096} INFO - Sync 1 DAGs
[2026-01-28T00:09:28.984+0000] {logging_mixin.py:188} INFO - [2026-01-28T00:09:28.984+0000] {dag.py:3954} INFO - Setting next_dagrun for example_python_decorator to None, run_after=None
[2026-01-28T00:09:29.011+0000] {processor.py:183} INFO - Processing /home/airflow/.local/lib/python3.12/site-packages/airflow/example_dags/example_python_decorator.py took 0.089 seconds
[2026-01-28T00:09:59.631+0000] {processor.py:161} INFO - Started process (PID=3516) to work on /home/airflow/.local/lib/python3.12/site-packages/airflow/example_dags/example_python_decorator.py
[2026-01-28T00:09:59.632+0000] {processor.py:830} INFO - Processing file /home/airflow/.local/lib/python3.12/site-packages/airflow/example_dags/example_python_decorator.py for tasks to queue
[2026-01-28T00:09:59.636+0000] {logging_mixin.py:188} INFO - [2026-01-28T00:09:59.635+0000] {dagbag.py:540} INFO - Filling up the DagBag from /home/airflow/.local/lib/python3.12/site-packages/airflow/example_dags/example_python_decorator.py
[2026-01-28T00:09:59.655+0000] {processor.py:840} INFO - DAG(s) 'example_python_decorator' retrieved from /home/airflow/.local/lib/python3.12/site-packages/airflow/example_dags/example_python_decorator.py
[2026-01-28T00:09:59.683+0000] {logging_mixin.py:188} INFO - [2026-01-28T00:09:59.683+0000] {dag.py:3096} INFO - Sync 1 DAGs
[2026-01-28T00:09:59.709+0000] {logging_mixin.py:188} INFO - [2026-01-28T00:09:59.709+0000] {dag.py:3954} INFO - Setting next_dagrun for example_python_decorator to None, run_after=None
[2026-01-28T00:09:59.739+0000] {processor.py:183} INFO - Processing /home/airflow/.local/lib/python3.12/site-packages/airflow/example_dags/example_python_decorator.py took 0.117 seconds
[2026-01-28T00:10:29.847+0000] {processor.py:161} INFO - Started process (PID=3568) to work on /home/airflow/.local/lib/python3.12/site-packages/airflow/example_dags/example_python_decorator.py
[2026-01-28T00:10:29.848+0000] {processor.py:830} INFO - Processing file /home/airflow/.local/lib/python3.12/site-packages/airflow/example_dags/example_python_decorator.py for tasks to queue
[2026-01-28T00:10:29.849+0000] {logging_mixin.py:188} INFO - [2026-01-28T00:10:29.849+0000] {dagbag.py:540} INFO - Filling up the DagBag from /home/airflow/.local/lib/python3.12/site-packages/airflow/example_dags/example_python_decorator.py
[2026-01-28T00:10:29.865+0000] {processor.py:840} INFO - DAG(s) 'example_python_decorator' retrieved from /home/airflow/.local/lib/python3.12/site-packages/airflow/example_dags/example_python_decorator.py
[2026-01-28T00:10:29.887+0000] {logging_mixin.py:188} INFO - [2026-01-28T00:10:29.887+0000] {dag.py:3096} INFO - Sync 1 DAGs
[2026-01-28T00:10:29.899+0000] {logging_mixin.py:188} INFO - [2026-01-28T00:10:29.899+0000] {dag.py:3954} INFO - Setting next_dagrun for example_python_decorator to None, run_after=None
[2026-01-28T00:10:29.924+0000] {processor.py:183} INFO - Processing /home/airflow/.local/lib/python3.12/site-packages/airflow/example_dags/example_python_decorator.py took 0.082 seconds
[2026-01-28T00:11:00.171+0000] {processor.py:161} INFO - Started process (PID=3620) to work on /home/airflow/.local/lib/python3.12/site-packages/airflow/example_dags/example_python_decorator.py
[2026-01-28T00:11:00.172+0000] {processor.py:830} INFO - Processing file /home/airflow/.local/lib/python3.12/site-packages/airflow/example_dags/example_python_decorator.py for tasks to queue
[2026-01-28T00:11:00.175+0000] {logging_mixin.py:188} INFO - [2026-01-28T00:11:00.174+0000] {dagbag.py:540} INFO - Filling up the DagBag from /home/airflow/.local/lib/python3.12/site-packages/airflow/example_dags/example_python_decorator.py
[2026-01-28T00:11:00.189+0000] {processor.py:840} INFO - DAG(s) 'example_python_decorator' retrieved from /home/airflow/.local/lib/python3.12/site-packages/airflow/example_dags/example_python_decorator.py
[2026-01-28T00:11:00.214+0000] {logging_mixin.py:188} INFO - [2026-01-28T00:11:00.214+0000] {dag.py:3096} INFO - Sync 1 DAGs
[2026-01-28T00:11:00.229+0000] {logging_mixin.py:188} INFO - [2026-01-28T00:11:00.228+0000] {dag.py:3954} INFO - Setting next_dagrun for example_python_decorator to None, run_after=None
[2026-01-28T00:11:00.253+0000] {processor.py:183} INFO - Processing /home/airflow/.local/lib/python3.12/site-packages/airflow/example_dags/example_python_decorator.py took 0.090 seconds
[2026-01-28T00:11:30.291+0000] {processor.py:161} INFO - Started process (PID=3671) to work on /home/airflow/.local/lib/python3.12/site-packages/airflow/example_dags/example_python_decorator.py
[2026-01-28T00:11:30.292+0000] {processor.py:830} INFO - Processing file /home/airflow/.local/lib/python3.12/site-packages/airflow/example_dags/example_python_decorator.py for tasks to queue
[2026-01-28T00:11:30.294+0000] {logging_mixin.py:188} INFO - [2026-01-28T00:11:30.294+0000] {dagbag.py:540} INFO - Filling up the DagBag from /home/airflow/.local/lib/python3.12/site-packages/airflow/example_dags/example_python_decorator.py
[2026-01-28T00:11:30.306+0000] {processor.py:840} INFO - DAG(s) 'example_python_decorator' retrieved from /home/airflow/.local/lib/python3.12/site-packages/airflow/example_dags/example_python_decorator.py
[2026-01-28T00:11:30.328+0000] {logging_mixin.py:188} INFO - [2026-01-28T00:11:30.328+0000] {dag.py:3096} INFO - Sync 1 DAGs
[2026-01-28T00:11:30.340+0000] {logging_mixin.py:188} INFO - [2026-01-28T00:11:30.340+0000] {dag.py:3954} INFO - Setting next_dagrun for example_python_decorator to None, run_after=None
[2026-01-28T00:11:30.370+0000] {processor.py:183} INFO - Processing /home/airflow/.local/lib/python3.12/site-packages/airflow/example_dags/example_python_decorator.py took 0.085 seconds
[2026-01-28T00:12:00.582+0000] {processor.py:161} INFO - Started process (PID=3724) to work on /home/airflow/.local/lib/python3.12/site-packages/airflow/example_dags/example_python_decorator.py
[2026-01-28T00:12:00.583+0000] {processor.py:830} INFO - Processing file /home/airflow/.local/lib/python3.12/site-packages/airflow/example_dags/example_python_decorator.py for tasks to queue
[2026-01-28T00:12:00.586+0000] {logging_mixin.py:188} INFO - [2026-01-28T00:12:00.585+0000] {dagbag.py:540} INFO - Filling up the DagBag from /home/airflow/.local/lib/python3.12/site-packages/airflow/example_dags/example_python_decorator.py
[2026-01-28T00:12:00.599+0000] {processor.py:840} INFO - DAG(s) 'example_python_decorator' retrieved from /home/airflow/.local/lib/python3.12/site-packages/airflow/example_dags/example_python_decorator.py
[2026-01-28T00:12:00.624+0000] {logging_mixin.py:188} INFO - [2026-01-28T00:12:00.624+0000] {dag.py:3096} INFO - Sync 1 DAGs
[2026-01-28T00:12:00.639+0000] {logging_mixin.py:188} INFO - [2026-01-28T00:12:00.639+0000] {dag.py:3954} INFO - Setting next_dagrun for example_python_decorator to None, run_after=None
[2026-01-28T00:12:00.665+0000] {processor.py:183} INFO - Processing /home/airflow/.local/lib/python3.12/site-packages/airflow/example_dags/example_python_decorator.py took 0.089 seconds
[2026-01-28T00:12:30.882+0000] {processor.py:161} INFO - Started process (PID=3776) to work on /home/airflow/.local/lib/python3.12/site-packages/airflow/example_dags/example_python_decorator.py
[2026-01-28T00:12:30.884+0000] {processor.py:830} INFO - Processing file /home/airflow/.local/lib/python3.12/site-packages/airflow/example_dags/example_python_decorator.py for tasks to queue
[2026-01-28T00:12:30.886+0000] {logging_mixin.py:188} INFO - [2026-01-28T00:12:30.886+0000] {dagbag.py:540} INFO - Filling up the DagBag from /home/airflow/.local/lib/python3.12/site-packages/airflow/example_dags/example_python_decorator.py
[2026-01-28T00:12:30.900+0000] {processor.py:840} INFO - DAG(s) 'example_python_decorator' retrieved from /home/airflow/.local/lib/python3.12/site-packages/airflow/example_dags/example_python_decorator.py
[2026-01-28T00:12:30.924+0000] {logging_mixin.py:188} INFO - [2026-01-28T00:12:30.924+0000] {dag.py:3096} INFO - Sync 1 DAGs
[2026-01-28T00:12:30.940+0000] {logging_mixin.py:188} INFO - [2026-01-28T00:12:30.940+0000] {dag.py:3954} INFO - Setting next_dagrun for example_python_decorator to None, run_after=None
[2026-01-28T00:12:30.973+0000] {processor.py:183} INFO - Processing /home/airflow/.local/lib/python3.12/site-packages/airflow/example_dags/example_python_decorator.py took 0.095 seconds
[2026-01-28T00:13:01.946+0000] {processor.py:161} INFO - Started process (PID=3828) to work on /home/airflow/.local/lib/python3.12/site-packages/airflow/example_dags/example_python_decorator.py
[2026-01-28T00:13:01.947+0000] {processor.py:830} INFO - Processing file /home/airflow/.local/lib/python3.12/site-packages/airflow/example_dags/example_python_decorator.py for tasks to queue
[2026-01-28T00:13:01.949+0000] {logging_mixin.py:188} INFO - [2026-01-28T00:13:01.949+0000] {dagbag.py:540} INFO - Filling up the DagBag from /home/airflow/.local/lib/python3.12/site-packages/airflow/example_dags/example_python_decorator.py
[2026-01-28T00:13:01.962+0000] {processor.py:840} INFO - DAG(s) 'example_python_decorator' retrieved from /home/airflow/.local/lib/python3.12/site-packages/airflow/example_dags/example_python_decorator.py
[2026-01-28T00:13:01.985+0000] {logging_mixin.py:188} INFO - [2026-01-28T00:13:01.984+0000] {dag.py:3096} INFO - Sync 1 DAGs
[2026-01-28T00:13:01.997+0000] {logging_mixin.py:188} INFO - [2026-01-28T00:13:01.997+0000] {dag.py:3954} INFO - Setting next_dagrun for example_python_decorator to None, run_after=None
[2026-01-28T00:13:02.020+0000] {processor.py:183} INFO - Processing /home/airflow/.local/lib/python3.12/site-packages/airflow/example_dags/example_python_decorator.py took 0.081 seconds
[2026-01-28T00:13:32.147+0000] {processor.py:161} INFO - Started process (PID=3880) to work on /home/airflow/.local/lib/python3.12/site-packages/airflow/example_dags/example_python_decorator.py
[2026-01-28T00:13:32.148+0000] {processor.py:830} INFO - Processing file /home/airflow/.local/lib/python3.12/site-packages/airflow/example_dags/example_python_decorator.py for tasks to queue
[2026-01-28T00:13:32.150+0000] {logging_mixin.py:188} INFO - [2026-01-28T00:13:32.149+0000] {dagbag.py:540} INFO - Filling up the DagBag from /home/airflow/.local/lib/python3.12/site-packages/airflow/example_dags/example_python_decorator.py
[2026-01-28T00:13:32.165+0000] {processor.py:840} INFO - DAG(s) 'example_python_decorator' retrieved from /home/airflow/.local/lib/python3.12/site-packages/airflow/example_dags/example_python_decorator.py
[2026-01-28T00:13:32.203+0000] {logging_mixin.py:188} INFO - [2026-01-28T00:13:32.203+0000] {dag.py:3096} INFO - Sync 1 DAGs
[2026-01-28T00:13:32.223+0000] {logging_mixin.py:188} INFO - [2026-01-28T00:13:32.222+0000] {dag.py:3954} INFO - Setting next_dagrun for example_python_decorator to None, run_after=None
[2026-01-28T00:13:32.249+0000] {processor.py:183} INFO - Processing /home/airflow/.local/lib/python3.12/site-packages/airflow/example_dags/example_python_decorator.py took 0.108 seconds
[2026-01-28T00:14:02.733+0000] {processor.py:161} INFO - Started process (PID=3932) to work on /home/airflow/.local/lib/python3.12/site-packages/airflow/example_dags/example_python_decorator.py
[2026-01-28T00:14:02.734+0000] {processor.py:830} INFO - Processing file /home/airflow/.local/lib/python3.12/site-packages/airflow/example_dags/example_python_decorator.py for tasks to queue
[2026-01-28T00:14:02.737+0000] {logging_mixin.py:188} INFO - [2026-01-28T00:14:02.736+0000] {dagbag.py:540} INFO - Filling up the DagBag from /home/airflow/.local/lib/python3.12/site-packages/airflow/example_dags/example_python_decorator.py
[2026-01-28T00:14:02.757+0000] {processor.py:840} INFO - DAG(s) 'example_python_decorator' retrieved from /home/airflow/.local/lib/python3.12/site-packages/airflow/example_dags/example_python_decorator.py
[2026-01-28T00:14:02.793+0000] {logging_mixin.py:188} INFO - [2026-01-28T00:14:02.790+0000] {dag.py:3096} INFO - Sync 1 DAGs
[2026-01-28T00:14:02.808+0000] {logging_mixin.py:188} INFO - [2026-01-28T00:14:02.808+0000] {dag.py:3954} INFO - Setting next_dagrun for example_python_decorator to None, run_after=None
[2026-01-28T00:14:02.831+0000] {processor.py:183} INFO - Processing /home/airflow/.local/lib/python3.12/site-packages/airflow/example_dags/example_python_decorator.py took 0.107 seconds
[2026-01-28T00:14:32.999+0000] {processor.py:161} INFO - Started process (PID=3984) to work on /home/airflow/.local/lib/python3.12/site-packages/airflow/example_dags/example_python_decorator.py
[2026-01-28T00:14:33.000+0000] {processor.py:830} INFO - Processing file /home/airflow/.local/lib/python3.12/site-packages/airflow/example_dags/example_python_decorator.py for tasks to queue
[2026-01-28T00:14:33.002+0000] {logging_mixin.py:188} INFO - [2026-01-28T00:14:33.002+0000] {dagbag.py:540} INFO - Filling up the DagBag from /home/airflow/.local/lib/python3.12/site-packages/airflow/example_dags/example_python_decorator.py
[2026-01-28T00:14:33.019+0000] {processor.py:840} INFO - DAG(s) 'example_python_decorator' retrieved from /home/airflow/.local/lib/python3.12/site-packages/airflow/example_dags/example_python_decorator.py
[2026-01-28T00:14:33.048+0000] {logging_mixin.py:188} INFO - [2026-01-28T00:14:33.047+0000] {dag.py:3096} INFO - Sync 1 DAGs
[2026-01-28T00:14:33.065+0000] {logging_mixin.py:188} INFO - [2026-01-28T00:14:33.065+0000] {dag.py:3954} INFO - Setting next_dagrun for example_python_decorator to None, run_after=None
[2026-01-28T00:14:33.097+0000] {processor.py:183} INFO - Processing /home/airflow/.local/lib/python3.12/site-packages/airflow/example_dags/example_python_decorator.py took 0.107 seconds
[2026-01-28T00:15:03.239+0000] {processor.py:161} INFO - Started process (PID=4036) to work on /home/airflow/.local/lib/python3.12/site-packages/airflow/example_dags/example_python_decorator.py
[2026-01-28T00:15:03.241+0000] {processor.py:830} INFO - Processing file /home/airflow/.local/lib/python3.12/site-packages/airflow/example_dags/example_python_decorator.py for tasks to queue
[2026-01-28T00:15:03.244+0000] {logging_mixin.py:188} INFO - [2026-01-28T00:15:03.243+0000] {dagbag.py:540} INFO - Filling up the DagBag from /home/airflow/.local/lib/python3.12/site-packages/airflow/example_dags/example_python_decorator.py
[2026-01-28T00:15:03.257+0000] {processor.py:840} INFO - DAG(s) 'example_python_decorator' retrieved from /home/airflow/.local/lib/python3.12/site-packages/airflow/example_dags/example_python_decorator.py
[2026-01-28T00:15:03.287+0000] {logging_mixin.py:188} INFO - [2026-01-28T00:15:03.287+0000] {dag.py:3096} INFO - Sync 1 DAGs
[2026-01-28T00:15:03.303+0000] {logging_mixin.py:188} INFO - [2026-01-28T00:15:03.303+0000] {dag.py:3954} INFO - Setting next_dagrun for example_python_decorator to None, run_after=None
[2026-01-28T00:15:03.323+0000] {processor.py:183} INFO - Processing /home/airflow/.local/lib/python3.12/site-packages/airflow/example_dags/example_python_decorator.py took 0.094 seconds
[2026-01-28T00:15:33.745+0000] {processor.py:161} INFO - Started process (PID=4088) to work on /home/airflow/.local/lib/python3.12/site-packages/airflow/example_dags/example_python_decorator.py
[2026-01-28T00:15:33.746+0000] {processor.py:830} INFO - Processing file /home/airflow/.local/lib/python3.12/site-packages/airflow/example_dags/example_python_decorator.py for tasks to queue
[2026-01-28T00:15:33.748+0000] {logging_mixin.py:188} INFO - [2026-01-28T00:15:33.747+0000] {dagbag.py:540} INFO - Filling up the DagBag from /home/airflow/.local/lib/python3.12/site-packages/airflow/example_dags/example_python_decorator.py
[2026-01-28T00:15:33.759+0000] {processor.py:840} INFO - DAG(s) 'example_python_decorator' retrieved from /home/airflow/.local/lib/python3.12/site-packages/airflow/example_dags/example_python_decorator.py
[2026-01-28T00:15:33.782+0000] {logging_mixin.py:188} INFO - [2026-01-28T00:15:33.782+0000] {dag.py:3096} INFO - Sync 1 DAGs
[2026-01-28T00:15:33.795+0000] {logging_mixin.py:188} INFO - [2026-01-28T00:15:33.795+0000] {dag.py:3954} INFO - Setting next_dagrun for example_python_decorator to None, run_after=None
[2026-01-28T00:15:33.814+0000] {processor.py:183} INFO - Processing /home/airflow/.local/lib/python3.12/site-packages/airflow/example_dags/example_python_decorator.py took 0.075 seconds
[2026-01-28T00:16:04.646+0000] {processor.py:161} INFO - Started process (PID=4140) to work on /home/airflow/.local/lib/python3.12/site-packages/airflow/example_dags/example_python_decorator.py
[2026-01-28T00:16:04.647+0000] {processor.py:830} INFO - Processing file /home/airflow/.local/lib/python3.12/site-packages/airflow/example_dags/example_python_decorator.py for tasks to queue
[2026-01-28T00:16:04.649+0000] {logging_mixin.py:188} INFO - [2026-01-28T00:16:04.648+0000] {dagbag.py:540} INFO - Filling up the DagBag from /home/airflow/.local/lib/python3.12/site-packages/airflow/example_dags/example_python_decorator.py
[2026-01-28T00:16:04.661+0000] {processor.py:840} INFO - DAG(s) 'example_python_decorator' retrieved from /home/airflow/.local/lib/python3.12/site-packages/airflow/example_dags/example_python_decorator.py
[2026-01-28T00:16:04.682+0000] {logging_mixin.py:188} INFO - [2026-01-28T00:16:04.682+0000] {dag.py:3096} INFO - Sync 1 DAGs
[2026-01-28T00:16:04.694+0000] {logging_mixin.py:188} INFO - [2026-01-28T00:16:04.693+0000] {dag.py:3954} INFO - Setting next_dagrun for example_python_decorator to None, run_after=None
[2026-01-28T00:16:04.716+0000] {processor.py:183} INFO - Processing /home/airflow/.local/lib/python3.12/site-packages/airflow/example_dags/example_python_decorator.py took 0.077 seconds
[2026-01-28T00:16:35.582+0000] {processor.py:161} INFO - Started process (PID=4192) to work on /home/airflow/.local/lib/python3.12/site-packages/airflow/example_dags/example_python_decorator.py
[2026-01-28T00:16:35.583+0000] {processor.py:830} INFO - Processing file /home/airflow/.local/lib/python3.12/site-packages/airflow/example_dags/example_python_decorator.py for tasks to queue
[2026-01-28T00:16:35.586+0000] {logging_mixin.py:188} INFO - [2026-01-28T00:16:35.585+0000] {dagbag.py:540} INFO - Filling up the DagBag from /home/airflow/.local/lib/python3.12/site-packages/airflow/example_dags/example_python_decorator.py
[2026-01-28T00:16:35.598+0000] {processor.py:840} INFO - DAG(s) 'example_python_decorator' retrieved from /home/airflow/.local/lib/python3.12/site-packages/airflow/example_dags/example_python_decorator.py
[2026-01-28T00:16:35.621+0000] {logging_mixin.py:188} INFO - [2026-01-28T00:16:35.621+0000] {dag.py:3096} INFO - Sync 1 DAGs
[2026-01-28T00:16:35.633+0000] {logging_mixin.py:188} INFO - [2026-01-28T00:16:35.633+0000] {dag.py:3954} INFO - Setting next_dagrun for example_python_decorator to None, run_after=None
[2026-01-28T00:16:35.666+0000] {processor.py:183} INFO - Processing /home/airflow/.local/lib/python3.12/site-packages/airflow/example_dags/example_python_decorator.py took 0.090 seconds
[2026-01-28T00:17:06.379+0000] {processor.py:161} INFO - Started process (PID=4244) to work on /home/airflow/.local/lib/python3.12/site-packages/airflow/example_dags/example_python_decorator.py
[2026-01-28T00:17:06.380+0000] {processor.py:830} INFO - Processing file /home/airflow/.local/lib/python3.12/site-packages/airflow/example_dags/example_python_decorator.py for tasks to queue
[2026-01-28T00:17:06.382+0000] {logging_mixin.py:188} INFO - [2026-01-28T00:17:06.381+0000] {dagbag.py:540} INFO - Filling up the DagBag from /home/airflow/.local/lib/python3.12/site-packages/airflow/example_dags/example_python_decorator.py
[2026-01-28T00:17:06.393+0000] {processor.py:840} INFO - DAG(s) 'example_python_decorator' retrieved from /home/airflow/.local/lib/python3.12/site-packages/airflow/example_dags/example_python_decorator.py
[2026-01-28T00:17:06.413+0000] {logging_mixin.py:188} INFO - [2026-01-28T00:17:06.412+0000] {dag.py:3096} INFO - Sync 1 DAGs
[2026-01-28T00:17:06.423+0000] {logging_mixin.py:188} INFO - [2026-01-28T00:17:06.422+0000] {dag.py:3954} INFO - Setting next_dagrun for example_python_decorator to None, run_after=None
[2026-01-28T00:17:06.442+0000] {processor.py:183} INFO - Processing /home/airflow/.local/lib/python3.12/site-packages/airflow/example_dags/example_python_decorator.py took 0.068 seconds
[2026-01-28T00:17:37.190+0000] {processor.py:161} INFO - Started process (PID=4296) to work on /home/airflow/.local/lib/python3.12/site-packages/airflow/example_dags/example_python_decorator.py
[2026-01-28T00:17:37.191+0000] {processor.py:830} INFO - Processing file /home/airflow/.local/lib/python3.12/site-packages/airflow/example_dags/example_python_decorator.py for tasks to queue
[2026-01-28T00:17:37.193+0000] {logging_mixin.py:188} INFO - [2026-01-28T00:17:37.193+0000] {dagbag.py:540} INFO - Filling up the DagBag from /home/airflow/.local/lib/python3.12/site-packages/airflow/example_dags/example_python_decorator.py
[2026-01-28T00:17:37.204+0000] {processor.py:840} INFO - DAG(s) 'example_python_decorator' retrieved from /home/airflow/.local/lib/python3.12/site-packages/airflow/example_dags/example_python_decorator.py
[2026-01-28T00:17:37.225+0000] {logging_mixin.py:188} INFO - [2026-01-28T00:17:37.225+0000] {dag.py:3096} INFO - Sync 1 DAGs
[2026-01-28T00:17:37.237+0000] {logging_mixin.py:188} INFO - [2026-01-28T00:17:37.237+0000] {dag.py:3954} INFO - Setting next_dagrun for example_python_decorator to None, run_after=None
[2026-01-28T00:17:37.256+0000] {processor.py:183} INFO - Processing /home/airflow/.local/lib/python3.12/site-packages/airflow/example_dags/example_python_decorator.py took 0.071 seconds
[2026-01-28T00:18:08.062+0000] {processor.py:161} INFO - Started process (PID=4348) to work on /home/airflow/.local/lib/python3.12/site-packages/airflow/example_dags/example_python_decorator.py
[2026-01-28T00:18:08.063+0000] {processor.py:830} INFO - Processing file /home/airflow/.local/lib/python3.12/site-packages/airflow/example_dags/example_python_decorator.py for tasks to queue
[2026-01-28T00:18:08.064+0000] {logging_mixin.py:188} INFO - [2026-01-28T00:18:08.064+0000] {dagbag.py:540} INFO - Filling up the DagBag from /home/airflow/.local/lib/python3.12/site-packages/airflow/example_dags/example_python_decorator.py
[2026-01-28T00:18:08.076+0000] {processor.py:840} INFO - DAG(s) 'example_python_decorator' retrieved from /home/airflow/.local/lib/python3.12/site-packages/airflow/example_dags/example_python_decorator.py
[2026-01-28T00:18:08.097+0000] {logging_mixin.py:188} INFO - [2026-01-28T00:18:08.097+0000] {dag.py:3096} INFO - Sync 1 DAGs
[2026-01-28T00:18:08.108+0000] {logging_mixin.py:188} INFO - [2026-01-28T00:18:08.108+0000] {dag.py:3954} INFO - Setting next_dagrun for example_python_decorator to None, run_after=None
[2026-01-28T00:18:08.129+0000] {processor.py:183} INFO - Processing /home/airflow/.local/lib/python3.12/site-packages/airflow/example_dags/example_python_decorator.py took 0.073 seconds
[2026-01-28T00:18:38.775+0000] {processor.py:161} INFO - Started process (PID=4400) to work on /home/airflow/.local/lib/python3.12/site-packages/airflow/example_dags/example_python_decorator.py
[2026-01-28T00:18:38.776+0000] {processor.py:830} INFO - Processing file /home/airflow/.local/lib/python3.12/site-packages/airflow/example_dags/example_python_decorator.py for tasks to queue
[2026-01-28T00:18:38.778+0000] {logging_mixin.py:188} INFO - [2026-01-28T00:18:38.777+0000] {dagbag.py:540} INFO - Filling up the DagBag from /home/airflow/.local/lib/python3.12/site-packages/airflow/example_dags/example_python_decorator.py
[2026-01-28T00:18:38.789+0000] {processor.py:840} INFO - DAG(s) 'example_python_decorator' retrieved from /home/airflow/.local/lib/python3.12/site-packages/airflow/example_dags/example_python_decorator.py
[2026-01-28T00:18:38.811+0000] {logging_mixin.py:188} INFO - [2026-01-28T00:18:38.811+0000] {dag.py:3096} INFO - Sync 1 DAGs
[2026-01-28T00:18:38.823+0000] {logging_mixin.py:188} INFO - [2026-01-28T00:18:38.823+0000] {dag.py:3954} INFO - Setting next_dagrun for example_python_decorator to None, run_after=None
[2026-01-28T00:18:38.843+0000] {processor.py:183} INFO - Processing /home/airflow/.local/lib/python3.12/site-packages/airflow/example_dags/example_python_decorator.py took 0.074 seconds
[2026-01-28T00:19:09.637+0000] {processor.py:161} INFO - Started process (PID=4452) to work on /home/airflow/.local/lib/python3.12/site-packages/airflow/example_dags/example_python_decorator.py
[2026-01-28T00:19:09.639+0000] {processor.py:830} INFO - Processing file /home/airflow/.local/lib/python3.12/site-packages/airflow/example_dags/example_python_decorator.py for tasks to queue
[2026-01-28T00:19:09.640+0000] {logging_mixin.py:188} INFO - [2026-01-28T00:19:09.640+0000] {dagbag.py:540} INFO - Filling up the DagBag from /home/airflow/.local/lib/python3.12/site-packages/airflow/example_dags/example_python_decorator.py
[2026-01-28T00:19:09.652+0000] {processor.py:840} INFO - DAG(s) 'example_python_decorator' retrieved from /home/airflow/.local/lib/python3.12/site-packages/airflow/example_dags/example_python_decorator.py
[2026-01-28T00:19:09.674+0000] {logging_mixin.py:188} INFO - [2026-01-28T00:19:09.674+0000] {dag.py:3096} INFO - Sync 1 DAGs
[2026-01-28T00:19:09.685+0000] {logging_mixin.py:188} INFO - [2026-01-28T00:19:09.685+0000] {dag.py:3954} INFO - Setting next_dagrun for example_python_decorator to None, run_after=None
[2026-01-28T00:19:09.706+0000] {processor.py:183} INFO - Processing /home/airflow/.local/lib/python3.12/site-packages/airflow/example_dags/example_python_decorator.py took 0.075 seconds
[2026-01-28T00:19:40.118+0000] {processor.py:161} INFO - Started process (PID=4504) to work on /home/airflow/.local/lib/python3.12/site-packages/airflow/example_dags/example_python_decorator.py
[2026-01-28T00:19:40.119+0000] {processor.py:830} INFO - Processing file /home/airflow/.local/lib/python3.12/site-packages/airflow/example_dags/example_python_decorator.py for tasks to queue
[2026-01-28T00:19:40.121+0000] {logging_mixin.py:188} INFO - [2026-01-28T00:19:40.121+0000] {dagbag.py:540} INFO - Filling up the DagBag from /home/airflow/.local/lib/python3.12/site-packages/airflow/example_dags/example_python_decorator.py
[2026-01-28T00:19:40.133+0000] {processor.py:840} INFO - DAG(s) 'example_python_decorator' retrieved from /home/airflow/.local/lib/python3.12/site-packages/airflow/example_dags/example_python_decorator.py
[2026-01-28T00:19:40.155+0000] {logging_mixin.py:188} INFO - [2026-01-28T00:19:40.154+0000] {dag.py:3096} INFO - Sync 1 DAGs
[2026-01-28T00:19:40.165+0000] {logging_mixin.py:188} INFO - [2026-01-28T00:19:40.165+0000] {dag.py:3954} INFO - Setting next_dagrun for example_python_decorator to None, run_after=None
[2026-01-28T00:19:40.192+0000] {processor.py:183} INFO - Processing /home/airflow/.local/lib/python3.12/site-packages/airflow/example_dags/example_python_decorator.py took 0.079 seconds
[2026-01-28T00:20:10.438+0000] {processor.py:161} INFO - Started process (PID=4556) to work on /home/airflow/.local/lib/python3.12/site-packages/airflow/example_dags/example_python_decorator.py
[2026-01-28T00:20:10.440+0000] {processor.py:830} INFO - Processing file /home/airflow/.local/lib/python3.12/site-packages/airflow/example_dags/example_python_decorator.py for tasks to queue
[2026-01-28T00:20:10.442+0000] {logging_mixin.py:188} INFO - [2026-01-28T00:20:10.441+0000] {dagbag.py:540} INFO - Filling up the DagBag from /home/airflow/.local/lib/python3.12/site-packages/airflow/example_dags/example_python_decorator.py
[2026-01-28T00:20:10.452+0000] {processor.py:840} INFO - DAG(s) 'example_python_decorator' retrieved from /home/airflow/.local/lib/python3.12/site-packages/airflow/example_dags/example_python_decorator.py
[2026-01-28T00:20:10.473+0000] {logging_mixin.py:188} INFO - [2026-01-28T00:20:10.473+0000] {dag.py:3096} INFO - Sync 1 DAGs
[2026-01-28T00:20:10.484+0000] {logging_mixin.py:188} INFO - [2026-01-28T00:20:10.484+0000] {dag.py:3954} INFO - Setting next_dagrun for example_python_decorator to None, run_after=None
[2026-01-28T00:20:10.515+0000] {processor.py:183} INFO - Processing /home/airflow/.local/lib/python3.12/site-packages/airflow/example_dags/example_python_decorator.py took 0.083 seconds
[2026-01-28T00:20:41.116+0000] {processor.py:161} INFO - Started process (PID=4608) to work on /home/airflow/.local/lib/python3.12/site-packages/airflow/example_dags/example_python_decorator.py
[2026-01-28T00:20:41.117+0000] {processor.py:830} INFO - Processing file /home/airflow/.local/lib/python3.12/site-packages/airflow/example_dags/example_python_decorator.py for tasks to queue
[2026-01-28T00:20:41.119+0000] {logging_mixin.py:188} INFO - [2026-01-28T00:20:41.119+0000] {dagbag.py:540} INFO - Filling up the DagBag from /home/airflow/.local/lib/python3.12/site-packages/airflow/example_dags/example_python_decorator.py
[2026-01-28T00:20:41.131+0000] {processor.py:840} INFO - DAG(s) 'example_python_decorator' retrieved from /home/airflow/.local/lib/python3.12/site-packages/airflow/example_dags/example_python_decorator.py
[2026-01-28T00:20:41.154+0000] {logging_mixin.py:188} INFO - [2026-01-28T00:20:41.153+0000] {dag.py:3096} INFO - Sync 1 DAGs
[2026-01-28T00:20:41.164+0000] {logging_mixin.py:188} INFO - [2026-01-28T00:20:41.164+0000] {dag.py:3954} INFO - Setting next_dagrun for example_python_decorator to None, run_after=None
[2026-01-28T00:20:41.196+0000] {processor.py:183} INFO - Processing /home/airflow/.local/lib/python3.12/site-packages/airflow/example_dags/example_python_decorator.py took 0.085 seconds
[2026-01-28T00:21:11.303+0000] {processor.py:161} INFO - Started process (PID=4660) to work on /home/airflow/.local/lib/python3.12/site-packages/airflow/example_dags/example_python_decorator.py
[2026-01-28T00:21:11.305+0000] {processor.py:830} INFO - Processing file /home/airflow/.local/lib/python3.12/site-packages/airflow/example_dags/example_python_decorator.py for tasks to queue
[2026-01-28T00:21:11.306+0000] {logging_mixin.py:188} INFO - [2026-01-28T00:21:11.306+0000] {dagbag.py:540} INFO - Filling up the DagBag from /home/airflow/.local/lib/python3.12/site-packages/airflow/example_dags/example_python_decorator.py
[2026-01-28T00:21:11.317+0000] {processor.py:840} INFO - DAG(s) 'example_python_decorator' retrieved from /home/airflow/.local/lib/python3.12/site-packages/airflow/example_dags/example_python_decorator.py
[2026-01-28T00:21:11.339+0000] {logging_mixin.py:188} INFO - [2026-01-28T00:21:11.339+0000] {dag.py:3096} INFO - Sync 1 DAGs
[2026-01-28T00:21:11.350+0000] {logging_mixin.py:188} INFO - [2026-01-28T00:21:11.350+0000] {dag.py:3954} INFO - Setting next_dagrun for example_python_decorator to None, run_after=None
[2026-01-28T00:21:11.381+0000] {processor.py:183} INFO - Processing /home/airflow/.local/lib/python3.12/site-packages/airflow/example_dags/example_python_decorator.py took 0.083 seconds
[2026-01-28T00:21:41.517+0000] {processor.py:161} INFO - Started process (PID=4712) to work on /home/airflow/.local/lib/python3.12/site-packages/airflow/example_dags/example_python_decorator.py
[2026-01-28T00:21:41.518+0000] {processor.py:830} INFO - Processing file /home/airflow/.local/lib/python3.12/site-packages/airflow/example_dags/example_python_decorator.py for tasks to queue
[2026-01-28T00:21:41.520+0000] {logging_mixin.py:188} INFO - [2026-01-28T00:21:41.520+0000] {dagbag.py:540} INFO - Filling up the DagBag from /home/airflow/.local/lib/python3.12/site-packages/airflow/example_dags/example_python_decorator.py
[2026-01-28T00:21:41.532+0000] {processor.py:840} INFO - DAG(s) 'example_python_decorator' retrieved from /home/airflow/.local/lib/python3.12/site-packages/airflow/example_dags/example_python_decorator.py
[2026-01-28T00:21:41.552+0000] {logging_mixin.py:188} INFO - [2026-01-28T00:21:41.552+0000] {dag.py:3096} INFO - Sync 1 DAGs
[2026-01-28T00:21:41.564+0000] {logging_mixin.py:188} INFO - [2026-01-28T00:21:41.564+0000] {dag.py:3954} INFO - Setting next_dagrun for example_python_decorator to None, run_after=None
[2026-01-28T00:21:41.584+0000] {processor.py:183} INFO - Processing /home/airflow/.local/lib/python3.12/site-packages/airflow/example_dags/example_python_decorator.py took 0.072 seconds
[2026-01-28T00:22:11.653+0000] {processor.py:161} INFO - Started process (PID=4764) to work on /home/airflow/.local/lib/python3.12/site-packages/airflow/example_dags/example_python_decorator.py
[2026-01-28T00:22:11.654+0000] {processor.py:830} INFO - Processing file /home/airflow/.local/lib/python3.12/site-packages/airflow/example_dags/example_python_decorator.py for tasks to queue
[2026-01-28T00:22:11.656+0000] {logging_mixin.py:188} INFO - [2026-01-28T00:22:11.656+0000] {dagbag.py:540} INFO - Filling up the DagBag from /home/airflow/.local/lib/python3.12/site-packages/airflow/example_dags/example_python_decorator.py
[2026-01-28T00:22:11.668+0000] {processor.py:840} INFO - DAG(s) 'example_python_decorator' retrieved from /home/airflow/.local/lib/python3.12/site-packages/airflow/example_dags/example_python_decorator.py
[2026-01-28T00:22:11.689+0000] {logging_mixin.py:188} INFO - [2026-01-28T00:22:11.689+0000] {dag.py:3096} INFO - Sync 1 DAGs
[2026-01-28T00:22:11.700+0000] {logging_mixin.py:188} INFO - [2026-01-28T00:22:11.700+0000] {dag.py:3954} INFO - Setting next_dagrun for example_python_decorator to None, run_after=None
[2026-01-28T00:22:11.730+0000] {processor.py:183} INFO - Processing /home/airflow/.local/lib/python3.12/site-packages/airflow/example_dags/example_python_decorator.py took 0.083 seconds
[2026-01-28T00:22:41.836+0000] {processor.py:161} INFO - Started process (PID=4816) to work on /home/airflow/.local/lib/python3.12/site-packages/airflow/example_dags/example_python_decorator.py
[2026-01-28T00:22:41.837+0000] {processor.py:830} INFO - Processing file /home/airflow/.local/lib/python3.12/site-packages/airflow/example_dags/example_python_decorator.py for tasks to queue
[2026-01-28T00:22:41.839+0000] {logging_mixin.py:188} INFO - [2026-01-28T00:22:41.838+0000] {dagbag.py:540} INFO - Filling up the DagBag from /home/airflow/.local/lib/python3.12/site-packages/airflow/example_dags/example_python_decorator.py
[2026-01-28T00:22:41.850+0000] {processor.py:840} INFO - DAG(s) 'example_python_decorator' retrieved from /home/airflow/.local/lib/python3.12/site-packages/airflow/example_dags/example_python_decorator.py
[2026-01-28T00:22:41.870+0000] {logging_mixin.py:188} INFO - [2026-01-28T00:22:41.869+0000] {dag.py:3096} INFO - Sync 1 DAGs
[2026-01-28T00:22:41.880+0000] {logging_mixin.py:188} INFO - [2026-01-28T00:22:41.880+0000] {dag.py:3954} INFO - Setting next_dagrun for example_python_decorator to None, run_after=None
[2026-01-28T00:22:41.911+0000] {processor.py:183} INFO - Processing /home/airflow/.local/lib/python3.12/site-packages/airflow/example_dags/example_python_decorator.py took 0.082 seconds
[2026-01-28T00:23:12.098+0000] {processor.py:161} INFO - Started process (PID=4868) to work on /home/airflow/.local/lib/python3.12/site-packages/airflow/example_dags/example_python_decorator.py
[2026-01-28T00:23:12.098+0000] {processor.py:830} INFO - Processing file /home/airflow/.local/lib/python3.12/site-packages/airflow/example_dags/example_python_decorator.py for tasks to queue
[2026-01-28T00:23:12.101+0000] {logging_mixin.py:188} INFO - [2026-01-28T00:23:12.100+0000] {dagbag.py:540} INFO - Filling up the DagBag from /home/airflow/.local/lib/python3.12/site-packages/airflow/example_dags/example_python_decorator.py
[2026-01-28T00:23:12.112+0000] {processor.py:840} INFO - DAG(s) 'example_python_decorator' retrieved from /home/airflow/.local/lib/python3.12/site-packages/airflow/example_dags/example_python_decorator.py
[2026-01-28T00:23:12.132+0000] {logging_mixin.py:188} INFO - [2026-01-28T00:23:12.132+0000] {dag.py:3096} INFO - Sync 1 DAGs
[2026-01-28T00:23:12.146+0000] {logging_mixin.py:188} INFO - [2026-01-28T00:23:12.146+0000] {dag.py:3954} INFO - Setting next_dagrun for example_python_decorator to None, run_after=None
[2026-01-28T00:23:12.177+0000] {processor.py:183} INFO - Processing /home/airflow/.local/lib/python3.12/site-packages/airflow/example_dags/example_python_decorator.py took 0.085 seconds
[2026-01-28T00:23:42.388+0000] {processor.py:161} INFO - Started process (PID=4920) to work on /home/airflow/.local/lib/python3.12/site-packages/airflow/example_dags/example_python_decorator.py
[2026-01-28T00:23:42.389+0000] {processor.py:830} INFO - Processing file /home/airflow/.local/lib/python3.12/site-packages/airflow/example_dags/example_python_decorator.py for tasks to queue
[2026-01-28T00:23:42.391+0000] {logging_mixin.py:188} INFO - [2026-01-28T00:23:42.391+0000] {dagbag.py:540} INFO - Filling up the DagBag from /home/airflow/.local/lib/python3.12/site-packages/airflow/example_dags/example_python_decorator.py
[2026-01-28T00:23:42.403+0000] {processor.py:840} INFO - DAG(s) 'example_python_decorator' retrieved from /home/airflow/.local/lib/python3.12/site-packages/airflow/example_dags/example_python_decorator.py
[2026-01-28T00:23:42.424+0000] {logging_mixin.py:188} INFO - [2026-01-28T00:23:42.424+0000] {dag.py:3096} INFO - Sync 1 DAGs
[2026-01-28T00:23:42.435+0000] {logging_mixin.py:188} INFO - [2026-01-28T00:23:42.435+0000] {dag.py:3954} INFO - Setting next_dagrun for example_python_decorator to None, run_after=None
[2026-01-28T00:23:42.464+0000] {processor.py:183} INFO - Processing /home/airflow/.local/lib/python3.12/site-packages/airflow/example_dags/example_python_decorator.py took 0.083 seconds
[2026-01-28T00:24:12.887+0000] {processor.py:161} INFO - Started process (PID=4972) to work on /home/airflow/.local/lib/python3.12/site-packages/airflow/example_dags/example_python_decorator.py
[2026-01-28T00:24:12.888+0000] {processor.py:830} INFO - Processing file /home/airflow/.local/lib/python3.12/site-packages/airflow/example_dags/example_python_decorator.py for tasks to queue
[2026-01-28T00:24:12.889+0000] {logging_mixin.py:188} INFO - [2026-01-28T00:24:12.889+0000] {dagbag.py:540} INFO - Filling up the DagBag from /home/airflow/.local/lib/python3.12/site-packages/airflow/example_dags/example_python_decorator.py
[2026-01-28T00:24:12.901+0000] {processor.py:840} INFO - DAG(s) 'example_python_decorator' retrieved from /home/airflow/.local/lib/python3.12/site-packages/airflow/example_dags/example_python_decorator.py
[2026-01-28T00:24:12.921+0000] {logging_mixin.py:188} INFO - [2026-01-28T00:24:12.921+0000] {dag.py:3096} INFO - Sync 1 DAGs
[2026-01-28T00:24:12.933+0000] {logging_mixin.py:188} INFO - [2026-01-28T00:24:12.933+0000] {dag.py:3954} INFO - Setting next_dagrun for example_python_decorator to None, run_after=None
[2026-01-28T00:24:12.952+0000] {processor.py:183} INFO - Processing /home/airflow/.local/lib/python3.12/site-packages/airflow/example_dags/example_python_decorator.py took 0.071 seconds
[2026-01-28T00:24:42.998+0000] {processor.py:161} INFO - Started process (PID=5024) to work on /home/airflow/.local/lib/python3.12/site-packages/airflow/example_dags/example_python_decorator.py
[2026-01-28T00:24:42.999+0000] {processor.py:830} INFO - Processing file /home/airflow/.local/lib/python3.12/site-packages/airflow/example_dags/example_python_decorator.py for tasks to queue
[2026-01-28T00:24:43.001+0000] {logging_mixin.py:188} INFO - [2026-01-28T00:24:43.000+0000] {dagbag.py:540} INFO - Filling up the DagBag from /home/airflow/.local/lib/python3.12/site-packages/airflow/example_dags/example_python_decorator.py
[2026-01-28T00:24:43.012+0000] {processor.py:840} INFO - DAG(s) 'example_python_decorator' retrieved from /home/airflow/.local/lib/python3.12/site-packages/airflow/example_dags/example_python_decorator.py
[2026-01-28T00:24:43.031+0000] {logging_mixin.py:188} INFO - [2026-01-28T00:24:43.031+0000] {dag.py:3096} INFO - Sync 1 DAGs
[2026-01-28T00:24:43.042+0000] {logging_mixin.py:188} INFO - [2026-01-28T00:24:43.042+0000] {dag.py:3954} INFO - Setting next_dagrun for example_python_decorator to None, run_after=None
[2026-01-28T00:24:43.070+0000] {processor.py:183} INFO - Processing /home/airflow/.local/lib/python3.12/site-packages/airflow/example_dags/example_python_decorator.py took 0.078 seconds
[2026-01-28T00:25:13.839+0000] {processor.py:161} INFO - Started process (PID=5074) to work on /home/airflow/.local/lib/python3.12/site-packages/airflow/example_dags/example_python_decorator.py
[2026-01-28T00:25:13.840+0000] {processor.py:830} INFO - Processing file /home/airflow/.local/lib/python3.12/site-packages/airflow/example_dags/example_python_decorator.py for tasks to queue
[2026-01-28T00:25:13.842+0000] {logging_mixin.py:188} INFO - [2026-01-28T00:25:13.842+0000] {dagbag.py:540} INFO - Filling up the DagBag from /home/airflow/.local/lib/python3.12/site-packages/airflow/example_dags/example_python_decorator.py
[2026-01-28T00:25:13.853+0000] {processor.py:840} INFO - DAG(s) 'example_python_decorator' retrieved from /home/airflow/.local/lib/python3.12/site-packages/airflow/example_dags/example_python_decorator.py
[2026-01-28T00:25:13.872+0000] {logging_mixin.py:188} INFO - [2026-01-28T00:25:13.872+0000] {dag.py:3096} INFO - Sync 1 DAGs
[2026-01-28T00:25:13.885+0000] {logging_mixin.py:188} INFO - [2026-01-28T00:25:13.884+0000] {dag.py:3954} INFO - Setting next_dagrun for example_python_decorator to None, run_after=None
[2026-01-28T00:25:13.904+0000] {processor.py:183} INFO - Processing /home/airflow/.local/lib/python3.12/site-packages/airflow/example_dags/example_python_decorator.py took 0.070 seconds
[2026-01-28T00:25:44.056+0000] {processor.py:161} INFO - Started process (PID=5126) to work on /home/airflow/.local/lib/python3.12/site-packages/airflow/example_dags/example_python_decorator.py
[2026-01-28T00:25:44.057+0000] {processor.py:830} INFO - Processing file /home/airflow/.local/lib/python3.12/site-packages/airflow/example_dags/example_python_decorator.py for tasks to queue
[2026-01-28T00:25:44.059+0000] {logging_mixin.py:188} INFO - [2026-01-28T00:25:44.058+0000] {dagbag.py:540} INFO - Filling up the DagBag from /home/airflow/.local/lib/python3.12/site-packages/airflow/example_dags/example_python_decorator.py
[2026-01-28T00:25:44.070+0000] {processor.py:840} INFO - DAG(s) 'example_python_decorator' retrieved from /home/airflow/.local/lib/python3.12/site-packages/airflow/example_dags/example_python_decorator.py
[2026-01-28T00:25:44.092+0000] {logging_mixin.py:188} INFO - [2026-01-28T00:25:44.092+0000] {dag.py:3096} INFO - Sync 1 DAGs
[2026-01-28T00:25:44.104+0000] {logging_mixin.py:188} INFO - [2026-01-28T00:25:44.103+0000] {dag.py:3954} INFO - Setting next_dagrun for example_python_decorator to None, run_after=None
[2026-01-28T00:25:44.123+0000] {processor.py:183} INFO - Processing /home/airflow/.local/lib/python3.12/site-packages/airflow/example_dags/example_python_decorator.py took 0.073 seconds
[2026-01-28T00:26:14.360+0000] {processor.py:161} INFO - Started process (PID=5178) to work on /home/airflow/.local/lib/python3.12/site-packages/airflow/example_dags/example_python_decorator.py
[2026-01-28T00:26:14.361+0000] {processor.py:830} INFO - Processing file /home/airflow/.local/lib/python3.12/site-packages/airflow/example_dags/example_python_decorator.py for tasks to queue
[2026-01-28T00:26:14.363+0000] {logging_mixin.py:188} INFO - [2026-01-28T00:26:14.362+0000] {dagbag.py:540} INFO - Filling up the DagBag from /home/airflow/.local/lib/python3.12/site-packages/airflow/example_dags/example_python_decorator.py
[2026-01-28T00:26:14.373+0000] {processor.py:840} INFO - DAG(s) 'example_python_decorator' retrieved from /home/airflow/.local/lib/python3.12/site-packages/airflow/example_dags/example_python_decorator.py
[2026-01-28T00:26:14.394+0000] {logging_mixin.py:188} INFO - [2026-01-28T00:26:14.394+0000] {dag.py:3096} INFO - Sync 1 DAGs
[2026-01-28T00:26:14.406+0000] {logging_mixin.py:188} INFO - [2026-01-28T00:26:14.406+0000] {dag.py:3954} INFO - Setting next_dagrun for example_python_decorator to None, run_after=None
[2026-01-28T00:26:14.437+0000] {processor.py:183} INFO - Processing /home/airflow/.local/lib/python3.12/site-packages/airflow/example_dags/example_python_decorator.py took 0.081 seconds
[2026-01-28T00:26:45.398+0000] {processor.py:161} INFO - Started process (PID=5230) to work on /home/airflow/.local/lib/python3.12/site-packages/airflow/example_dags/example_python_decorator.py
[2026-01-28T00:26:45.399+0000] {processor.py:830} INFO - Processing file /home/airflow/.local/lib/python3.12/site-packages/airflow/example_dags/example_python_decorator.py for tasks to queue
[2026-01-28T00:26:45.401+0000] {logging_mixin.py:188} INFO - [2026-01-28T00:26:45.400+0000] {dagbag.py:540} INFO - Filling up the DagBag from /home/airflow/.local/lib/python3.12/site-packages/airflow/example_dags/example_python_decorator.py
[2026-01-28T00:26:45.414+0000] {processor.py:840} INFO - DAG(s) 'example_python_decorator' retrieved from /home/airflow/.local/lib/python3.12/site-packages/airflow/example_dags/example_python_decorator.py
[2026-01-28T00:26:45.437+0000] {logging_mixin.py:188} INFO - [2026-01-28T00:26:45.437+0000] {dag.py:3096} INFO - Sync 1 DAGs
[2026-01-28T00:26:45.453+0000] {logging_mixin.py:188} INFO - [2026-01-28T00:26:45.453+0000] {dag.py:3954} INFO - Setting next_dagrun for example_python_decorator to None, run_after=None
[2026-01-28T00:26:45.481+0000] {processor.py:183} INFO - Processing /home/airflow/.local/lib/python3.12/site-packages/airflow/example_dags/example_python_decorator.py took 0.089 seconds
[2026-01-28T00:27:15.976+0000] {processor.py:161} INFO - Started process (PID=5282) to work on /home/airflow/.local/lib/python3.12/site-packages/airflow/example_dags/example_python_decorator.py
[2026-01-28T00:27:15.977+0000] {processor.py:830} INFO - Processing file /home/airflow/.local/lib/python3.12/site-packages/airflow/example_dags/example_python_decorator.py for tasks to queue
[2026-01-28T00:27:15.980+0000] {logging_mixin.py:188} INFO - [2026-01-28T00:27:15.979+0000] {dagbag.py:540} INFO - Filling up the DagBag from /home/airflow/.local/lib/python3.12/site-packages/airflow/example_dags/example_python_decorator.py
[2026-01-28T00:27:15.992+0000] {processor.py:840} INFO - DAG(s) 'example_python_decorator' retrieved from /home/airflow/.local/lib/python3.12/site-packages/airflow/example_dags/example_python_decorator.py
[2026-01-28T00:27:16.014+0000] {logging_mixin.py:188} INFO - [2026-01-28T00:27:16.013+0000] {dag.py:3096} INFO - Sync 1 DAGs
[2026-01-28T00:27:16.026+0000] {logging_mixin.py:188} INFO - [2026-01-28T00:27:16.026+0000] {dag.py:3954} INFO - Setting next_dagrun for example_python_decorator to None, run_after=None
[2026-01-28T00:27:16.059+0000] {processor.py:183} INFO - Processing /home/airflow/.local/lib/python3.12/site-packages/airflow/example_dags/example_python_decorator.py took 0.090 seconds
[2026-01-28T00:27:46.318+0000] {processor.py:161} INFO - Started process (PID=5334) to work on /home/airflow/.local/lib/python3.12/site-packages/airflow/example_dags/example_python_decorator.py
[2026-01-28T00:27:46.319+0000] {processor.py:830} INFO - Processing file /home/airflow/.local/lib/python3.12/site-packages/airflow/example_dags/example_python_decorator.py for tasks to queue
[2026-01-28T00:27:46.321+0000] {logging_mixin.py:188} INFO - [2026-01-28T00:27:46.321+0000] {dagbag.py:540} INFO - Filling up the DagBag from /home/airflow/.local/lib/python3.12/site-packages/airflow/example_dags/example_python_decorator.py
[2026-01-28T00:27:46.332+0000] {processor.py:840} INFO - DAG(s) 'example_python_decorator' retrieved from /home/airflow/.local/lib/python3.12/site-packages/airflow/example_dags/example_python_decorator.py
[2026-01-28T00:27:46.353+0000] {logging_mixin.py:188} INFO - [2026-01-28T00:27:46.352+0000] {dag.py:3096} INFO - Sync 1 DAGs
[2026-01-28T00:27:46.365+0000] {logging_mixin.py:188} INFO - [2026-01-28T00:27:46.365+0000] {dag.py:3954} INFO - Setting next_dagrun for example_python_decorator to None, run_after=None
[2026-01-28T00:27:46.399+0000] {processor.py:183} INFO - Processing /home/airflow/.local/lib/python3.12/site-packages/airflow/example_dags/example_python_decorator.py took 0.087 seconds
[2026-01-28T00:28:16.781+0000] {processor.py:161} INFO - Started process (PID=5386) to work on /home/airflow/.local/lib/python3.12/site-packages/airflow/example_dags/example_python_decorator.py
[2026-01-28T00:28:16.782+0000] {processor.py:830} INFO - Processing file /home/airflow/.local/lib/python3.12/site-packages/airflow/example_dags/example_python_decorator.py for tasks to queue
[2026-01-28T00:28:16.784+0000] {logging_mixin.py:188} INFO - [2026-01-28T00:28:16.784+0000] {dagbag.py:540} INFO - Filling up the DagBag from /home/airflow/.local/lib/python3.12/site-packages/airflow/example_dags/example_python_decorator.py
[2026-01-28T00:28:16.796+0000] {processor.py:840} INFO - DAG(s) 'example_python_decorator' retrieved from /home/airflow/.local/lib/python3.12/site-packages/airflow/example_dags/example_python_decorator.py
[2026-01-28T00:28:16.817+0000] {logging_mixin.py:188} INFO - [2026-01-28T00:28:16.817+0000] {dag.py:3096} INFO - Sync 1 DAGs
[2026-01-28T00:28:16.830+0000] {logging_mixin.py:188} INFO - [2026-01-28T00:28:16.830+0000] {dag.py:3954} INFO - Setting next_dagrun for example_python_decorator to None, run_after=None
[2026-01-28T00:28:16.852+0000] {processor.py:183} INFO - Processing /home/airflow/.local/lib/python3.12/site-packages/airflow/example_dags/example_python_decorator.py took 0.076 seconds
[2026-01-28T00:28:47.507+0000] {processor.py:161} INFO - Started process (PID=5438) to work on /home/airflow/.local/lib/python3.12/site-packages/airflow/example_dags/example_python_decorator.py
[2026-01-28T00:28:47.508+0000] {processor.py:830} INFO - Processing file /home/airflow/.local/lib/python3.12/site-packages/airflow/example_dags/example_python_decorator.py for tasks to queue
[2026-01-28T00:28:47.511+0000] {logging_mixin.py:188} INFO - [2026-01-28T00:28:47.511+0000] {dagbag.py:540} INFO - Filling up the DagBag from /home/airflow/.local/lib/python3.12/site-packages/airflow/example_dags/example_python_decorator.py
[2026-01-28T00:28:47.527+0000] {processor.py:840} INFO - DAG(s) 'example_python_decorator' retrieved from /home/airflow/.local/lib/python3.12/site-packages/airflow/example_dags/example_python_decorator.py
[2026-01-28T00:28:47.548+0000] {logging_mixin.py:188} INFO - [2026-01-28T00:28:47.548+0000] {dag.py:3096} INFO - Sync 1 DAGs
[2026-01-28T00:28:47.558+0000] {logging_mixin.py:188} INFO - [2026-01-28T00:28:47.558+0000] {dag.py:3954} INFO - Setting next_dagrun for example_python_decorator to None, run_after=None
[2026-01-28T00:28:47.586+0000] {processor.py:183} INFO - Processing /home/airflow/.local/lib/python3.12/site-packages/airflow/example_dags/example_python_decorator.py took 0.087 seconds
[2026-01-28T00:29:17.705+0000] {processor.py:161} INFO - Started process (PID=5490) to work on /home/airflow/.local/lib/python3.12/site-packages/airflow/example_dags/example_python_decorator.py
[2026-01-28T00:29:17.706+0000] {processor.py:830} INFO - Processing file /home/airflow/.local/lib/python3.12/site-packages/airflow/example_dags/example_python_decorator.py for tasks to queue
[2026-01-28T00:29:17.708+0000] {logging_mixin.py:188} INFO - [2026-01-28T00:29:17.707+0000] {dagbag.py:540} INFO - Filling up the DagBag from /home/airflow/.local/lib/python3.12/site-packages/airflow/example_dags/example_python_decorator.py
[2026-01-28T00:29:17.719+0000] {processor.py:840} INFO - DAG(s) 'example_python_decorator' retrieved from /home/airflow/.local/lib/python3.12/site-packages/airflow/example_dags/example_python_decorator.py
[2026-01-28T00:29:17.739+0000] {logging_mixin.py:188} INFO - [2026-01-28T00:29:17.739+0000] {dag.py:3096} INFO - Sync 1 DAGs
[2026-01-28T00:29:17.749+0000] {logging_mixin.py:188} INFO - [2026-01-28T00:29:17.749+0000] {dag.py:3954} INFO - Setting next_dagrun for example_python_decorator to None, run_after=None
[2026-01-28T00:29:17.779+0000] {processor.py:183} INFO - Processing /home/airflow/.local/lib/python3.12/site-packages/airflow/example_dags/example_python_decorator.py took 0.080 seconds
[2026-01-28T00:29:47.832+0000] {processor.py:161} INFO - Started process (PID=5542) to work on /home/airflow/.local/lib/python3.12/site-packages/airflow/example_dags/example_python_decorator.py
[2026-01-28T00:29:47.832+0000] {processor.py:830} INFO - Processing file /home/airflow/.local/lib/python3.12/site-packages/airflow/example_dags/example_python_decorator.py for tasks to queue
[2026-01-28T00:29:47.834+0000] {logging_mixin.py:188} INFO - [2026-01-28T00:29:47.834+0000] {dagbag.py:540} INFO - Filling up the DagBag from /home/airflow/.local/lib/python3.12/site-packages/airflow/example_dags/example_python_decorator.py
[2026-01-28T00:29:47.846+0000] {processor.py:840} INFO - DAG(s) 'example_python_decorator' retrieved from /home/airflow/.local/lib/python3.12/site-packages/airflow/example_dags/example_python_decorator.py
[2026-01-28T00:29:47.867+0000] {logging_mixin.py:188} INFO - [2026-01-28T00:29:47.867+0000] {dag.py:3096} INFO - Sync 1 DAGs
[2026-01-28T00:29:47.878+0000] {logging_mixin.py:188} INFO - [2026-01-28T00:29:47.878+0000] {dag.py:3954} INFO - Setting next_dagrun for example_python_decorator to None, run_after=None
[2026-01-28T00:29:47.906+0000] {processor.py:183} INFO - Processing /home/airflow/.local/lib/python3.12/site-packages/airflow/example_dags/example_python_decorator.py took 0.080 seconds
[2026-01-28T00:30:18.416+0000] {processor.py:161} INFO - Started process (PID=5594) to work on /home/airflow/.local/lib/python3.12/site-packages/airflow/example_dags/example_python_decorator.py
[2026-01-28T00:30:18.418+0000] {processor.py:830} INFO - Processing file /home/airflow/.local/lib/python3.12/site-packages/airflow/example_dags/example_python_decorator.py for tasks to queue
[2026-01-28T00:30:18.419+0000] {logging_mixin.py:188} INFO - [2026-01-28T00:30:18.419+0000] {dagbag.py:540} INFO - Filling up the DagBag from /home/airflow/.local/lib/python3.12/site-packages/airflow/example_dags/example_python_decorator.py
[2026-01-28T00:30:18.430+0000] {processor.py:840} INFO - DAG(s) 'example_python_decorator' retrieved from /home/airflow/.local/lib/python3.12/site-packages/airflow/example_dags/example_python_decorator.py
[2026-01-28T00:30:18.452+0000] {logging_mixin.py:188} INFO - [2026-01-28T00:30:18.451+0000] {dag.py:3096} INFO - Sync 1 DAGs
[2026-01-28T00:30:18.463+0000] {logging_mixin.py:188} INFO - [2026-01-28T00:30:18.463+0000] {dag.py:3954} INFO - Setting next_dagrun for example_python_decorator to None, run_after=None
[2026-01-28T00:30:18.484+0000] {processor.py:183} INFO - Processing /home/airflow/.local/lib/python3.12/site-packages/airflow/example_dags/example_python_decorator.py took 0.073 seconds
[2026-01-28T00:30:49.078+0000] {processor.py:161} INFO - Started process (PID=5646) to work on /home/airflow/.local/lib/python3.12/site-packages/airflow/example_dags/example_python_decorator.py
[2026-01-28T00:30:49.079+0000] {processor.py:830} INFO - Processing file /home/airflow/.local/lib/python3.12/site-packages/airflow/example_dags/example_python_decorator.py for tasks to queue
[2026-01-28T00:30:49.081+0000] {logging_mixin.py:188} INFO - [2026-01-28T00:30:49.080+0000] {dagbag.py:540} INFO - Filling up the DagBag from /home/airflow/.local/lib/python3.12/site-packages/airflow/example_dags/example_python_decorator.py
[2026-01-28T00:30:49.091+0000] {processor.py:840} INFO - DAG(s) 'example_python_decorator' retrieved from /home/airflow/.local/lib/python3.12/site-packages/airflow/example_dags/example_python_decorator.py
[2026-01-28T00:30:49.111+0000] {logging_mixin.py:188} INFO - [2026-01-28T00:30:49.111+0000] {dag.py:3096} INFO - Sync 1 DAGs
[2026-01-28T00:30:49.121+0000] {logging_mixin.py:188} INFO - [2026-01-28T00:30:49.121+0000] {dag.py:3954} INFO - Setting next_dagrun for example_python_decorator to None, run_after=None
[2026-01-28T00:30:49.152+0000] {processor.py:183} INFO - Processing /home/airflow/.local/lib/python3.12/site-packages/airflow/example_dags/example_python_decorator.py took 0.080 seconds
[2026-01-28T00:31:19.587+0000] {processor.py:161} INFO - Started process (PID=5698) to work on /home/airflow/.local/lib/python3.12/site-packages/airflow/example_dags/example_python_decorator.py
[2026-01-28T00:31:19.588+0000] {processor.py:830} INFO - Processing file /home/airflow/.local/lib/python3.12/site-packages/airflow/example_dags/example_python_decorator.py for tasks to queue
[2026-01-28T00:31:19.590+0000] {logging_mixin.py:188} INFO - [2026-01-28T00:31:19.590+0000] {dagbag.py:540} INFO - Filling up the DagBag from /home/airflow/.local/lib/python3.12/site-packages/airflow/example_dags/example_python_decorator.py
[2026-01-28T00:31:19.601+0000] {processor.py:840} INFO - DAG(s) 'example_python_decorator' retrieved from /home/airflow/.local/lib/python3.12/site-packages/airflow/example_dags/example_python_decorator.py
[2026-01-28T00:31:19.623+0000] {logging_mixin.py:188} INFO - [2026-01-28T00:31:19.622+0000] {dag.py:3096} INFO - Sync 1 DAGs
[2026-01-28T00:31:19.636+0000] {logging_mixin.py:188} INFO - [2026-01-28T00:31:19.635+0000] {dag.py:3954} INFO - Setting next_dagrun for example_python_decorator to None, run_after=None
[2026-01-28T00:31:19.666+0000] {processor.py:183} INFO - Processing /home/airflow/.local/lib/python3.12/site-packages/airflow/example_dags/example_python_decorator.py took 0.085 seconds
[2026-01-28T00:31:50.164+0000] {processor.py:161} INFO - Started process (PID=5750) to work on /home/airflow/.local/lib/python3.12/site-packages/airflow/example_dags/example_python_decorator.py
[2026-01-28T00:31:50.165+0000] {processor.py:830} INFO - Processing file /home/airflow/.local/lib/python3.12/site-packages/airflow/example_dags/example_python_decorator.py for tasks to queue
[2026-01-28T00:31:50.167+0000] {logging_mixin.py:188} INFO - [2026-01-28T00:31:50.167+0000] {dagbag.py:540} INFO - Filling up the DagBag from /home/airflow/.local/lib/python3.12/site-packages/airflow/example_dags/example_python_decorator.py
[2026-01-28T00:31:50.178+0000] {processor.py:840} INFO - DAG(s) 'example_python_decorator' retrieved from /home/airflow/.local/lib/python3.12/site-packages/airflow/example_dags/example_python_decorator.py
[2026-01-28T00:31:50.201+0000] {logging_mixin.py:188} INFO - [2026-01-28T00:31:50.201+0000] {dag.py:3096} INFO - Sync 1 DAGs
[2026-01-28T00:31:50.216+0000] {logging_mixin.py:188} INFO - [2026-01-28T00:31:50.216+0000] {dag.py:3954} INFO - Setting next_dagrun for example_python_decorator to None, run_after=None
[2026-01-28T00:31:50.237+0000] {processor.py:183} INFO - Processing /home/airflow/.local/lib/python3.12/site-packages/airflow/example_dags/example_python_decorator.py took 0.080 seconds
[2026-01-28T00:32:20.823+0000] {processor.py:161} INFO - Started process (PID=5802) to work on /home/airflow/.local/lib/python3.12/site-packages/airflow/example_dags/example_python_decorator.py
[2026-01-28T00:32:20.824+0000] {processor.py:830} INFO - Processing file /home/airflow/.local/lib/python3.12/site-packages/airflow/example_dags/example_python_decorator.py for tasks to queue
[2026-01-28T00:32:20.826+0000] {logging_mixin.py:188} INFO - [2026-01-28T00:32:20.825+0000] {dagbag.py:540} INFO - Filling up the DagBag from /home/airflow/.local/lib/python3.12/site-packages/airflow/example_dags/example_python_decorator.py
[2026-01-28T00:32:20.838+0000] {processor.py:840} INFO - DAG(s) 'example_python_decorator' retrieved from /home/airflow/.local/lib/python3.12/site-packages/airflow/example_dags/example_python_decorator.py
[2026-01-28T00:32:20.862+0000] {logging_mixin.py:188} INFO - [2026-01-28T00:32:20.862+0000] {dag.py:3096} INFO - Sync 1 DAGs
[2026-01-28T00:32:20.875+0000] {logging_mixin.py:188} INFO - [2026-01-28T00:32:20.874+0000] {dag.py:3954} INFO - Setting next_dagrun for example_python_decorator to None, run_after=None
[2026-01-28T00:32:20.896+0000] {processor.py:183} INFO - Processing /home/airflow/.local/lib/python3.12/site-packages/airflow/example_dags/example_python_decorator.py took 0.079 seconds
[2026-01-28T00:32:51.369+0000] {processor.py:161} INFO - Started process (PID=5854) to work on /home/airflow/.local/lib/python3.12/site-packages/airflow/example_dags/example_python_decorator.py
[2026-01-28T00:32:51.370+0000] {processor.py:830} INFO - Processing file /home/airflow/.local/lib/python3.12/site-packages/airflow/example_dags/example_python_decorator.py for tasks to queue
[2026-01-28T00:32:51.372+0000] {logging_mixin.py:188} INFO - [2026-01-28T00:32:51.372+0000] {dagbag.py:540} INFO - Filling up the DagBag from /home/airflow/.local/lib/python3.12/site-packages/airflow/example_dags/example_python_decorator.py
[2026-01-28T00:32:51.382+0000] {processor.py:840} INFO - DAG(s) 'example_python_decorator' retrieved from /home/airflow/.local/lib/python3.12/site-packages/airflow/example_dags/example_python_decorator.py
[2026-01-28T00:32:51.402+0000] {logging_mixin.py:188} INFO - [2026-01-28T00:32:51.402+0000] {dag.py:3096} INFO - Sync 1 DAGs
[2026-01-28T00:32:51.413+0000] {logging_mixin.py:188} INFO - [2026-01-28T00:32:51.413+0000] {dag.py:3954} INFO - Setting next_dagrun for example_python_decorator to None, run_after=None
[2026-01-28T00:32:51.443+0000] {processor.py:183} INFO - Processing /home/airflow/.local/lib/python3.12/site-packages/airflow/example_dags/example_python_decorator.py took 0.082 seconds
[2026-01-28T00:33:21.842+0000] {processor.py:161} INFO - Started process (PID=5906) to work on /home/airflow/.local/lib/python3.12/site-packages/airflow/example_dags/example_python_decorator.py
[2026-01-28T00:33:21.844+0000] {processor.py:830} INFO - Processing file /home/airflow/.local/lib/python3.12/site-packages/airflow/example_dags/example_python_decorator.py for tasks to queue
[2026-01-28T00:33:21.846+0000] {logging_mixin.py:188} INFO - [2026-01-28T00:33:21.845+0000] {dagbag.py:540} INFO - Filling up the DagBag from /home/airflow/.local/lib/python3.12/site-packages/airflow/example_dags/example_python_decorator.py
[2026-01-28T00:33:21.857+0000] {processor.py:840} INFO - DAG(s) 'example_python_decorator' retrieved from /home/airflow/.local/lib/python3.12/site-packages/airflow/example_dags/example_python_decorator.py
[2026-01-28T00:33:21.877+0000] {logging_mixin.py:188} INFO - [2026-01-28T00:33:21.877+0000] {dag.py:3096} INFO - Sync 1 DAGs
[2026-01-28T00:33:21.888+0000] {logging_mixin.py:188} INFO - [2026-01-28T00:33:21.887+0000] {dag.py:3954} INFO - Setting next_dagrun for example_python_decorator to None, run_after=None
[2026-01-28T00:33:21.909+0000] {processor.py:183} INFO - Processing /home/airflow/.local/lib/python3.12/site-packages/airflow/example_dags/example_python_decorator.py took 0.071 seconds
[2026-01-28T00:33:52.364+0000] {processor.py:161} INFO - Started process (PID=5958) to work on /home/airflow/.local/lib/python3.12/site-packages/airflow/example_dags/example_python_decorator.py
[2026-01-28T00:33:52.365+0000] {processor.py:830} INFO - Processing file /home/airflow/.local/lib/python3.12/site-packages/airflow/example_dags/example_python_decorator.py for tasks to queue
[2026-01-28T00:33:52.367+0000] {logging_mixin.py:188} INFO - [2026-01-28T00:33:52.367+0000] {dagbag.py:540} INFO - Filling up the DagBag from /home/airflow/.local/lib/python3.12/site-packages/airflow/example_dags/example_python_decorator.py
[2026-01-28T00:33:52.378+0000] {processor.py:840} INFO - DAG(s) 'example_python_decorator' retrieved from /home/airflow/.local/lib/python3.12/site-packages/airflow/example_dags/example_python_decorator.py
[2026-01-28T00:33:52.400+0000] {logging_mixin.py:188} INFO - [2026-01-28T00:33:52.399+0000] {dag.py:3096} INFO - Sync 1 DAGs
[2026-01-28T00:33:52.412+0000] {logging_mixin.py:188} INFO - [2026-01-28T00:33:52.412+0000] {dag.py:3954} INFO - Setting next_dagrun for example_python_decorator to None, run_after=None
[2026-01-28T00:33:52.435+0000] {processor.py:183} INFO - Processing /home/airflow/.local/lib/python3.12/site-packages/airflow/example_dags/example_python_decorator.py took 0.076 seconds
[2026-01-28T00:34:22.533+0000] {processor.py:161} INFO - Started process (PID=6010) to work on /home/airflow/.local/lib/python3.12/site-packages/airflow/example_dags/example_python_decorator.py
[2026-01-28T00:34:22.534+0000] {processor.py:830} INFO - Processing file /home/airflow/.local/lib/python3.12/site-packages/airflow/example_dags/example_python_decorator.py for tasks to queue
[2026-01-28T00:34:22.536+0000] {logging_mixin.py:188} INFO - [2026-01-28T00:34:22.535+0000] {dagbag.py:540} INFO - Filling up the DagBag from /home/airflow/.local/lib/python3.12/site-packages/airflow/example_dags/example_python_decorator.py
[2026-01-28T00:34:22.546+0000] {processor.py:840} INFO - DAG(s) 'example_python_decorator' retrieved from /home/airflow/.local/lib/python3.12/site-packages/airflow/example_dags/example_python_decorator.py
[2026-01-28T00:34:22.567+0000] {logging_mixin.py:188} INFO - [2026-01-28T00:34:22.566+0000] {dag.py:3096} INFO - Sync 1 DAGs
[2026-01-28T00:34:22.578+0000] {logging_mixin.py:188} INFO - [2026-01-28T00:34:22.578+0000] {dag.py:3954} INFO - Setting next_dagrun for example_python_decorator to None, run_after=None
[2026-01-28T00:34:22.608+0000] {processor.py:183} INFO - Processing /home/airflow/.local/lib/python3.12/site-packages/airflow/example_dags/example_python_decorator.py took 0.081 seconds
[2026-01-28T00:34:52.760+0000] {processor.py:161} INFO - Started process (PID=6062) to work on /home/airflow/.local/lib/python3.12/site-packages/airflow/example_dags/example_python_decorator.py
[2026-01-28T00:34:52.761+0000] {processor.py:830} INFO - Processing file /home/airflow/.local/lib/python3.12/site-packages/airflow/example_dags/example_python_decorator.py for tasks to queue
[2026-01-28T00:34:52.763+0000] {logging_mixin.py:188} INFO - [2026-01-28T00:34:52.762+0000] {dagbag.py:540} INFO - Filling up the DagBag from /home/airflow/.local/lib/python3.12/site-packages/airflow/example_dags/example_python_decorator.py
[2026-01-28T00:34:52.773+0000] {processor.py:840} INFO - DAG(s) 'example_python_decorator' retrieved from /home/airflow/.local/lib/python3.12/site-packages/airflow/example_dags/example_python_decorator.py
[2026-01-28T00:34:52.796+0000] {logging_mixin.py:188} INFO - [2026-01-28T00:34:52.795+0000] {dag.py:3096} INFO - Sync 1 DAGs
[2026-01-28T00:34:52.807+0000] {logging_mixin.py:188} INFO - [2026-01-28T00:34:52.807+0000] {dag.py:3954} INFO - Setting next_dagrun for example_python_decorator to None, run_after=None
[2026-01-28T00:34:52.969+0000] {processor.py:183} INFO - Processing /home/airflow/.local/lib/python3.12/site-packages/airflow/example_dags/example_python_decorator.py took 0.214 seconds
[2026-01-28T00:35:23.019+0000] {processor.py:161} INFO - Started process (PID=6114) to work on /home/airflow/.local/lib/python3.12/site-packages/airflow/example_dags/example_python_decorator.py
[2026-01-28T00:35:23.020+0000] {processor.py:830} INFO - Processing file /home/airflow/.local/lib/python3.12/site-packages/airflow/example_dags/example_python_decorator.py for tasks to queue
[2026-01-28T00:35:23.021+0000] {logging_mixin.py:188} INFO - [2026-01-28T00:35:23.021+0000] {dagbag.py:540} INFO - Filling up the DagBag from /home/airflow/.local/lib/python3.12/site-packages/airflow/example_dags/example_python_decorator.py
[2026-01-28T00:35:23.033+0000] {processor.py:840} INFO - DAG(s) 'example_python_decorator' retrieved from /home/airflow/.local/lib/python3.12/site-packages/airflow/example_dags/example_python_decorator.py
[2026-01-28T00:35:23.053+0000] {logging_mixin.py:188} INFO - [2026-01-28T00:35:23.053+0000] {dag.py:3096} INFO - Sync 1 DAGs
[2026-01-28T00:35:23.064+0000] {logging_mixin.py:188} INFO - [2026-01-28T00:35:23.064+0000] {dag.py:3954} INFO - Setting next_dagrun for example_python_decorator to None, run_after=None
[2026-01-28T00:35:23.083+0000] {processor.py:183} INFO - Processing /home/airflow/.local/lib/python3.12/site-packages/airflow/example_dags/example_python_decorator.py took 0.070 seconds
[2026-01-28T00:35:53.325+0000] {processor.py:161} INFO - Started process (PID=6166) to work on /home/airflow/.local/lib/python3.12/site-packages/airflow/example_dags/example_python_decorator.py
[2026-01-28T00:35:53.325+0000] {processor.py:830} INFO - Processing file /home/airflow/.local/lib/python3.12/site-packages/airflow/example_dags/example_python_decorator.py for tasks to queue
[2026-01-28T00:35:53.327+0000] {logging_mixin.py:188} INFO - [2026-01-28T00:35:53.327+0000] {dagbag.py:540} INFO - Filling up the DagBag from /home/airflow/.local/lib/python3.12/site-packages/airflow/example_dags/example_python_decorator.py
[2026-01-28T00:35:53.338+0000] {processor.py:840} INFO - DAG(s) 'example_python_decorator' retrieved from /home/airflow/.local/lib/python3.12/site-packages/airflow/example_dags/example_python_decorator.py
[2026-01-28T00:35:53.358+0000] {logging_mixin.py:188} INFO - [2026-01-28T00:35:53.358+0000] {dag.py:3096} INFO - Sync 1 DAGs
[2026-01-28T00:35:53.369+0000] {logging_mixin.py:188} INFO - [2026-01-28T00:35:53.368+0000] {dag.py:3954} INFO - Setting next_dagrun for example_python_decorator to None, run_after=None
[2026-01-28T00:35:53.397+0000] {processor.py:183} INFO - Processing /home/airflow/.local/lib/python3.12/site-packages/airflow/example_dags/example_python_decorator.py took 0.078 seconds
[2026-01-28T00:36:23.614+0000] {processor.py:161} INFO - Started process (PID=6218) to work on /home/airflow/.local/lib/python3.12/site-packages/airflow/example_dags/example_python_decorator.py
[2026-01-28T00:36:23.615+0000] {processor.py:830} INFO - Processing file /home/airflow/.local/lib/python3.12/site-packages/airflow/example_dags/example_python_decorator.py for tasks to queue
[2026-01-28T00:36:23.616+0000] {logging_mixin.py:188} INFO - [2026-01-28T00:36:23.616+0000] {dagbag.py:540} INFO - Filling up the DagBag from /home/airflow/.local/lib/python3.12/site-packages/airflow/example_dags/example_python_decorator.py
[2026-01-28T00:36:23.627+0000] {processor.py:840} INFO - DAG(s) 'example_python_decorator' retrieved from /home/airflow/.local/lib/python3.12/site-packages/airflow/example_dags/example_python_decorator.py
[2026-01-28T00:36:23.648+0000] {logging_mixin.py:188} INFO - [2026-01-28T00:36:23.648+0000] {dag.py:3096} INFO - Sync 1 DAGs
[2026-01-28T00:36:23.658+0000] {logging_mixin.py:188} INFO - [2026-01-28T00:36:23.658+0000] {dag.py:3954} INFO - Setting next_dagrun for example_python_decorator to None, run_after=None
[2026-01-28T00:36:23.823+0000] {processor.py:183} INFO - Processing /home/airflow/.local/lib/python3.12/site-packages/airflow/example_dags/example_python_decorator.py took 0.214 seconds
[2026-01-28T00:36:53.887+0000] {processor.py:161} INFO - Started process (PID=6270) to work on /home/airflow/.local/lib/python3.12/site-packages/airflow/example_dags/example_python_decorator.py
[2026-01-28T00:36:53.888+0000] {processor.py:830} INFO - Processing file /home/airflow/.local/lib/python3.12/site-packages/airflow/example_dags/example_python_decorator.py for tasks to queue
[2026-01-28T00:36:53.890+0000] {logging_mixin.py:188} INFO - [2026-01-28T00:36:53.890+0000] {dagbag.py:540} INFO - Filling up the DagBag from /home/airflow/.local/lib/python3.12/site-packages/airflow/example_dags/example_python_decorator.py
[2026-01-28T00:36:53.901+0000] {processor.py:840} INFO - DAG(s) 'example_python_decorator' retrieved from /home/airflow/.local/lib/python3.12/site-packages/airflow/example_dags/example_python_decorator.py
[2026-01-28T00:36:53.922+0000] {logging_mixin.py:188} INFO - [2026-01-28T00:36:53.922+0000] {dag.py:3096} INFO - Sync 1 DAGs
[2026-01-28T00:36:53.933+0000] {logging_mixin.py:188} INFO - [2026-01-28T00:36:53.933+0000] {dag.py:3954} INFO - Setting next_dagrun for example_python_decorator to None, run_after=None
[2026-01-28T00:36:53.962+0000] {processor.py:183} INFO - Processing /home/airflow/.local/lib/python3.12/site-packages/airflow/example_dags/example_python_decorator.py took 0.080 seconds
[2026-01-28T00:37:24.119+0000] {processor.py:161} INFO - Started process (PID=6322) to work on /home/airflow/.local/lib/python3.12/site-packages/airflow/example_dags/example_python_decorator.py
[2026-01-28T00:37:24.120+0000] {processor.py:830} INFO - Processing file /home/airflow/.local/lib/python3.12/site-packages/airflow/example_dags/example_python_decorator.py for tasks to queue
[2026-01-28T00:37:24.122+0000] {logging_mixin.py:188} INFO - [2026-01-28T00:37:24.121+0000] {dagbag.py:540} INFO - Filling up the DagBag from /home/airflow/.local/lib/python3.12/site-packages/airflow/example_dags/example_python_decorator.py
[2026-01-28T00:37:24.136+0000] {processor.py:840} INFO - DAG(s) 'example_python_decorator' retrieved from /home/airflow/.local/lib/python3.12/site-packages/airflow/example_dags/example_python_decorator.py
[2026-01-28T00:37:24.157+0000] {logging_mixin.py:188} INFO - [2026-01-28T00:37:24.156+0000] {dag.py:3096} INFO - Sync 1 DAGs
[2026-01-28T00:37:24.168+0000] {logging_mixin.py:188} INFO - [2026-01-28T00:37:24.167+0000] {dag.py:3954} INFO - Setting next_dagrun for example_python_decorator to None, run_after=None
[2026-01-28T00:37:24.196+0000] {processor.py:183} INFO - Processing /home/airflow/.local/lib/python3.12/site-packages/airflow/example_dags/example_python_decorator.py took 0.083 seconds
[2026-01-28T00:37:54.885+0000] {processor.py:161} INFO - Started process (PID=6374) to work on /home/airflow/.local/lib/python3.12/site-packages/airflow/example_dags/example_python_decorator.py
[2026-01-28T00:37:54.886+0000] {processor.py:830} INFO - Processing file /home/airflow/.local/lib/python3.12/site-packages/airflow/example_dags/example_python_decorator.py for tasks to queue
[2026-01-28T00:37:54.888+0000] {logging_mixin.py:188} INFO - [2026-01-28T00:37:54.888+0000] {dagbag.py:540} INFO - Filling up the DagBag from /home/airflow/.local/lib/python3.12/site-packages/airflow/example_dags/example_python_decorator.py
[2026-01-28T00:37:54.899+0000] {processor.py:840} INFO - DAG(s) 'example_python_decorator' retrieved from /home/airflow/.local/lib/python3.12/site-packages/airflow/example_dags/example_python_decorator.py
[2026-01-28T00:37:54.921+0000] {logging_mixin.py:188} INFO - [2026-01-28T00:37:54.921+0000] {dag.py:3096} INFO - Sync 1 DAGs
[2026-01-28T00:37:54.933+0000] {logging_mixin.py:188} INFO - [2026-01-28T00:37:54.933+0000] {dag.py:3954} INFO - Setting next_dagrun for example_python_decorator to None, run_after=None
[2026-01-28T00:37:55.108+0000] {processor.py:183} INFO - Processing /home/airflow/.local/lib/python3.12/site-packages/airflow/example_dags/example_python_decorator.py took 0.229 seconds
[2026-01-28T00:38:25.370+0000] {processor.py:161} INFO - Started process (PID=6426) to work on /home/airflow/.local/lib/python3.12/site-packages/airflow/example_dags/example_python_decorator.py
[2026-01-28T00:38:25.371+0000] {processor.py:830} INFO - Processing file /home/airflow/.local/lib/python3.12/site-packages/airflow/example_dags/example_python_decorator.py for tasks to queue
[2026-01-28T00:38:25.373+0000] {logging_mixin.py:188} INFO - [2026-01-28T00:38:25.372+0000] {dagbag.py:540} INFO - Filling up the DagBag from /home/airflow/.local/lib/python3.12/site-packages/airflow/example_dags/example_python_decorator.py
[2026-01-28T00:38:25.383+0000] {processor.py:840} INFO - DAG(s) 'example_python_decorator' retrieved from /home/airflow/.local/lib/python3.12/site-packages/airflow/example_dags/example_python_decorator.py
[2026-01-28T00:38:25.411+0000] {logging_mixin.py:188} INFO - [2026-01-28T00:38:25.410+0000] {dag.py:3096} INFO - Sync 1 DAGs
[2026-01-28T00:38:25.424+0000] {logging_mixin.py:188} INFO - [2026-01-28T00:38:25.424+0000] {dag.py:3954} INFO - Setting next_dagrun for example_python_decorator to None, run_after=None
[2026-01-28T00:38:25.452+0000] {processor.py:183} INFO - Processing /home/airflow/.local/lib/python3.12/site-packages/airflow/example_dags/example_python_decorator.py took 0.088 seconds
[2026-01-28T00:38:56.072+0000] {processor.py:161} INFO - Started process (PID=6478) to work on /home/airflow/.local/lib/python3.12/site-packages/airflow/example_dags/example_python_decorator.py
[2026-01-28T00:38:56.072+0000] {processor.py:830} INFO - Processing file /home/airflow/.local/lib/python3.12/site-packages/airflow/example_dags/example_python_decorator.py for tasks to queue
[2026-01-28T00:38:56.074+0000] {logging_mixin.py:188} INFO - [2026-01-28T00:38:56.074+0000] {dagbag.py:540} INFO - Filling up the DagBag from /home/airflow/.local/lib/python3.12/site-packages/airflow/example_dags/example_python_decorator.py
[2026-01-28T00:38:56.086+0000] {processor.py:840} INFO - DAG(s) 'example_python_decorator' retrieved from /home/airflow/.local/lib/python3.12/site-packages/airflow/example_dags/example_python_decorator.py
[2026-01-28T00:38:56.264+0000] {logging_mixin.py:188} INFO - [2026-01-28T00:38:56.263+0000] {dag.py:3096} INFO - Sync 1 DAGs
[2026-01-28T00:38:56.273+0000] {logging_mixin.py:188} INFO - [2026-01-28T00:38:56.273+0000] {dag.py:3954} INFO - Setting next_dagrun for example_python_decorator to None, run_after=None
[2026-01-28T00:38:56.299+0000] {processor.py:183} INFO - Processing /home/airflow/.local/lib/python3.12/site-packages/airflow/example_dags/example_python_decorator.py took 0.235 seconds
[2026-01-28T00:39:27.057+0000] {processor.py:161} INFO - Started process (PID=6530) to work on /home/airflow/.local/lib/python3.12/site-packages/airflow/example_dags/example_python_decorator.py
[2026-01-28T00:39:27.058+0000] {processor.py:830} INFO - Processing file /home/airflow/.local/lib/python3.12/site-packages/airflow/example_dags/example_python_decorator.py for tasks to queue
[2026-01-28T00:39:27.060+0000] {logging_mixin.py:188} INFO - [2026-01-28T00:39:27.060+0000] {dagbag.py:540} INFO - Filling up the DagBag from /home/airflow/.local/lib/python3.12/site-packages/airflow/example_dags/example_python_decorator.py
[2026-01-28T00:39:27.078+0000] {processor.py:840} INFO - DAG(s) 'example_python_decorator' retrieved from /home/airflow/.local/lib/python3.12/site-packages/airflow/example_dags/example_python_decorator.py
[2026-01-28T00:39:27.099+0000] {logging_mixin.py:188} INFO - [2026-01-28T00:39:27.099+0000] {dag.py:3096} INFO - Sync 1 DAGs
[2026-01-28T00:39:27.111+0000] {logging_mixin.py:188} INFO - [2026-01-28T00:39:27.111+0000] {dag.py:3954} INFO - Setting next_dagrun for example_python_decorator to None, run_after=None
[2026-01-28T00:39:27.131+0000] {processor.py:183} INFO - Processing /home/airflow/.local/lib/python3.12/site-packages/airflow/example_dags/example_python_decorator.py took 0.079 seconds
[2026-01-28T00:39:57.870+0000] {processor.py:161} INFO - Started process (PID=6582) to work on /home/airflow/.local/lib/python3.12/site-packages/airflow/example_dags/example_python_decorator.py
[2026-01-28T00:39:57.870+0000] {processor.py:830} INFO - Processing file /home/airflow/.local/lib/python3.12/site-packages/airflow/example_dags/example_python_decorator.py for tasks to queue
[2026-01-28T00:39:57.872+0000] {logging_mixin.py:188} INFO - [2026-01-28T00:39:57.872+0000] {dagbag.py:540} INFO - Filling up the DagBag from /home/airflow/.local/lib/python3.12/site-packages/airflow/example_dags/example_python_decorator.py
[2026-01-28T00:39:57.886+0000] {processor.py:840} INFO - DAG(s) 'example_python_decorator' retrieved from /home/airflow/.local/lib/python3.12/site-packages/airflow/example_dags/example_python_decorator.py
[2026-01-28T00:39:57.913+0000] {logging_mixin.py:188} INFO - [2026-01-28T00:39:57.912+0000] {dag.py:3096} INFO - Sync 1 DAGs
[2026-01-28T00:39:57.927+0000] {logging_mixin.py:188} INFO - [2026-01-28T00:39:57.926+0000] {dag.py:3954} INFO - Setting next_dagrun for example_python_decorator to None, run_after=None
[2026-01-28T00:39:57.951+0000] {processor.py:183} INFO - Processing /home/airflow/.local/lib/python3.12/site-packages/airflow/example_dags/example_python_decorator.py took 0.087 seconds
[2026-01-28T00:40:28.152+0000] {processor.py:161} INFO - Started process (PID=6634) to work on /home/airflow/.local/lib/python3.12/site-packages/airflow/example_dags/example_python_decorator.py
[2026-01-28T00:40:28.153+0000] {processor.py:830} INFO - Processing file /home/airflow/.local/lib/python3.12/site-packages/airflow/example_dags/example_python_decorator.py for tasks to queue
[2026-01-28T00:40:28.155+0000] {logging_mixin.py:188} INFO - [2026-01-28T00:40:28.155+0000] {dagbag.py:540} INFO - Filling up the DagBag from /home/airflow/.local/lib/python3.12/site-packages/airflow/example_dags/example_python_decorator.py
[2026-01-28T00:40:28.167+0000] {processor.py:840} INFO - DAG(s) 'example_python_decorator' retrieved from /home/airflow/.local/lib/python3.12/site-packages/airflow/example_dags/example_python_decorator.py
[2026-01-28T00:40:28.189+0000] {logging_mixin.py:188} INFO - [2026-01-28T00:40:28.188+0000] {dag.py:3096} INFO - Sync 1 DAGs
[2026-01-28T00:40:28.201+0000] {logging_mixin.py:188} INFO - [2026-01-28T00:40:28.201+0000] {dag.py:3954} INFO - Setting next_dagrun for example_python_decorator to None, run_after=None
[2026-01-28T00:40:28.220+0000] {processor.py:183} INFO - Processing /home/airflow/.local/lib/python3.12/site-packages/airflow/example_dags/example_python_decorator.py took 0.074 seconds
[2026-01-28T00:40:58.978+0000] {processor.py:161} INFO - Started process (PID=6686) to work on /home/airflow/.local/lib/python3.12/site-packages/airflow/example_dags/example_python_decorator.py
[2026-01-28T00:40:58.979+0000] {processor.py:830} INFO - Processing file /home/airflow/.local/lib/python3.12/site-packages/airflow/example_dags/example_python_decorator.py for tasks to queue
[2026-01-28T00:40:58.981+0000] {logging_mixin.py:188} INFO - [2026-01-28T00:40:58.981+0000] {dagbag.py:540} INFO - Filling up the DagBag from /home/airflow/.local/lib/python3.12/site-packages/airflow/example_dags/example_python_decorator.py
[2026-01-28T00:40:58.991+0000] {processor.py:840} INFO - DAG(s) 'example_python_decorator' retrieved from /home/airflow/.local/lib/python3.12/site-packages/airflow/example_dags/example_python_decorator.py
[2026-01-28T00:40:59.011+0000] {logging_mixin.py:188} INFO - [2026-01-28T00:40:59.011+0000] {dag.py:3096} INFO - Sync 1 DAGs
[2026-01-28T00:40:59.022+0000] {logging_mixin.py:188} INFO - [2026-01-28T00:40:59.021+0000] {dag.py:3954} INFO - Setting next_dagrun for example_python_decorator to None, run_after=None
[2026-01-28T00:40:59.051+0000] {processor.py:183} INFO - Processing /home/airflow/.local/lib/python3.12/site-packages/airflow/example_dags/example_python_decorator.py took 0.078 seconds
[2026-01-28T00:41:29.667+0000] {processor.py:161} INFO - Started process (PID=6738) to work on /home/airflow/.local/lib/python3.12/site-packages/airflow/example_dags/example_python_decorator.py
[2026-01-28T00:41:29.668+0000] {processor.py:830} INFO - Processing file /home/airflow/.local/lib/python3.12/site-packages/airflow/example_dags/example_python_decorator.py for tasks to queue
[2026-01-28T00:41:29.669+0000] {logging_mixin.py:188} INFO - [2026-01-28T00:41:29.669+0000] {dagbag.py:540} INFO - Filling up the DagBag from /home/airflow/.local/lib/python3.12/site-packages/airflow/example_dags/example_python_decorator.py
[2026-01-28T00:41:29.680+0000] {processor.py:840} INFO - DAG(s) 'example_python_decorator' retrieved from /home/airflow/.local/lib/python3.12/site-packages/airflow/example_dags/example_python_decorator.py
[2026-01-28T00:41:29.701+0000] {logging_mixin.py:188} INFO - [2026-01-28T00:41:29.700+0000] {dag.py:3096} INFO - Sync 1 DAGs
[2026-01-28T00:41:29.713+0000] {logging_mixin.py:188} INFO - [2026-01-28T00:41:29.713+0000] {dag.py:3954} INFO - Setting next_dagrun for example_python_decorator to None, run_after=None
[2026-01-28T00:41:29.742+0000] {processor.py:183} INFO - Processing /home/airflow/.local/lib/python3.12/site-packages/airflow/example_dags/example_python_decorator.py took 0.081 seconds
[2026-01-28T00:42:00.437+0000] {processor.py:161} INFO - Started process (PID=6790) to work on /home/airflow/.local/lib/python3.12/site-packages/airflow/example_dags/example_python_decorator.py
[2026-01-28T00:42:00.438+0000] {processor.py:830} INFO - Processing file /home/airflow/.local/lib/python3.12/site-packages/airflow/example_dags/example_python_decorator.py for tasks to queue
[2026-01-28T00:42:00.440+0000] {logging_mixin.py:188} INFO - [2026-01-28T00:42:00.440+0000] {dagbag.py:540} INFO - Filling up the DagBag from /home/airflow/.local/lib/python3.12/site-packages/airflow/example_dags/example_python_decorator.py
[2026-01-28T00:42:00.451+0000] {processor.py:840} INFO - DAG(s) 'example_python_decorator' retrieved from /home/airflow/.local/lib/python3.12/site-packages/airflow/example_dags/example_python_decorator.py
[2026-01-28T00:42:00.472+0000] {logging_mixin.py:188} INFO - [2026-01-28T00:42:00.472+0000] {dag.py:3096} INFO - Sync 1 DAGs
[2026-01-28T00:42:00.484+0000] {logging_mixin.py:188} INFO - [2026-01-28T00:42:00.484+0000] {dag.py:3954} INFO - Setting next_dagrun for example_python_decorator to None, run_after=None
[2026-01-28T00:42:00.516+0000] {processor.py:183} INFO - Processing /home/airflow/.local/lib/python3.12/site-packages/airflow/example_dags/example_python_decorator.py took 0.084 seconds
[2026-01-28T00:42:30.857+0000] {processor.py:161} INFO - Started process (PID=6842) to work on /home/airflow/.local/lib/python3.12/site-packages/airflow/example_dags/example_python_decorator.py
[2026-01-28T00:42:30.858+0000] {processor.py:830} INFO - Processing file /home/airflow/.local/lib/python3.12/site-packages/airflow/example_dags/example_python_decorator.py for tasks to queue
[2026-01-28T00:42:30.860+0000] {logging_mixin.py:188} INFO - [2026-01-28T00:42:30.860+0000] {dagbag.py:540} INFO - Filling up the DagBag from /home/airflow/.local/lib/python3.12/site-packages/airflow/example_dags/example_python_decorator.py
[2026-01-28T00:42:30.871+0000] {processor.py:840} INFO - DAG(s) 'example_python_decorator' retrieved from /home/airflow/.local/lib/python3.12/site-packages/airflow/example_dags/example_python_decorator.py
[2026-01-28T00:42:30.891+0000] {logging_mixin.py:188} INFO - [2026-01-28T00:42:30.891+0000] {dag.py:3096} INFO - Sync 1 DAGs
[2026-01-28T00:42:30.903+0000] {logging_mixin.py:188} INFO - [2026-01-28T00:42:30.903+0000] {dag.py:3954} INFO - Setting next_dagrun for example_python_decorator to None, run_after=None
[2026-01-28T00:42:30.922+0000] {processor.py:183} INFO - Processing /home/airflow/.local/lib/python3.12/site-packages/airflow/example_dags/example_python_decorator.py took 0.071 seconds
[2026-01-28T00:43:01.576+0000] {processor.py:161} INFO - Started process (PID=6894) to work on /home/airflow/.local/lib/python3.12/site-packages/airflow/example_dags/example_python_decorator.py
[2026-01-28T00:43:01.577+0000] {processor.py:830} INFO - Processing file /home/airflow/.local/lib/python3.12/site-packages/airflow/example_dags/example_python_decorator.py for tasks to queue
[2026-01-28T00:43:01.579+0000] {logging_mixin.py:188} INFO - [2026-01-28T00:43:01.579+0000] {dagbag.py:540} INFO - Filling up the DagBag from /home/airflow/.local/lib/python3.12/site-packages/airflow/example_dags/example_python_decorator.py
[2026-01-28T00:43:01.591+0000] {processor.py:840} INFO - DAG(s) 'example_python_decorator' retrieved from /home/airflow/.local/lib/python3.12/site-packages/airflow/example_dags/example_python_decorator.py
[2026-01-28T00:43:01.610+0000] {logging_mixin.py:188} INFO - [2026-01-28T00:43:01.610+0000] {dag.py:3096} INFO - Sync 1 DAGs
[2026-01-28T00:43:01.621+0000] {logging_mixin.py:188} INFO - [2026-01-28T00:43:01.621+0000] {dag.py:3954} INFO - Setting next_dagrun for example_python_decorator to None, run_after=None
[2026-01-28T00:43:01.642+0000] {processor.py:183} INFO - Processing /home/airflow/.local/lib/python3.12/site-packages/airflow/example_dags/example_python_decorator.py took 0.071 seconds
[2026-01-28T00:43:32.152+0000] {processor.py:161} INFO - Started process (PID=6946) to work on /home/airflow/.local/lib/python3.12/site-packages/airflow/example_dags/example_python_decorator.py
[2026-01-28T00:43:32.154+0000] {processor.py:830} INFO - Processing file /home/airflow/.local/lib/python3.12/site-packages/airflow/example_dags/example_python_decorator.py for tasks to queue
[2026-01-28T00:43:32.156+0000] {logging_mixin.py:188} INFO - [2026-01-28T00:43:32.155+0000] {dagbag.py:540} INFO - Filling up the DagBag from /home/airflow/.local/lib/python3.12/site-packages/airflow/example_dags/example_python_decorator.py
[2026-01-28T00:43:32.166+0000] {processor.py:840} INFO - DAG(s) 'example_python_decorator' retrieved from /home/airflow/.local/lib/python3.12/site-packages/airflow/example_dags/example_python_decorator.py
[2026-01-28T00:43:32.185+0000] {logging_mixin.py:188} INFO - [2026-01-28T00:43:32.185+0000] {dag.py:3096} INFO - Sync 1 DAGs
[2026-01-28T00:43:32.198+0000] {logging_mixin.py:188} INFO - [2026-01-28T00:43:32.197+0000] {dag.py:3954} INFO - Setting next_dagrun for example_python_decorator to None, run_after=None
[2026-01-28T00:43:32.218+0000] {processor.py:183} INFO - Processing /home/airflow/.local/lib/python3.12/site-packages/airflow/example_dags/example_python_decorator.py took 0.071 seconds
[2026-01-28T00:44:02.556+0000] {processor.py:161} INFO - Started process (PID=6998) to work on /home/airflow/.local/lib/python3.12/site-packages/airflow/example_dags/example_python_decorator.py
[2026-01-28T00:44:02.557+0000] {processor.py:830} INFO - Processing file /home/airflow/.local/lib/python3.12/site-packages/airflow/example_dags/example_python_decorator.py for tasks to queue
[2026-01-28T00:44:02.559+0000] {logging_mixin.py:188} INFO - [2026-01-28T00:44:02.558+0000] {dagbag.py:540} INFO - Filling up the DagBag from /home/airflow/.local/lib/python3.12/site-packages/airflow/example_dags/example_python_decorator.py
[2026-01-28T00:44:02.570+0000] {processor.py:840} INFO - DAG(s) 'example_python_decorator' retrieved from /home/airflow/.local/lib/python3.12/site-packages/airflow/example_dags/example_python_decorator.py
[2026-01-28T00:44:02.590+0000] {logging_mixin.py:188} INFO - [2026-01-28T00:44:02.590+0000] {dag.py:3096} INFO - Sync 1 DAGs
[2026-01-28T00:44:02.601+0000] {logging_mixin.py:188} INFO - [2026-01-28T00:44:02.601+0000] {dag.py:3954} INFO - Setting next_dagrun for example_python_decorator to None, run_after=None
[2026-01-28T00:44:02.622+0000] {processor.py:183} INFO - Processing /home/airflow/.local/lib/python3.12/site-packages/airflow/example_dags/example_python_decorator.py took 0.072 seconds
[2026-01-28T00:44:33.288+0000] {processor.py:161} INFO - Started process (PID=7050) to work on /home/airflow/.local/lib/python3.12/site-packages/airflow/example_dags/example_python_decorator.py
[2026-01-28T00:44:33.289+0000] {processor.py:830} INFO - Processing file /home/airflow/.local/lib/python3.12/site-packages/airflow/example_dags/example_python_decorator.py for tasks to queue
[2026-01-28T00:44:33.291+0000] {logging_mixin.py:188} INFO - [2026-01-28T00:44:33.291+0000] {dagbag.py:540} INFO - Filling up the DagBag from /home/airflow/.local/lib/python3.12/site-packages/airflow/example_dags/example_python_decorator.py
[2026-01-28T00:44:33.303+0000] {processor.py:840} INFO - DAG(s) 'example_python_decorator' retrieved from /home/airflow/.local/lib/python3.12/site-packages/airflow/example_dags/example_python_decorator.py
[2026-01-28T00:44:33.327+0000] {logging_mixin.py:188} INFO - [2026-01-28T00:44:33.327+0000] {dag.py:3096} INFO - Sync 1 DAGs
[2026-01-28T00:44:33.340+0000] {logging_mixin.py:188} INFO - [2026-01-28T00:44:33.339+0000] {dag.py:3954} INFO - Setting next_dagrun for example_python_decorator to None, run_after=None
[2026-01-28T00:44:33.372+0000] {processor.py:183} INFO - Processing /home/airflow/.local/lib/python3.12/site-packages/airflow/example_dags/example_python_decorator.py took 0.090 seconds
[2026-01-28T00:45:04.084+0000] {processor.py:161} INFO - Started process (PID=7102) to work on /home/airflow/.local/lib/python3.12/site-packages/airflow/example_dags/example_python_decorator.py
[2026-01-28T00:45:04.085+0000] {processor.py:830} INFO - Processing file /home/airflow/.local/lib/python3.12/site-packages/airflow/example_dags/example_python_decorator.py for tasks to queue
[2026-01-28T00:45:04.087+0000] {logging_mixin.py:188} INFO - [2026-01-28T00:45:04.087+0000] {dagbag.py:540} INFO - Filling up the DagBag from /home/airflow/.local/lib/python3.12/site-packages/airflow/example_dags/example_python_decorator.py
[2026-01-28T00:45:04.101+0000] {processor.py:840} INFO - DAG(s) 'example_python_decorator' retrieved from /home/airflow/.local/lib/python3.12/site-packages/airflow/example_dags/example_python_decorator.py
[2026-01-28T00:45:04.125+0000] {logging_mixin.py:188} INFO - [2026-01-28T00:45:04.125+0000] {dag.py:3096} INFO - Sync 1 DAGs
[2026-01-28T00:45:04.138+0000] {logging_mixin.py:188} INFO - [2026-01-28T00:45:04.138+0000] {dag.py:3954} INFO - Setting next_dagrun for example_python_decorator to None, run_after=None
[2026-01-28T00:45:04.165+0000] {processor.py:183} INFO - Processing /home/airflow/.local/lib/python3.12/site-packages/airflow/example_dags/example_python_decorator.py took 0.089 seconds
[2026-01-28T00:45:34.960+0000] {processor.py:161} INFO - Started process (PID=7154) to work on /home/airflow/.local/lib/python3.12/site-packages/airflow/example_dags/example_python_decorator.py
[2026-01-28T00:45:34.961+0000] {processor.py:830} INFO - Processing file /home/airflow/.local/lib/python3.12/site-packages/airflow/example_dags/example_python_decorator.py for tasks to queue
[2026-01-28T00:45:34.963+0000] {logging_mixin.py:188} INFO - [2026-01-28T00:45:34.962+0000] {dagbag.py:540} INFO - Filling up the DagBag from /home/airflow/.local/lib/python3.12/site-packages/airflow/example_dags/example_python_decorator.py
[2026-01-28T00:45:34.974+0000] {processor.py:840} INFO - DAG(s) 'example_python_decorator' retrieved from /home/airflow/.local/lib/python3.12/site-packages/airflow/example_dags/example_python_decorator.py
[2026-01-28T00:45:34.997+0000] {logging_mixin.py:188} INFO - [2026-01-28T00:45:34.997+0000] {dag.py:3096} INFO - Sync 1 DAGs
[2026-01-28T00:45:35.008+0000] {logging_mixin.py:188} INFO - [2026-01-28T00:45:35.008+0000] {dag.py:3954} INFO - Setting next_dagrun for example_python_decorator to None, run_after=None
[2026-01-28T00:45:35.040+0000] {processor.py:183} INFO - Processing /home/airflow/.local/lib/python3.12/site-packages/airflow/example_dags/example_python_decorator.py took 0.085 seconds
[2026-01-28T00:46:05.638+0000] {processor.py:161} INFO - Started process (PID=7206) to work on /home/airflow/.local/lib/python3.12/site-packages/airflow/example_dags/example_python_decorator.py
[2026-01-28T00:46:05.639+0000] {processor.py:830} INFO - Processing file /home/airflow/.local/lib/python3.12/site-packages/airflow/example_dags/example_python_decorator.py for tasks to queue
[2026-01-28T00:46:05.641+0000] {logging_mixin.py:188} INFO - [2026-01-28T00:46:05.640+0000] {dagbag.py:540} INFO - Filling up the DagBag from /home/airflow/.local/lib/python3.12/site-packages/airflow/example_dags/example_python_decorator.py
[2026-01-28T00:46:05.654+0000] {processor.py:840} INFO - DAG(s) 'example_python_decorator' retrieved from /home/airflow/.local/lib/python3.12/site-packages/airflow/example_dags/example_python_decorator.py
[2026-01-28T00:46:05.677+0000] {logging_mixin.py:188} INFO - [2026-01-28T00:46:05.677+0000] {dag.py:3096} INFO - Sync 1 DAGs
[2026-01-28T00:46:05.689+0000] {logging_mixin.py:188} INFO - [2026-01-28T00:46:05.689+0000] {dag.py:3954} INFO - Setting next_dagrun for example_python_decorator to None, run_after=None
[2026-01-28T00:46:05.710+0000] {processor.py:183} INFO - Processing /home/airflow/.local/lib/python3.12/site-packages/airflow/example_dags/example_python_decorator.py took 0.079 seconds
[2026-01-28T00:46:36.360+0000] {processor.py:161} INFO - Started process (PID=7258) to work on /home/airflow/.local/lib/python3.12/site-packages/airflow/example_dags/example_python_decorator.py
[2026-01-28T00:46:36.361+0000] {processor.py:830} INFO - Processing file /home/airflow/.local/lib/python3.12/site-packages/airflow/example_dags/example_python_decorator.py for tasks to queue
[2026-01-28T00:46:36.363+0000] {logging_mixin.py:188} INFO - [2026-01-28T00:46:36.362+0000] {dagbag.py:540} INFO - Filling up the DagBag from /home/airflow/.local/lib/python3.12/site-packages/airflow/example_dags/example_python_decorator.py
[2026-01-28T00:46:36.374+0000] {processor.py:840} INFO - DAG(s) 'example_python_decorator' retrieved from /home/airflow/.local/lib/python3.12/site-packages/airflow/example_dags/example_python_decorator.py
[2026-01-28T00:46:36.394+0000] {logging_mixin.py:188} INFO - [2026-01-28T00:46:36.394+0000] {dag.py:3096} INFO - Sync 1 DAGs
[2026-01-28T00:46:36.405+0000] {logging_mixin.py:188} INFO - [2026-01-28T00:46:36.405+0000] {dag.py:3954} INFO - Setting next_dagrun for example_python_decorator to None, run_after=None
[2026-01-28T00:46:36.426+0000] {processor.py:183} INFO - Processing /home/airflow/.local/lib/python3.12/site-packages/airflow/example_dags/example_python_decorator.py took 0.072 seconds
[2026-01-28T00:47:07.078+0000] {processor.py:161} INFO - Started process (PID=7310) to work on /home/airflow/.local/lib/python3.12/site-packages/airflow/example_dags/example_python_decorator.py
[2026-01-28T00:47:07.079+0000] {processor.py:830} INFO - Processing file /home/airflow/.local/lib/python3.12/site-packages/airflow/example_dags/example_python_decorator.py for tasks to queue
[2026-01-28T00:47:07.081+0000] {logging_mixin.py:188} INFO - [2026-01-28T00:47:07.081+0000] {dagbag.py:540} INFO - Filling up the DagBag from /home/airflow/.local/lib/python3.12/site-packages/airflow/example_dags/example_python_decorator.py
[2026-01-28T00:47:07.093+0000] {processor.py:840} INFO - DAG(s) 'example_python_decorator' retrieved from /home/airflow/.local/lib/python3.12/site-packages/airflow/example_dags/example_python_decorator.py
[2026-01-28T00:47:07.116+0000] {logging_mixin.py:188} INFO - [2026-01-28T00:47:07.116+0000] {dag.py:3096} INFO - Sync 1 DAGs
[2026-01-28T00:47:07.129+0000] {logging_mixin.py:188} INFO - [2026-01-28T00:47:07.129+0000] {dag.py:3954} INFO - Setting next_dagrun for example_python_decorator to None, run_after=None
[2026-01-28T00:47:07.162+0000] {processor.py:183} INFO - Processing /home/airflow/.local/lib/python3.12/site-packages/airflow/example_dags/example_python_decorator.py took 0.090 seconds
[2026-01-28T00:47:37.620+0000] {processor.py:161} INFO - Started process (PID=7362) to work on /home/airflow/.local/lib/python3.12/site-packages/airflow/example_dags/example_python_decorator.py
[2026-01-28T00:47:37.622+0000] {processor.py:830} INFO - Processing file /home/airflow/.local/lib/python3.12/site-packages/airflow/example_dags/example_python_decorator.py for tasks to queue
[2026-01-28T00:47:37.623+0000] {logging_mixin.py:188} INFO - [2026-01-28T00:47:37.623+0000] {dagbag.py:540} INFO - Filling up the DagBag from /home/airflow/.local/lib/python3.12/site-packages/airflow/example_dags/example_python_decorator.py
[2026-01-28T00:47:37.635+0000] {processor.py:840} INFO - DAG(s) 'example_python_decorator' retrieved from /home/airflow/.local/lib/python3.12/site-packages/airflow/example_dags/example_python_decorator.py
[2026-01-28T00:47:37.657+0000] {logging_mixin.py:188} INFO - [2026-01-28T00:47:37.657+0000] {dag.py:3096} INFO - Sync 1 DAGs
[2026-01-28T00:47:37.669+0000] {logging_mixin.py:188} INFO - [2026-01-28T00:47:37.669+0000] {dag.py:3954} INFO - Setting next_dagrun for example_python_decorator to None, run_after=None
[2026-01-28T00:47:37.690+0000] {processor.py:183} INFO - Processing /home/airflow/.local/lib/python3.12/site-packages/airflow/example_dags/example_python_decorator.py took 0.075 seconds
[2026-01-28T00:48:08.154+0000] {processor.py:161} INFO - Started process (PID=7414) to work on /home/airflow/.local/lib/python3.12/site-packages/airflow/example_dags/example_python_decorator.py
[2026-01-28T00:48:08.155+0000] {processor.py:830} INFO - Processing file /home/airflow/.local/lib/python3.12/site-packages/airflow/example_dags/example_python_decorator.py for tasks to queue
[2026-01-28T00:48:08.157+0000] {logging_mixin.py:188} INFO - [2026-01-28T00:48:08.157+0000] {dagbag.py:540} INFO - Filling up the DagBag from /home/airflow/.local/lib/python3.12/site-packages/airflow/example_dags/example_python_decorator.py
[2026-01-28T00:48:08.169+0000] {processor.py:840} INFO - DAG(s) 'example_python_decorator' retrieved from /home/airflow/.local/lib/python3.12/site-packages/airflow/example_dags/example_python_decorator.py
[2026-01-28T00:48:08.191+0000] {logging_mixin.py:188} INFO - [2026-01-28T00:48:08.191+0000] {dag.py:3096} INFO - Sync 1 DAGs
[2026-01-28T00:48:08.203+0000] {logging_mixin.py:188} INFO - [2026-01-28T00:48:08.203+0000] {dag.py:3954} INFO - Setting next_dagrun for example_python_decorator to None, run_after=None
[2026-01-28T00:48:08.234+0000] {processor.py:183} INFO - Processing /home/airflow/.local/lib/python3.12/site-packages/airflow/example_dags/example_python_decorator.py took 0.086 seconds
[2026-01-28T00:48:38.791+0000] {processor.py:161} INFO - Started process (PID=7466) to work on /home/airflow/.local/lib/python3.12/site-packages/airflow/example_dags/example_python_decorator.py
[2026-01-28T00:48:38.792+0000] {processor.py:830} INFO - Processing file /home/airflow/.local/lib/python3.12/site-packages/airflow/example_dags/example_python_decorator.py for tasks to queue
[2026-01-28T00:48:38.794+0000] {logging_mixin.py:188} INFO - [2026-01-28T00:48:38.793+0000] {dagbag.py:540} INFO - Filling up the DagBag from /home/airflow/.local/lib/python3.12/site-packages/airflow/example_dags/example_python_decorator.py
[2026-01-28T00:48:38.805+0000] {processor.py:840} INFO - DAG(s) 'example_python_decorator' retrieved from /home/airflow/.local/lib/python3.12/site-packages/airflow/example_dags/example_python_decorator.py
[2026-01-28T00:48:38.826+0000] {logging_mixin.py:188} INFO - [2026-01-28T00:48:38.826+0000] {dag.py:3096} INFO - Sync 1 DAGs
[2026-01-28T00:48:38.837+0000] {logging_mixin.py:188} INFO - [2026-01-28T00:48:38.836+0000] {dag.py:3954} INFO - Setting next_dagrun for example_python_decorator to None, run_after=None
[2026-01-28T00:48:38.867+0000] {processor.py:183} INFO - Processing /home/airflow/.local/lib/python3.12/site-packages/airflow/example_dags/example_python_decorator.py took 0.082 seconds
[2026-01-28T00:49:09.354+0000] {processor.py:161} INFO - Started process (PID=7518) to work on /home/airflow/.local/lib/python3.12/site-packages/airflow/example_dags/example_python_decorator.py
[2026-01-28T00:49:09.354+0000] {processor.py:830} INFO - Processing file /home/airflow/.local/lib/python3.12/site-packages/airflow/example_dags/example_python_decorator.py for tasks to queue
[2026-01-28T00:49:09.356+0000] {logging_mixin.py:188} INFO - [2026-01-28T00:49:09.356+0000] {dagbag.py:540} INFO - Filling up the DagBag from /home/airflow/.local/lib/python3.12/site-packages/airflow/example_dags/example_python_decorator.py
[2026-01-28T00:49:09.368+0000] {processor.py:840} INFO - DAG(s) 'example_python_decorator' retrieved from /home/airflow/.local/lib/python3.12/site-packages/airflow/example_dags/example_python_decorator.py
[2026-01-28T00:49:09.388+0000] {logging_mixin.py:188} INFO - [2026-01-28T00:49:09.388+0000] {dag.py:3096} INFO - Sync 1 DAGs
[2026-01-28T00:49:09.400+0000] {logging_mixin.py:188} INFO - [2026-01-28T00:49:09.400+0000] {dag.py:3954} INFO - Setting next_dagrun for example_python_decorator to None, run_after=None
[2026-01-28T00:49:09.422+0000] {processor.py:183} INFO - Processing /home/airflow/.local/lib/python3.12/site-packages/airflow/example_dags/example_python_decorator.py took 0.074 seconds
[2026-01-28T00:49:40.011+0000] {processor.py:161} INFO - Started process (PID=7570) to work on /home/airflow/.local/lib/python3.12/site-packages/airflow/example_dags/example_python_decorator.py
[2026-01-28T00:49:40.012+0000] {processor.py:830} INFO - Processing file /home/airflow/.local/lib/python3.12/site-packages/airflow/example_dags/example_python_decorator.py for tasks to queue
[2026-01-28T00:49:40.014+0000] {logging_mixin.py:188} INFO - [2026-01-28T00:49:40.014+0000] {dagbag.py:540} INFO - Filling up the DagBag from /home/airflow/.local/lib/python3.12/site-packages/airflow/example_dags/example_python_decorator.py
[2026-01-28T00:49:40.025+0000] {processor.py:840} INFO - DAG(s) 'example_python_decorator' retrieved from /home/airflow/.local/lib/python3.12/site-packages/airflow/example_dags/example_python_decorator.py
[2026-01-28T00:49:40.046+0000] {logging_mixin.py:188} INFO - [2026-01-28T00:49:40.046+0000] {dag.py:3096} INFO - Sync 1 DAGs
[2026-01-28T00:49:40.057+0000] {logging_mixin.py:188} INFO - [2026-01-28T00:49:40.057+0000] {dag.py:3954} INFO - Setting next_dagrun for example_python_decorator to None, run_after=None
[2026-01-28T00:49:40.087+0000] {processor.py:183} INFO - Processing /home/airflow/.local/lib/python3.12/site-packages/airflow/example_dags/example_python_decorator.py took 0.081 seconds
[2026-01-28T00:50:10.758+0000] {processor.py:161} INFO - Started process (PID=7622) to work on /home/airflow/.local/lib/python3.12/site-packages/airflow/example_dags/example_python_decorator.py
[2026-01-28T00:50:10.759+0000] {processor.py:830} INFO - Processing file /home/airflow/.local/lib/python3.12/site-packages/airflow/example_dags/example_python_decorator.py for tasks to queue
[2026-01-28T00:50:10.760+0000] {logging_mixin.py:188} INFO - [2026-01-28T00:50:10.760+0000] {dagbag.py:540} INFO - Filling up the DagBag from /home/airflow/.local/lib/python3.12/site-packages/airflow/example_dags/example_python_decorator.py
[2026-01-28T00:50:10.771+0000] {processor.py:840} INFO - DAG(s) 'example_python_decorator' retrieved from /home/airflow/.local/lib/python3.12/site-packages/airflow/example_dags/example_python_decorator.py
[2026-01-28T00:50:10.793+0000] {logging_mixin.py:188} INFO - [2026-01-28T00:50:10.793+0000] {dag.py:3096} INFO - Sync 1 DAGs
[2026-01-28T00:50:10.805+0000] {logging_mixin.py:188} INFO - [2026-01-28T00:50:10.804+0000] {dag.py:3954} INFO - Setting next_dagrun for example_python_decorator to None, run_after=None
[2026-01-28T00:50:10.831+0000] {processor.py:183} INFO - Processing /home/airflow/.local/lib/python3.12/site-packages/airflow/example_dags/example_python_decorator.py took 0.078 seconds
[2026-01-28T00:50:41.529+0000] {processor.py:161} INFO - Started process (PID=7674) to work on /home/airflow/.local/lib/python3.12/site-packages/airflow/example_dags/example_python_decorator.py
[2026-01-28T00:50:41.530+0000] {processor.py:830} INFO - Processing file /home/airflow/.local/lib/python3.12/site-packages/airflow/example_dags/example_python_decorator.py for tasks to queue
[2026-01-28T00:50:41.533+0000] {logging_mixin.py:188} INFO - [2026-01-28T00:50:41.532+0000] {dagbag.py:540} INFO - Filling up the DagBag from /home/airflow/.local/lib/python3.12/site-packages/airflow/example_dags/example_python_decorator.py
[2026-01-28T00:50:41.543+0000] {processor.py:840} INFO - DAG(s) 'example_python_decorator' retrieved from /home/airflow/.local/lib/python3.12/site-packages/airflow/example_dags/example_python_decorator.py
[2026-01-28T00:50:41.566+0000] {logging_mixin.py:188} INFO - [2026-01-28T00:50:41.566+0000] {dag.py:3096} INFO - Sync 1 DAGs
[2026-01-28T00:50:41.577+0000] {logging_mixin.py:188} INFO - [2026-01-28T00:50:41.577+0000] {dag.py:3954} INFO - Setting next_dagrun for example_python_decorator to None, run_after=None
[2026-01-28T00:50:41.607+0000] {processor.py:183} INFO - Processing /home/airflow/.local/lib/python3.12/site-packages/airflow/example_dags/example_python_decorator.py took 0.083 seconds
[2026-01-28T00:51:12.389+0000] {processor.py:161} INFO - Started process (PID=7726) to work on /home/airflow/.local/lib/python3.12/site-packages/airflow/example_dags/example_python_decorator.py
[2026-01-28T00:51:12.390+0000] {processor.py:830} INFO - Processing file /home/airflow/.local/lib/python3.12/site-packages/airflow/example_dags/example_python_decorator.py for tasks to queue
[2026-01-28T00:51:12.392+0000] {logging_mixin.py:188} INFO - [2026-01-28T00:51:12.391+0000] {dagbag.py:540} INFO - Filling up the DagBag from /home/airflow/.local/lib/python3.12/site-packages/airflow/example_dags/example_python_decorator.py
[2026-01-28T00:51:12.402+0000] {processor.py:840} INFO - DAG(s) 'example_python_decorator' retrieved from /home/airflow/.local/lib/python3.12/site-packages/airflow/example_dags/example_python_decorator.py
[2026-01-28T00:51:12.424+0000] {logging_mixin.py:188} INFO - [2026-01-28T00:51:12.424+0000] {dag.py:3096} INFO - Sync 1 DAGs
[2026-01-28T00:51:12.436+0000] {logging_mixin.py:188} INFO - [2026-01-28T00:51:12.436+0000] {dag.py:3954} INFO - Setting next_dagrun for example_python_decorator to None, run_after=None
[2026-01-28T00:51:12.455+0000] {processor.py:183} INFO - Processing /home/airflow/.local/lib/python3.12/site-packages/airflow/example_dags/example_python_decorator.py took 0.071 seconds
[2026-01-28T00:51:43.092+0000] {processor.py:161} INFO - Started process (PID=7778) to work on /home/airflow/.local/lib/python3.12/site-packages/airflow/example_dags/example_python_decorator.py
[2026-01-28T00:51:43.093+0000] {processor.py:830} INFO - Processing file /home/airflow/.local/lib/python3.12/site-packages/airflow/example_dags/example_python_decorator.py for tasks to queue
[2026-01-28T00:51:43.094+0000] {logging_mixin.py:188} INFO - [2026-01-28T00:51:43.094+0000] {dagbag.py:540} INFO - Filling up the DagBag from /home/airflow/.local/lib/python3.12/site-packages/airflow/example_dags/example_python_decorator.py
[2026-01-28T00:51:43.105+0000] {processor.py:840} INFO - DAG(s) 'example_python_decorator' retrieved from /home/airflow/.local/lib/python3.12/site-packages/airflow/example_dags/example_python_decorator.py
[2026-01-28T00:51:43.129+0000] {logging_mixin.py:188} INFO - [2026-01-28T00:51:43.129+0000] {dag.py:3096} INFO - Sync 1 DAGs
[2026-01-28T00:51:43.141+0000] {logging_mixin.py:188} INFO - [2026-01-28T00:51:43.140+0000] {dag.py:3954} INFO - Setting next_dagrun for example_python_decorator to None, run_after=None
[2026-01-28T00:51:43.172+0000] {processor.py:183} INFO - Processing /home/airflow/.local/lib/python3.12/site-packages/airflow/example_dags/example_python_decorator.py took 0.086 seconds
[2026-01-28T00:52:13.794+0000] {processor.py:161} INFO - Started process (PID=7830) to work on /home/airflow/.local/lib/python3.12/site-packages/airflow/example_dags/example_python_decorator.py
[2026-01-28T00:52:13.795+0000] {processor.py:830} INFO - Processing file /home/airflow/.local/lib/python3.12/site-packages/airflow/example_dags/example_python_decorator.py for tasks to queue
[2026-01-28T00:52:13.797+0000] {logging_mixin.py:188} INFO - [2026-01-28T00:52:13.797+0000] {dagbag.py:540} INFO - Filling up the DagBag from /home/airflow/.local/lib/python3.12/site-packages/airflow/example_dags/example_python_decorator.py
[2026-01-28T00:52:13.808+0000] {processor.py:840} INFO - DAG(s) 'example_python_decorator' retrieved from /home/airflow/.local/lib/python3.12/site-packages/airflow/example_dags/example_python_decorator.py
[2026-01-28T00:52:13.828+0000] {logging_mixin.py:188} INFO - [2026-01-28T00:52:13.828+0000] {dag.py:3096} INFO - Sync 1 DAGs
[2026-01-28T00:52:13.840+0000] {logging_mixin.py:188} INFO - [2026-01-28T00:52:13.840+0000] {dag.py:3954} INFO - Setting next_dagrun for example_python_decorator to None, run_after=None
[2026-01-28T00:52:13.863+0000] {processor.py:183} INFO - Processing /home/airflow/.local/lib/python3.12/site-packages/airflow/example_dags/example_python_decorator.py took 0.075 seconds
[2026-01-28T00:52:44.606+0000] {processor.py:161} INFO - Started process (PID=7882) to work on /home/airflow/.local/lib/python3.12/site-packages/airflow/example_dags/example_python_decorator.py
[2026-01-28T00:52:44.607+0000] {processor.py:830} INFO - Processing file /home/airflow/.local/lib/python3.12/site-packages/airflow/example_dags/example_python_decorator.py for tasks to queue
[2026-01-28T00:52:44.609+0000] {logging_mixin.py:188} INFO - [2026-01-28T00:52:44.608+0000] {dagbag.py:540} INFO - Filling up the DagBag from /home/airflow/.local/lib/python3.12/site-packages/airflow/example_dags/example_python_decorator.py
[2026-01-28T00:52:44.620+0000] {processor.py:840} INFO - DAG(s) 'example_python_decorator' retrieved from /home/airflow/.local/lib/python3.12/site-packages/airflow/example_dags/example_python_decorator.py
[2026-01-28T00:52:44.642+0000] {logging_mixin.py:188} INFO - [2026-01-28T00:52:44.642+0000] {dag.py:3096} INFO - Sync 1 DAGs
[2026-01-28T00:52:44.654+0000] {logging_mixin.py:188} INFO - [2026-01-28T00:52:44.654+0000] {dag.py:3954} INFO - Setting next_dagrun for example_python_decorator to None, run_after=None
[2026-01-28T00:52:44.678+0000] {processor.py:183} INFO - Processing /home/airflow/.local/lib/python3.12/site-packages/airflow/example_dags/example_python_decorator.py took 0.079 seconds
[2026-01-28T00:53:15.296+0000] {processor.py:161} INFO - Started process (PID=7934) to work on /home/airflow/.local/lib/python3.12/site-packages/airflow/example_dags/example_python_decorator.py
[2026-01-28T00:53:15.297+0000] {processor.py:830} INFO - Processing file /home/airflow/.local/lib/python3.12/site-packages/airflow/example_dags/example_python_decorator.py for tasks to queue
[2026-01-28T00:53:15.298+0000] {logging_mixin.py:188} INFO - [2026-01-28T00:53:15.298+0000] {dagbag.py:540} INFO - Filling up the DagBag from /home/airflow/.local/lib/python3.12/site-packages/airflow/example_dags/example_python_decorator.py
[2026-01-28T00:53:15.310+0000] {processor.py:840} INFO - DAG(s) 'example_python_decorator' retrieved from /home/airflow/.local/lib/python3.12/site-packages/airflow/example_dags/example_python_decorator.py
[2026-01-28T00:53:15.331+0000] {logging_mixin.py:188} INFO - [2026-01-28T00:53:15.331+0000] {dag.py:3096} INFO - Sync 1 DAGs
[2026-01-28T00:53:15.342+0000] {logging_mixin.py:188} INFO - [2026-01-28T00:53:15.342+0000] {dag.py:3954} INFO - Setting next_dagrun for example_python_decorator to None, run_after=None
[2026-01-28T00:53:15.362+0000] {processor.py:183} INFO - Processing /home/airflow/.local/lib/python3.12/site-packages/airflow/example_dags/example_python_decorator.py took 0.072 seconds
[2026-01-28T00:53:45.939+0000] {processor.py:161} INFO - Started process (PID=7986) to work on /home/airflow/.local/lib/python3.12/site-packages/airflow/example_dags/example_python_decorator.py
[2026-01-28T00:53:45.940+0000] {processor.py:830} INFO - Processing file /home/airflow/.local/lib/python3.12/site-packages/airflow/example_dags/example_python_decorator.py for tasks to queue
[2026-01-28T00:53:45.942+0000] {logging_mixin.py:188} INFO - [2026-01-28T00:53:45.942+0000] {dagbag.py:540} INFO - Filling up the DagBag from /home/airflow/.local/lib/python3.12/site-packages/airflow/example_dags/example_python_decorator.py
[2026-01-28T00:53:45.953+0000] {processor.py:840} INFO - DAG(s) 'example_python_decorator' retrieved from /home/airflow/.local/lib/python3.12/site-packages/airflow/example_dags/example_python_decorator.py
[2026-01-28T00:53:45.973+0000] {logging_mixin.py:188} INFO - [2026-01-28T00:53:45.972+0000] {dag.py:3096} INFO - Sync 1 DAGs
[2026-01-28T00:53:45.985+0000] {logging_mixin.py:188} INFO - [2026-01-28T00:53:45.984+0000] {dag.py:3954} INFO - Setting next_dagrun for example_python_decorator to None, run_after=None
[2026-01-28T00:53:46.005+0000] {processor.py:183} INFO - Processing /home/airflow/.local/lib/python3.12/site-packages/airflow/example_dags/example_python_decorator.py took 0.071 seconds
[2026-01-28T00:54:16.603+0000] {processor.py:161} INFO - Started process (PID=8038) to work on /home/airflow/.local/lib/python3.12/site-packages/airflow/example_dags/example_python_decorator.py
[2026-01-28T00:54:16.604+0000] {processor.py:830} INFO - Processing file /home/airflow/.local/lib/python3.12/site-packages/airflow/example_dags/example_python_decorator.py for tasks to queue
[2026-01-28T00:54:16.606+0000] {logging_mixin.py:188} INFO - [2026-01-28T00:54:16.606+0000] {dagbag.py:540} INFO - Filling up the DagBag from /home/airflow/.local/lib/python3.12/site-packages/airflow/example_dags/example_python_decorator.py
[2026-01-28T00:54:16.617+0000] {processor.py:840} INFO - DAG(s) 'example_python_decorator' retrieved from /home/airflow/.local/lib/python3.12/site-packages/airflow/example_dags/example_python_decorator.py
[2026-01-28T00:54:16.638+0000] {logging_mixin.py:188} INFO - [2026-01-28T00:54:16.637+0000] {dag.py:3096} INFO - Sync 1 DAGs
[2026-01-28T00:54:16.650+0000] {logging_mixin.py:188} INFO - [2026-01-28T00:54:16.650+0000] {dag.py:3954} INFO - Setting next_dagrun for example_python_decorator to None, run_after=None
[2026-01-28T00:54:16.670+0000] {processor.py:183} INFO - Processing /home/airflow/.local/lib/python3.12/site-packages/airflow/example_dags/example_python_decorator.py took 0.072 seconds
[2026-01-28T00:54:47.396+0000] {processor.py:161} INFO - Started process (PID=8090) to work on /home/airflow/.local/lib/python3.12/site-packages/airflow/example_dags/example_python_decorator.py
[2026-01-28T00:54:47.397+0000] {processor.py:830} INFO - Processing file /home/airflow/.local/lib/python3.12/site-packages/airflow/example_dags/example_python_decorator.py for tasks to queue
[2026-01-28T00:54:47.399+0000] {logging_mixin.py:188} INFO - [2026-01-28T00:54:47.398+0000] {dagbag.py:540} INFO - Filling up the DagBag from /home/airflow/.local/lib/python3.12/site-packages/airflow/example_dags/example_python_decorator.py
[2026-01-28T00:54:47.409+0000] {processor.py:840} INFO - DAG(s) 'example_python_decorator' retrieved from /home/airflow/.local/lib/python3.12/site-packages/airflow/example_dags/example_python_decorator.py
[2026-01-28T00:54:47.430+0000] {logging_mixin.py:188} INFO - [2026-01-28T00:54:47.430+0000] {dag.py:3096} INFO - Sync 1 DAGs
[2026-01-28T00:54:47.442+0000] {logging_mixin.py:188} INFO - [2026-01-28T00:54:47.442+0000] {dag.py:3954} INFO - Setting next_dagrun for example_python_decorator to None, run_after=None
[2026-01-28T00:54:47.472+0000] {processor.py:183} INFO - Processing /home/airflow/.local/lib/python3.12/site-packages/airflow/example_dags/example_python_decorator.py took 0.083 seconds
[2026-01-28T00:55:18.164+0000] {processor.py:161} INFO - Started process (PID=8142) to work on /home/airflow/.local/lib/python3.12/site-packages/airflow/example_dags/example_python_decorator.py
[2026-01-28T00:55:18.165+0000] {processor.py:830} INFO - Processing file /home/airflow/.local/lib/python3.12/site-packages/airflow/example_dags/example_python_decorator.py for tasks to queue
[2026-01-28T00:55:18.167+0000] {logging_mixin.py:188} INFO - [2026-01-28T00:55:18.167+0000] {dagbag.py:540} INFO - Filling up the DagBag from /home/airflow/.local/lib/python3.12/site-packages/airflow/example_dags/example_python_decorator.py
[2026-01-28T00:55:18.179+0000] {processor.py:840} INFO - DAG(s) 'example_python_decorator' retrieved from /home/airflow/.local/lib/python3.12/site-packages/airflow/example_dags/example_python_decorator.py
[2026-01-28T00:55:18.201+0000] {logging_mixin.py:188} INFO - [2026-01-28T00:55:18.201+0000] {dag.py:3096} INFO - Sync 1 DAGs
[2026-01-28T00:55:18.216+0000] {logging_mixin.py:188} INFO - [2026-01-28T00:55:18.216+0000] {dag.py:3954} INFO - Setting next_dagrun for example_python_decorator to None, run_after=None
[2026-01-28T00:55:18.236+0000] {processor.py:183} INFO - Processing /home/airflow/.local/lib/python3.12/site-packages/airflow/example_dags/example_python_decorator.py took 0.079 seconds
[2026-01-28T00:55:48.908+0000] {processor.py:161} INFO - Started process (PID=8194) to work on /home/airflow/.local/lib/python3.12/site-packages/airflow/example_dags/example_python_decorator.py
[2026-01-28T00:55:48.909+0000] {processor.py:830} INFO - Processing file /home/airflow/.local/lib/python3.12/site-packages/airflow/example_dags/example_python_decorator.py for tasks to queue
[2026-01-28T00:55:48.911+0000] {logging_mixin.py:188} INFO - [2026-01-28T00:55:48.910+0000] {dagbag.py:540} INFO - Filling up the DagBag from /home/airflow/.local/lib/python3.12/site-packages/airflow/example_dags/example_python_decorator.py
[2026-01-28T00:55:48.921+0000] {processor.py:840} INFO - DAG(s) 'example_python_decorator' retrieved from /home/airflow/.local/lib/python3.12/site-packages/airflow/example_dags/example_python_decorator.py
[2026-01-28T00:55:48.941+0000] {logging_mixin.py:188} INFO - [2026-01-28T00:55:48.941+0000] {dag.py:3096} INFO - Sync 1 DAGs
[2026-01-28T00:55:48.952+0000] {logging_mixin.py:188} INFO - [2026-01-28T00:55:48.952+0000] {dag.py:3954} INFO - Setting next_dagrun for example_python_decorator to None, run_after=None
[2026-01-28T00:55:48.974+0000] {processor.py:183} INFO - Processing /home/airflow/.local/lib/python3.12/site-packages/airflow/example_dags/example_python_decorator.py took 0.072 seconds
[2026-01-28T00:56:19.603+0000] {processor.py:161} INFO - Started process (PID=8246) to work on /home/airflow/.local/lib/python3.12/site-packages/airflow/example_dags/example_python_decorator.py
[2026-01-28T00:56:19.604+0000] {processor.py:830} INFO - Processing file /home/airflow/.local/lib/python3.12/site-packages/airflow/example_dags/example_python_decorator.py for tasks to queue
[2026-01-28T00:56:19.606+0000] {logging_mixin.py:188} INFO - [2026-01-28T00:56:19.606+0000] {dagbag.py:540} INFO - Filling up the DagBag from /home/airflow/.local/lib/python3.12/site-packages/airflow/example_dags/example_python_decorator.py
[2026-01-28T00:56:19.617+0000] {processor.py:840} INFO - DAG(s) 'example_python_decorator' retrieved from /home/airflow/.local/lib/python3.12/site-packages/airflow/example_dags/example_python_decorator.py
[2026-01-28T00:56:19.636+0000] {logging_mixin.py:188} INFO - [2026-01-28T00:56:19.636+0000] {dag.py:3096} INFO - Sync 1 DAGs
[2026-01-28T00:56:19.648+0000] {logging_mixin.py:188} INFO - [2026-01-28T00:56:19.648+0000] {dag.py:3954} INFO - Setting next_dagrun for example_python_decorator to None, run_after=None
[2026-01-28T00:56:19.669+0000] {processor.py:183} INFO - Processing /home/airflow/.local/lib/python3.12/site-packages/airflow/example_dags/example_python_decorator.py took 0.071 seconds
[2026-01-28T00:56:50.476+0000] {processor.py:161} INFO - Started process (PID=8298) to work on /home/airflow/.local/lib/python3.12/site-packages/airflow/example_dags/example_python_decorator.py
[2026-01-28T00:56:50.477+0000] {processor.py:830} INFO - Processing file /home/airflow/.local/lib/python3.12/site-packages/airflow/example_dags/example_python_decorator.py for tasks to queue
[2026-01-28T00:56:50.478+0000] {logging_mixin.py:188} INFO - [2026-01-28T00:56:50.478+0000] {dagbag.py:540} INFO - Filling up the DagBag from /home/airflow/.local/lib/python3.12/site-packages/airflow/example_dags/example_python_decorator.py
[2026-01-28T00:56:50.490+0000] {processor.py:840} INFO - DAG(s) 'example_python_decorator' retrieved from /home/airflow/.local/lib/python3.12/site-packages/airflow/example_dags/example_python_decorator.py
[2026-01-28T00:56:50.512+0000] {logging_mixin.py:188} INFO - [2026-01-28T00:56:50.511+0000] {dag.py:3096} INFO - Sync 1 DAGs
[2026-01-28T00:56:50.524+0000] {logging_mixin.py:188} INFO - [2026-01-28T00:56:50.524+0000] {dag.py:3954} INFO - Setting next_dagrun for example_python_decorator to None, run_after=None
[2026-01-28T00:56:50.551+0000] {processor.py:183} INFO - Processing /home/airflow/.local/lib/python3.12/site-packages/airflow/example_dags/example_python_decorator.py took 0.081 seconds
[2026-01-28T00:57:21.188+0000] {processor.py:161} INFO - Started process (PID=8350) to work on /home/airflow/.local/lib/python3.12/site-packages/airflow/example_dags/example_python_decorator.py
[2026-01-28T00:57:21.189+0000] {processor.py:830} INFO - Processing file /home/airflow/.local/lib/python3.12/site-packages/airflow/example_dags/example_python_decorator.py for tasks to queue
[2026-01-28T00:57:21.191+0000] {logging_mixin.py:188} INFO - [2026-01-28T00:57:21.191+0000] {dagbag.py:540} INFO - Filling up the DagBag from /home/airflow/.local/lib/python3.12/site-packages/airflow/example_dags/example_python_decorator.py
[2026-01-28T00:57:21.202+0000] {processor.py:840} INFO - DAG(s) 'example_python_decorator' retrieved from /home/airflow/.local/lib/python3.12/site-packages/airflow/example_dags/example_python_decorator.py
[2026-01-28T00:57:21.223+0000] {logging_mixin.py:188} INFO - [2026-01-28T00:57:21.223+0000] {dag.py:3096} INFO - Sync 1 DAGs
[2026-01-28T00:57:21.235+0000] {logging_mixin.py:188} INFO - [2026-01-28T00:57:21.235+0000] {dag.py:3954} INFO - Setting next_dagrun for example_python_decorator to None, run_after=None
[2026-01-28T00:57:21.255+0000] {processor.py:183} INFO - Processing /home/airflow/.local/lib/python3.12/site-packages/airflow/example_dags/example_python_decorator.py took 0.072 seconds
[2026-01-28T00:57:51.906+0000] {processor.py:161} INFO - Started process (PID=8402) to work on /home/airflow/.local/lib/python3.12/site-packages/airflow/example_dags/example_python_decorator.py
[2026-01-28T00:57:51.907+0000] {processor.py:830} INFO - Processing file /home/airflow/.local/lib/python3.12/site-packages/airflow/example_dags/example_python_decorator.py for tasks to queue
[2026-01-28T00:57:51.909+0000] {logging_mixin.py:188} INFO - [2026-01-28T00:57:51.909+0000] {dagbag.py:540} INFO - Filling up the DagBag from /home/airflow/.local/lib/python3.12/site-packages/airflow/example_dags/example_python_decorator.py
[2026-01-28T00:57:51.919+0000] {processor.py:840} INFO - DAG(s) 'example_python_decorator' retrieved from /home/airflow/.local/lib/python3.12/site-packages/airflow/example_dags/example_python_decorator.py
[2026-01-28T00:57:51.945+0000] {logging_mixin.py:188} INFO - [2026-01-28T00:57:51.945+0000] {dag.py:3096} INFO - Sync 1 DAGs
[2026-01-28T00:57:51.956+0000] {logging_mixin.py:188} INFO - [2026-01-28T00:57:51.955+0000] {dag.py:3954} INFO - Setting next_dagrun for example_python_decorator to None, run_after=None
[2026-01-28T00:57:51.977+0000] {processor.py:183} INFO - Processing /home/airflow/.local/lib/python3.12/site-packages/airflow/example_dags/example_python_decorator.py took 0.075 seconds
[2026-01-28T00:58:22.496+0000] {processor.py:161} INFO - Started process (PID=8454) to work on /home/airflow/.local/lib/python3.12/site-packages/airflow/example_dags/example_python_decorator.py
[2026-01-28T00:58:22.497+0000] {processor.py:830} INFO - Processing file /home/airflow/.local/lib/python3.12/site-packages/airflow/example_dags/example_python_decorator.py for tasks to queue
[2026-01-28T00:58:22.499+0000] {logging_mixin.py:188} INFO - [2026-01-28T00:58:22.499+0000] {dagbag.py:540} INFO - Filling up the DagBag from /home/airflow/.local/lib/python3.12/site-packages/airflow/example_dags/example_python_decorator.py
[2026-01-28T00:58:22.510+0000] {processor.py:840} INFO - DAG(s) 'example_python_decorator' retrieved from /home/airflow/.local/lib/python3.12/site-packages/airflow/example_dags/example_python_decorator.py
[2026-01-28T00:58:22.529+0000] {logging_mixin.py:188} INFO - [2026-01-28T00:58:22.529+0000] {dag.py:3096} INFO - Sync 1 DAGs
[2026-01-28T00:58:22.540+0000] {logging_mixin.py:188} INFO - [2026-01-28T00:58:22.540+0000] {dag.py:3954} INFO - Setting next_dagrun for example_python_decorator to None, run_after=None
[2026-01-28T00:58:22.560+0000] {processor.py:183} INFO - Processing /home/airflow/.local/lib/python3.12/site-packages/airflow/example_dags/example_python_decorator.py took 0.070 seconds
[2026-01-28T00:58:53.354+0000] {processor.py:161} INFO - Started process (PID=8506) to work on /home/airflow/.local/lib/python3.12/site-packages/airflow/example_dags/example_python_decorator.py
[2026-01-28T00:58:53.355+0000] {processor.py:830} INFO - Processing file /home/airflow/.local/lib/python3.12/site-packages/airflow/example_dags/example_python_decorator.py for tasks to queue
[2026-01-28T00:58:53.357+0000] {logging_mixin.py:188} INFO - [2026-01-28T00:58:53.356+0000] {dagbag.py:540} INFO - Filling up the DagBag from /home/airflow/.local/lib/python3.12/site-packages/airflow/example_dags/example_python_decorator.py
[2026-01-28T00:58:53.367+0000] {processor.py:840} INFO - DAG(s) 'example_python_decorator' retrieved from /home/airflow/.local/lib/python3.12/site-packages/airflow/example_dags/example_python_decorator.py
[2026-01-28T00:58:53.387+0000] {logging_mixin.py:188} INFO - [2026-01-28T00:58:53.387+0000] {dag.py:3096} INFO - Sync 1 DAGs
[2026-01-28T00:58:53.399+0000] {logging_mixin.py:188} INFO - [2026-01-28T00:58:53.399+0000] {dag.py:3954} INFO - Setting next_dagrun for example_python_decorator to None, run_after=None
[2026-01-28T00:58:53.431+0000] {processor.py:183} INFO - Processing /home/airflow/.local/lib/python3.12/site-packages/airflow/example_dags/example_python_decorator.py took 0.083 seconds
[2026-01-28T00:59:24.021+0000] {processor.py:161} INFO - Started process (PID=8558) to work on /home/airflow/.local/lib/python3.12/site-packages/airflow/example_dags/example_python_decorator.py
[2026-01-28T00:59:24.022+0000] {processor.py:830} INFO - Processing file /home/airflow/.local/lib/python3.12/site-packages/airflow/example_dags/example_python_decorator.py for tasks to queue
[2026-01-28T00:59:24.024+0000] {logging_mixin.py:188} INFO - [2026-01-28T00:59:24.023+0000] {dagbag.py:540} INFO - Filling up the DagBag from /home/airflow/.local/lib/python3.12/site-packages/airflow/example_dags/example_python_decorator.py
[2026-01-28T00:59:24.035+0000] {processor.py:840} INFO - DAG(s) 'example_python_decorator' retrieved from /home/airflow/.local/lib/python3.12/site-packages/airflow/example_dags/example_python_decorator.py
[2026-01-28T00:59:24.054+0000] {logging_mixin.py:188} INFO - [2026-01-28T00:59:24.054+0000] {dag.py:3096} INFO - Sync 1 DAGs
[2026-01-28T00:59:24.065+0000] {logging_mixin.py:188} INFO - [2026-01-28T00:59:24.064+0000] {dag.py:3954} INFO - Setting next_dagrun for example_python_decorator to None, run_after=None
[2026-01-28T00:59:24.095+0000] {processor.py:183} INFO - Processing /home/airflow/.local/lib/python3.12/site-packages/airflow/example_dags/example_python_decorator.py took 0.079 seconds
[2026-01-28T00:59:54.758+0000] {processor.py:161} INFO - Started process (PID=8610) to work on /home/airflow/.local/lib/python3.12/site-packages/airflow/example_dags/example_python_decorator.py
[2026-01-28T00:59:54.759+0000] {processor.py:830} INFO - Processing file /home/airflow/.local/lib/python3.12/site-packages/airflow/example_dags/example_python_decorator.py for tasks to queue
[2026-01-28T00:59:54.761+0000] {logging_mixin.py:188} INFO - [2026-01-28T00:59:54.761+0000] {dagbag.py:540} INFO - Filling up the DagBag from /home/airflow/.local/lib/python3.12/site-packages/airflow/example_dags/example_python_decorator.py
[2026-01-28T00:59:54.772+0000] {processor.py:840} INFO - DAG(s) 'example_python_decorator' retrieved from /home/airflow/.local/lib/python3.12/site-packages/airflow/example_dags/example_python_decorator.py
[2026-01-28T00:59:54.792+0000] {logging_mixin.py:188} INFO - [2026-01-28T00:59:54.792+0000] {dag.py:3096} INFO - Sync 1 DAGs
[2026-01-28T00:59:54.803+0000] {logging_mixin.py:188} INFO - [2026-01-28T00:59:54.803+0000] {dag.py:3954} INFO - Setting next_dagrun for example_python_decorator to None, run_after=None
[2026-01-28T00:59:54.822+0000] {processor.py:183} INFO - Processing /home/airflow/.local/lib/python3.12/site-packages/airflow/example_dags/example_python_decorator.py took 0.070 seconds
[2026-01-28T01:00:25.568+0000] {processor.py:161} INFO - Started process (PID=8662) to work on /home/airflow/.local/lib/python3.12/site-packages/airflow/example_dags/example_python_decorator.py
[2026-01-28T01:00:25.569+0000] {processor.py:830} INFO - Processing file /home/airflow/.local/lib/python3.12/site-packages/airflow/example_dags/example_python_decorator.py for tasks to queue
[2026-01-28T01:00:25.571+0000] {logging_mixin.py:188} INFO - [2026-01-28T01:00:25.571+0000] {dagbag.py:540} INFO - Filling up the DagBag from /home/airflow/.local/lib/python3.12/site-packages/airflow/example_dags/example_python_decorator.py
[2026-01-28T01:00:25.582+0000] {processor.py:840} INFO - DAG(s) 'example_python_decorator' retrieved from /home/airflow/.local/lib/python3.12/site-packages/airflow/example_dags/example_python_decorator.py
[2026-01-28T01:00:25.603+0000] {logging_mixin.py:188} INFO - [2026-01-28T01:00:25.603+0000] {dag.py:3096} INFO - Sync 1 DAGs
[2026-01-28T01:00:25.614+0000] {logging_mixin.py:188} INFO - [2026-01-28T01:00:25.614+0000] {dag.py:3954} INFO - Setting next_dagrun for example_python_decorator to None, run_after=None
[2026-01-28T01:00:25.635+0000] {processor.py:183} INFO - Processing /home/airflow/.local/lib/python3.12/site-packages/airflow/example_dags/example_python_decorator.py took 0.072 seconds
[2026-01-28T01:00:56.192+0000] {processor.py:161} INFO - Started process (PID=8714) to work on /home/airflow/.local/lib/python3.12/site-packages/airflow/example_dags/example_python_decorator.py
[2026-01-28T01:00:56.193+0000] {processor.py:830} INFO - Processing file /home/airflow/.local/lib/python3.12/site-packages/airflow/example_dags/example_python_decorator.py for tasks to queue
[2026-01-28T01:00:56.195+0000] {logging_mixin.py:188} INFO - [2026-01-28T01:00:56.195+0000] {dagbag.py:540} INFO - Filling up the DagBag from /home/airflow/.local/lib/python3.12/site-packages/airflow/example_dags/example_python_decorator.py
[2026-01-28T01:00:56.205+0000] {processor.py:840} INFO - DAG(s) 'example_python_decorator' retrieved from /home/airflow/.local/lib/python3.12/site-packages/airflow/example_dags/example_python_decorator.py
[2026-01-28T01:00:56.225+0000] {logging_mixin.py:188} INFO - [2026-01-28T01:00:56.225+0000] {dag.py:3096} INFO - Sync 1 DAGs
[2026-01-28T01:00:56.238+0000] {logging_mixin.py:188} INFO - [2026-01-28T01:00:56.238+0000] {dag.py:3954} INFO - Setting next_dagrun for example_python_decorator to None, run_after=None
[2026-01-28T01:00:56.263+0000] {processor.py:183} INFO - Processing /home/airflow/.local/lib/python3.12/site-packages/airflow/example_dags/example_python_decorator.py took 0.077 seconds
[2026-01-28T01:01:27.003+0000] {processor.py:161} INFO - Started process (PID=8766) to work on /home/airflow/.local/lib/python3.12/site-packages/airflow/example_dags/example_python_decorator.py
[2026-01-28T01:01:27.004+0000] {processor.py:830} INFO - Processing file /home/airflow/.local/lib/python3.12/site-packages/airflow/example_dags/example_python_decorator.py for tasks to queue
[2026-01-28T01:01:27.006+0000] {logging_mixin.py:188} INFO - [2026-01-28T01:01:27.005+0000] {dagbag.py:540} INFO - Filling up the DagBag from /home/airflow/.local/lib/python3.12/site-packages/airflow/example_dags/example_python_decorator.py
[2026-01-28T01:01:27.017+0000] {processor.py:840} INFO - DAG(s) 'example_python_decorator' retrieved from /home/airflow/.local/lib/python3.12/site-packages/airflow/example_dags/example_python_decorator.py
[2026-01-28T01:01:27.037+0000] {logging_mixin.py:188} INFO - [2026-01-28T01:01:27.037+0000] {dag.py:3096} INFO - Sync 1 DAGs
[2026-01-28T01:01:27.049+0000] {logging_mixin.py:188} INFO - [2026-01-28T01:01:27.049+0000] {dag.py:3954} INFO - Setting next_dagrun for example_python_decorator to None, run_after=None
[2026-01-28T01:01:27.069+0000] {processor.py:183} INFO - Processing /home/airflow/.local/lib/python3.12/site-packages/airflow/example_dags/example_python_decorator.py took 0.072 seconds
[2026-01-28T01:01:57.613+0000] {processor.py:161} INFO - Started process (PID=8818) to work on /home/airflow/.local/lib/python3.12/site-packages/airflow/example_dags/example_python_decorator.py
[2026-01-28T01:01:57.614+0000] {processor.py:830} INFO - Processing file /home/airflow/.local/lib/python3.12/site-packages/airflow/example_dags/example_python_decorator.py for tasks to queue
[2026-01-28T01:01:57.615+0000] {logging_mixin.py:188} INFO - [2026-01-28T01:01:57.615+0000] {dagbag.py:540} INFO - Filling up the DagBag from /home/airflow/.local/lib/python3.12/site-packages/airflow/example_dags/example_python_decorator.py
[2026-01-28T01:01:57.626+0000] {processor.py:840} INFO - DAG(s) 'example_python_decorator' retrieved from /home/airflow/.local/lib/python3.12/site-packages/airflow/example_dags/example_python_decorator.py
[2026-01-28T01:01:57.649+0000] {logging_mixin.py:188} INFO - [2026-01-28T01:01:57.649+0000] {dag.py:3096} INFO - Sync 1 DAGs
[2026-01-28T01:01:57.661+0000] {logging_mixin.py:188} INFO - [2026-01-28T01:01:57.660+0000] {dag.py:3954} INFO - Setting next_dagrun for example_python_decorator to None, run_after=None
[2026-01-28T01:01:57.691+0000] {processor.py:183} INFO - Processing /home/airflow/.local/lib/python3.12/site-packages/airflow/example_dags/example_python_decorator.py took 0.084 seconds
[2026-01-28T01:02:28.178+0000] {processor.py:161} INFO - Started process (PID=8870) to work on /home/airflow/.local/lib/python3.12/site-packages/airflow/example_dags/example_python_decorator.py
[2026-01-28T01:02:28.179+0000] {processor.py:830} INFO - Processing file /home/airflow/.local/lib/python3.12/site-packages/airflow/example_dags/example_python_decorator.py for tasks to queue
[2026-01-28T01:02:28.181+0000] {logging_mixin.py:188} INFO - [2026-01-28T01:02:28.181+0000] {dagbag.py:540} INFO - Filling up the DagBag from /home/airflow/.local/lib/python3.12/site-packages/airflow/example_dags/example_python_decorator.py
[2026-01-28T01:02:28.192+0000] {processor.py:840} INFO - DAG(s) 'example_python_decorator' retrieved from /home/airflow/.local/lib/python3.12/site-packages/airflow/example_dags/example_python_decorator.py
[2026-01-28T01:02:28.212+0000] {logging_mixin.py:188} INFO - [2026-01-28T01:02:28.212+0000] {dag.py:3096} INFO - Sync 1 DAGs
[2026-01-28T01:02:28.223+0000] {logging_mixin.py:188} INFO - [2026-01-28T01:02:28.223+0000] {dag.py:3954} INFO - Setting next_dagrun for example_python_decorator to None, run_after=None
[2026-01-28T01:02:28.242+0000] {processor.py:183} INFO - Processing /home/airflow/.local/lib/python3.12/site-packages/airflow/example_dags/example_python_decorator.py took 0.069 seconds
[2026-01-28T01:02:58.731+0000] {processor.py:161} INFO - Started process (PID=8922) to work on /home/airflow/.local/lib/python3.12/site-packages/airflow/example_dags/example_python_decorator.py
[2026-01-28T01:02:58.732+0000] {processor.py:830} INFO - Processing file /home/airflow/.local/lib/python3.12/site-packages/airflow/example_dags/example_python_decorator.py for tasks to queue
[2026-01-28T01:02:58.734+0000] {logging_mixin.py:188} INFO - [2026-01-28T01:02:58.734+0000] {dagbag.py:540} INFO - Filling up the DagBag from /home/airflow/.local/lib/python3.12/site-packages/airflow/example_dags/example_python_decorator.py
[2026-01-28T01:02:58.747+0000] {processor.py:840} INFO - DAG(s) 'example_python_decorator' retrieved from /home/airflow/.local/lib/python3.12/site-packages/airflow/example_dags/example_python_decorator.py
[2026-01-28T01:02:58.769+0000] {logging_mixin.py:188} INFO - [2026-01-28T01:02:58.769+0000] {dag.py:3096} INFO - Sync 1 DAGs
[2026-01-28T01:02:58.782+0000] {logging_mixin.py:188} INFO - [2026-01-28T01:02:58.782+0000] {dag.py:3954} INFO - Setting next_dagrun for example_python_decorator to None, run_after=None
[2026-01-28T01:02:58.811+0000] {processor.py:183} INFO - Processing /home/airflow/.local/lib/python3.12/site-packages/airflow/example_dags/example_python_decorator.py took 0.086 seconds
