[2026-01-28T00:00:00.472+0000] {processor.py:161} INFO - Started process (PID=2498) to work on /home/airflow/.local/lib/python3.12/site-packages/airflow/example_dags/example_latest_only_with_trigger.py
[2026-01-28T00:00:00.474+0000] {processor.py:830} INFO - Processing file /home/airflow/.local/lib/python3.12/site-packages/airflow/example_dags/example_latest_only_with_trigger.py for tasks to queue
[2026-01-28T00:00:00.477+0000] {logging_mixin.py:188} INFO - [2026-01-28T00:00:00.477+0000] {dagbag.py:540} INFO - Filling up the DagBag from /home/airflow/.local/lib/python3.12/site-packages/airflow/example_dags/example_latest_only_with_trigger.py
[2026-01-28T00:00:00.486+0000] {processor.py:840} INFO - DAG(s) 'latest_only_with_trigger' retrieved from /home/airflow/.local/lib/python3.12/site-packages/airflow/example_dags/example_latest_only_with_trigger.py
[2026-01-28T00:00:00.520+0000] {logging_mixin.py:188} INFO - [2026-01-28T00:00:00.519+0000] {dag.py:3096} INFO - Sync 1 DAGs
[2026-01-28T00:00:00.550+0000] {logging_mixin.py:188} INFO - [2026-01-28T00:00:00.550+0000] {dag.py:3954} INFO - Setting next_dagrun for latest_only_with_trigger to 2026-01-27 20:00:00+00:00, run_after=2026-01-28 00:00:00+00:00
[2026-01-28T00:00:00.575+0000] {processor.py:183} INFO - Processing /home/airflow/.local/lib/python3.12/site-packages/airflow/example_dags/example_latest_only_with_trigger.py took 0.112 seconds
[2026-01-28T00:00:30.959+0000] {processor.py:161} INFO - Started process (PID=2550) to work on /home/airflow/.local/lib/python3.12/site-packages/airflow/example_dags/example_latest_only_with_trigger.py
[2026-01-28T00:00:30.961+0000] {processor.py:830} INFO - Processing file /home/airflow/.local/lib/python3.12/site-packages/airflow/example_dags/example_latest_only_with_trigger.py for tasks to queue
[2026-01-28T00:00:30.963+0000] {logging_mixin.py:188} INFO - [2026-01-28T00:00:30.963+0000] {dagbag.py:540} INFO - Filling up the DagBag from /home/airflow/.local/lib/python3.12/site-packages/airflow/example_dags/example_latest_only_with_trigger.py
[2026-01-28T00:00:30.970+0000] {processor.py:840} INFO - DAG(s) 'latest_only_with_trigger' retrieved from /home/airflow/.local/lib/python3.12/site-packages/airflow/example_dags/example_latest_only_with_trigger.py
[2026-01-28T00:00:30.999+0000] {logging_mixin.py:188} INFO - [2026-01-28T00:00:30.998+0000] {dag.py:3096} INFO - Sync 1 DAGs
[2026-01-28T00:00:31.025+0000] {logging_mixin.py:188} INFO - [2026-01-28T00:00:31.025+0000] {dag.py:3954} INFO - Setting next_dagrun for latest_only_with_trigger to 2026-01-27 20:00:00+00:00, run_after=2026-01-28 00:00:00+00:00
[2026-01-28T00:00:31.052+0000] {processor.py:183} INFO - Processing /home/airflow/.local/lib/python3.12/site-packages/airflow/example_dags/example_latest_only_with_trigger.py took 0.101 seconds
[2026-01-28T00:01:01.592+0000] {processor.py:161} INFO - Started process (PID=2602) to work on /home/airflow/.local/lib/python3.12/site-packages/airflow/example_dags/example_latest_only_with_trigger.py
[2026-01-28T00:01:01.594+0000] {processor.py:830} INFO - Processing file /home/airflow/.local/lib/python3.12/site-packages/airflow/example_dags/example_latest_only_with_trigger.py for tasks to queue
[2026-01-28T00:01:01.597+0000] {logging_mixin.py:188} INFO - [2026-01-28T00:01:01.597+0000] {dagbag.py:540} INFO - Filling up the DagBag from /home/airflow/.local/lib/python3.12/site-packages/airflow/example_dags/example_latest_only_with_trigger.py
[2026-01-28T00:01:01.609+0000] {processor.py:840} INFO - DAG(s) 'latest_only_with_trigger' retrieved from /home/airflow/.local/lib/python3.12/site-packages/airflow/example_dags/example_latest_only_with_trigger.py
[2026-01-28T00:01:01.653+0000] {logging_mixin.py:188} INFO - [2026-01-28T00:01:01.653+0000] {dag.py:3096} INFO - Sync 1 DAGs
[2026-01-28T00:01:01.702+0000] {logging_mixin.py:188} INFO - [2026-01-28T00:01:01.701+0000] {dag.py:3954} INFO - Setting next_dagrun for latest_only_with_trigger to 2026-01-27 20:00:00+00:00, run_after=2026-01-28 00:00:00+00:00
[2026-01-28T00:01:01.736+0000] {processor.py:183} INFO - Processing /home/airflow/.local/lib/python3.12/site-packages/airflow/example_dags/example_latest_only_with_trigger.py took 0.157 seconds
[2026-01-28T00:01:31.940+0000] {processor.py:161} INFO - Started process (PID=2654) to work on /home/airflow/.local/lib/python3.12/site-packages/airflow/example_dags/example_latest_only_with_trigger.py
[2026-01-28T00:01:31.942+0000] {processor.py:830} INFO - Processing file /home/airflow/.local/lib/python3.12/site-packages/airflow/example_dags/example_latest_only_with_trigger.py for tasks to queue
[2026-01-28T00:01:31.944+0000] {logging_mixin.py:188} INFO - [2026-01-28T00:01:31.944+0000] {dagbag.py:540} INFO - Filling up the DagBag from /home/airflow/.local/lib/python3.12/site-packages/airflow/example_dags/example_latest_only_with_trigger.py
[2026-01-28T00:01:31.951+0000] {processor.py:840} INFO - DAG(s) 'latest_only_with_trigger' retrieved from /home/airflow/.local/lib/python3.12/site-packages/airflow/example_dags/example_latest_only_with_trigger.py
[2026-01-28T00:01:31.984+0000] {logging_mixin.py:188} INFO - [2026-01-28T00:01:31.983+0000] {dag.py:3096} INFO - Sync 1 DAGs
[2026-01-28T00:01:32.018+0000] {logging_mixin.py:188} INFO - [2026-01-28T00:01:32.017+0000] {dag.py:3954} INFO - Setting next_dagrun for latest_only_with_trigger to 2026-01-27 20:00:00+00:00, run_after=2026-01-28 00:00:00+00:00
[2026-01-28T00:01:32.049+0000] {processor.py:183} INFO - Processing /home/airflow/.local/lib/python3.12/site-packages/airflow/example_dags/example_latest_only_with_trigger.py took 0.120 seconds
[2026-01-28T00:02:02.665+0000] {processor.py:161} INFO - Started process (PID=2706) to work on /home/airflow/.local/lib/python3.12/site-packages/airflow/example_dags/example_latest_only_with_trigger.py
[2026-01-28T00:02:02.666+0000] {processor.py:830} INFO - Processing file /home/airflow/.local/lib/python3.12/site-packages/airflow/example_dags/example_latest_only_with_trigger.py for tasks to queue
[2026-01-28T00:02:02.669+0000] {logging_mixin.py:188} INFO - [2026-01-28T00:02:02.669+0000] {dagbag.py:540} INFO - Filling up the DagBag from /home/airflow/.local/lib/python3.12/site-packages/airflow/example_dags/example_latest_only_with_trigger.py
[2026-01-28T00:02:02.676+0000] {processor.py:840} INFO - DAG(s) 'latest_only_with_trigger' retrieved from /home/airflow/.local/lib/python3.12/site-packages/airflow/example_dags/example_latest_only_with_trigger.py
[2026-01-28T00:02:02.705+0000] {logging_mixin.py:188} INFO - [2026-01-28T00:02:02.705+0000] {dag.py:3096} INFO - Sync 1 DAGs
[2026-01-28T00:02:02.734+0000] {logging_mixin.py:188} INFO - [2026-01-28T00:02:02.734+0000] {dag.py:3954} INFO - Setting next_dagrun for latest_only_with_trigger to 2026-01-27 20:00:00+00:00, run_after=2026-01-28 00:00:00+00:00
[2026-01-28T00:02:02.757+0000] {processor.py:183} INFO - Processing /home/airflow/.local/lib/python3.12/site-packages/airflow/example_dags/example_latest_only_with_trigger.py took 0.100 seconds
[2026-01-28T00:02:32.855+0000] {processor.py:161} INFO - Started process (PID=2758) to work on /home/airflow/.local/lib/python3.12/site-packages/airflow/example_dags/example_latest_only_with_trigger.py
[2026-01-28T00:02:32.856+0000] {processor.py:830} INFO - Processing file /home/airflow/.local/lib/python3.12/site-packages/airflow/example_dags/example_latest_only_with_trigger.py for tasks to queue
[2026-01-28T00:02:32.860+0000] {logging_mixin.py:188} INFO - [2026-01-28T00:02:32.860+0000] {dagbag.py:540} INFO - Filling up the DagBag from /home/airflow/.local/lib/python3.12/site-packages/airflow/example_dags/example_latest_only_with_trigger.py
[2026-01-28T00:02:32.867+0000] {processor.py:840} INFO - DAG(s) 'latest_only_with_trigger' retrieved from /home/airflow/.local/lib/python3.12/site-packages/airflow/example_dags/example_latest_only_with_trigger.py
[2026-01-28T00:02:32.891+0000] {logging_mixin.py:188} INFO - [2026-01-28T00:02:32.891+0000] {dag.py:3096} INFO - Sync 1 DAGs
[2026-01-28T00:02:32.916+0000] {logging_mixin.py:188} INFO - [2026-01-28T00:02:32.916+0000] {dag.py:3954} INFO - Setting next_dagrun for latest_only_with_trigger to 2026-01-27 20:00:00+00:00, run_after=2026-01-28 00:00:00+00:00
[2026-01-28T00:02:32.938+0000] {processor.py:183} INFO - Processing /home/airflow/.local/lib/python3.12/site-packages/airflow/example_dags/example_latest_only_with_trigger.py took 0.090 seconds
[2026-01-28T00:03:03.177+0000] {processor.py:161} INFO - Started process (PID=2810) to work on /home/airflow/.local/lib/python3.12/site-packages/airflow/example_dags/example_latest_only_with_trigger.py
[2026-01-28T00:03:03.178+0000] {processor.py:830} INFO - Processing file /home/airflow/.local/lib/python3.12/site-packages/airflow/example_dags/example_latest_only_with_trigger.py for tasks to queue
[2026-01-28T00:03:03.180+0000] {logging_mixin.py:188} INFO - [2026-01-28T00:03:03.179+0000] {dagbag.py:540} INFO - Filling up the DagBag from /home/airflow/.local/lib/python3.12/site-packages/airflow/example_dags/example_latest_only_with_trigger.py
[2026-01-28T00:03:03.185+0000] {processor.py:840} INFO - DAG(s) 'latest_only_with_trigger' retrieved from /home/airflow/.local/lib/python3.12/site-packages/airflow/example_dags/example_latest_only_with_trigger.py
[2026-01-28T00:03:03.207+0000] {logging_mixin.py:188} INFO - [2026-01-28T00:03:03.207+0000] {dag.py:3096} INFO - Sync 1 DAGs
[2026-01-28T00:03:03.227+0000] {logging_mixin.py:188} INFO - [2026-01-28T00:03:03.227+0000] {dag.py:3954} INFO - Setting next_dagrun for latest_only_with_trigger to 2026-01-27 20:00:00+00:00, run_after=2026-01-28 00:00:00+00:00
[2026-01-28T00:03:03.246+0000] {processor.py:183} INFO - Processing /home/airflow/.local/lib/python3.12/site-packages/airflow/example_dags/example_latest_only_with_trigger.py took 0.076 seconds
[2026-01-28T00:03:33.470+0000] {processor.py:161} INFO - Started process (PID=2862) to work on /home/airflow/.local/lib/python3.12/site-packages/airflow/example_dags/example_latest_only_with_trigger.py
[2026-01-28T00:03:33.471+0000] {processor.py:830} INFO - Processing file /home/airflow/.local/lib/python3.12/site-packages/airflow/example_dags/example_latest_only_with_trigger.py for tasks to queue
[2026-01-28T00:03:33.473+0000] {logging_mixin.py:188} INFO - [2026-01-28T00:03:33.473+0000] {dagbag.py:540} INFO - Filling up the DagBag from /home/airflow/.local/lib/python3.12/site-packages/airflow/example_dags/example_latest_only_with_trigger.py
[2026-01-28T00:03:33.478+0000] {processor.py:840} INFO - DAG(s) 'latest_only_with_trigger' retrieved from /home/airflow/.local/lib/python3.12/site-packages/airflow/example_dags/example_latest_only_with_trigger.py
[2026-01-28T00:03:33.499+0000] {logging_mixin.py:188} INFO - [2026-01-28T00:03:33.499+0000] {dag.py:3096} INFO - Sync 1 DAGs
[2026-01-28T00:03:33.521+0000] {logging_mixin.py:188} INFO - [2026-01-28T00:03:33.521+0000] {dag.py:3954} INFO - Setting next_dagrun for latest_only_with_trigger to 2026-01-27 20:00:00+00:00, run_after=2026-01-28 00:00:00+00:00
[2026-01-28T00:03:33.539+0000] {processor.py:183} INFO - Processing /home/airflow/.local/lib/python3.12/site-packages/airflow/example_dags/example_latest_only_with_trigger.py took 0.075 seconds
[2026-01-28T00:04:03.756+0000] {processor.py:161} INFO - Started process (PID=2914) to work on /home/airflow/.local/lib/python3.12/site-packages/airflow/example_dags/example_latest_only_with_trigger.py
[2026-01-28T00:04:03.757+0000] {processor.py:830} INFO - Processing file /home/airflow/.local/lib/python3.12/site-packages/airflow/example_dags/example_latest_only_with_trigger.py for tasks to queue
[2026-01-28T00:04:03.759+0000] {logging_mixin.py:188} INFO - [2026-01-28T00:04:03.759+0000] {dagbag.py:540} INFO - Filling up the DagBag from /home/airflow/.local/lib/python3.12/site-packages/airflow/example_dags/example_latest_only_with_trigger.py
[2026-01-28T00:04:03.765+0000] {processor.py:840} INFO - DAG(s) 'latest_only_with_trigger' retrieved from /home/airflow/.local/lib/python3.12/site-packages/airflow/example_dags/example_latest_only_with_trigger.py
[2026-01-28T00:04:03.787+0000] {logging_mixin.py:188} INFO - [2026-01-28T00:04:03.787+0000] {dag.py:3096} INFO - Sync 1 DAGs
[2026-01-28T00:04:03.810+0000] {logging_mixin.py:188} INFO - [2026-01-28T00:04:03.810+0000] {dag.py:3954} INFO - Setting next_dagrun for latest_only_with_trigger to 2026-01-27 20:00:00+00:00, run_after=2026-01-28 00:00:00+00:00
[2026-01-28T00:04:03.837+0000] {processor.py:183} INFO - Processing /home/airflow/.local/lib/python3.12/site-packages/airflow/example_dags/example_latest_only_with_trigger.py took 0.088 seconds
[2026-01-28T00:04:33.919+0000] {processor.py:161} INFO - Started process (PID=2964) to work on /home/airflow/.local/lib/python3.12/site-packages/airflow/example_dags/example_latest_only_with_trigger.py
[2026-01-28T00:04:33.919+0000] {processor.py:830} INFO - Processing file /home/airflow/.local/lib/python3.12/site-packages/airflow/example_dags/example_latest_only_with_trigger.py for tasks to queue
[2026-01-28T00:04:33.921+0000] {logging_mixin.py:188} INFO - [2026-01-28T00:04:33.921+0000] {dagbag.py:540} INFO - Filling up the DagBag from /home/airflow/.local/lib/python3.12/site-packages/airflow/example_dags/example_latest_only_with_trigger.py
[2026-01-28T00:04:33.926+0000] {processor.py:840} INFO - DAG(s) 'latest_only_with_trigger' retrieved from /home/airflow/.local/lib/python3.12/site-packages/airflow/example_dags/example_latest_only_with_trigger.py
[2026-01-28T00:04:33.946+0000] {logging_mixin.py:188} INFO - [2026-01-28T00:04:33.946+0000] {dag.py:3096} INFO - Sync 1 DAGs
[2026-01-28T00:04:33.969+0000] {logging_mixin.py:188} INFO - [2026-01-28T00:04:33.969+0000] {dag.py:3954} INFO - Setting next_dagrun for latest_only_with_trigger to 2026-01-27 20:00:00+00:00, run_after=2026-01-28 00:00:00+00:00
[2026-01-28T00:04:33.999+0000] {processor.py:183} INFO - Processing /home/airflow/.local/lib/python3.12/site-packages/airflow/example_dags/example_latest_only_with_trigger.py took 0.086 seconds
[2026-01-28T00:05:04.042+0000] {processor.py:161} INFO - Started process (PID=3016) to work on /home/airflow/.local/lib/python3.12/site-packages/airflow/example_dags/example_latest_only_with_trigger.py
[2026-01-28T00:05:04.043+0000] {processor.py:830} INFO - Processing file /home/airflow/.local/lib/python3.12/site-packages/airflow/example_dags/example_latest_only_with_trigger.py for tasks to queue
[2026-01-28T00:05:04.046+0000] {logging_mixin.py:188} INFO - [2026-01-28T00:05:04.046+0000] {dagbag.py:540} INFO - Filling up the DagBag from /home/airflow/.local/lib/python3.12/site-packages/airflow/example_dags/example_latest_only_with_trigger.py
[2026-01-28T00:05:04.052+0000] {processor.py:840} INFO - DAG(s) 'latest_only_with_trigger' retrieved from /home/airflow/.local/lib/python3.12/site-packages/airflow/example_dags/example_latest_only_with_trigger.py
[2026-01-28T00:05:04.078+0000] {logging_mixin.py:188} INFO - [2026-01-28T00:05:04.078+0000] {dag.py:3096} INFO - Sync 1 DAGs
[2026-01-28T00:05:04.111+0000] {logging_mixin.py:188} INFO - [2026-01-28T00:05:04.111+0000] {dag.py:3954} INFO - Setting next_dagrun for latest_only_with_trigger to 2026-01-27 20:00:00+00:00, run_after=2026-01-28 00:00:00+00:00
[2026-01-28T00:05:04.194+0000] {processor.py:183} INFO - Processing /home/airflow/.local/lib/python3.12/site-packages/airflow/example_dags/example_latest_only_with_trigger.py took 0.158 seconds
[2026-01-28T00:05:34.288+0000] {processor.py:161} INFO - Started process (PID=3068) to work on /home/airflow/.local/lib/python3.12/site-packages/airflow/example_dags/example_latest_only_with_trigger.py
[2026-01-28T00:05:34.289+0000] {processor.py:830} INFO - Processing file /home/airflow/.local/lib/python3.12/site-packages/airflow/example_dags/example_latest_only_with_trigger.py for tasks to queue
[2026-01-28T00:05:34.291+0000] {logging_mixin.py:188} INFO - [2026-01-28T00:05:34.290+0000] {dagbag.py:540} INFO - Filling up the DagBag from /home/airflow/.local/lib/python3.12/site-packages/airflow/example_dags/example_latest_only_with_trigger.py
[2026-01-28T00:05:34.296+0000] {processor.py:840} INFO - DAG(s) 'latest_only_with_trigger' retrieved from /home/airflow/.local/lib/python3.12/site-packages/airflow/example_dags/example_latest_only_with_trigger.py
[2026-01-28T00:05:34.318+0000] {logging_mixin.py:188} INFO - [2026-01-28T00:05:34.317+0000] {dag.py:3096} INFO - Sync 1 DAGs
[2026-01-28T00:05:34.338+0000] {logging_mixin.py:188} INFO - [2026-01-28T00:05:34.338+0000] {dag.py:3954} INFO - Setting next_dagrun for latest_only_with_trigger to 2026-01-27 20:00:00+00:00, run_after=2026-01-28 00:00:00+00:00
[2026-01-28T00:05:34.358+0000] {processor.py:183} INFO - Processing /home/airflow/.local/lib/python3.12/site-packages/airflow/example_dags/example_latest_only_with_trigger.py took 0.076 seconds
[2026-01-28T00:06:04.547+0000] {processor.py:161} INFO - Started process (PID=3120) to work on /home/airflow/.local/lib/python3.12/site-packages/airflow/example_dags/example_latest_only_with_trigger.py
[2026-01-28T00:06:04.549+0000] {processor.py:830} INFO - Processing file /home/airflow/.local/lib/python3.12/site-packages/airflow/example_dags/example_latest_only_with_trigger.py for tasks to queue
[2026-01-28T00:06:04.552+0000] {logging_mixin.py:188} INFO - [2026-01-28T00:06:04.551+0000] {dagbag.py:540} INFO - Filling up the DagBag from /home/airflow/.local/lib/python3.12/site-packages/airflow/example_dags/example_latest_only_with_trigger.py
[2026-01-28T00:06:04.559+0000] {processor.py:840} INFO - DAG(s) 'latest_only_with_trigger' retrieved from /home/airflow/.local/lib/python3.12/site-packages/airflow/example_dags/example_latest_only_with_trigger.py
[2026-01-28T00:06:04.585+0000] {logging_mixin.py:188} INFO - [2026-01-28T00:06:04.584+0000] {dag.py:3096} INFO - Sync 1 DAGs
[2026-01-28T00:06:04.620+0000] {logging_mixin.py:188} INFO - [2026-01-28T00:06:04.620+0000] {dag.py:3954} INFO - Setting next_dagrun for latest_only_with_trigger to 2026-01-27 20:00:00+00:00, run_after=2026-01-28 00:00:00+00:00
[2026-01-28T00:06:04.644+0000] {processor.py:183} INFO - Processing /home/airflow/.local/lib/python3.12/site-packages/airflow/example_dags/example_latest_only_with_trigger.py took 0.107 seconds
[2026-01-28T00:06:34.784+0000] {processor.py:161} INFO - Started process (PID=3172) to work on /home/airflow/.local/lib/python3.12/site-packages/airflow/example_dags/example_latest_only_with_trigger.py
[2026-01-28T00:06:34.786+0000] {processor.py:830} INFO - Processing file /home/airflow/.local/lib/python3.12/site-packages/airflow/example_dags/example_latest_only_with_trigger.py for tasks to queue
[2026-01-28T00:06:34.788+0000] {logging_mixin.py:188} INFO - [2026-01-28T00:06:34.787+0000] {dagbag.py:540} INFO - Filling up the DagBag from /home/airflow/.local/lib/python3.12/site-packages/airflow/example_dags/example_latest_only_with_trigger.py
[2026-01-28T00:06:34.793+0000] {processor.py:840} INFO - DAG(s) 'latest_only_with_trigger' retrieved from /home/airflow/.local/lib/python3.12/site-packages/airflow/example_dags/example_latest_only_with_trigger.py
[2026-01-28T00:06:34.813+0000] {logging_mixin.py:188} INFO - [2026-01-28T00:06:34.812+0000] {dag.py:3096} INFO - Sync 1 DAGs
[2026-01-28T00:06:34.834+0000] {logging_mixin.py:188} INFO - [2026-01-28T00:06:34.834+0000] {dag.py:3954} INFO - Setting next_dagrun for latest_only_with_trigger to 2026-01-27 20:00:00+00:00, run_after=2026-01-28 00:00:00+00:00
[2026-01-28T00:06:34.851+0000] {processor.py:183} INFO - Processing /home/airflow/.local/lib/python3.12/site-packages/airflow/example_dags/example_latest_only_with_trigger.py took 0.073 seconds
[2026-01-28T00:07:05.873+0000] {processor.py:161} INFO - Started process (PID=3224) to work on /home/airflow/.local/lib/python3.12/site-packages/airflow/example_dags/example_latest_only_with_trigger.py
[2026-01-28T00:07:05.874+0000] {processor.py:830} INFO - Processing file /home/airflow/.local/lib/python3.12/site-packages/airflow/example_dags/example_latest_only_with_trigger.py for tasks to queue
[2026-01-28T00:07:05.877+0000] {logging_mixin.py:188} INFO - [2026-01-28T00:07:05.876+0000] {dagbag.py:540} INFO - Filling up the DagBag from /home/airflow/.local/lib/python3.12/site-packages/airflow/example_dags/example_latest_only_with_trigger.py
[2026-01-28T00:07:05.882+0000] {processor.py:840} INFO - DAG(s) 'latest_only_with_trigger' retrieved from /home/airflow/.local/lib/python3.12/site-packages/airflow/example_dags/example_latest_only_with_trigger.py
[2026-01-28T00:07:05.902+0000] {logging_mixin.py:188} INFO - [2026-01-28T00:07:05.902+0000] {dag.py:3096} INFO - Sync 1 DAGs
[2026-01-28T00:07:05.922+0000] {logging_mixin.py:188} INFO - [2026-01-28T00:07:05.922+0000] {dag.py:3954} INFO - Setting next_dagrun for latest_only_with_trigger to 2026-01-27 20:00:00+00:00, run_after=2026-01-28 00:00:00+00:00
[2026-01-28T00:07:05.941+0000] {processor.py:183} INFO - Processing /home/airflow/.local/lib/python3.12/site-packages/airflow/example_dags/example_latest_only_with_trigger.py took 0.073 seconds
[2026-01-28T00:07:36.079+0000] {processor.py:161} INFO - Started process (PID=3276) to work on /home/airflow/.local/lib/python3.12/site-packages/airflow/example_dags/example_latest_only_with_trigger.py
[2026-01-28T00:07:36.080+0000] {processor.py:830} INFO - Processing file /home/airflow/.local/lib/python3.12/site-packages/airflow/example_dags/example_latest_only_with_trigger.py for tasks to queue
[2026-01-28T00:07:36.083+0000] {logging_mixin.py:188} INFO - [2026-01-28T00:07:36.082+0000] {dagbag.py:540} INFO - Filling up the DagBag from /home/airflow/.local/lib/python3.12/site-packages/airflow/example_dags/example_latest_only_with_trigger.py
[2026-01-28T00:07:36.089+0000] {processor.py:840} INFO - DAG(s) 'latest_only_with_trigger' retrieved from /home/airflow/.local/lib/python3.12/site-packages/airflow/example_dags/example_latest_only_with_trigger.py
[2026-01-28T00:07:36.114+0000] {logging_mixin.py:188} INFO - [2026-01-28T00:07:36.114+0000] {dag.py:3096} INFO - Sync 1 DAGs
[2026-01-28T00:07:36.139+0000] {logging_mixin.py:188} INFO - [2026-01-28T00:07:36.139+0000] {dag.py:3954} INFO - Setting next_dagrun for latest_only_with_trigger to 2026-01-27 20:00:00+00:00, run_after=2026-01-28 00:00:00+00:00
[2026-01-28T00:07:36.162+0000] {processor.py:183} INFO - Processing /home/airflow/.local/lib/python3.12/site-packages/airflow/example_dags/example_latest_only_with_trigger.py took 0.091 seconds
[2026-01-28T00:08:06.546+0000] {processor.py:161} INFO - Started process (PID=3328) to work on /home/airflow/.local/lib/python3.12/site-packages/airflow/example_dags/example_latest_only_with_trigger.py
[2026-01-28T00:08:06.548+0000] {processor.py:830} INFO - Processing file /home/airflow/.local/lib/python3.12/site-packages/airflow/example_dags/example_latest_only_with_trigger.py for tasks to queue
[2026-01-28T00:08:06.551+0000] {logging_mixin.py:188} INFO - [2026-01-28T00:08:06.550+0000] {dagbag.py:540} INFO - Filling up the DagBag from /home/airflow/.local/lib/python3.12/site-packages/airflow/example_dags/example_latest_only_with_trigger.py
[2026-01-28T00:08:06.560+0000] {processor.py:840} INFO - DAG(s) 'latest_only_with_trigger' retrieved from /home/airflow/.local/lib/python3.12/site-packages/airflow/example_dags/example_latest_only_with_trigger.py
[2026-01-28T00:08:06.614+0000] {logging_mixin.py:188} INFO - [2026-01-28T00:08:06.614+0000] {dag.py:3096} INFO - Sync 1 DAGs
[2026-01-28T00:08:06.648+0000] {logging_mixin.py:188} INFO - [2026-01-28T00:08:06.648+0000] {dag.py:3954} INFO - Setting next_dagrun for latest_only_with_trigger to 2026-01-27 20:00:00+00:00, run_after=2026-01-28 00:00:00+00:00
[2026-01-28T00:08:06.680+0000] {processor.py:183} INFO - Processing /home/airflow/.local/lib/python3.12/site-packages/airflow/example_dags/example_latest_only_with_trigger.py took 0.145 seconds
[2026-01-28T00:08:36.830+0000] {processor.py:161} INFO - Started process (PID=3380) to work on /home/airflow/.local/lib/python3.12/site-packages/airflow/example_dags/example_latest_only_with_trigger.py
[2026-01-28T00:08:36.831+0000] {processor.py:830} INFO - Processing file /home/airflow/.local/lib/python3.12/site-packages/airflow/example_dags/example_latest_only_with_trigger.py for tasks to queue
[2026-01-28T00:08:36.833+0000] {logging_mixin.py:188} INFO - [2026-01-28T00:08:36.833+0000] {dagbag.py:540} INFO - Filling up the DagBag from /home/airflow/.local/lib/python3.12/site-packages/airflow/example_dags/example_latest_only_with_trigger.py
[2026-01-28T00:08:36.839+0000] {processor.py:840} INFO - DAG(s) 'latest_only_with_trigger' retrieved from /home/airflow/.local/lib/python3.12/site-packages/airflow/example_dags/example_latest_only_with_trigger.py
[2026-01-28T00:08:36.863+0000] {logging_mixin.py:188} INFO - [2026-01-28T00:08:36.862+0000] {dag.py:3096} INFO - Sync 1 DAGs
[2026-01-28T00:08:36.885+0000] {logging_mixin.py:188} INFO - [2026-01-28T00:08:36.885+0000] {dag.py:3954} INFO - Setting next_dagrun for latest_only_with_trigger to 2026-01-27 20:00:00+00:00, run_after=2026-01-28 00:00:00+00:00
[2026-01-28T00:08:36.903+0000] {processor.py:183} INFO - Processing /home/airflow/.local/lib/python3.12/site-packages/airflow/example_dags/example_latest_only_with_trigger.py took 0.080 seconds
[2026-01-28T00:09:07.287+0000] {processor.py:161} INFO - Started process (PID=3432) to work on /home/airflow/.local/lib/python3.12/site-packages/airflow/example_dags/example_latest_only_with_trigger.py
[2026-01-28T00:09:07.288+0000] {processor.py:830} INFO - Processing file /home/airflow/.local/lib/python3.12/site-packages/airflow/example_dags/example_latest_only_with_trigger.py for tasks to queue
[2026-01-28T00:09:07.290+0000] {logging_mixin.py:188} INFO - [2026-01-28T00:09:07.290+0000] {dagbag.py:540} INFO - Filling up the DagBag from /home/airflow/.local/lib/python3.12/site-packages/airflow/example_dags/example_latest_only_with_trigger.py
[2026-01-28T00:09:07.296+0000] {processor.py:840} INFO - DAG(s) 'latest_only_with_trigger' retrieved from /home/airflow/.local/lib/python3.12/site-packages/airflow/example_dags/example_latest_only_with_trigger.py
[2026-01-28T00:09:07.321+0000] {logging_mixin.py:188} INFO - [2026-01-28T00:09:07.320+0000] {dag.py:3096} INFO - Sync 1 DAGs
[2026-01-28T00:09:07.343+0000] {logging_mixin.py:188} INFO - [2026-01-28T00:09:07.343+0000] {dag.py:3954} INFO - Setting next_dagrun for latest_only_with_trigger to 2026-01-27 20:00:00+00:00, run_after=2026-01-28 00:00:00+00:00
[2026-01-28T00:09:07.364+0000] {processor.py:183} INFO - Processing /home/airflow/.local/lib/python3.12/site-packages/airflow/example_dags/example_latest_only_with_trigger.py took 0.084 seconds
[2026-01-28T00:09:38.068+0000] {processor.py:161} INFO - Started process (PID=3484) to work on /home/airflow/.local/lib/python3.12/site-packages/airflow/example_dags/example_latest_only_with_trigger.py
[2026-01-28T00:09:38.069+0000] {processor.py:830} INFO - Processing file /home/airflow/.local/lib/python3.12/site-packages/airflow/example_dags/example_latest_only_with_trigger.py for tasks to queue
[2026-01-28T00:09:38.071+0000] {logging_mixin.py:188} INFO - [2026-01-28T00:09:38.071+0000] {dagbag.py:540} INFO - Filling up the DagBag from /home/airflow/.local/lib/python3.12/site-packages/airflow/example_dags/example_latest_only_with_trigger.py
[2026-01-28T00:09:38.078+0000] {processor.py:840} INFO - DAG(s) 'latest_only_with_trigger' retrieved from /home/airflow/.local/lib/python3.12/site-packages/airflow/example_dags/example_latest_only_with_trigger.py
[2026-01-28T00:09:38.098+0000] {logging_mixin.py:188} INFO - [2026-01-28T00:09:38.098+0000] {dag.py:3096} INFO - Sync 1 DAGs
[2026-01-28T00:09:38.120+0000] {logging_mixin.py:188} INFO - [2026-01-28T00:09:38.120+0000] {dag.py:3954} INFO - Setting next_dagrun for latest_only_with_trigger to 2026-01-27 20:00:00+00:00, run_after=2026-01-28 00:00:00+00:00
[2026-01-28T00:09:38.140+0000] {processor.py:183} INFO - Processing /home/airflow/.local/lib/python3.12/site-packages/airflow/example_dags/example_latest_only_with_trigger.py took 0.080 seconds
[2026-01-28T00:10:08.945+0000] {processor.py:161} INFO - Started process (PID=3536) to work on /home/airflow/.local/lib/python3.12/site-packages/airflow/example_dags/example_latest_only_with_trigger.py
[2026-01-28T00:10:08.946+0000] {processor.py:830} INFO - Processing file /home/airflow/.local/lib/python3.12/site-packages/airflow/example_dags/example_latest_only_with_trigger.py for tasks to queue
[2026-01-28T00:10:08.949+0000] {logging_mixin.py:188} INFO - [2026-01-28T00:10:08.948+0000] {dagbag.py:540} INFO - Filling up the DagBag from /home/airflow/.local/lib/python3.12/site-packages/airflow/example_dags/example_latest_only_with_trigger.py
[2026-01-28T00:10:08.955+0000] {processor.py:840} INFO - DAG(s) 'latest_only_with_trigger' retrieved from /home/airflow/.local/lib/python3.12/site-packages/airflow/example_dags/example_latest_only_with_trigger.py
[2026-01-28T00:10:08.977+0000] {logging_mixin.py:188} INFO - [2026-01-28T00:10:08.977+0000] {dag.py:3096} INFO - Sync 1 DAGs
[2026-01-28T00:10:09.001+0000] {logging_mixin.py:188} INFO - [2026-01-28T00:10:09.000+0000] {dag.py:3954} INFO - Setting next_dagrun for latest_only_with_trigger to 2026-01-27 20:00:00+00:00, run_after=2026-01-28 00:00:00+00:00
[2026-01-28T00:10:09.021+0000] {processor.py:183} INFO - Processing /home/airflow/.local/lib/python3.12/site-packages/airflow/example_dags/example_latest_only_with_trigger.py took 0.082 seconds
[2026-01-28T00:10:39.109+0000] {processor.py:161} INFO - Started process (PID=3588) to work on /home/airflow/.local/lib/python3.12/site-packages/airflow/example_dags/example_latest_only_with_trigger.py
[2026-01-28T00:10:39.110+0000] {processor.py:830} INFO - Processing file /home/airflow/.local/lib/python3.12/site-packages/airflow/example_dags/example_latest_only_with_trigger.py for tasks to queue
[2026-01-28T00:10:39.112+0000] {logging_mixin.py:188} INFO - [2026-01-28T00:10:39.112+0000] {dagbag.py:540} INFO - Filling up the DagBag from /home/airflow/.local/lib/python3.12/site-packages/airflow/example_dags/example_latest_only_with_trigger.py
[2026-01-28T00:10:39.118+0000] {processor.py:840} INFO - DAG(s) 'latest_only_with_trigger' retrieved from /home/airflow/.local/lib/python3.12/site-packages/airflow/example_dags/example_latest_only_with_trigger.py
[2026-01-28T00:10:39.140+0000] {logging_mixin.py:188} INFO - [2026-01-28T00:10:39.140+0000] {dag.py:3096} INFO - Sync 1 DAGs
[2026-01-28T00:10:39.163+0000] {logging_mixin.py:188} INFO - [2026-01-28T00:10:39.162+0000] {dag.py:3954} INFO - Setting next_dagrun for latest_only_with_trigger to 2026-01-27 20:00:00+00:00, run_after=2026-01-28 00:00:00+00:00
[2026-01-28T00:10:39.182+0000] {processor.py:183} INFO - Processing /home/airflow/.local/lib/python3.12/site-packages/airflow/example_dags/example_latest_only_with_trigger.py took 0.079 seconds
[2026-01-28T00:11:09.416+0000] {processor.py:161} INFO - Started process (PID=3640) to work on /home/airflow/.local/lib/python3.12/site-packages/airflow/example_dags/example_latest_only_with_trigger.py
[2026-01-28T00:11:09.417+0000] {processor.py:830} INFO - Processing file /home/airflow/.local/lib/python3.12/site-packages/airflow/example_dags/example_latest_only_with_trigger.py for tasks to queue
[2026-01-28T00:11:09.420+0000] {logging_mixin.py:188} INFO - [2026-01-28T00:11:09.419+0000] {dagbag.py:540} INFO - Filling up the DagBag from /home/airflow/.local/lib/python3.12/site-packages/airflow/example_dags/example_latest_only_with_trigger.py
[2026-01-28T00:11:09.426+0000] {processor.py:840} INFO - DAG(s) 'latest_only_with_trigger' retrieved from /home/airflow/.local/lib/python3.12/site-packages/airflow/example_dags/example_latest_only_with_trigger.py
[2026-01-28T00:11:09.447+0000] {logging_mixin.py:188} INFO - [2026-01-28T00:11:09.447+0000] {dag.py:3096} INFO - Sync 1 DAGs
[2026-01-28T00:11:09.470+0000] {logging_mixin.py:188} INFO - [2026-01-28T00:11:09.469+0000] {dag.py:3954} INFO - Setting next_dagrun for latest_only_with_trigger to 2026-01-27 20:00:00+00:00, run_after=2026-01-28 00:00:00+00:00
[2026-01-28T00:11:09.495+0000] {processor.py:183} INFO - Processing /home/airflow/.local/lib/python3.12/site-packages/airflow/example_dags/example_latest_only_with_trigger.py took 0.085 seconds
[2026-01-28T00:11:39.625+0000] {processor.py:161} INFO - Started process (PID=3692) to work on /home/airflow/.local/lib/python3.12/site-packages/airflow/example_dags/example_latest_only_with_trigger.py
[2026-01-28T00:11:39.627+0000] {processor.py:830} INFO - Processing file /home/airflow/.local/lib/python3.12/site-packages/airflow/example_dags/example_latest_only_with_trigger.py for tasks to queue
[2026-01-28T00:11:39.629+0000] {logging_mixin.py:188} INFO - [2026-01-28T00:11:39.629+0000] {dagbag.py:540} INFO - Filling up the DagBag from /home/airflow/.local/lib/python3.12/site-packages/airflow/example_dags/example_latest_only_with_trigger.py
[2026-01-28T00:11:39.635+0000] {processor.py:840} INFO - DAG(s) 'latest_only_with_trigger' retrieved from /home/airflow/.local/lib/python3.12/site-packages/airflow/example_dags/example_latest_only_with_trigger.py
[2026-01-28T00:11:39.655+0000] {logging_mixin.py:188} INFO - [2026-01-28T00:11:39.655+0000] {dag.py:3096} INFO - Sync 1 DAGs
[2026-01-28T00:11:39.675+0000] {logging_mixin.py:188} INFO - [2026-01-28T00:11:39.675+0000] {dag.py:3954} INFO - Setting next_dagrun for latest_only_with_trigger to 2026-01-27 20:00:00+00:00, run_after=2026-01-28 00:00:00+00:00
[2026-01-28T00:11:39.694+0000] {processor.py:183} INFO - Processing /home/airflow/.local/lib/python3.12/site-packages/airflow/example_dags/example_latest_only_with_trigger.py took 0.075 seconds
[2026-01-28T00:12:09.817+0000] {processor.py:161} INFO - Started process (PID=3744) to work on /home/airflow/.local/lib/python3.12/site-packages/airflow/example_dags/example_latest_only_with_trigger.py
[2026-01-28T00:12:09.818+0000] {processor.py:830} INFO - Processing file /home/airflow/.local/lib/python3.12/site-packages/airflow/example_dags/example_latest_only_with_trigger.py for tasks to queue
[2026-01-28T00:12:09.820+0000] {logging_mixin.py:188} INFO - [2026-01-28T00:12:09.820+0000] {dagbag.py:540} INFO - Filling up the DagBag from /home/airflow/.local/lib/python3.12/site-packages/airflow/example_dags/example_latest_only_with_trigger.py
[2026-01-28T00:12:09.827+0000] {processor.py:840} INFO - DAG(s) 'latest_only_with_trigger' retrieved from /home/airflow/.local/lib/python3.12/site-packages/airflow/example_dags/example_latest_only_with_trigger.py
[2026-01-28T00:12:09.849+0000] {logging_mixin.py:188} INFO - [2026-01-28T00:12:09.849+0000] {dag.py:3096} INFO - Sync 1 DAGs
[2026-01-28T00:12:09.871+0000] {logging_mixin.py:188} INFO - [2026-01-28T00:12:09.871+0000] {dag.py:3954} INFO - Setting next_dagrun for latest_only_with_trigger to 2026-01-27 20:00:00+00:00, run_after=2026-01-28 00:00:00+00:00
[2026-01-28T00:12:09.890+0000] {processor.py:183} INFO - Processing /home/airflow/.local/lib/python3.12/site-packages/airflow/example_dags/example_latest_only_with_trigger.py took 0.079 seconds
[2026-01-28T00:12:40.093+0000] {processor.py:161} INFO - Started process (PID=3796) to work on /home/airflow/.local/lib/python3.12/site-packages/airflow/example_dags/example_latest_only_with_trigger.py
[2026-01-28T00:12:40.094+0000] {processor.py:830} INFO - Processing file /home/airflow/.local/lib/python3.12/site-packages/airflow/example_dags/example_latest_only_with_trigger.py for tasks to queue
[2026-01-28T00:12:40.097+0000] {logging_mixin.py:188} INFO - [2026-01-28T00:12:40.096+0000] {dagbag.py:540} INFO - Filling up the DagBag from /home/airflow/.local/lib/python3.12/site-packages/airflow/example_dags/example_latest_only_with_trigger.py
[2026-01-28T00:12:40.102+0000] {processor.py:840} INFO - DAG(s) 'latest_only_with_trigger' retrieved from /home/airflow/.local/lib/python3.12/site-packages/airflow/example_dags/example_latest_only_with_trigger.py
[2026-01-28T00:12:40.125+0000] {logging_mixin.py:188} INFO - [2026-01-28T00:12:40.125+0000] {dag.py:3096} INFO - Sync 1 DAGs
[2026-01-28T00:12:40.147+0000] {logging_mixin.py:188} INFO - [2026-01-28T00:12:40.147+0000] {dag.py:3954} INFO - Setting next_dagrun for latest_only_with_trigger to 2026-01-27 20:00:00+00:00, run_after=2026-01-28 00:00:00+00:00
[2026-01-28T00:12:40.165+0000] {processor.py:183} INFO - Processing /home/airflow/.local/lib/python3.12/site-packages/airflow/example_dags/example_latest_only_with_trigger.py took 0.078 seconds
[2026-01-28T00:13:10.328+0000] {processor.py:161} INFO - Started process (PID=3848) to work on /home/airflow/.local/lib/python3.12/site-packages/airflow/example_dags/example_latest_only_with_trigger.py
[2026-01-28T00:13:10.329+0000] {processor.py:830} INFO - Processing file /home/airflow/.local/lib/python3.12/site-packages/airflow/example_dags/example_latest_only_with_trigger.py for tasks to queue
[2026-01-28T00:13:10.331+0000] {logging_mixin.py:188} INFO - [2026-01-28T00:13:10.331+0000] {dagbag.py:540} INFO - Filling up the DagBag from /home/airflow/.local/lib/python3.12/site-packages/airflow/example_dags/example_latest_only_with_trigger.py
[2026-01-28T00:13:10.338+0000] {processor.py:840} INFO - DAG(s) 'latest_only_with_trigger' retrieved from /home/airflow/.local/lib/python3.12/site-packages/airflow/example_dags/example_latest_only_with_trigger.py
[2026-01-28T00:13:10.359+0000] {logging_mixin.py:188} INFO - [2026-01-28T00:13:10.358+0000] {dag.py:3096} INFO - Sync 1 DAGs
[2026-01-28T00:13:10.382+0000] {logging_mixin.py:188} INFO - [2026-01-28T00:13:10.382+0000] {dag.py:3954} INFO - Setting next_dagrun for latest_only_with_trigger to 2026-01-27 20:00:00+00:00, run_after=2026-01-28 00:00:00+00:00
[2026-01-28T00:13:10.402+0000] {processor.py:183} INFO - Processing /home/airflow/.local/lib/python3.12/site-packages/airflow/example_dags/example_latest_only_with_trigger.py took 0.080 seconds
[2026-01-28T00:13:40.459+0000] {processor.py:161} INFO - Started process (PID=3900) to work on /home/airflow/.local/lib/python3.12/site-packages/airflow/example_dags/example_latest_only_with_trigger.py
[2026-01-28T00:13:40.460+0000] {processor.py:830} INFO - Processing file /home/airflow/.local/lib/python3.12/site-packages/airflow/example_dags/example_latest_only_with_trigger.py for tasks to queue
[2026-01-28T00:13:40.463+0000] {logging_mixin.py:188} INFO - [2026-01-28T00:13:40.462+0000] {dagbag.py:540} INFO - Filling up the DagBag from /home/airflow/.local/lib/python3.12/site-packages/airflow/example_dags/example_latest_only_with_trigger.py
[2026-01-28T00:13:40.468+0000] {processor.py:840} INFO - DAG(s) 'latest_only_with_trigger' retrieved from /home/airflow/.local/lib/python3.12/site-packages/airflow/example_dags/example_latest_only_with_trigger.py
[2026-01-28T00:13:40.489+0000] {logging_mixin.py:188} INFO - [2026-01-28T00:13:40.489+0000] {dag.py:3096} INFO - Sync 1 DAGs
[2026-01-28T00:13:40.511+0000] {logging_mixin.py:188} INFO - [2026-01-28T00:13:40.511+0000] {dag.py:3954} INFO - Setting next_dagrun for latest_only_with_trigger to 2026-01-27 20:00:00+00:00, run_after=2026-01-28 00:00:00+00:00
[2026-01-28T00:13:40.532+0000] {processor.py:183} INFO - Processing /home/airflow/.local/lib/python3.12/site-packages/airflow/example_dags/example_latest_only_with_trigger.py took 0.079 seconds
[2026-01-28T00:14:11.004+0000] {processor.py:161} INFO - Started process (PID=3952) to work on /home/airflow/.local/lib/python3.12/site-packages/airflow/example_dags/example_latest_only_with_trigger.py
[2026-01-28T00:14:11.005+0000] {processor.py:830} INFO - Processing file /home/airflow/.local/lib/python3.12/site-packages/airflow/example_dags/example_latest_only_with_trigger.py for tasks to queue
[2026-01-28T00:14:11.007+0000] {logging_mixin.py:188} INFO - [2026-01-28T00:14:11.007+0000] {dagbag.py:540} INFO - Filling up the DagBag from /home/airflow/.local/lib/python3.12/site-packages/airflow/example_dags/example_latest_only_with_trigger.py
[2026-01-28T00:14:11.013+0000] {processor.py:840} INFO - DAG(s) 'latest_only_with_trigger' retrieved from /home/airflow/.local/lib/python3.12/site-packages/airflow/example_dags/example_latest_only_with_trigger.py
[2026-01-28T00:14:11.036+0000] {logging_mixin.py:188} INFO - [2026-01-28T00:14:11.036+0000] {dag.py:3096} INFO - Sync 1 DAGs
[2026-01-28T00:14:11.056+0000] {logging_mixin.py:188} INFO - [2026-01-28T00:14:11.056+0000] {dag.py:3954} INFO - Setting next_dagrun for latest_only_with_trigger to 2026-01-27 20:00:00+00:00, run_after=2026-01-28 00:00:00+00:00
[2026-01-28T00:14:11.076+0000] {processor.py:183} INFO - Processing /home/airflow/.local/lib/python3.12/site-packages/airflow/example_dags/example_latest_only_with_trigger.py took 0.078 seconds
[2026-01-28T00:14:41.332+0000] {processor.py:161} INFO - Started process (PID=4004) to work on /home/airflow/.local/lib/python3.12/site-packages/airflow/example_dags/example_latest_only_with_trigger.py
[2026-01-28T00:14:41.333+0000] {processor.py:830} INFO - Processing file /home/airflow/.local/lib/python3.12/site-packages/airflow/example_dags/example_latest_only_with_trigger.py for tasks to queue
[2026-01-28T00:14:41.335+0000] {logging_mixin.py:188} INFO - [2026-01-28T00:14:41.335+0000] {dagbag.py:540} INFO - Filling up the DagBag from /home/airflow/.local/lib/python3.12/site-packages/airflow/example_dags/example_latest_only_with_trigger.py
[2026-01-28T00:14:41.341+0000] {processor.py:840} INFO - DAG(s) 'latest_only_with_trigger' retrieved from /home/airflow/.local/lib/python3.12/site-packages/airflow/example_dags/example_latest_only_with_trigger.py
[2026-01-28T00:14:41.363+0000] {logging_mixin.py:188} INFO - [2026-01-28T00:14:41.363+0000] {dag.py:3096} INFO - Sync 1 DAGs
[2026-01-28T00:14:41.385+0000] {logging_mixin.py:188} INFO - [2026-01-28T00:14:41.385+0000] {dag.py:3954} INFO - Setting next_dagrun for latest_only_with_trigger to 2026-01-27 20:00:00+00:00, run_after=2026-01-28 00:00:00+00:00
[2026-01-28T00:14:41.407+0000] {processor.py:183} INFO - Processing /home/airflow/.local/lib/python3.12/site-packages/airflow/example_dags/example_latest_only_with_trigger.py took 0.081 seconds
[2026-01-28T00:15:11.559+0000] {processor.py:161} INFO - Started process (PID=4056) to work on /home/airflow/.local/lib/python3.12/site-packages/airflow/example_dags/example_latest_only_with_trigger.py
[2026-01-28T00:15:11.560+0000] {processor.py:830} INFO - Processing file /home/airflow/.local/lib/python3.12/site-packages/airflow/example_dags/example_latest_only_with_trigger.py for tasks to queue
[2026-01-28T00:15:11.562+0000] {logging_mixin.py:188} INFO - [2026-01-28T00:15:11.562+0000] {dagbag.py:540} INFO - Filling up the DagBag from /home/airflow/.local/lib/python3.12/site-packages/airflow/example_dags/example_latest_only_with_trigger.py
[2026-01-28T00:15:11.568+0000] {processor.py:840} INFO - DAG(s) 'latest_only_with_trigger' retrieved from /home/airflow/.local/lib/python3.12/site-packages/airflow/example_dags/example_latest_only_with_trigger.py
[2026-01-28T00:15:11.590+0000] {logging_mixin.py:188} INFO - [2026-01-28T00:15:11.589+0000] {dag.py:3096} INFO - Sync 1 DAGs
[2026-01-28T00:15:11.612+0000] {logging_mixin.py:188} INFO - [2026-01-28T00:15:11.612+0000] {dag.py:3954} INFO - Setting next_dagrun for latest_only_with_trigger to 2026-01-27 20:00:00+00:00, run_after=2026-01-28 00:00:00+00:00
[2026-01-28T00:15:11.632+0000] {processor.py:183} INFO - Processing /home/airflow/.local/lib/python3.12/site-packages/airflow/example_dags/example_latest_only_with_trigger.py took 0.080 seconds
[2026-01-28T00:15:41.828+0000] {processor.py:161} INFO - Started process (PID=4108) to work on /home/airflow/.local/lib/python3.12/site-packages/airflow/example_dags/example_latest_only_with_trigger.py
[2026-01-28T00:15:41.829+0000] {processor.py:830} INFO - Processing file /home/airflow/.local/lib/python3.12/site-packages/airflow/example_dags/example_latest_only_with_trigger.py for tasks to queue
[2026-01-28T00:15:41.831+0000] {logging_mixin.py:188} INFO - [2026-01-28T00:15:41.831+0000] {dagbag.py:540} INFO - Filling up the DagBag from /home/airflow/.local/lib/python3.12/site-packages/airflow/example_dags/example_latest_only_with_trigger.py
[2026-01-28T00:15:41.838+0000] {processor.py:840} INFO - DAG(s) 'latest_only_with_trigger' retrieved from /home/airflow/.local/lib/python3.12/site-packages/airflow/example_dags/example_latest_only_with_trigger.py
[2026-01-28T00:15:41.860+0000] {logging_mixin.py:188} INFO - [2026-01-28T00:15:41.860+0000] {dag.py:3096} INFO - Sync 1 DAGs
[2026-01-28T00:15:41.881+0000] {logging_mixin.py:188} INFO - [2026-01-28T00:15:41.881+0000] {dag.py:3954} INFO - Setting next_dagrun for latest_only_with_trigger to 2026-01-27 20:00:00+00:00, run_after=2026-01-28 00:00:00+00:00
[2026-01-28T00:15:41.901+0000] {processor.py:183} INFO - Processing /home/airflow/.local/lib/python3.12/site-packages/airflow/example_dags/example_latest_only_with_trigger.py took 0.079 seconds
[2026-01-28T00:16:12.768+0000] {processor.py:161} INFO - Started process (PID=4160) to work on /home/airflow/.local/lib/python3.12/site-packages/airflow/example_dags/example_latest_only_with_trigger.py
[2026-01-28T00:16:12.769+0000] {processor.py:830} INFO - Processing file /home/airflow/.local/lib/python3.12/site-packages/airflow/example_dags/example_latest_only_with_trigger.py for tasks to queue
[2026-01-28T00:16:12.772+0000] {logging_mixin.py:188} INFO - [2026-01-28T00:16:12.771+0000] {dagbag.py:540} INFO - Filling up the DagBag from /home/airflow/.local/lib/python3.12/site-packages/airflow/example_dags/example_latest_only_with_trigger.py
[2026-01-28T00:16:12.778+0000] {processor.py:840} INFO - DAG(s) 'latest_only_with_trigger' retrieved from /home/airflow/.local/lib/python3.12/site-packages/airflow/example_dags/example_latest_only_with_trigger.py
[2026-01-28T00:16:12.801+0000] {logging_mixin.py:188} INFO - [2026-01-28T00:16:12.801+0000] {dag.py:3096} INFO - Sync 1 DAGs
[2026-01-28T00:16:12.823+0000] {logging_mixin.py:188} INFO - [2026-01-28T00:16:12.823+0000] {dag.py:3954} INFO - Setting next_dagrun for latest_only_with_trigger to 2026-01-27 20:00:00+00:00, run_after=2026-01-28 00:00:00+00:00
[2026-01-28T00:16:12.843+0000] {processor.py:183} INFO - Processing /home/airflow/.local/lib/python3.12/site-packages/airflow/example_dags/example_latest_only_with_trigger.py took 0.081 seconds
[2026-01-28T00:16:43.757+0000] {processor.py:161} INFO - Started process (PID=4212) to work on /home/airflow/.local/lib/python3.12/site-packages/airflow/example_dags/example_latest_only_with_trigger.py
[2026-01-28T00:16:43.759+0000] {processor.py:830} INFO - Processing file /home/airflow/.local/lib/python3.12/site-packages/airflow/example_dags/example_latest_only_with_trigger.py for tasks to queue
[2026-01-28T00:16:43.761+0000] {logging_mixin.py:188} INFO - [2026-01-28T00:16:43.760+0000] {dagbag.py:540} INFO - Filling up the DagBag from /home/airflow/.local/lib/python3.12/site-packages/airflow/example_dags/example_latest_only_with_trigger.py
[2026-01-28T00:16:43.766+0000] {processor.py:840} INFO - DAG(s) 'latest_only_with_trigger' retrieved from /home/airflow/.local/lib/python3.12/site-packages/airflow/example_dags/example_latest_only_with_trigger.py
[2026-01-28T00:16:43.787+0000] {logging_mixin.py:188} INFO - [2026-01-28T00:16:43.786+0000] {dag.py:3096} INFO - Sync 1 DAGs
[2026-01-28T00:16:43.805+0000] {logging_mixin.py:188} INFO - [2026-01-28T00:16:43.805+0000] {dag.py:3954} INFO - Setting next_dagrun for latest_only_with_trigger to 2026-01-27 20:00:00+00:00, run_after=2026-01-28 00:00:00+00:00
[2026-01-28T00:16:43.823+0000] {processor.py:183} INFO - Processing /home/airflow/.local/lib/python3.12/site-packages/airflow/example_dags/example_latest_only_with_trigger.py took 0.072 seconds
[2026-01-28T00:17:14.535+0000] {processor.py:161} INFO - Started process (PID=4264) to work on /home/airflow/.local/lib/python3.12/site-packages/airflow/example_dags/example_latest_only_with_trigger.py
[2026-01-28T00:17:14.536+0000] {processor.py:830} INFO - Processing file /home/airflow/.local/lib/python3.12/site-packages/airflow/example_dags/example_latest_only_with_trigger.py for tasks to queue
[2026-01-28T00:17:14.538+0000] {logging_mixin.py:188} INFO - [2026-01-28T00:17:14.537+0000] {dagbag.py:540} INFO - Filling up the DagBag from /home/airflow/.local/lib/python3.12/site-packages/airflow/example_dags/example_latest_only_with_trigger.py
[2026-01-28T00:17:14.543+0000] {processor.py:840} INFO - DAG(s) 'latest_only_with_trigger' retrieved from /home/airflow/.local/lib/python3.12/site-packages/airflow/example_dags/example_latest_only_with_trigger.py
[2026-01-28T00:17:14.562+0000] {logging_mixin.py:188} INFO - [2026-01-28T00:17:14.562+0000] {dag.py:3096} INFO - Sync 1 DAGs
[2026-01-28T00:17:14.581+0000] {logging_mixin.py:188} INFO - [2026-01-28T00:17:14.581+0000] {dag.py:3954} INFO - Setting next_dagrun for latest_only_with_trigger to 2026-01-27 20:00:00+00:00, run_after=2026-01-28 00:00:00+00:00
[2026-01-28T00:17:14.610+0000] {processor.py:183} INFO - Processing /home/airflow/.local/lib/python3.12/site-packages/airflow/example_dags/example_latest_only_with_trigger.py took 0.081 seconds
[2026-01-28T00:17:45.323+0000] {processor.py:161} INFO - Started process (PID=4316) to work on /home/airflow/.local/lib/python3.12/site-packages/airflow/example_dags/example_latest_only_with_trigger.py
[2026-01-28T00:17:45.324+0000] {processor.py:830} INFO - Processing file /home/airflow/.local/lib/python3.12/site-packages/airflow/example_dags/example_latest_only_with_trigger.py for tasks to queue
[2026-01-28T00:17:45.326+0000] {logging_mixin.py:188} INFO - [2026-01-28T00:17:45.326+0000] {dagbag.py:540} INFO - Filling up the DagBag from /home/airflow/.local/lib/python3.12/site-packages/airflow/example_dags/example_latest_only_with_trigger.py
[2026-01-28T00:17:45.332+0000] {processor.py:840} INFO - DAG(s) 'latest_only_with_trigger' retrieved from /home/airflow/.local/lib/python3.12/site-packages/airflow/example_dags/example_latest_only_with_trigger.py
[2026-01-28T00:17:45.353+0000] {logging_mixin.py:188} INFO - [2026-01-28T00:17:45.353+0000] {dag.py:3096} INFO - Sync 1 DAGs
[2026-01-28T00:17:45.372+0000] {logging_mixin.py:188} INFO - [2026-01-28T00:17:45.372+0000] {dag.py:3954} INFO - Setting next_dagrun for latest_only_with_trigger to 2026-01-27 20:00:00+00:00, run_after=2026-01-28 00:00:00+00:00
[2026-01-28T00:17:45.390+0000] {processor.py:183} INFO - Processing /home/airflow/.local/lib/python3.12/site-packages/airflow/example_dags/example_latest_only_with_trigger.py took 0.073 seconds
[2026-01-28T00:18:16.235+0000] {processor.py:161} INFO - Started process (PID=4368) to work on /home/airflow/.local/lib/python3.12/site-packages/airflow/example_dags/example_latest_only_with_trigger.py
[2026-01-28T00:18:16.236+0000] {processor.py:830} INFO - Processing file /home/airflow/.local/lib/python3.12/site-packages/airflow/example_dags/example_latest_only_with_trigger.py for tasks to queue
[2026-01-28T00:18:16.239+0000] {logging_mixin.py:188} INFO - [2026-01-28T00:18:16.238+0000] {dagbag.py:540} INFO - Filling up the DagBag from /home/airflow/.local/lib/python3.12/site-packages/airflow/example_dags/example_latest_only_with_trigger.py
[2026-01-28T00:18:16.247+0000] {processor.py:840} INFO - DAG(s) 'latest_only_with_trigger' retrieved from /home/airflow/.local/lib/python3.12/site-packages/airflow/example_dags/example_latest_only_with_trigger.py
[2026-01-28T00:18:16.267+0000] {logging_mixin.py:188} INFO - [2026-01-28T00:18:16.266+0000] {dag.py:3096} INFO - Sync 1 DAGs
[2026-01-28T00:18:16.286+0000] {logging_mixin.py:188} INFO - [2026-01-28T00:18:16.286+0000] {dag.py:3954} INFO - Setting next_dagrun for latest_only_with_trigger to 2026-01-27 20:00:00+00:00, run_after=2026-01-28 00:00:00+00:00
[2026-01-28T00:18:16.304+0000] {processor.py:183} INFO - Processing /home/airflow/.local/lib/python3.12/site-packages/airflow/example_dags/example_latest_only_with_trigger.py took 0.076 seconds
[2026-01-28T00:18:46.901+0000] {processor.py:161} INFO - Started process (PID=4420) to work on /home/airflow/.local/lib/python3.12/site-packages/airflow/example_dags/example_latest_only_with_trigger.py
[2026-01-28T00:18:46.902+0000] {processor.py:830} INFO - Processing file /home/airflow/.local/lib/python3.12/site-packages/airflow/example_dags/example_latest_only_with_trigger.py for tasks to queue
[2026-01-28T00:18:46.904+0000] {logging_mixin.py:188} INFO - [2026-01-28T00:18:46.904+0000] {dagbag.py:540} INFO - Filling up the DagBag from /home/airflow/.local/lib/python3.12/site-packages/airflow/example_dags/example_latest_only_with_trigger.py
[2026-01-28T00:18:46.910+0000] {processor.py:840} INFO - DAG(s) 'latest_only_with_trigger' retrieved from /home/airflow/.local/lib/python3.12/site-packages/airflow/example_dags/example_latest_only_with_trigger.py
[2026-01-28T00:18:46.932+0000] {logging_mixin.py:188} INFO - [2026-01-28T00:18:46.931+0000] {dag.py:3096} INFO - Sync 1 DAGs
[2026-01-28T00:18:46.953+0000] {logging_mixin.py:188} INFO - [2026-01-28T00:18:46.953+0000] {dag.py:3954} INFO - Setting next_dagrun for latest_only_with_trigger to 2026-01-27 20:00:00+00:00, run_after=2026-01-28 00:00:00+00:00
[2026-01-28T00:18:46.973+0000] {processor.py:183} INFO - Processing /home/airflow/.local/lib/python3.12/site-packages/airflow/example_dags/example_latest_only_with_trigger.py took 0.078 seconds
[2026-01-28T00:19:17.887+0000] {processor.py:161} INFO - Started process (PID=4472) to work on /home/airflow/.local/lib/python3.12/site-packages/airflow/example_dags/example_latest_only_with_trigger.py
[2026-01-28T00:19:17.888+0000] {processor.py:830} INFO - Processing file /home/airflow/.local/lib/python3.12/site-packages/airflow/example_dags/example_latest_only_with_trigger.py for tasks to queue
[2026-01-28T00:19:17.891+0000] {logging_mixin.py:188} INFO - [2026-01-28T00:19:17.890+0000] {dagbag.py:540} INFO - Filling up the DagBag from /home/airflow/.local/lib/python3.12/site-packages/airflow/example_dags/example_latest_only_with_trigger.py
[2026-01-28T00:19:17.897+0000] {processor.py:840} INFO - DAG(s) 'latest_only_with_trigger' retrieved from /home/airflow/.local/lib/python3.12/site-packages/airflow/example_dags/example_latest_only_with_trigger.py
[2026-01-28T00:19:17.918+0000] {logging_mixin.py:188} INFO - [2026-01-28T00:19:17.918+0000] {dag.py:3096} INFO - Sync 1 DAGs
[2026-01-28T00:19:17.939+0000] {logging_mixin.py:188} INFO - [2026-01-28T00:19:17.939+0000] {dag.py:3954} INFO - Setting next_dagrun for latest_only_with_trigger to 2026-01-27 20:00:00+00:00, run_after=2026-01-28 00:00:00+00:00
[2026-01-28T00:19:18.022+0000] {processor.py:183} INFO - Processing /home/airflow/.local/lib/python3.12/site-packages/airflow/example_dags/example_latest_only_with_trigger.py took 0.141 seconds
[2026-01-28T00:19:48.350+0000] {processor.py:161} INFO - Started process (PID=4524) to work on /home/airflow/.local/lib/python3.12/site-packages/airflow/example_dags/example_latest_only_with_trigger.py
[2026-01-28T00:19:48.352+0000] {processor.py:830} INFO - Processing file /home/airflow/.local/lib/python3.12/site-packages/airflow/example_dags/example_latest_only_with_trigger.py for tasks to queue
[2026-01-28T00:19:48.355+0000] {logging_mixin.py:188} INFO - [2026-01-28T00:19:48.354+0000] {dagbag.py:540} INFO - Filling up the DagBag from /home/airflow/.local/lib/python3.12/site-packages/airflow/example_dags/example_latest_only_with_trigger.py
[2026-01-28T00:19:48.363+0000] {processor.py:840} INFO - DAG(s) 'latest_only_with_trigger' retrieved from /home/airflow/.local/lib/python3.12/site-packages/airflow/example_dags/example_latest_only_with_trigger.py
[2026-01-28T00:19:48.389+0000] {logging_mixin.py:188} INFO - [2026-01-28T00:19:48.389+0000] {dag.py:3096} INFO - Sync 1 DAGs
[2026-01-28T00:19:48.422+0000] {logging_mixin.py:188} INFO - [2026-01-28T00:19:48.422+0000] {dag.py:3954} INFO - Setting next_dagrun for latest_only_with_trigger to 2026-01-27 20:00:00+00:00, run_after=2026-01-28 00:00:00+00:00
[2026-01-28T00:19:48.441+0000] {processor.py:183} INFO - Processing /home/airflow/.local/lib/python3.12/site-packages/airflow/example_dags/example_latest_only_with_trigger.py took 0.099 seconds
[2026-01-28T00:20:18.636+0000] {processor.py:161} INFO - Started process (PID=4576) to work on /home/airflow/.local/lib/python3.12/site-packages/airflow/example_dags/example_latest_only_with_trigger.py
[2026-01-28T00:20:18.638+0000] {processor.py:830} INFO - Processing file /home/airflow/.local/lib/python3.12/site-packages/airflow/example_dags/example_latest_only_with_trigger.py for tasks to queue
[2026-01-28T00:20:18.641+0000] {logging_mixin.py:188} INFO - [2026-01-28T00:20:18.640+0000] {dagbag.py:540} INFO - Filling up the DagBag from /home/airflow/.local/lib/python3.12/site-packages/airflow/example_dags/example_latest_only_with_trigger.py
[2026-01-28T00:20:18.649+0000] {processor.py:840} INFO - DAG(s) 'latest_only_with_trigger' retrieved from /home/airflow/.local/lib/python3.12/site-packages/airflow/example_dags/example_latest_only_with_trigger.py
[2026-01-28T00:20:18.674+0000] {logging_mixin.py:188} INFO - [2026-01-28T00:20:18.674+0000] {dag.py:3096} INFO - Sync 1 DAGs
[2026-01-28T00:20:18.703+0000] {logging_mixin.py:188} INFO - [2026-01-28T00:20:18.703+0000] {dag.py:3954} INFO - Setting next_dagrun for latest_only_with_trigger to 2026-01-27 20:00:00+00:00, run_after=2026-01-28 00:00:00+00:00
[2026-01-28T00:20:18.722+0000] {processor.py:183} INFO - Processing /home/airflow/.local/lib/python3.12/site-packages/airflow/example_dags/example_latest_only_with_trigger.py took 0.093 seconds
[2026-01-28T00:20:49.263+0000] {processor.py:161} INFO - Started process (PID=4628) to work on /home/airflow/.local/lib/python3.12/site-packages/airflow/example_dags/example_latest_only_with_trigger.py
[2026-01-28T00:20:49.264+0000] {processor.py:830} INFO - Processing file /home/airflow/.local/lib/python3.12/site-packages/airflow/example_dags/example_latest_only_with_trigger.py for tasks to queue
[2026-01-28T00:20:49.266+0000] {logging_mixin.py:188} INFO - [2026-01-28T00:20:49.266+0000] {dagbag.py:540} INFO - Filling up the DagBag from /home/airflow/.local/lib/python3.12/site-packages/airflow/example_dags/example_latest_only_with_trigger.py
[2026-01-28T00:20:49.273+0000] {processor.py:840} INFO - DAG(s) 'latest_only_with_trigger' retrieved from /home/airflow/.local/lib/python3.12/site-packages/airflow/example_dags/example_latest_only_with_trigger.py
[2026-01-28T00:20:49.294+0000] {logging_mixin.py:188} INFO - [2026-01-28T00:20:49.294+0000] {dag.py:3096} INFO - Sync 1 DAGs
[2026-01-28T00:20:49.316+0000] {logging_mixin.py:188} INFO - [2026-01-28T00:20:49.316+0000] {dag.py:3954} INFO - Setting next_dagrun for latest_only_with_trigger to 2026-01-27 20:00:00+00:00, run_after=2026-01-28 00:00:00+00:00
[2026-01-28T00:20:49.335+0000] {processor.py:183} INFO - Processing /home/airflow/.local/lib/python3.12/site-packages/airflow/example_dags/example_latest_only_with_trigger.py took 0.079 seconds
[2026-01-28T00:21:19.516+0000] {processor.py:161} INFO - Started process (PID=4680) to work on /home/airflow/.local/lib/python3.12/site-packages/airflow/example_dags/example_latest_only_with_trigger.py
[2026-01-28T00:21:19.518+0000] {processor.py:830} INFO - Processing file /home/airflow/.local/lib/python3.12/site-packages/airflow/example_dags/example_latest_only_with_trigger.py for tasks to queue
[2026-01-28T00:21:19.521+0000] {logging_mixin.py:188} INFO - [2026-01-28T00:21:19.521+0000] {dagbag.py:540} INFO - Filling up the DagBag from /home/airflow/.local/lib/python3.12/site-packages/airflow/example_dags/example_latest_only_with_trigger.py
[2026-01-28T00:21:19.530+0000] {processor.py:840} INFO - DAG(s) 'latest_only_with_trigger' retrieved from /home/airflow/.local/lib/python3.12/site-packages/airflow/example_dags/example_latest_only_with_trigger.py
[2026-01-28T00:21:19.556+0000] {logging_mixin.py:188} INFO - [2026-01-28T00:21:19.556+0000] {dag.py:3096} INFO - Sync 1 DAGs
[2026-01-28T00:21:19.581+0000] {logging_mixin.py:188} INFO - [2026-01-28T00:21:19.581+0000] {dag.py:3954} INFO - Setting next_dagrun for latest_only_with_trigger to 2026-01-27 20:00:00+00:00, run_after=2026-01-28 00:00:00+00:00
[2026-01-28T00:21:19.602+0000] {processor.py:183} INFO - Processing /home/airflow/.local/lib/python3.12/site-packages/airflow/example_dags/example_latest_only_with_trigger.py took 0.092 seconds
[2026-01-28T00:21:49.665+0000] {processor.py:161} INFO - Started process (PID=4732) to work on /home/airflow/.local/lib/python3.12/site-packages/airflow/example_dags/example_latest_only_with_trigger.py
[2026-01-28T00:21:49.666+0000] {processor.py:830} INFO - Processing file /home/airflow/.local/lib/python3.12/site-packages/airflow/example_dags/example_latest_only_with_trigger.py for tasks to queue
[2026-01-28T00:21:49.668+0000] {logging_mixin.py:188} INFO - [2026-01-28T00:21:49.668+0000] {dagbag.py:540} INFO - Filling up the DagBag from /home/airflow/.local/lib/python3.12/site-packages/airflow/example_dags/example_latest_only_with_trigger.py
[2026-01-28T00:21:49.674+0000] {processor.py:840} INFO - DAG(s) 'latest_only_with_trigger' retrieved from /home/airflow/.local/lib/python3.12/site-packages/airflow/example_dags/example_latest_only_with_trigger.py
[2026-01-28T00:21:49.696+0000] {logging_mixin.py:188} INFO - [2026-01-28T00:21:49.696+0000] {dag.py:3096} INFO - Sync 1 DAGs
[2026-01-28T00:21:49.716+0000] {logging_mixin.py:188} INFO - [2026-01-28T00:21:49.716+0000] {dag.py:3954} INFO - Setting next_dagrun for latest_only_with_trigger to 2026-01-27 20:00:00+00:00, run_after=2026-01-28 00:00:00+00:00
[2026-01-28T00:21:49.735+0000] {processor.py:183} INFO - Processing /home/airflow/.local/lib/python3.12/site-packages/airflow/example_dags/example_latest_only_with_trigger.py took 0.076 seconds
[2026-01-28T00:22:19.828+0000] {processor.py:161} INFO - Started process (PID=4784) to work on /home/airflow/.local/lib/python3.12/site-packages/airflow/example_dags/example_latest_only_with_trigger.py
[2026-01-28T00:22:19.829+0000] {processor.py:830} INFO - Processing file /home/airflow/.local/lib/python3.12/site-packages/airflow/example_dags/example_latest_only_with_trigger.py for tasks to queue
[2026-01-28T00:22:19.831+0000] {logging_mixin.py:188} INFO - [2026-01-28T00:22:19.831+0000] {dagbag.py:540} INFO - Filling up the DagBag from /home/airflow/.local/lib/python3.12/site-packages/airflow/example_dags/example_latest_only_with_trigger.py
[2026-01-28T00:22:19.837+0000] {processor.py:840} INFO - DAG(s) 'latest_only_with_trigger' retrieved from /home/airflow/.local/lib/python3.12/site-packages/airflow/example_dags/example_latest_only_with_trigger.py
[2026-01-28T00:22:19.857+0000] {logging_mixin.py:188} INFO - [2026-01-28T00:22:19.857+0000] {dag.py:3096} INFO - Sync 1 DAGs
[2026-01-28T00:22:19.879+0000] {logging_mixin.py:188} INFO - [2026-01-28T00:22:19.878+0000] {dag.py:3954} INFO - Setting next_dagrun for latest_only_with_trigger to 2026-01-27 20:00:00+00:00, run_after=2026-01-28 00:00:00+00:00
[2026-01-28T00:22:19.900+0000] {processor.py:183} INFO - Processing /home/airflow/.local/lib/python3.12/site-packages/airflow/example_dags/example_latest_only_with_trigger.py took 0.078 seconds
[2026-01-28T00:22:49.939+0000] {processor.py:161} INFO - Started process (PID=4835) to work on /home/airflow/.local/lib/python3.12/site-packages/airflow/example_dags/example_latest_only_with_trigger.py
[2026-01-28T00:22:49.940+0000] {processor.py:830} INFO - Processing file /home/airflow/.local/lib/python3.12/site-packages/airflow/example_dags/example_latest_only_with_trigger.py for tasks to queue
[2026-01-28T00:22:49.942+0000] {logging_mixin.py:188} INFO - [2026-01-28T00:22:49.942+0000] {dagbag.py:540} INFO - Filling up the DagBag from /home/airflow/.local/lib/python3.12/site-packages/airflow/example_dags/example_latest_only_with_trigger.py
[2026-01-28T00:22:49.947+0000] {processor.py:840} INFO - DAG(s) 'latest_only_with_trigger' retrieved from /home/airflow/.local/lib/python3.12/site-packages/airflow/example_dags/example_latest_only_with_trigger.py
[2026-01-28T00:22:49.970+0000] {logging_mixin.py:188} INFO - [2026-01-28T00:22:49.969+0000] {dag.py:3096} INFO - Sync 1 DAGs
[2026-01-28T00:22:49.990+0000] {logging_mixin.py:188} INFO - [2026-01-28T00:22:49.990+0000] {dag.py:3954} INFO - Setting next_dagrun for latest_only_with_trigger to 2026-01-27 20:00:00+00:00, run_after=2026-01-28 00:00:00+00:00
[2026-01-28T00:22:50.008+0000] {processor.py:183} INFO - Processing /home/airflow/.local/lib/python3.12/site-packages/airflow/example_dags/example_latest_only_with_trigger.py took 0.075 seconds
[2026-01-28T00:23:20.299+0000] {processor.py:161} INFO - Started process (PID=4888) to work on /home/airflow/.local/lib/python3.12/site-packages/airflow/example_dags/example_latest_only_with_trigger.py
[2026-01-28T00:23:20.301+0000] {processor.py:830} INFO - Processing file /home/airflow/.local/lib/python3.12/site-packages/airflow/example_dags/example_latest_only_with_trigger.py for tasks to queue
[2026-01-28T00:23:20.303+0000] {logging_mixin.py:188} INFO - [2026-01-28T00:23:20.303+0000] {dagbag.py:540} INFO - Filling up the DagBag from /home/airflow/.local/lib/python3.12/site-packages/airflow/example_dags/example_latest_only_with_trigger.py
[2026-01-28T00:23:20.311+0000] {processor.py:840} INFO - DAG(s) 'latest_only_with_trigger' retrieved from /home/airflow/.local/lib/python3.12/site-packages/airflow/example_dags/example_latest_only_with_trigger.py
[2026-01-28T00:23:20.334+0000] {logging_mixin.py:188} INFO - [2026-01-28T00:23:20.333+0000] {dag.py:3096} INFO - Sync 1 DAGs
[2026-01-28T00:23:20.358+0000] {logging_mixin.py:188} INFO - [2026-01-28T00:23:20.357+0000] {dag.py:3954} INFO - Setting next_dagrun for latest_only_with_trigger to 2026-01-27 20:00:00+00:00, run_after=2026-01-28 00:00:00+00:00
[2026-01-28T00:23:20.381+0000] {processor.py:183} INFO - Processing /home/airflow/.local/lib/python3.12/site-packages/airflow/example_dags/example_latest_only_with_trigger.py took 0.088 seconds
[2026-01-28T00:23:50.656+0000] {processor.py:161} INFO - Started process (PID=4940) to work on /home/airflow/.local/lib/python3.12/site-packages/airflow/example_dags/example_latest_only_with_trigger.py
[2026-01-28T00:23:50.657+0000] {processor.py:830} INFO - Processing file /home/airflow/.local/lib/python3.12/site-packages/airflow/example_dags/example_latest_only_with_trigger.py for tasks to queue
[2026-01-28T00:23:50.659+0000] {logging_mixin.py:188} INFO - [2026-01-28T00:23:50.659+0000] {dagbag.py:540} INFO - Filling up the DagBag from /home/airflow/.local/lib/python3.12/site-packages/airflow/example_dags/example_latest_only_with_trigger.py
[2026-01-28T00:23:50.665+0000] {processor.py:840} INFO - DAG(s) 'latest_only_with_trigger' retrieved from /home/airflow/.local/lib/python3.12/site-packages/airflow/example_dags/example_latest_only_with_trigger.py
[2026-01-28T00:23:50.686+0000] {logging_mixin.py:188} INFO - [2026-01-28T00:23:50.686+0000] {dag.py:3096} INFO - Sync 1 DAGs
[2026-01-28T00:23:50.708+0000] {logging_mixin.py:188} INFO - [2026-01-28T00:23:50.708+0000] {dag.py:3954} INFO - Setting next_dagrun for latest_only_with_trigger to 2026-01-27 20:00:00+00:00, run_after=2026-01-28 00:00:00+00:00
[2026-01-28T00:23:50.728+0000] {processor.py:183} INFO - Processing /home/airflow/.local/lib/python3.12/site-packages/airflow/example_dags/example_latest_only_with_trigger.py took 0.078 seconds
[2026-01-28T00:24:21.044+0000] {processor.py:161} INFO - Started process (PID=4992) to work on /home/airflow/.local/lib/python3.12/site-packages/airflow/example_dags/example_latest_only_with_trigger.py
[2026-01-28T00:24:21.045+0000] {processor.py:830} INFO - Processing file /home/airflow/.local/lib/python3.12/site-packages/airflow/example_dags/example_latest_only_with_trigger.py for tasks to queue
[2026-01-28T00:24:21.047+0000] {logging_mixin.py:188} INFO - [2026-01-28T00:24:21.047+0000] {dagbag.py:540} INFO - Filling up the DagBag from /home/airflow/.local/lib/python3.12/site-packages/airflow/example_dags/example_latest_only_with_trigger.py
[2026-01-28T00:24:21.053+0000] {processor.py:840} INFO - DAG(s) 'latest_only_with_trigger' retrieved from /home/airflow/.local/lib/python3.12/site-packages/airflow/example_dags/example_latest_only_with_trigger.py
[2026-01-28T00:24:21.073+0000] {logging_mixin.py:188} INFO - [2026-01-28T00:24:21.073+0000] {dag.py:3096} INFO - Sync 1 DAGs
[2026-01-28T00:24:21.092+0000] {logging_mixin.py:188} INFO - [2026-01-28T00:24:21.092+0000] {dag.py:3954} INFO - Setting next_dagrun for latest_only_with_trigger to 2026-01-27 20:00:00+00:00, run_after=2026-01-28 00:00:00+00:00
[2026-01-28T00:24:21.110+0000] {processor.py:183} INFO - Processing /home/airflow/.local/lib/python3.12/site-packages/airflow/example_dags/example_latest_only_with_trigger.py took 0.071 seconds
[2026-01-28T00:24:51.220+0000] {processor.py:161} INFO - Started process (PID=5044) to work on /home/airflow/.local/lib/python3.12/site-packages/airflow/example_dags/example_latest_only_with_trigger.py
[2026-01-28T00:24:51.221+0000] {processor.py:830} INFO - Processing file /home/airflow/.local/lib/python3.12/site-packages/airflow/example_dags/example_latest_only_with_trigger.py for tasks to queue
[2026-01-28T00:24:51.223+0000] {logging_mixin.py:188} INFO - [2026-01-28T00:24:51.223+0000] {dagbag.py:540} INFO - Filling up the DagBag from /home/airflow/.local/lib/python3.12/site-packages/airflow/example_dags/example_latest_only_with_trigger.py
[2026-01-28T00:24:51.229+0000] {processor.py:840} INFO - DAG(s) 'latest_only_with_trigger' retrieved from /home/airflow/.local/lib/python3.12/site-packages/airflow/example_dags/example_latest_only_with_trigger.py
[2026-01-28T00:24:51.248+0000] {logging_mixin.py:188} INFO - [2026-01-28T00:24:51.248+0000] {dag.py:3096} INFO - Sync 1 DAGs
[2026-01-28T00:24:51.267+0000] {logging_mixin.py:188} INFO - [2026-01-28T00:24:51.267+0000] {dag.py:3954} INFO - Setting next_dagrun for latest_only_with_trigger to 2026-01-27 20:00:00+00:00, run_after=2026-01-28 00:00:00+00:00
[2026-01-28T00:24:51.285+0000] {processor.py:183} INFO - Processing /home/airflow/.local/lib/python3.12/site-packages/airflow/example_dags/example_latest_only_with_trigger.py took 0.071 seconds
[2026-01-28T00:25:21.404+0000] {processor.py:161} INFO - Started process (PID=5096) to work on /home/airflow/.local/lib/python3.12/site-packages/airflow/example_dags/example_latest_only_with_trigger.py
[2026-01-28T00:25:21.405+0000] {processor.py:830} INFO - Processing file /home/airflow/.local/lib/python3.12/site-packages/airflow/example_dags/example_latest_only_with_trigger.py for tasks to queue
[2026-01-28T00:25:21.407+0000] {logging_mixin.py:188} INFO - [2026-01-28T00:25:21.407+0000] {dagbag.py:540} INFO - Filling up the DagBag from /home/airflow/.local/lib/python3.12/site-packages/airflow/example_dags/example_latest_only_with_trigger.py
[2026-01-28T00:25:21.413+0000] {processor.py:840} INFO - DAG(s) 'latest_only_with_trigger' retrieved from /home/airflow/.local/lib/python3.12/site-packages/airflow/example_dags/example_latest_only_with_trigger.py
[2026-01-28T00:25:21.434+0000] {logging_mixin.py:188} INFO - [2026-01-28T00:25:21.434+0000] {dag.py:3096} INFO - Sync 1 DAGs
[2026-01-28T00:25:21.454+0000] {logging_mixin.py:188} INFO - [2026-01-28T00:25:21.454+0000] {dag.py:3954} INFO - Setting next_dagrun for latest_only_with_trigger to 2026-01-27 20:00:00+00:00, run_after=2026-01-28 00:00:00+00:00
[2026-01-28T00:25:21.474+0000] {processor.py:183} INFO - Processing /home/airflow/.local/lib/python3.12/site-packages/airflow/example_dags/example_latest_only_with_trigger.py took 0.077 seconds
[2026-01-28T00:25:51.591+0000] {processor.py:161} INFO - Started process (PID=5148) to work on /home/airflow/.local/lib/python3.12/site-packages/airflow/example_dags/example_latest_only_with_trigger.py
[2026-01-28T00:25:51.592+0000] {processor.py:830} INFO - Processing file /home/airflow/.local/lib/python3.12/site-packages/airflow/example_dags/example_latest_only_with_trigger.py for tasks to queue
[2026-01-28T00:25:51.594+0000] {logging_mixin.py:188} INFO - [2026-01-28T00:25:51.593+0000] {dagbag.py:540} INFO - Filling up the DagBag from /home/airflow/.local/lib/python3.12/site-packages/airflow/example_dags/example_latest_only_with_trigger.py
[2026-01-28T00:25:51.599+0000] {processor.py:840} INFO - DAG(s) 'latest_only_with_trigger' retrieved from /home/airflow/.local/lib/python3.12/site-packages/airflow/example_dags/example_latest_only_with_trigger.py
[2026-01-28T00:25:51.618+0000] {logging_mixin.py:188} INFO - [2026-01-28T00:25:51.617+0000] {dag.py:3096} INFO - Sync 1 DAGs
[2026-01-28T00:25:51.637+0000] {logging_mixin.py:188} INFO - [2026-01-28T00:25:51.637+0000] {dag.py:3954} INFO - Setting next_dagrun for latest_only_with_trigger to 2026-01-27 20:00:00+00:00, run_after=2026-01-28 00:00:00+00:00
[2026-01-28T00:25:51.655+0000] {processor.py:183} INFO - Processing /home/airflow/.local/lib/python3.12/site-packages/airflow/example_dags/example_latest_only_with_trigger.py took 0.069 seconds
[2026-01-28T00:26:21.867+0000] {processor.py:161} INFO - Started process (PID=5200) to work on /home/airflow/.local/lib/python3.12/site-packages/airflow/example_dags/example_latest_only_with_trigger.py
[2026-01-28T00:26:21.868+0000] {processor.py:830} INFO - Processing file /home/airflow/.local/lib/python3.12/site-packages/airflow/example_dags/example_latest_only_with_trigger.py for tasks to queue
[2026-01-28T00:26:21.870+0000] {logging_mixin.py:188} INFO - [2026-01-28T00:26:21.870+0000] {dagbag.py:540} INFO - Filling up the DagBag from /home/airflow/.local/lib/python3.12/site-packages/airflow/example_dags/example_latest_only_with_trigger.py
[2026-01-28T00:26:21.876+0000] {processor.py:840} INFO - DAG(s) 'latest_only_with_trigger' retrieved from /home/airflow/.local/lib/python3.12/site-packages/airflow/example_dags/example_latest_only_with_trigger.py
[2026-01-28T00:26:21.895+0000] {logging_mixin.py:188} INFO - [2026-01-28T00:26:21.895+0000] {dag.py:3096} INFO - Sync 1 DAGs
[2026-01-28T00:26:21.915+0000] {logging_mixin.py:188} INFO - [2026-01-28T00:26:21.914+0000] {dag.py:3954} INFO - Setting next_dagrun for latest_only_with_trigger to 2026-01-27 20:00:00+00:00, run_after=2026-01-28 00:00:00+00:00
[2026-01-28T00:26:21.933+0000] {processor.py:183} INFO - Processing /home/airflow/.local/lib/python3.12/site-packages/airflow/example_dags/example_latest_only_with_trigger.py took 0.071 seconds
[2026-01-28T00:26:52.319+0000] {processor.py:161} INFO - Started process (PID=5252) to work on /home/airflow/.local/lib/python3.12/site-packages/airflow/example_dags/example_latest_only_with_trigger.py
[2026-01-28T00:26:52.321+0000] {processor.py:830} INFO - Processing file /home/airflow/.local/lib/python3.12/site-packages/airflow/example_dags/example_latest_only_with_trigger.py for tasks to queue
[2026-01-28T00:26:52.323+0000] {logging_mixin.py:188} INFO - [2026-01-28T00:26:52.322+0000] {dagbag.py:540} INFO - Filling up the DagBag from /home/airflow/.local/lib/python3.12/site-packages/airflow/example_dags/example_latest_only_with_trigger.py
[2026-01-28T00:26:52.329+0000] {processor.py:840} INFO - DAG(s) 'latest_only_with_trigger' retrieved from /home/airflow/.local/lib/python3.12/site-packages/airflow/example_dags/example_latest_only_with_trigger.py
[2026-01-28T00:26:52.351+0000] {logging_mixin.py:188} INFO - [2026-01-28T00:26:52.350+0000] {dag.py:3096} INFO - Sync 1 DAGs
[2026-01-28T00:26:52.371+0000] {logging_mixin.py:188} INFO - [2026-01-28T00:26:52.371+0000] {dag.py:3954} INFO - Setting next_dagrun for latest_only_with_trigger to 2026-01-27 20:00:00+00:00, run_after=2026-01-28 00:00:00+00:00
[2026-01-28T00:26:52.391+0000] {processor.py:183} INFO - Processing /home/airflow/.local/lib/python3.12/site-packages/airflow/example_dags/example_latest_only_with_trigger.py took 0.077 seconds
[2026-01-28T00:27:22.843+0000] {processor.py:161} INFO - Started process (PID=5304) to work on /home/airflow/.local/lib/python3.12/site-packages/airflow/example_dags/example_latest_only_with_trigger.py
[2026-01-28T00:27:22.844+0000] {processor.py:830} INFO - Processing file /home/airflow/.local/lib/python3.12/site-packages/airflow/example_dags/example_latest_only_with_trigger.py for tasks to queue
[2026-01-28T00:27:22.846+0000] {logging_mixin.py:188} INFO - [2026-01-28T00:27:22.846+0000] {dagbag.py:540} INFO - Filling up the DagBag from /home/airflow/.local/lib/python3.12/site-packages/airflow/example_dags/example_latest_only_with_trigger.py
[2026-01-28T00:27:22.853+0000] {processor.py:840} INFO - DAG(s) 'latest_only_with_trigger' retrieved from /home/airflow/.local/lib/python3.12/site-packages/airflow/example_dags/example_latest_only_with_trigger.py
[2026-01-28T00:27:22.874+0000] {logging_mixin.py:188} INFO - [2026-01-28T00:27:22.874+0000] {dag.py:3096} INFO - Sync 1 DAGs
[2026-01-28T00:27:22.897+0000] {logging_mixin.py:188} INFO - [2026-01-28T00:27:22.897+0000] {dag.py:3954} INFO - Setting next_dagrun for latest_only_with_trigger to 2026-01-27 20:00:00+00:00, run_after=2026-01-28 00:00:00+00:00
[2026-01-28T00:27:22.917+0000] {processor.py:183} INFO - Processing /home/airflow/.local/lib/python3.12/site-packages/airflow/example_dags/example_latest_only_with_trigger.py took 0.082 seconds
[2026-01-28T00:27:53.261+0000] {processor.py:161} INFO - Started process (PID=5356) to work on /home/airflow/.local/lib/python3.12/site-packages/airflow/example_dags/example_latest_only_with_trigger.py
[2026-01-28T00:27:53.263+0000] {processor.py:830} INFO - Processing file /home/airflow/.local/lib/python3.12/site-packages/airflow/example_dags/example_latest_only_with_trigger.py for tasks to queue
[2026-01-28T00:27:53.265+0000] {logging_mixin.py:188} INFO - [2026-01-28T00:27:53.265+0000] {dagbag.py:540} INFO - Filling up the DagBag from /home/airflow/.local/lib/python3.12/site-packages/airflow/example_dags/example_latest_only_with_trigger.py
[2026-01-28T00:27:53.271+0000] {processor.py:840} INFO - DAG(s) 'latest_only_with_trigger' retrieved from /home/airflow/.local/lib/python3.12/site-packages/airflow/example_dags/example_latest_only_with_trigger.py
[2026-01-28T00:27:53.292+0000] {logging_mixin.py:188} INFO - [2026-01-28T00:27:53.292+0000] {dag.py:3096} INFO - Sync 1 DAGs
[2026-01-28T00:27:53.315+0000] {logging_mixin.py:188} INFO - [2026-01-28T00:27:53.314+0000] {dag.py:3954} INFO - Setting next_dagrun for latest_only_with_trigger to 2026-01-27 20:00:00+00:00, run_after=2026-01-28 00:00:00+00:00
[2026-01-28T00:27:53.336+0000] {processor.py:183} INFO - Processing /home/airflow/.local/lib/python3.12/site-packages/airflow/example_dags/example_latest_only_with_trigger.py took 0.081 seconds
[2026-01-28T00:28:24.010+0000] {processor.py:161} INFO - Started process (PID=5408) to work on /home/airflow/.local/lib/python3.12/site-packages/airflow/example_dags/example_latest_only_with_trigger.py
[2026-01-28T00:28:24.012+0000] {processor.py:830} INFO - Processing file /home/airflow/.local/lib/python3.12/site-packages/airflow/example_dags/example_latest_only_with_trigger.py for tasks to queue
[2026-01-28T00:28:24.014+0000] {logging_mixin.py:188} INFO - [2026-01-28T00:28:24.013+0000] {dagbag.py:540} INFO - Filling up the DagBag from /home/airflow/.local/lib/python3.12/site-packages/airflow/example_dags/example_latest_only_with_trigger.py
[2026-01-28T00:28:24.020+0000] {processor.py:840} INFO - DAG(s) 'latest_only_with_trigger' retrieved from /home/airflow/.local/lib/python3.12/site-packages/airflow/example_dags/example_latest_only_with_trigger.py
[2026-01-28T00:28:24.042+0000] {logging_mixin.py:188} INFO - [2026-01-28T00:28:24.042+0000] {dag.py:3096} INFO - Sync 1 DAGs
[2026-01-28T00:28:24.063+0000] {logging_mixin.py:188} INFO - [2026-01-28T00:28:24.063+0000] {dag.py:3954} INFO - Setting next_dagrun for latest_only_with_trigger to 2026-01-27 20:00:00+00:00, run_after=2026-01-28 00:00:00+00:00
[2026-01-28T00:28:24.082+0000] {processor.py:183} INFO - Processing /home/airflow/.local/lib/python3.12/site-packages/airflow/example_dags/example_latest_only_with_trigger.py took 0.078 seconds
[2026-01-28T00:28:54.178+0000] {processor.py:161} INFO - Started process (PID=5460) to work on /home/airflow/.local/lib/python3.12/site-packages/airflow/example_dags/example_latest_only_with_trigger.py
[2026-01-28T00:28:54.179+0000] {processor.py:830} INFO - Processing file /home/airflow/.local/lib/python3.12/site-packages/airflow/example_dags/example_latest_only_with_trigger.py for tasks to queue
[2026-01-28T00:28:54.181+0000] {logging_mixin.py:188} INFO - [2026-01-28T00:28:54.181+0000] {dagbag.py:540} INFO - Filling up the DagBag from /home/airflow/.local/lib/python3.12/site-packages/airflow/example_dags/example_latest_only_with_trigger.py
[2026-01-28T00:28:54.187+0000] {processor.py:840} INFO - DAG(s) 'latest_only_with_trigger' retrieved from /home/airflow/.local/lib/python3.12/site-packages/airflow/example_dags/example_latest_only_with_trigger.py
[2026-01-28T00:28:54.207+0000] {logging_mixin.py:188} INFO - [2026-01-28T00:28:54.207+0000] {dag.py:3096} INFO - Sync 1 DAGs
[2026-01-28T00:28:54.225+0000] {logging_mixin.py:188} INFO - [2026-01-28T00:28:54.225+0000] {dag.py:3954} INFO - Setting next_dagrun for latest_only_with_trigger to 2026-01-27 20:00:00+00:00, run_after=2026-01-28 00:00:00+00:00
[2026-01-28T00:28:54.244+0000] {processor.py:183} INFO - Processing /home/airflow/.local/lib/python3.12/site-packages/airflow/example_dags/example_latest_only_with_trigger.py took 0.072 seconds
[2026-01-28T00:29:24.300+0000] {processor.py:161} INFO - Started process (PID=5511) to work on /home/airflow/.local/lib/python3.12/site-packages/airflow/example_dags/example_latest_only_with_trigger.py
[2026-01-28T00:29:24.301+0000] {processor.py:830} INFO - Processing file /home/airflow/.local/lib/python3.12/site-packages/airflow/example_dags/example_latest_only_with_trigger.py for tasks to queue
[2026-01-28T00:29:24.303+0000] {logging_mixin.py:188} INFO - [2026-01-28T00:29:24.303+0000] {dagbag.py:540} INFO - Filling up the DagBag from /home/airflow/.local/lib/python3.12/site-packages/airflow/example_dags/example_latest_only_with_trigger.py
[2026-01-28T00:29:24.308+0000] {processor.py:840} INFO - DAG(s) 'latest_only_with_trigger' retrieved from /home/airflow/.local/lib/python3.12/site-packages/airflow/example_dags/example_latest_only_with_trigger.py
[2026-01-28T00:29:24.327+0000] {logging_mixin.py:188} INFO - [2026-01-28T00:29:24.327+0000] {dag.py:3096} INFO - Sync 1 DAGs
[2026-01-28T00:29:24.344+0000] {logging_mixin.py:188} INFO - [2026-01-28T00:29:24.344+0000] {dag.py:3954} INFO - Setting next_dagrun for latest_only_with_trigger to 2026-01-27 20:00:00+00:00, run_after=2026-01-28 00:00:00+00:00
[2026-01-28T00:29:24.362+0000] {processor.py:183} INFO - Processing /home/airflow/.local/lib/python3.12/site-packages/airflow/example_dags/example_latest_only_with_trigger.py took 0.067 seconds
[2026-01-28T00:29:55.027+0000] {processor.py:161} INFO - Started process (PID=5562) to work on /home/airflow/.local/lib/python3.12/site-packages/airflow/example_dags/example_latest_only_with_trigger.py
[2026-01-28T00:29:55.028+0000] {processor.py:830} INFO - Processing file /home/airflow/.local/lib/python3.12/site-packages/airflow/example_dags/example_latest_only_with_trigger.py for tasks to queue
[2026-01-28T00:29:55.030+0000] {logging_mixin.py:188} INFO - [2026-01-28T00:29:55.030+0000] {dagbag.py:540} INFO - Filling up the DagBag from /home/airflow/.local/lib/python3.12/site-packages/airflow/example_dags/example_latest_only_with_trigger.py
[2026-01-28T00:29:55.036+0000] {processor.py:840} INFO - DAG(s) 'latest_only_with_trigger' retrieved from /home/airflow/.local/lib/python3.12/site-packages/airflow/example_dags/example_latest_only_with_trigger.py
[2026-01-28T00:29:55.058+0000] {logging_mixin.py:188} INFO - [2026-01-28T00:29:55.058+0000] {dag.py:3096} INFO - Sync 1 DAGs
[2026-01-28T00:29:55.081+0000] {logging_mixin.py:188} INFO - [2026-01-28T00:29:55.081+0000] {dag.py:3954} INFO - Setting next_dagrun for latest_only_with_trigger to 2026-01-27 20:00:00+00:00, run_after=2026-01-28 00:00:00+00:00
[2026-01-28T00:29:55.098+0000] {processor.py:183} INFO - Processing /home/airflow/.local/lib/python3.12/site-packages/airflow/example_dags/example_latest_only_with_trigger.py took 0.077 seconds
[2026-01-28T00:30:25.609+0000] {processor.py:161} INFO - Started process (PID=5614) to work on /home/airflow/.local/lib/python3.12/site-packages/airflow/example_dags/example_latest_only_with_trigger.py
[2026-01-28T00:30:25.611+0000] {processor.py:830} INFO - Processing file /home/airflow/.local/lib/python3.12/site-packages/airflow/example_dags/example_latest_only_with_trigger.py for tasks to queue
[2026-01-28T00:30:25.613+0000] {logging_mixin.py:188} INFO - [2026-01-28T00:30:25.613+0000] {dagbag.py:540} INFO - Filling up the DagBag from /home/airflow/.local/lib/python3.12/site-packages/airflow/example_dags/example_latest_only_with_trigger.py
[2026-01-28T00:30:25.620+0000] {processor.py:840} INFO - DAG(s) 'latest_only_with_trigger' retrieved from /home/airflow/.local/lib/python3.12/site-packages/airflow/example_dags/example_latest_only_with_trigger.py
[2026-01-28T00:30:25.642+0000] {logging_mixin.py:188} INFO - [2026-01-28T00:30:25.642+0000] {dag.py:3096} INFO - Sync 1 DAGs
[2026-01-28T00:30:25.663+0000] {logging_mixin.py:188} INFO - [2026-01-28T00:30:25.663+0000] {dag.py:3954} INFO - Setting next_dagrun for latest_only_with_trigger to 2026-01-27 20:00:00+00:00, run_after=2026-01-28 00:00:00+00:00
[2026-01-28T00:30:25.680+0000] {processor.py:183} INFO - Processing /home/airflow/.local/lib/python3.12/site-packages/airflow/example_dags/example_latest_only_with_trigger.py took 0.076 seconds
[2026-01-28T00:30:56.179+0000] {processor.py:161} INFO - Started process (PID=5666) to work on /home/airflow/.local/lib/python3.12/site-packages/airflow/example_dags/example_latest_only_with_trigger.py
[2026-01-28T00:30:56.180+0000] {processor.py:830} INFO - Processing file /home/airflow/.local/lib/python3.12/site-packages/airflow/example_dags/example_latest_only_with_trigger.py for tasks to queue
[2026-01-28T00:30:56.183+0000] {logging_mixin.py:188} INFO - [2026-01-28T00:30:56.182+0000] {dagbag.py:540} INFO - Filling up the DagBag from /home/airflow/.local/lib/python3.12/site-packages/airflow/example_dags/example_latest_only_with_trigger.py
[2026-01-28T00:30:56.188+0000] {processor.py:840} INFO - DAG(s) 'latest_only_with_trigger' retrieved from /home/airflow/.local/lib/python3.12/site-packages/airflow/example_dags/example_latest_only_with_trigger.py
[2026-01-28T00:30:56.208+0000] {logging_mixin.py:188} INFO - [2026-01-28T00:30:56.208+0000] {dag.py:3096} INFO - Sync 1 DAGs
[2026-01-28T00:30:56.229+0000] {logging_mixin.py:188} INFO - [2026-01-28T00:30:56.229+0000] {dag.py:3954} INFO - Setting next_dagrun for latest_only_with_trigger to 2026-01-27 20:00:00+00:00, run_after=2026-01-28 00:00:00+00:00
[2026-01-28T00:30:56.247+0000] {processor.py:183} INFO - Processing /home/airflow/.local/lib/python3.12/site-packages/airflow/example_dags/example_latest_only_with_trigger.py took 0.073 seconds
[2026-01-28T00:31:26.707+0000] {processor.py:161} INFO - Started process (PID=5718) to work on /home/airflow/.local/lib/python3.12/site-packages/airflow/example_dags/example_latest_only_with_trigger.py
[2026-01-28T00:31:26.709+0000] {processor.py:830} INFO - Processing file /home/airflow/.local/lib/python3.12/site-packages/airflow/example_dags/example_latest_only_with_trigger.py for tasks to queue
[2026-01-28T00:31:26.713+0000] {logging_mixin.py:188} INFO - [2026-01-28T00:31:26.713+0000] {dagbag.py:540} INFO - Filling up the DagBag from /home/airflow/.local/lib/python3.12/site-packages/airflow/example_dags/example_latest_only_with_trigger.py
[2026-01-28T00:31:26.720+0000] {processor.py:840} INFO - DAG(s) 'latest_only_with_trigger' retrieved from /home/airflow/.local/lib/python3.12/site-packages/airflow/example_dags/example_latest_only_with_trigger.py
[2026-01-28T00:31:26.761+0000] {logging_mixin.py:188} INFO - [2026-01-28T00:31:26.761+0000] {dag.py:3096} INFO - Sync 1 DAGs
[2026-01-28T00:31:26.791+0000] {logging_mixin.py:188} INFO - [2026-01-28T00:31:26.790+0000] {dag.py:3954} INFO - Setting next_dagrun for latest_only_with_trigger to 2026-01-27 20:00:00+00:00, run_after=2026-01-28 00:00:00+00:00
[2026-01-28T00:31:26.813+0000] {processor.py:183} INFO - Processing /home/airflow/.local/lib/python3.12/site-packages/airflow/example_dags/example_latest_only_with_trigger.py took 0.117 seconds
[2026-01-28T00:31:57.343+0000] {processor.py:161} INFO - Started process (PID=5770) to work on /home/airflow/.local/lib/python3.12/site-packages/airflow/example_dags/example_latest_only_with_trigger.py
[2026-01-28T00:31:57.344+0000] {processor.py:830} INFO - Processing file /home/airflow/.local/lib/python3.12/site-packages/airflow/example_dags/example_latest_only_with_trigger.py for tasks to queue
[2026-01-28T00:31:57.346+0000] {logging_mixin.py:188} INFO - [2026-01-28T00:31:57.346+0000] {dagbag.py:540} INFO - Filling up the DagBag from /home/airflow/.local/lib/python3.12/site-packages/airflow/example_dags/example_latest_only_with_trigger.py
[2026-01-28T00:31:57.352+0000] {processor.py:840} INFO - DAG(s) 'latest_only_with_trigger' retrieved from /home/airflow/.local/lib/python3.12/site-packages/airflow/example_dags/example_latest_only_with_trigger.py
[2026-01-28T00:31:57.372+0000] {logging_mixin.py:188} INFO - [2026-01-28T00:31:57.371+0000] {dag.py:3096} INFO - Sync 1 DAGs
[2026-01-28T00:31:57.392+0000] {logging_mixin.py:188} INFO - [2026-01-28T00:31:57.392+0000] {dag.py:3954} INFO - Setting next_dagrun for latest_only_with_trigger to 2026-01-27 20:00:00+00:00, run_after=2026-01-28 00:00:00+00:00
[2026-01-28T00:31:57.410+0000] {processor.py:183} INFO - Processing /home/airflow/.local/lib/python3.12/site-packages/airflow/example_dags/example_latest_only_with_trigger.py took 0.073 seconds
[2026-01-28T00:32:27.929+0000] {processor.py:161} INFO - Started process (PID=5822) to work on /home/airflow/.local/lib/python3.12/site-packages/airflow/example_dags/example_latest_only_with_trigger.py
[2026-01-28T00:32:27.930+0000] {processor.py:830} INFO - Processing file /home/airflow/.local/lib/python3.12/site-packages/airflow/example_dags/example_latest_only_with_trigger.py for tasks to queue
[2026-01-28T00:32:27.933+0000] {logging_mixin.py:188} INFO - [2026-01-28T00:32:27.932+0000] {dagbag.py:540} INFO - Filling up the DagBag from /home/airflow/.local/lib/python3.12/site-packages/airflow/example_dags/example_latest_only_with_trigger.py
[2026-01-28T00:32:27.938+0000] {processor.py:840} INFO - DAG(s) 'latest_only_with_trigger' retrieved from /home/airflow/.local/lib/python3.12/site-packages/airflow/example_dags/example_latest_only_with_trigger.py
[2026-01-28T00:32:27.957+0000] {logging_mixin.py:188} INFO - [2026-01-28T00:32:27.957+0000] {dag.py:3096} INFO - Sync 1 DAGs
[2026-01-28T00:32:27.976+0000] {logging_mixin.py:188} INFO - [2026-01-28T00:32:27.976+0000] {dag.py:3954} INFO - Setting next_dagrun for latest_only_with_trigger to 2026-01-27 20:00:00+00:00, run_after=2026-01-28 00:00:00+00:00
[2026-01-28T00:32:27.994+0000] {processor.py:183} INFO - Processing /home/airflow/.local/lib/python3.12/site-packages/airflow/example_dags/example_latest_only_with_trigger.py took 0.071 seconds
[2026-01-28T00:32:58.462+0000] {processor.py:161} INFO - Started process (PID=5874) to work on /home/airflow/.local/lib/python3.12/site-packages/airflow/example_dags/example_latest_only_with_trigger.py
[2026-01-28T00:32:58.463+0000] {processor.py:830} INFO - Processing file /home/airflow/.local/lib/python3.12/site-packages/airflow/example_dags/example_latest_only_with_trigger.py for tasks to queue
[2026-01-28T00:32:58.465+0000] {logging_mixin.py:188} INFO - [2026-01-28T00:32:58.465+0000] {dagbag.py:540} INFO - Filling up the DagBag from /home/airflow/.local/lib/python3.12/site-packages/airflow/example_dags/example_latest_only_with_trigger.py
[2026-01-28T00:32:58.470+0000] {processor.py:840} INFO - DAG(s) 'latest_only_with_trigger' retrieved from /home/airflow/.local/lib/python3.12/site-packages/airflow/example_dags/example_latest_only_with_trigger.py
[2026-01-28T00:32:58.491+0000] {logging_mixin.py:188} INFO - [2026-01-28T00:32:58.491+0000] {dag.py:3096} INFO - Sync 1 DAGs
[2026-01-28T00:32:58.510+0000] {logging_mixin.py:188} INFO - [2026-01-28T00:32:58.510+0000] {dag.py:3954} INFO - Setting next_dagrun for latest_only_with_trigger to 2026-01-27 20:00:00+00:00, run_after=2026-01-28 00:00:00+00:00
[2026-01-28T00:32:58.528+0000] {processor.py:183} INFO - Processing /home/airflow/.local/lib/python3.12/site-packages/airflow/example_dags/example_latest_only_with_trigger.py took 0.072 seconds
[2026-01-28T00:33:29.009+0000] {processor.py:161} INFO - Started process (PID=5926) to work on /home/airflow/.local/lib/python3.12/site-packages/airflow/example_dags/example_latest_only_with_trigger.py
[2026-01-28T00:33:29.010+0000] {processor.py:830} INFO - Processing file /home/airflow/.local/lib/python3.12/site-packages/airflow/example_dags/example_latest_only_with_trigger.py for tasks to queue
[2026-01-28T00:33:29.012+0000] {logging_mixin.py:188} INFO - [2026-01-28T00:33:29.012+0000] {dagbag.py:540} INFO - Filling up the DagBag from /home/airflow/.local/lib/python3.12/site-packages/airflow/example_dags/example_latest_only_with_trigger.py
[2026-01-28T00:33:29.017+0000] {processor.py:840} INFO - DAG(s) 'latest_only_with_trigger' retrieved from /home/airflow/.local/lib/python3.12/site-packages/airflow/example_dags/example_latest_only_with_trigger.py
[2026-01-28T00:33:29.037+0000] {logging_mixin.py:188} INFO - [2026-01-28T00:33:29.037+0000] {dag.py:3096} INFO - Sync 1 DAGs
[2026-01-28T00:33:29.057+0000] {logging_mixin.py:188} INFO - [2026-01-28T00:33:29.057+0000] {dag.py:3954} INFO - Setting next_dagrun for latest_only_with_trigger to 2026-01-27 20:00:00+00:00, run_after=2026-01-28 00:00:00+00:00
[2026-01-28T00:33:29.075+0000] {processor.py:183} INFO - Processing /home/airflow/.local/lib/python3.12/site-packages/airflow/example_dags/example_latest_only_with_trigger.py took 0.071 seconds
[2026-01-28T00:33:59.561+0000] {processor.py:161} INFO - Started process (PID=5978) to work on /home/airflow/.local/lib/python3.12/site-packages/airflow/example_dags/example_latest_only_with_trigger.py
[2026-01-28T00:33:59.563+0000] {processor.py:830} INFO - Processing file /home/airflow/.local/lib/python3.12/site-packages/airflow/example_dags/example_latest_only_with_trigger.py for tasks to queue
[2026-01-28T00:33:59.565+0000] {logging_mixin.py:188} INFO - [2026-01-28T00:33:59.564+0000] {dagbag.py:540} INFO - Filling up the DagBag from /home/airflow/.local/lib/python3.12/site-packages/airflow/example_dags/example_latest_only_with_trigger.py
[2026-01-28T00:33:59.571+0000] {processor.py:840} INFO - DAG(s) 'latest_only_with_trigger' retrieved from /home/airflow/.local/lib/python3.12/site-packages/airflow/example_dags/example_latest_only_with_trigger.py
[2026-01-28T00:33:59.596+0000] {logging_mixin.py:188} INFO - [2026-01-28T00:33:59.595+0000] {dag.py:3096} INFO - Sync 1 DAGs
[2026-01-28T00:33:59.616+0000] {logging_mixin.py:188} INFO - [2026-01-28T00:33:59.615+0000] {dag.py:3954} INFO - Setting next_dagrun for latest_only_with_trigger to 2026-01-27 20:00:00+00:00, run_after=2026-01-28 00:00:00+00:00
[2026-01-28T00:33:59.637+0000] {processor.py:183} INFO - Processing /home/airflow/.local/lib/python3.12/site-packages/airflow/example_dags/example_latest_only_with_trigger.py took 0.082 seconds
[2026-01-28T00:34:29.713+0000] {processor.py:161} INFO - Started process (PID=6029) to work on /home/airflow/.local/lib/python3.12/site-packages/airflow/example_dags/example_latest_only_with_trigger.py
[2026-01-28T00:34:29.715+0000] {processor.py:830} INFO - Processing file /home/airflow/.local/lib/python3.12/site-packages/airflow/example_dags/example_latest_only_with_trigger.py for tasks to queue
[2026-01-28T00:34:29.717+0000] {logging_mixin.py:188} INFO - [2026-01-28T00:34:29.716+0000] {dagbag.py:540} INFO - Filling up the DagBag from /home/airflow/.local/lib/python3.12/site-packages/airflow/example_dags/example_latest_only_with_trigger.py
[2026-01-28T00:34:29.722+0000] {processor.py:840} INFO - DAG(s) 'latest_only_with_trigger' retrieved from /home/airflow/.local/lib/python3.12/site-packages/airflow/example_dags/example_latest_only_with_trigger.py
[2026-01-28T00:34:29.740+0000] {logging_mixin.py:188} INFO - [2026-01-28T00:34:29.740+0000] {dag.py:3096} INFO - Sync 1 DAGs
[2026-01-28T00:34:29.757+0000] {logging_mixin.py:188} INFO - [2026-01-28T00:34:29.757+0000] {dag.py:3954} INFO - Setting next_dagrun for latest_only_with_trigger to 2026-01-27 20:00:00+00:00, run_after=2026-01-28 00:00:00+00:00
[2026-01-28T00:34:29.773+0000] {processor.py:183} INFO - Processing /home/airflow/.local/lib/python3.12/site-packages/airflow/example_dags/example_latest_only_with_trigger.py took 0.066 seconds
[2026-01-28T00:35:00.664+0000] {processor.py:161} INFO - Started process (PID=6082) to work on /home/airflow/.local/lib/python3.12/site-packages/airflow/example_dags/example_latest_only_with_trigger.py
[2026-01-28T00:35:00.665+0000] {processor.py:830} INFO - Processing file /home/airflow/.local/lib/python3.12/site-packages/airflow/example_dags/example_latest_only_with_trigger.py for tasks to queue
[2026-01-28T00:35:00.667+0000] {logging_mixin.py:188} INFO - [2026-01-28T00:35:00.667+0000] {dagbag.py:540} INFO - Filling up the DagBag from /home/airflow/.local/lib/python3.12/site-packages/airflow/example_dags/example_latest_only_with_trigger.py
[2026-01-28T00:35:00.673+0000] {processor.py:840} INFO - DAG(s) 'latest_only_with_trigger' retrieved from /home/airflow/.local/lib/python3.12/site-packages/airflow/example_dags/example_latest_only_with_trigger.py
[2026-01-28T00:35:00.693+0000] {logging_mixin.py:188} INFO - [2026-01-28T00:35:00.692+0000] {dag.py:3096} INFO - Sync 1 DAGs
[2026-01-28T00:35:00.714+0000] {logging_mixin.py:188} INFO - [2026-01-28T00:35:00.714+0000] {dag.py:3954} INFO - Setting next_dagrun for latest_only_with_trigger to 2026-01-27 20:00:00+00:00, run_after=2026-01-28 00:00:00+00:00
[2026-01-28T00:35:00.734+0000] {processor.py:183} INFO - Processing /home/airflow/.local/lib/python3.12/site-packages/airflow/example_dags/example_latest_only_with_trigger.py took 0.076 seconds
[2026-01-28T00:35:31.131+0000] {processor.py:161} INFO - Started process (PID=6134) to work on /home/airflow/.local/lib/python3.12/site-packages/airflow/example_dags/example_latest_only_with_trigger.py
[2026-01-28T00:35:31.133+0000] {processor.py:830} INFO - Processing file /home/airflow/.local/lib/python3.12/site-packages/airflow/example_dags/example_latest_only_with_trigger.py for tasks to queue
[2026-01-28T00:35:31.135+0000] {logging_mixin.py:188} INFO - [2026-01-28T00:35:31.135+0000] {dagbag.py:540} INFO - Filling up the DagBag from /home/airflow/.local/lib/python3.12/site-packages/airflow/example_dags/example_latest_only_with_trigger.py
[2026-01-28T00:35:31.141+0000] {processor.py:840} INFO - DAG(s) 'latest_only_with_trigger' retrieved from /home/airflow/.local/lib/python3.12/site-packages/airflow/example_dags/example_latest_only_with_trigger.py
[2026-01-28T00:35:31.164+0000] {logging_mixin.py:188} INFO - [2026-01-28T00:35:31.164+0000] {dag.py:3096} INFO - Sync 1 DAGs
[2026-01-28T00:35:31.186+0000] {logging_mixin.py:188} INFO - [2026-01-28T00:35:31.186+0000] {dag.py:3954} INFO - Setting next_dagrun for latest_only_with_trigger to 2026-01-27 20:00:00+00:00, run_after=2026-01-28 00:00:00+00:00
[2026-01-28T00:35:31.207+0000] {processor.py:183} INFO - Processing /home/airflow/.local/lib/python3.12/site-packages/airflow/example_dags/example_latest_only_with_trigger.py took 0.083 seconds
[2026-01-28T00:36:01.518+0000] {processor.py:161} INFO - Started process (PID=6186) to work on /home/airflow/.local/lib/python3.12/site-packages/airflow/example_dags/example_latest_only_with_trigger.py
[2026-01-28T00:36:01.519+0000] {processor.py:830} INFO - Processing file /home/airflow/.local/lib/python3.12/site-packages/airflow/example_dags/example_latest_only_with_trigger.py for tasks to queue
[2026-01-28T00:36:01.521+0000] {logging_mixin.py:188} INFO - [2026-01-28T00:36:01.521+0000] {dagbag.py:540} INFO - Filling up the DagBag from /home/airflow/.local/lib/python3.12/site-packages/airflow/example_dags/example_latest_only_with_trigger.py
[2026-01-28T00:36:01.527+0000] {processor.py:840} INFO - DAG(s) 'latest_only_with_trigger' retrieved from /home/airflow/.local/lib/python3.12/site-packages/airflow/example_dags/example_latest_only_with_trigger.py
[2026-01-28T00:36:01.548+0000] {logging_mixin.py:188} INFO - [2026-01-28T00:36:01.547+0000] {dag.py:3096} INFO - Sync 1 DAGs
[2026-01-28T00:36:01.567+0000] {logging_mixin.py:188} INFO - [2026-01-28T00:36:01.566+0000] {dag.py:3954} INFO - Setting next_dagrun for latest_only_with_trigger to 2026-01-27 20:00:00+00:00, run_after=2026-01-28 00:00:00+00:00
[2026-01-28T00:36:01.585+0000] {processor.py:183} INFO - Processing /home/airflow/.local/lib/python3.12/site-packages/airflow/example_dags/example_latest_only_with_trigger.py took 0.073 seconds
[2026-01-28T00:36:31.876+0000] {processor.py:161} INFO - Started process (PID=6238) to work on /home/airflow/.local/lib/python3.12/site-packages/airflow/example_dags/example_latest_only_with_trigger.py
[2026-01-28T00:36:31.877+0000] {processor.py:830} INFO - Processing file /home/airflow/.local/lib/python3.12/site-packages/airflow/example_dags/example_latest_only_with_trigger.py for tasks to queue
[2026-01-28T00:36:31.879+0000] {logging_mixin.py:188} INFO - [2026-01-28T00:36:31.879+0000] {dagbag.py:540} INFO - Filling up the DagBag from /home/airflow/.local/lib/python3.12/site-packages/airflow/example_dags/example_latest_only_with_trigger.py
[2026-01-28T00:36:31.884+0000] {processor.py:840} INFO - DAG(s) 'latest_only_with_trigger' retrieved from /home/airflow/.local/lib/python3.12/site-packages/airflow/example_dags/example_latest_only_with_trigger.py
[2026-01-28T00:36:31.905+0000] {logging_mixin.py:188} INFO - [2026-01-28T00:36:31.905+0000] {dag.py:3096} INFO - Sync 1 DAGs
[2026-01-28T00:36:31.925+0000] {logging_mixin.py:188} INFO - [2026-01-28T00:36:31.925+0000] {dag.py:3954} INFO - Setting next_dagrun for latest_only_with_trigger to 2026-01-27 20:00:00+00:00, run_after=2026-01-28 00:00:00+00:00
[2026-01-28T00:36:31.943+0000] {processor.py:183} INFO - Processing /home/airflow/.local/lib/python3.12/site-packages/airflow/example_dags/example_latest_only_with_trigger.py took 0.073 seconds
[2026-01-28T00:37:02.915+0000] {processor.py:161} INFO - Started process (PID=6290) to work on /home/airflow/.local/lib/python3.12/site-packages/airflow/example_dags/example_latest_only_with_trigger.py
[2026-01-28T00:37:02.916+0000] {processor.py:830} INFO - Processing file /home/airflow/.local/lib/python3.12/site-packages/airflow/example_dags/example_latest_only_with_trigger.py for tasks to queue
[2026-01-28T00:37:02.919+0000] {logging_mixin.py:188} INFO - [2026-01-28T00:37:02.918+0000] {dagbag.py:540} INFO - Filling up the DagBag from /home/airflow/.local/lib/python3.12/site-packages/airflow/example_dags/example_latest_only_with_trigger.py
[2026-01-28T00:37:02.925+0000] {processor.py:840} INFO - DAG(s) 'latest_only_with_trigger' retrieved from /home/airflow/.local/lib/python3.12/site-packages/airflow/example_dags/example_latest_only_with_trigger.py
[2026-01-28T00:37:02.950+0000] {logging_mixin.py:188} INFO - [2026-01-28T00:37:02.949+0000] {dag.py:3096} INFO - Sync 1 DAGs
[2026-01-28T00:37:02.971+0000] {logging_mixin.py:188} INFO - [2026-01-28T00:37:02.971+0000] {dag.py:3954} INFO - Setting next_dagrun for latest_only_with_trigger to 2026-01-27 20:00:00+00:00, run_after=2026-01-28 00:00:00+00:00
[2026-01-28T00:37:02.991+0000] {processor.py:183} INFO - Processing /home/airflow/.local/lib/python3.12/site-packages/airflow/example_dags/example_latest_only_with_trigger.py took 0.086 seconds
[2026-01-28T00:37:33.257+0000] {processor.py:161} INFO - Started process (PID=6342) to work on /home/airflow/.local/lib/python3.12/site-packages/airflow/example_dags/example_latest_only_with_trigger.py
[2026-01-28T00:37:33.258+0000] {processor.py:830} INFO - Processing file /home/airflow/.local/lib/python3.12/site-packages/airflow/example_dags/example_latest_only_with_trigger.py for tasks to queue
[2026-01-28T00:37:33.260+0000] {logging_mixin.py:188} INFO - [2026-01-28T00:37:33.259+0000] {dagbag.py:540} INFO - Filling up the DagBag from /home/airflow/.local/lib/python3.12/site-packages/airflow/example_dags/example_latest_only_with_trigger.py
[2026-01-28T00:37:33.265+0000] {processor.py:840} INFO - DAG(s) 'latest_only_with_trigger' retrieved from /home/airflow/.local/lib/python3.12/site-packages/airflow/example_dags/example_latest_only_with_trigger.py
[2026-01-28T00:37:33.286+0000] {logging_mixin.py:188} INFO - [2026-01-28T00:37:33.286+0000] {dag.py:3096} INFO - Sync 1 DAGs
[2026-01-28T00:37:33.306+0000] {logging_mixin.py:188} INFO - [2026-01-28T00:37:33.305+0000] {dag.py:3954} INFO - Setting next_dagrun for latest_only_with_trigger to 2026-01-27 20:00:00+00:00, run_after=2026-01-28 00:00:00+00:00
[2026-01-28T00:37:33.323+0000] {processor.py:183} INFO - Processing /home/airflow/.local/lib/python3.12/site-packages/airflow/example_dags/example_latest_only_with_trigger.py took 0.072 seconds
[2026-01-28T00:38:03.780+0000] {processor.py:161} INFO - Started process (PID=6394) to work on /home/airflow/.local/lib/python3.12/site-packages/airflow/example_dags/example_latest_only_with_trigger.py
[2026-01-28T00:38:03.781+0000] {processor.py:830} INFO - Processing file /home/airflow/.local/lib/python3.12/site-packages/airflow/example_dags/example_latest_only_with_trigger.py for tasks to queue
[2026-01-28T00:38:03.783+0000] {logging_mixin.py:188} INFO - [2026-01-28T00:38:03.782+0000] {dagbag.py:540} INFO - Filling up the DagBag from /home/airflow/.local/lib/python3.12/site-packages/airflow/example_dags/example_latest_only_with_trigger.py
[2026-01-28T00:38:03.789+0000] {processor.py:840} INFO - DAG(s) 'latest_only_with_trigger' retrieved from /home/airflow/.local/lib/python3.12/site-packages/airflow/example_dags/example_latest_only_with_trigger.py
[2026-01-28T00:38:03.810+0000] {logging_mixin.py:188} INFO - [2026-01-28T00:38:03.810+0000] {dag.py:3096} INFO - Sync 1 DAGs
[2026-01-28T00:38:03.963+0000] {logging_mixin.py:188} INFO - [2026-01-28T00:38:03.963+0000] {dag.py:3954} INFO - Setting next_dagrun for latest_only_with_trigger to 2026-01-27 20:00:00+00:00, run_after=2026-01-28 00:00:00+00:00
[2026-01-28T00:38:03.979+0000] {processor.py:183} INFO - Processing /home/airflow/.local/lib/python3.12/site-packages/airflow/example_dags/example_latest_only_with_trigger.py took 0.206 seconds
[2026-01-28T00:38:34.516+0000] {processor.py:161} INFO - Started process (PID=6446) to work on /home/airflow/.local/lib/python3.12/site-packages/airflow/example_dags/example_latest_only_with_trigger.py
[2026-01-28T00:38:34.518+0000] {processor.py:830} INFO - Processing file /home/airflow/.local/lib/python3.12/site-packages/airflow/example_dags/example_latest_only_with_trigger.py for tasks to queue
[2026-01-28T00:38:34.520+0000] {logging_mixin.py:188} INFO - [2026-01-28T00:38:34.520+0000] {dagbag.py:540} INFO - Filling up the DagBag from /home/airflow/.local/lib/python3.12/site-packages/airflow/example_dags/example_latest_only_with_trigger.py
[2026-01-28T00:38:34.527+0000] {processor.py:840} INFO - DAG(s) 'latest_only_with_trigger' retrieved from /home/airflow/.local/lib/python3.12/site-packages/airflow/example_dags/example_latest_only_with_trigger.py
[2026-01-28T00:38:34.551+0000] {logging_mixin.py:188} INFO - [2026-01-28T00:38:34.551+0000] {dag.py:3096} INFO - Sync 1 DAGs
[2026-01-28T00:38:34.573+0000] {logging_mixin.py:188} INFO - [2026-01-28T00:38:34.573+0000] {dag.py:3954} INFO - Setting next_dagrun for latest_only_with_trigger to 2026-01-27 20:00:00+00:00, run_after=2026-01-28 00:00:00+00:00
[2026-01-28T00:38:34.595+0000] {processor.py:183} INFO - Processing /home/airflow/.local/lib/python3.12/site-packages/airflow/example_dags/example_latest_only_with_trigger.py took 0.086 seconds
[2026-01-28T00:39:05.392+0000] {processor.py:161} INFO - Started process (PID=6498) to work on /home/airflow/.local/lib/python3.12/site-packages/airflow/example_dags/example_latest_only_with_trigger.py
[2026-01-28T00:39:05.393+0000] {processor.py:830} INFO - Processing file /home/airflow/.local/lib/python3.12/site-packages/airflow/example_dags/example_latest_only_with_trigger.py for tasks to queue
[2026-01-28T00:39:05.395+0000] {logging_mixin.py:188} INFO - [2026-01-28T00:39:05.395+0000] {dagbag.py:540} INFO - Filling up the DagBag from /home/airflow/.local/lib/python3.12/site-packages/airflow/example_dags/example_latest_only_with_trigger.py
[2026-01-28T00:39:05.401+0000] {processor.py:840} INFO - DAG(s) 'latest_only_with_trigger' retrieved from /home/airflow/.local/lib/python3.12/site-packages/airflow/example_dags/example_latest_only_with_trigger.py
[2026-01-28T00:39:05.421+0000] {logging_mixin.py:188} INFO - [2026-01-28T00:39:05.421+0000] {dag.py:3096} INFO - Sync 1 DAGs
[2026-01-28T00:39:05.440+0000] {logging_mixin.py:188} INFO - [2026-01-28T00:39:05.440+0000] {dag.py:3954} INFO - Setting next_dagrun for latest_only_with_trigger to 2026-01-27 20:00:00+00:00, run_after=2026-01-28 00:00:00+00:00
[2026-01-28T00:39:05.459+0000] {processor.py:183} INFO - Processing /home/airflow/.local/lib/python3.12/site-packages/airflow/example_dags/example_latest_only_with_trigger.py took 0.073 seconds
[2026-01-28T00:39:36.260+0000] {processor.py:161} INFO - Started process (PID=6550) to work on /home/airflow/.local/lib/python3.12/site-packages/airflow/example_dags/example_latest_only_with_trigger.py
[2026-01-28T00:39:36.261+0000] {processor.py:830} INFO - Processing file /home/airflow/.local/lib/python3.12/site-packages/airflow/example_dags/example_latest_only_with_trigger.py for tasks to queue
[2026-01-28T00:39:36.264+0000] {logging_mixin.py:188} INFO - [2026-01-28T00:39:36.263+0000] {dagbag.py:540} INFO - Filling up the DagBag from /home/airflow/.local/lib/python3.12/site-packages/airflow/example_dags/example_latest_only_with_trigger.py
[2026-01-28T00:39:36.270+0000] {processor.py:840} INFO - DAG(s) 'latest_only_with_trigger' retrieved from /home/airflow/.local/lib/python3.12/site-packages/airflow/example_dags/example_latest_only_with_trigger.py
[2026-01-28T00:39:36.291+0000] {logging_mixin.py:188} INFO - [2026-01-28T00:39:36.290+0000] {dag.py:3096} INFO - Sync 1 DAGs
[2026-01-28T00:39:36.312+0000] {logging_mixin.py:188} INFO - [2026-01-28T00:39:36.311+0000] {dag.py:3954} INFO - Setting next_dagrun for latest_only_with_trigger to 2026-01-27 20:00:00+00:00, run_after=2026-01-28 00:00:00+00:00
[2026-01-28T00:39:36.330+0000] {processor.py:183} INFO - Processing /home/airflow/.local/lib/python3.12/site-packages/airflow/example_dags/example_latest_only_with_trigger.py took 0.076 seconds
[2026-01-28T00:40:06.537+0000] {processor.py:161} INFO - Started process (PID=6602) to work on /home/airflow/.local/lib/python3.12/site-packages/airflow/example_dags/example_latest_only_with_trigger.py
[2026-01-28T00:40:06.539+0000] {processor.py:830} INFO - Processing file /home/airflow/.local/lib/python3.12/site-packages/airflow/example_dags/example_latest_only_with_trigger.py for tasks to queue
[2026-01-28T00:40:06.541+0000] {logging_mixin.py:188} INFO - [2026-01-28T00:40:06.540+0000] {dagbag.py:540} INFO - Filling up the DagBag from /home/airflow/.local/lib/python3.12/site-packages/airflow/example_dags/example_latest_only_with_trigger.py
[2026-01-28T00:40:06.546+0000] {processor.py:840} INFO - DAG(s) 'latest_only_with_trigger' retrieved from /home/airflow/.local/lib/python3.12/site-packages/airflow/example_dags/example_latest_only_with_trigger.py
[2026-01-28T00:40:06.571+0000] {logging_mixin.py:188} INFO - [2026-01-28T00:40:06.570+0000] {dag.py:3096} INFO - Sync 1 DAGs
[2026-01-28T00:40:06.593+0000] {logging_mixin.py:188} INFO - [2026-01-28T00:40:06.593+0000] {dag.py:3954} INFO - Setting next_dagrun for latest_only_with_trigger to 2026-01-27 20:00:00+00:00, run_after=2026-01-28 00:00:00+00:00
[2026-01-28T00:40:06.612+0000] {processor.py:183} INFO - Processing /home/airflow/.local/lib/python3.12/site-packages/airflow/example_dags/example_latest_only_with_trigger.py took 0.081 seconds
[2026-01-28T00:40:37.312+0000] {processor.py:161} INFO - Started process (PID=6654) to work on /home/airflow/.local/lib/python3.12/site-packages/airflow/example_dags/example_latest_only_with_trigger.py
[2026-01-28T00:40:37.314+0000] {processor.py:830} INFO - Processing file /home/airflow/.local/lib/python3.12/site-packages/airflow/example_dags/example_latest_only_with_trigger.py for tasks to queue
[2026-01-28T00:40:37.316+0000] {logging_mixin.py:188} INFO - [2026-01-28T00:40:37.315+0000] {dagbag.py:540} INFO - Filling up the DagBag from /home/airflow/.local/lib/python3.12/site-packages/airflow/example_dags/example_latest_only_with_trigger.py
[2026-01-28T00:40:37.321+0000] {processor.py:840} INFO - DAG(s) 'latest_only_with_trigger' retrieved from /home/airflow/.local/lib/python3.12/site-packages/airflow/example_dags/example_latest_only_with_trigger.py
[2026-01-28T00:40:37.341+0000] {logging_mixin.py:188} INFO - [2026-01-28T00:40:37.341+0000] {dag.py:3096} INFO - Sync 1 DAGs
[2026-01-28T00:40:37.360+0000] {logging_mixin.py:188} INFO - [2026-01-28T00:40:37.360+0000] {dag.py:3954} INFO - Setting next_dagrun for latest_only_with_trigger to 2026-01-27 20:00:00+00:00, run_after=2026-01-28 00:00:00+00:00
[2026-01-28T00:40:37.377+0000] {processor.py:183} INFO - Processing /home/airflow/.local/lib/python3.12/site-packages/airflow/example_dags/example_latest_only_with_trigger.py took 0.071 seconds
[2026-01-28T00:41:08.028+0000] {processor.py:161} INFO - Started process (PID=6706) to work on /home/airflow/.local/lib/python3.12/site-packages/airflow/example_dags/example_latest_only_with_trigger.py
[2026-01-28T00:41:08.029+0000] {processor.py:830} INFO - Processing file /home/airflow/.local/lib/python3.12/site-packages/airflow/example_dags/example_latest_only_with_trigger.py for tasks to queue
[2026-01-28T00:41:08.031+0000] {logging_mixin.py:188} INFO - [2026-01-28T00:41:08.031+0000] {dagbag.py:540} INFO - Filling up the DagBag from /home/airflow/.local/lib/python3.12/site-packages/airflow/example_dags/example_latest_only_with_trigger.py
[2026-01-28T00:41:08.037+0000] {processor.py:840} INFO - DAG(s) 'latest_only_with_trigger' retrieved from /home/airflow/.local/lib/python3.12/site-packages/airflow/example_dags/example_latest_only_with_trigger.py
[2026-01-28T00:41:08.061+0000] {logging_mixin.py:188} INFO - [2026-01-28T00:41:08.061+0000] {dag.py:3096} INFO - Sync 1 DAGs
[2026-01-28T00:41:08.081+0000] {logging_mixin.py:188} INFO - [2026-01-28T00:41:08.081+0000] {dag.py:3954} INFO - Setting next_dagrun for latest_only_with_trigger to 2026-01-27 20:00:00+00:00, run_after=2026-01-28 00:00:00+00:00
[2026-01-28T00:41:08.098+0000] {processor.py:183} INFO - Processing /home/airflow/.local/lib/python3.12/site-packages/airflow/example_dags/example_latest_only_with_trigger.py took 0.076 seconds
[2026-01-28T00:41:38.690+0000] {processor.py:161} INFO - Started process (PID=6758) to work on /home/airflow/.local/lib/python3.12/site-packages/airflow/example_dags/example_latest_only_with_trigger.py
[2026-01-28T00:41:38.691+0000] {processor.py:830} INFO - Processing file /home/airflow/.local/lib/python3.12/site-packages/airflow/example_dags/example_latest_only_with_trigger.py for tasks to queue
[2026-01-28T00:41:38.693+0000] {logging_mixin.py:188} INFO - [2026-01-28T00:41:38.692+0000] {dagbag.py:540} INFO - Filling up the DagBag from /home/airflow/.local/lib/python3.12/site-packages/airflow/example_dags/example_latest_only_with_trigger.py
[2026-01-28T00:41:38.698+0000] {processor.py:840} INFO - DAG(s) 'latest_only_with_trigger' retrieved from /home/airflow/.local/lib/python3.12/site-packages/airflow/example_dags/example_latest_only_with_trigger.py
[2026-01-28T00:41:38.718+0000] {logging_mixin.py:188} INFO - [2026-01-28T00:41:38.718+0000] {dag.py:3096} INFO - Sync 1 DAGs
[2026-01-28T00:41:38.736+0000] {logging_mixin.py:188} INFO - [2026-01-28T00:41:38.736+0000] {dag.py:3954} INFO - Setting next_dagrun for latest_only_with_trigger to 2026-01-27 20:00:00+00:00, run_after=2026-01-28 00:00:00+00:00
[2026-01-28T00:41:38.757+0000] {processor.py:183} INFO - Processing /home/airflow/.local/lib/python3.12/site-packages/airflow/example_dags/example_latest_only_with_trigger.py took 0.073 seconds
[2026-01-28T00:42:09.314+0000] {processor.py:161} INFO - Started process (PID=6810) to work on /home/airflow/.local/lib/python3.12/site-packages/airflow/example_dags/example_latest_only_with_trigger.py
[2026-01-28T00:42:09.315+0000] {processor.py:830} INFO - Processing file /home/airflow/.local/lib/python3.12/site-packages/airflow/example_dags/example_latest_only_with_trigger.py for tasks to queue
[2026-01-28T00:42:09.317+0000] {logging_mixin.py:188} INFO - [2026-01-28T00:42:09.317+0000] {dagbag.py:540} INFO - Filling up the DagBag from /home/airflow/.local/lib/python3.12/site-packages/airflow/example_dags/example_latest_only_with_trigger.py
[2026-01-28T00:42:09.322+0000] {processor.py:840} INFO - DAG(s) 'latest_only_with_trigger' retrieved from /home/airflow/.local/lib/python3.12/site-packages/airflow/example_dags/example_latest_only_with_trigger.py
[2026-01-28T00:42:09.343+0000] {logging_mixin.py:188} INFO - [2026-01-28T00:42:09.342+0000] {dag.py:3096} INFO - Sync 1 DAGs
[2026-01-28T00:42:09.361+0000] {logging_mixin.py:188} INFO - [2026-01-28T00:42:09.361+0000] {dag.py:3954} INFO - Setting next_dagrun for latest_only_with_trigger to 2026-01-27 20:00:00+00:00, run_after=2026-01-28 00:00:00+00:00
[2026-01-28T00:42:09.379+0000] {processor.py:183} INFO - Processing /home/airflow/.local/lib/python3.12/site-packages/airflow/example_dags/example_latest_only_with_trigger.py took 0.071 seconds
[2026-01-28T00:42:39.951+0000] {processor.py:161} INFO - Started process (PID=6862) to work on /home/airflow/.local/lib/python3.12/site-packages/airflow/example_dags/example_latest_only_with_trigger.py
[2026-01-28T00:42:39.952+0000] {processor.py:830} INFO - Processing file /home/airflow/.local/lib/python3.12/site-packages/airflow/example_dags/example_latest_only_with_trigger.py for tasks to queue
[2026-01-28T00:42:39.954+0000] {logging_mixin.py:188} INFO - [2026-01-28T00:42:39.954+0000] {dagbag.py:540} INFO - Filling up the DagBag from /home/airflow/.local/lib/python3.12/site-packages/airflow/example_dags/example_latest_only_with_trigger.py
[2026-01-28T00:42:39.959+0000] {processor.py:840} INFO - DAG(s) 'latest_only_with_trigger' retrieved from /home/airflow/.local/lib/python3.12/site-packages/airflow/example_dags/example_latest_only_with_trigger.py
[2026-01-28T00:42:39.980+0000] {logging_mixin.py:188} INFO - [2026-01-28T00:42:39.980+0000] {dag.py:3096} INFO - Sync 1 DAGs
[2026-01-28T00:42:40.000+0000] {logging_mixin.py:188} INFO - [2026-01-28T00:42:40.000+0000] {dag.py:3954} INFO - Setting next_dagrun for latest_only_with_trigger to 2026-01-27 20:00:00+00:00, run_after=2026-01-28 00:00:00+00:00
[2026-01-28T00:42:40.017+0000] {processor.py:183} INFO - Processing /home/airflow/.local/lib/python3.12/site-packages/airflow/example_dags/example_latest_only_with_trigger.py took 0.073 seconds
[2026-01-28T00:43:10.573+0000] {processor.py:161} INFO - Started process (PID=6914) to work on /home/airflow/.local/lib/python3.12/site-packages/airflow/example_dags/example_latest_only_with_trigger.py
[2026-01-28T00:43:10.574+0000] {processor.py:830} INFO - Processing file /home/airflow/.local/lib/python3.12/site-packages/airflow/example_dags/example_latest_only_with_trigger.py for tasks to queue
[2026-01-28T00:43:10.576+0000] {logging_mixin.py:188} INFO - [2026-01-28T00:43:10.576+0000] {dagbag.py:540} INFO - Filling up the DagBag from /home/airflow/.local/lib/python3.12/site-packages/airflow/example_dags/example_latest_only_with_trigger.py
[2026-01-28T00:43:10.582+0000] {processor.py:840} INFO - DAG(s) 'latest_only_with_trigger' retrieved from /home/airflow/.local/lib/python3.12/site-packages/airflow/example_dags/example_latest_only_with_trigger.py
[2026-01-28T00:43:10.607+0000] {logging_mixin.py:188} INFO - [2026-01-28T00:43:10.607+0000] {dag.py:3096} INFO - Sync 1 DAGs
[2026-01-28T00:43:10.625+0000] {logging_mixin.py:188} INFO - [2026-01-28T00:43:10.625+0000] {dag.py:3954} INFO - Setting next_dagrun for latest_only_with_trigger to 2026-01-27 20:00:00+00:00, run_after=2026-01-28 00:00:00+00:00
[2026-01-28T00:43:10.643+0000] {processor.py:183} INFO - Processing /home/airflow/.local/lib/python3.12/site-packages/airflow/example_dags/example_latest_only_with_trigger.py took 0.076 seconds
[2026-01-28T00:43:41.113+0000] {processor.py:161} INFO - Started process (PID=6966) to work on /home/airflow/.local/lib/python3.12/site-packages/airflow/example_dags/example_latest_only_with_trigger.py
[2026-01-28T00:43:41.114+0000] {processor.py:830} INFO - Processing file /home/airflow/.local/lib/python3.12/site-packages/airflow/example_dags/example_latest_only_with_trigger.py for tasks to queue
[2026-01-28T00:43:41.116+0000] {logging_mixin.py:188} INFO - [2026-01-28T00:43:41.116+0000] {dagbag.py:540} INFO - Filling up the DagBag from /home/airflow/.local/lib/python3.12/site-packages/airflow/example_dags/example_latest_only_with_trigger.py
[2026-01-28T00:43:41.121+0000] {processor.py:840} INFO - DAG(s) 'latest_only_with_trigger' retrieved from /home/airflow/.local/lib/python3.12/site-packages/airflow/example_dags/example_latest_only_with_trigger.py
[2026-01-28T00:43:41.141+0000] {logging_mixin.py:188} INFO - [2026-01-28T00:43:41.141+0000] {dag.py:3096} INFO - Sync 1 DAGs
[2026-01-28T00:43:41.161+0000] {logging_mixin.py:188} INFO - [2026-01-28T00:43:41.160+0000] {dag.py:3954} INFO - Setting next_dagrun for latest_only_with_trigger to 2026-01-27 20:00:00+00:00, run_after=2026-01-28 00:00:00+00:00
[2026-01-28T00:43:41.179+0000] {processor.py:183} INFO - Processing /home/airflow/.local/lib/python3.12/site-packages/airflow/example_dags/example_latest_only_with_trigger.py took 0.072 seconds
[2026-01-28T00:44:11.659+0000] {processor.py:161} INFO - Started process (PID=7018) to work on /home/airflow/.local/lib/python3.12/site-packages/airflow/example_dags/example_latest_only_with_trigger.py
[2026-01-28T00:44:11.660+0000] {processor.py:830} INFO - Processing file /home/airflow/.local/lib/python3.12/site-packages/airflow/example_dags/example_latest_only_with_trigger.py for tasks to queue
[2026-01-28T00:44:11.662+0000] {logging_mixin.py:188} INFO - [2026-01-28T00:44:11.662+0000] {dagbag.py:540} INFO - Filling up the DagBag from /home/airflow/.local/lib/python3.12/site-packages/airflow/example_dags/example_latest_only_with_trigger.py
[2026-01-28T00:44:11.668+0000] {processor.py:840} INFO - DAG(s) 'latest_only_with_trigger' retrieved from /home/airflow/.local/lib/python3.12/site-packages/airflow/example_dags/example_latest_only_with_trigger.py
[2026-01-28T00:44:11.687+0000] {logging_mixin.py:188} INFO - [2026-01-28T00:44:11.687+0000] {dag.py:3096} INFO - Sync 1 DAGs
[2026-01-28T00:44:11.705+0000] {logging_mixin.py:188} INFO - [2026-01-28T00:44:11.705+0000] {dag.py:3954} INFO - Setting next_dagrun for latest_only_with_trigger to 2026-01-27 20:00:00+00:00, run_after=2026-01-28 00:00:00+00:00
[2026-01-28T00:44:11.722+0000] {processor.py:183} INFO - Processing /home/airflow/.local/lib/python3.12/site-packages/airflow/example_dags/example_latest_only_with_trigger.py took 0.070 seconds
[2026-01-28T00:44:42.325+0000] {processor.py:161} INFO - Started process (PID=7070) to work on /home/airflow/.local/lib/python3.12/site-packages/airflow/example_dags/example_latest_only_with_trigger.py
[2026-01-28T00:44:42.326+0000] {processor.py:830} INFO - Processing file /home/airflow/.local/lib/python3.12/site-packages/airflow/example_dags/example_latest_only_with_trigger.py for tasks to queue
[2026-01-28T00:44:42.328+0000] {logging_mixin.py:188} INFO - [2026-01-28T00:44:42.328+0000] {dagbag.py:540} INFO - Filling up the DagBag from /home/airflow/.local/lib/python3.12/site-packages/airflow/example_dags/example_latest_only_with_trigger.py
[2026-01-28T00:44:42.333+0000] {processor.py:840} INFO - DAG(s) 'latest_only_with_trigger' retrieved from /home/airflow/.local/lib/python3.12/site-packages/airflow/example_dags/example_latest_only_with_trigger.py
[2026-01-28T00:44:42.353+0000] {logging_mixin.py:188} INFO - [2026-01-28T00:44:42.353+0000] {dag.py:3096} INFO - Sync 1 DAGs
[2026-01-28T00:44:42.372+0000] {logging_mixin.py:188} INFO - [2026-01-28T00:44:42.371+0000] {dag.py:3954} INFO - Setting next_dagrun for latest_only_with_trigger to 2026-01-27 20:00:00+00:00, run_after=2026-01-28 00:00:00+00:00
[2026-01-28T00:44:42.389+0000] {processor.py:183} INFO - Processing /home/airflow/.local/lib/python3.12/site-packages/airflow/example_dags/example_latest_only_with_trigger.py took 0.070 seconds
[2026-01-28T00:45:13.228+0000] {processor.py:161} INFO - Started process (PID=7122) to work on /home/airflow/.local/lib/python3.12/site-packages/airflow/example_dags/example_latest_only_with_trigger.py
[2026-01-28T00:45:13.229+0000] {processor.py:830} INFO - Processing file /home/airflow/.local/lib/python3.12/site-packages/airflow/example_dags/example_latest_only_with_trigger.py for tasks to queue
[2026-01-28T00:45:13.231+0000] {logging_mixin.py:188} INFO - [2026-01-28T00:45:13.231+0000] {dagbag.py:540} INFO - Filling up the DagBag from /home/airflow/.local/lib/python3.12/site-packages/airflow/example_dags/example_latest_only_with_trigger.py
[2026-01-28T00:45:13.237+0000] {processor.py:840} INFO - DAG(s) 'latest_only_with_trigger' retrieved from /home/airflow/.local/lib/python3.12/site-packages/airflow/example_dags/example_latest_only_with_trigger.py
[2026-01-28T00:45:13.257+0000] {logging_mixin.py:188} INFO - [2026-01-28T00:45:13.257+0000] {dag.py:3096} INFO - Sync 1 DAGs
[2026-01-28T00:45:13.278+0000] {logging_mixin.py:188} INFO - [2026-01-28T00:45:13.278+0000] {dag.py:3954} INFO - Setting next_dagrun for latest_only_with_trigger to 2026-01-27 20:00:00+00:00, run_after=2026-01-28 00:00:00+00:00
[2026-01-28T00:45:13.294+0000] {processor.py:183} INFO - Processing /home/airflow/.local/lib/python3.12/site-packages/airflow/example_dags/example_latest_only_with_trigger.py took 0.071 seconds
[2026-01-28T00:45:44.038+0000] {processor.py:161} INFO - Started process (PID=7174) to work on /home/airflow/.local/lib/python3.12/site-packages/airflow/example_dags/example_latest_only_with_trigger.py
[2026-01-28T00:45:44.039+0000] {processor.py:830} INFO - Processing file /home/airflow/.local/lib/python3.12/site-packages/airflow/example_dags/example_latest_only_with_trigger.py for tasks to queue
[2026-01-28T00:45:44.040+0000] {logging_mixin.py:188} INFO - [2026-01-28T00:45:44.040+0000] {dagbag.py:540} INFO - Filling up the DagBag from /home/airflow/.local/lib/python3.12/site-packages/airflow/example_dags/example_latest_only_with_trigger.py
[2026-01-28T00:45:44.045+0000] {processor.py:840} INFO - DAG(s) 'latest_only_with_trigger' retrieved from /home/airflow/.local/lib/python3.12/site-packages/airflow/example_dags/example_latest_only_with_trigger.py
[2026-01-28T00:45:44.065+0000] {logging_mixin.py:188} INFO - [2026-01-28T00:45:44.065+0000] {dag.py:3096} INFO - Sync 1 DAGs
[2026-01-28T00:45:44.084+0000] {logging_mixin.py:188} INFO - [2026-01-28T00:45:44.084+0000] {dag.py:3954} INFO - Setting next_dagrun for latest_only_with_trigger to 2026-01-27 20:00:00+00:00, run_after=2026-01-28 00:00:00+00:00
[2026-01-28T00:45:44.102+0000] {processor.py:183} INFO - Processing /home/airflow/.local/lib/python3.12/site-packages/airflow/example_dags/example_latest_only_with_trigger.py took 0.070 seconds
[2026-01-28T00:46:14.673+0000] {processor.py:161} INFO - Started process (PID=7226) to work on /home/airflow/.local/lib/python3.12/site-packages/airflow/example_dags/example_latest_only_with_trigger.py
[2026-01-28T00:46:14.675+0000] {processor.py:830} INFO - Processing file /home/airflow/.local/lib/python3.12/site-packages/airflow/example_dags/example_latest_only_with_trigger.py for tasks to queue
[2026-01-28T00:46:14.677+0000] {logging_mixin.py:188} INFO - [2026-01-28T00:46:14.677+0000] {dagbag.py:540} INFO - Filling up the DagBag from /home/airflow/.local/lib/python3.12/site-packages/airflow/example_dags/example_latest_only_with_trigger.py
[2026-01-28T00:46:14.684+0000] {processor.py:840} INFO - DAG(s) 'latest_only_with_trigger' retrieved from /home/airflow/.local/lib/python3.12/site-packages/airflow/example_dags/example_latest_only_with_trigger.py
[2026-01-28T00:46:14.705+0000] {logging_mixin.py:188} INFO - [2026-01-28T00:46:14.705+0000] {dag.py:3096} INFO - Sync 1 DAGs
[2026-01-28T00:46:14.726+0000] {logging_mixin.py:188} INFO - [2026-01-28T00:46:14.726+0000] {dag.py:3954} INFO - Setting next_dagrun for latest_only_with_trigger to 2026-01-27 20:00:00+00:00, run_after=2026-01-28 00:00:00+00:00
[2026-01-28T00:46:14.745+0000] {processor.py:183} INFO - Processing /home/airflow/.local/lib/python3.12/site-packages/airflow/example_dags/example_latest_only_with_trigger.py took 0.077 seconds
[2026-01-28T00:46:45.506+0000] {processor.py:161} INFO - Started process (PID=7278) to work on /home/airflow/.local/lib/python3.12/site-packages/airflow/example_dags/example_latest_only_with_trigger.py
[2026-01-28T00:46:45.508+0000] {processor.py:830} INFO - Processing file /home/airflow/.local/lib/python3.12/site-packages/airflow/example_dags/example_latest_only_with_trigger.py for tasks to queue
[2026-01-28T00:46:45.510+0000] {logging_mixin.py:188} INFO - [2026-01-28T00:46:45.510+0000] {dagbag.py:540} INFO - Filling up the DagBag from /home/airflow/.local/lib/python3.12/site-packages/airflow/example_dags/example_latest_only_with_trigger.py
[2026-01-28T00:46:45.517+0000] {processor.py:840} INFO - DAG(s) 'latest_only_with_trigger' retrieved from /home/airflow/.local/lib/python3.12/site-packages/airflow/example_dags/example_latest_only_with_trigger.py
[2026-01-28T00:46:45.543+0000] {logging_mixin.py:188} INFO - [2026-01-28T00:46:45.543+0000] {dag.py:3096} INFO - Sync 1 DAGs
[2026-01-28T00:46:45.568+0000] {logging_mixin.py:188} INFO - [2026-01-28T00:46:45.568+0000] {dag.py:3954} INFO - Setting next_dagrun for latest_only_with_trigger to 2026-01-27 20:00:00+00:00, run_after=2026-01-28 00:00:00+00:00
[2026-01-28T00:46:45.588+0000] {processor.py:183} INFO - Processing /home/airflow/.local/lib/python3.12/site-packages/airflow/example_dags/example_latest_only_with_trigger.py took 0.089 seconds
[2026-01-28T00:47:16.043+0000] {processor.py:161} INFO - Started process (PID=7330) to work on /home/airflow/.local/lib/python3.12/site-packages/airflow/example_dags/example_latest_only_with_trigger.py
[2026-01-28T00:47:16.044+0000] {processor.py:830} INFO - Processing file /home/airflow/.local/lib/python3.12/site-packages/airflow/example_dags/example_latest_only_with_trigger.py for tasks to queue
[2026-01-28T00:47:16.046+0000] {logging_mixin.py:188} INFO - [2026-01-28T00:47:16.045+0000] {dagbag.py:540} INFO - Filling up the DagBag from /home/airflow/.local/lib/python3.12/site-packages/airflow/example_dags/example_latest_only_with_trigger.py
[2026-01-28T00:47:16.051+0000] {processor.py:840} INFO - DAG(s) 'latest_only_with_trigger' retrieved from /home/airflow/.local/lib/python3.12/site-packages/airflow/example_dags/example_latest_only_with_trigger.py
[2026-01-28T00:47:16.071+0000] {logging_mixin.py:188} INFO - [2026-01-28T00:47:16.071+0000] {dag.py:3096} INFO - Sync 1 DAGs
[2026-01-28T00:47:16.090+0000] {logging_mixin.py:188} INFO - [2026-01-28T00:47:16.090+0000] {dag.py:3954} INFO - Setting next_dagrun for latest_only_with_trigger to 2026-01-27 20:00:00+00:00, run_after=2026-01-28 00:00:00+00:00
[2026-01-28T00:47:16.106+0000] {processor.py:183} INFO - Processing /home/airflow/.local/lib/python3.12/site-packages/airflow/example_dags/example_latest_only_with_trigger.py took 0.070 seconds
[2026-01-28T00:47:46.670+0000] {processor.py:161} INFO - Started process (PID=7382) to work on /home/airflow/.local/lib/python3.12/site-packages/airflow/example_dags/example_latest_only_with_trigger.py
[2026-01-28T00:47:46.671+0000] {processor.py:830} INFO - Processing file /home/airflow/.local/lib/python3.12/site-packages/airflow/example_dags/example_latest_only_with_trigger.py for tasks to queue
[2026-01-28T00:47:46.673+0000] {logging_mixin.py:188} INFO - [2026-01-28T00:47:46.672+0000] {dagbag.py:540} INFO - Filling up the DagBag from /home/airflow/.local/lib/python3.12/site-packages/airflow/example_dags/example_latest_only_with_trigger.py
[2026-01-28T00:47:46.678+0000] {processor.py:840} INFO - DAG(s) 'latest_only_with_trigger' retrieved from /home/airflow/.local/lib/python3.12/site-packages/airflow/example_dags/example_latest_only_with_trigger.py
[2026-01-28T00:47:46.697+0000] {logging_mixin.py:188} INFO - [2026-01-28T00:47:46.697+0000] {dag.py:3096} INFO - Sync 1 DAGs
[2026-01-28T00:47:46.717+0000] {logging_mixin.py:188} INFO - [2026-01-28T00:47:46.716+0000] {dag.py:3954} INFO - Setting next_dagrun for latest_only_with_trigger to 2026-01-27 20:00:00+00:00, run_after=2026-01-28 00:00:00+00:00
[2026-01-28T00:47:46.736+0000] {processor.py:183} INFO - Processing /home/airflow/.local/lib/python3.12/site-packages/airflow/example_dags/example_latest_only_with_trigger.py took 0.071 seconds
[2026-01-28T00:48:17.092+0000] {processor.py:161} INFO - Started process (PID=7434) to work on /home/airflow/.local/lib/python3.12/site-packages/airflow/example_dags/example_latest_only_with_trigger.py
[2026-01-28T00:48:17.093+0000] {processor.py:830} INFO - Processing file /home/airflow/.local/lib/python3.12/site-packages/airflow/example_dags/example_latest_only_with_trigger.py for tasks to queue
[2026-01-28T00:48:17.095+0000] {logging_mixin.py:188} INFO - [2026-01-28T00:48:17.095+0000] {dagbag.py:540} INFO - Filling up the DagBag from /home/airflow/.local/lib/python3.12/site-packages/airflow/example_dags/example_latest_only_with_trigger.py
[2026-01-28T00:48:17.101+0000] {processor.py:840} INFO - DAG(s) 'latest_only_with_trigger' retrieved from /home/airflow/.local/lib/python3.12/site-packages/airflow/example_dags/example_latest_only_with_trigger.py
[2026-01-28T00:48:17.121+0000] {logging_mixin.py:188} INFO - [2026-01-28T00:48:17.120+0000] {dag.py:3096} INFO - Sync 1 DAGs
[2026-01-28T00:48:17.140+0000] {logging_mixin.py:188} INFO - [2026-01-28T00:48:17.140+0000] {dag.py:3954} INFO - Setting next_dagrun for latest_only_with_trigger to 2026-01-27 20:00:00+00:00, run_after=2026-01-28 00:00:00+00:00
[2026-01-28T00:48:17.159+0000] {processor.py:183} INFO - Processing /home/airflow/.local/lib/python3.12/site-packages/airflow/example_dags/example_latest_only_with_trigger.py took 0.073 seconds
[2026-01-28T00:48:47.791+0000] {processor.py:161} INFO - Started process (PID=7486) to work on /home/airflow/.local/lib/python3.12/site-packages/airflow/example_dags/example_latest_only_with_trigger.py
[2026-01-28T00:48:47.792+0000] {processor.py:830} INFO - Processing file /home/airflow/.local/lib/python3.12/site-packages/airflow/example_dags/example_latest_only_with_trigger.py for tasks to queue
[2026-01-28T00:48:47.794+0000] {logging_mixin.py:188} INFO - [2026-01-28T00:48:47.794+0000] {dagbag.py:540} INFO - Filling up the DagBag from /home/airflow/.local/lib/python3.12/site-packages/airflow/example_dags/example_latest_only_with_trigger.py
[2026-01-28T00:48:47.799+0000] {processor.py:840} INFO - DAG(s) 'latest_only_with_trigger' retrieved from /home/airflow/.local/lib/python3.12/site-packages/airflow/example_dags/example_latest_only_with_trigger.py
[2026-01-28T00:48:47.819+0000] {logging_mixin.py:188} INFO - [2026-01-28T00:48:47.819+0000] {dag.py:3096} INFO - Sync 1 DAGs
[2026-01-28T00:48:47.840+0000] {logging_mixin.py:188} INFO - [2026-01-28T00:48:47.840+0000] {dag.py:3954} INFO - Setting next_dagrun for latest_only_with_trigger to 2026-01-27 20:00:00+00:00, run_after=2026-01-28 00:00:00+00:00
[2026-01-28T00:48:47.858+0000] {processor.py:183} INFO - Processing /home/airflow/.local/lib/python3.12/site-packages/airflow/example_dags/example_latest_only_with_trigger.py took 0.074 seconds
[2026-01-28T00:49:18.371+0000] {processor.py:161} INFO - Started process (PID=7538) to work on /home/airflow/.local/lib/python3.12/site-packages/airflow/example_dags/example_latest_only_with_trigger.py
[2026-01-28T00:49:18.372+0000] {processor.py:830} INFO - Processing file /home/airflow/.local/lib/python3.12/site-packages/airflow/example_dags/example_latest_only_with_trigger.py for tasks to queue
[2026-01-28T00:49:18.374+0000] {logging_mixin.py:188} INFO - [2026-01-28T00:49:18.374+0000] {dagbag.py:540} INFO - Filling up the DagBag from /home/airflow/.local/lib/python3.12/site-packages/airflow/example_dags/example_latest_only_with_trigger.py
[2026-01-28T00:49:18.380+0000] {processor.py:840} INFO - DAG(s) 'latest_only_with_trigger' retrieved from /home/airflow/.local/lib/python3.12/site-packages/airflow/example_dags/example_latest_only_with_trigger.py
[2026-01-28T00:49:18.400+0000] {logging_mixin.py:188} INFO - [2026-01-28T00:49:18.400+0000] {dag.py:3096} INFO - Sync 1 DAGs
[2026-01-28T00:49:18.418+0000] {logging_mixin.py:188} INFO - [2026-01-28T00:49:18.418+0000] {dag.py:3954} INFO - Setting next_dagrun for latest_only_with_trigger to 2026-01-27 20:00:00+00:00, run_after=2026-01-28 00:00:00+00:00
[2026-01-28T00:49:18.436+0000] {processor.py:183} INFO - Processing /home/airflow/.local/lib/python3.12/site-packages/airflow/example_dags/example_latest_only_with_trigger.py took 0.071 seconds
[2026-01-28T00:49:49.110+0000] {processor.py:161} INFO - Started process (PID=7590) to work on /home/airflow/.local/lib/python3.12/site-packages/airflow/example_dags/example_latest_only_with_trigger.py
[2026-01-28T00:49:49.111+0000] {processor.py:830} INFO - Processing file /home/airflow/.local/lib/python3.12/site-packages/airflow/example_dags/example_latest_only_with_trigger.py for tasks to queue
[2026-01-28T00:49:49.113+0000] {logging_mixin.py:188} INFO - [2026-01-28T00:49:49.113+0000] {dagbag.py:540} INFO - Filling up the DagBag from /home/airflow/.local/lib/python3.12/site-packages/airflow/example_dags/example_latest_only_with_trigger.py
[2026-01-28T00:49:49.119+0000] {processor.py:840} INFO - DAG(s) 'latest_only_with_trigger' retrieved from /home/airflow/.local/lib/python3.12/site-packages/airflow/example_dags/example_latest_only_with_trigger.py
[2026-01-28T00:49:49.141+0000] {logging_mixin.py:188} INFO - [2026-01-28T00:49:49.141+0000] {dag.py:3096} INFO - Sync 1 DAGs
[2026-01-28T00:49:49.159+0000] {logging_mixin.py:188} INFO - [2026-01-28T00:49:49.159+0000] {dag.py:3954} INFO - Setting next_dagrun for latest_only_with_trigger to 2026-01-27 20:00:00+00:00, run_after=2026-01-28 00:00:00+00:00
[2026-01-28T00:49:49.178+0000] {processor.py:183} INFO - Processing /home/airflow/.local/lib/python3.12/site-packages/airflow/example_dags/example_latest_only_with_trigger.py took 0.074 seconds
[2026-01-28T00:50:19.864+0000] {processor.py:161} INFO - Started process (PID=7642) to work on /home/airflow/.local/lib/python3.12/site-packages/airflow/example_dags/example_latest_only_with_trigger.py
[2026-01-28T00:50:19.865+0000] {processor.py:830} INFO - Processing file /home/airflow/.local/lib/python3.12/site-packages/airflow/example_dags/example_latest_only_with_trigger.py for tasks to queue
[2026-01-28T00:50:19.867+0000] {logging_mixin.py:188} INFO - [2026-01-28T00:50:19.867+0000] {dagbag.py:540} INFO - Filling up the DagBag from /home/airflow/.local/lib/python3.12/site-packages/airflow/example_dags/example_latest_only_with_trigger.py
[2026-01-28T00:50:19.872+0000] {processor.py:840} INFO - DAG(s) 'latest_only_with_trigger' retrieved from /home/airflow/.local/lib/python3.12/site-packages/airflow/example_dags/example_latest_only_with_trigger.py
[2026-01-28T00:50:19.893+0000] {logging_mixin.py:188} INFO - [2026-01-28T00:50:19.893+0000] {dag.py:3096} INFO - Sync 1 DAGs
[2026-01-28T00:50:19.913+0000] {logging_mixin.py:188} INFO - [2026-01-28T00:50:19.913+0000] {dag.py:3954} INFO - Setting next_dagrun for latest_only_with_trigger to 2026-01-27 20:00:00+00:00, run_after=2026-01-28 00:00:00+00:00
[2026-01-28T00:50:19.932+0000] {processor.py:183} INFO - Processing /home/airflow/.local/lib/python3.12/site-packages/airflow/example_dags/example_latest_only_with_trigger.py took 0.074 seconds
[2026-01-28T00:50:50.782+0000] {processor.py:161} INFO - Started process (PID=7694) to work on /home/airflow/.local/lib/python3.12/site-packages/airflow/example_dags/example_latest_only_with_trigger.py
[2026-01-28T00:50:50.783+0000] {processor.py:830} INFO - Processing file /home/airflow/.local/lib/python3.12/site-packages/airflow/example_dags/example_latest_only_with_trigger.py for tasks to queue
[2026-01-28T00:50:50.785+0000] {logging_mixin.py:188} INFO - [2026-01-28T00:50:50.785+0000] {dagbag.py:540} INFO - Filling up the DagBag from /home/airflow/.local/lib/python3.12/site-packages/airflow/example_dags/example_latest_only_with_trigger.py
[2026-01-28T00:50:50.791+0000] {processor.py:840} INFO - DAG(s) 'latest_only_with_trigger' retrieved from /home/airflow/.local/lib/python3.12/site-packages/airflow/example_dags/example_latest_only_with_trigger.py
[2026-01-28T00:50:50.810+0000] {logging_mixin.py:188} INFO - [2026-01-28T00:50:50.809+0000] {dag.py:3096} INFO - Sync 1 DAGs
[2026-01-28T00:50:50.828+0000] {logging_mixin.py:188} INFO - [2026-01-28T00:50:50.828+0000] {dag.py:3954} INFO - Setting next_dagrun for latest_only_with_trigger to 2026-01-27 20:00:00+00:00, run_after=2026-01-28 00:00:00+00:00
[2026-01-28T00:50:50.846+0000] {processor.py:183} INFO - Processing /home/airflow/.local/lib/python3.12/site-packages/airflow/example_dags/example_latest_only_with_trigger.py took 0.069 seconds
[2026-01-28T00:51:21.426+0000] {processor.py:161} INFO - Started process (PID=7746) to work on /home/airflow/.local/lib/python3.12/site-packages/airflow/example_dags/example_latest_only_with_trigger.py
[2026-01-28T00:51:21.427+0000] {processor.py:830} INFO - Processing file /home/airflow/.local/lib/python3.12/site-packages/airflow/example_dags/example_latest_only_with_trigger.py for tasks to queue
[2026-01-28T00:51:21.429+0000] {logging_mixin.py:188} INFO - [2026-01-28T00:51:21.429+0000] {dagbag.py:540} INFO - Filling up the DagBag from /home/airflow/.local/lib/python3.12/site-packages/airflow/example_dags/example_latest_only_with_trigger.py
[2026-01-28T00:51:21.434+0000] {processor.py:840} INFO - DAG(s) 'latest_only_with_trigger' retrieved from /home/airflow/.local/lib/python3.12/site-packages/airflow/example_dags/example_latest_only_with_trigger.py
[2026-01-28T00:51:21.454+0000] {logging_mixin.py:188} INFO - [2026-01-28T00:51:21.454+0000] {dag.py:3096} INFO - Sync 1 DAGs
[2026-01-28T00:51:21.473+0000] {logging_mixin.py:188} INFO - [2026-01-28T00:51:21.473+0000] {dag.py:3954} INFO - Setting next_dagrun for latest_only_with_trigger to 2026-01-27 20:00:00+00:00, run_after=2026-01-28 00:00:00+00:00
[2026-01-28T00:51:21.491+0000] {processor.py:183} INFO - Processing /home/airflow/.local/lib/python3.12/site-packages/airflow/example_dags/example_latest_only_with_trigger.py took 0.071 seconds
[2026-01-28T00:51:52.192+0000] {processor.py:161} INFO - Started process (PID=7798) to work on /home/airflow/.local/lib/python3.12/site-packages/airflow/example_dags/example_latest_only_with_trigger.py
[2026-01-28T00:51:52.193+0000] {processor.py:830} INFO - Processing file /home/airflow/.local/lib/python3.12/site-packages/airflow/example_dags/example_latest_only_with_trigger.py for tasks to queue
[2026-01-28T00:51:52.196+0000] {logging_mixin.py:188} INFO - [2026-01-28T00:51:52.195+0000] {dagbag.py:540} INFO - Filling up the DagBag from /home/airflow/.local/lib/python3.12/site-packages/airflow/example_dags/example_latest_only_with_trigger.py
[2026-01-28T00:51:52.202+0000] {processor.py:840} INFO - DAG(s) 'latest_only_with_trigger' retrieved from /home/airflow/.local/lib/python3.12/site-packages/airflow/example_dags/example_latest_only_with_trigger.py
[2026-01-28T00:51:52.221+0000] {logging_mixin.py:188} INFO - [2026-01-28T00:51:52.221+0000] {dag.py:3096} INFO - Sync 1 DAGs
[2026-01-28T00:51:52.242+0000] {logging_mixin.py:188} INFO - [2026-01-28T00:51:52.242+0000] {dag.py:3954} INFO - Setting next_dagrun for latest_only_with_trigger to 2026-01-27 20:00:00+00:00, run_after=2026-01-28 00:00:00+00:00
[2026-01-28T00:51:52.259+0000] {processor.py:183} INFO - Processing /home/airflow/.local/lib/python3.12/site-packages/airflow/example_dags/example_latest_only_with_trigger.py took 0.074 seconds
[2026-01-28T00:52:22.974+0000] {processor.py:161} INFO - Started process (PID=7850) to work on /home/airflow/.local/lib/python3.12/site-packages/airflow/example_dags/example_latest_only_with_trigger.py
[2026-01-28T00:52:22.976+0000] {processor.py:830} INFO - Processing file /home/airflow/.local/lib/python3.12/site-packages/airflow/example_dags/example_latest_only_with_trigger.py for tasks to queue
[2026-01-28T00:52:22.978+0000] {logging_mixin.py:188} INFO - [2026-01-28T00:52:22.978+0000] {dagbag.py:540} INFO - Filling up the DagBag from /home/airflow/.local/lib/python3.12/site-packages/airflow/example_dags/example_latest_only_with_trigger.py
[2026-01-28T00:52:22.984+0000] {processor.py:840} INFO - DAG(s) 'latest_only_with_trigger' retrieved from /home/airflow/.local/lib/python3.12/site-packages/airflow/example_dags/example_latest_only_with_trigger.py
[2026-01-28T00:52:23.004+0000] {logging_mixin.py:188} INFO - [2026-01-28T00:52:23.004+0000] {dag.py:3096} INFO - Sync 1 DAGs
[2026-01-28T00:52:23.023+0000] {logging_mixin.py:188} INFO - [2026-01-28T00:52:23.023+0000] {dag.py:3954} INFO - Setting next_dagrun for latest_only_with_trigger to 2026-01-27 20:00:00+00:00, run_after=2026-01-28 00:00:00+00:00
[2026-01-28T00:52:23.042+0000] {processor.py:183} INFO - Processing /home/airflow/.local/lib/python3.12/site-packages/airflow/example_dags/example_latest_only_with_trigger.py took 0.073 seconds
[2026-01-28T00:52:53.630+0000] {processor.py:161} INFO - Started process (PID=7902) to work on /home/airflow/.local/lib/python3.12/site-packages/airflow/example_dags/example_latest_only_with_trigger.py
[2026-01-28T00:52:53.631+0000] {processor.py:830} INFO - Processing file /home/airflow/.local/lib/python3.12/site-packages/airflow/example_dags/example_latest_only_with_trigger.py for tasks to queue
[2026-01-28T00:52:53.633+0000] {logging_mixin.py:188} INFO - [2026-01-28T00:52:53.633+0000] {dagbag.py:540} INFO - Filling up the DagBag from /home/airflow/.local/lib/python3.12/site-packages/airflow/example_dags/example_latest_only_with_trigger.py
[2026-01-28T00:52:53.639+0000] {processor.py:840} INFO - DAG(s) 'latest_only_with_trigger' retrieved from /home/airflow/.local/lib/python3.12/site-packages/airflow/example_dags/example_latest_only_with_trigger.py
[2026-01-28T00:52:53.659+0000] {logging_mixin.py:188} INFO - [2026-01-28T00:52:53.659+0000] {dag.py:3096} INFO - Sync 1 DAGs
[2026-01-28T00:52:53.678+0000] {logging_mixin.py:188} INFO - [2026-01-28T00:52:53.678+0000] {dag.py:3954} INFO - Setting next_dagrun for latest_only_with_trigger to 2026-01-27 20:00:00+00:00, run_after=2026-01-28 00:00:00+00:00
[2026-01-28T00:52:53.697+0000] {processor.py:183} INFO - Processing /home/airflow/.local/lib/python3.12/site-packages/airflow/example_dags/example_latest_only_with_trigger.py took 0.073 seconds
[2026-01-28T00:53:24.339+0000] {processor.py:161} INFO - Started process (PID=7954) to work on /home/airflow/.local/lib/python3.12/site-packages/airflow/example_dags/example_latest_only_with_trigger.py
[2026-01-28T00:53:24.340+0000] {processor.py:830} INFO - Processing file /home/airflow/.local/lib/python3.12/site-packages/airflow/example_dags/example_latest_only_with_trigger.py for tasks to queue
[2026-01-28T00:53:24.342+0000] {logging_mixin.py:188} INFO - [2026-01-28T00:53:24.342+0000] {dagbag.py:540} INFO - Filling up the DagBag from /home/airflow/.local/lib/python3.12/site-packages/airflow/example_dags/example_latest_only_with_trigger.py
[2026-01-28T00:53:24.348+0000] {processor.py:840} INFO - DAG(s) 'latest_only_with_trigger' retrieved from /home/airflow/.local/lib/python3.12/site-packages/airflow/example_dags/example_latest_only_with_trigger.py
[2026-01-28T00:53:24.368+0000] {logging_mixin.py:188} INFO - [2026-01-28T00:53:24.368+0000] {dag.py:3096} INFO - Sync 1 DAGs
[2026-01-28T00:53:24.387+0000] {logging_mixin.py:188} INFO - [2026-01-28T00:53:24.387+0000] {dag.py:3954} INFO - Setting next_dagrun for latest_only_with_trigger to 2026-01-27 20:00:00+00:00, run_after=2026-01-28 00:00:00+00:00
[2026-01-28T00:53:24.408+0000] {processor.py:183} INFO - Processing /home/airflow/.local/lib/python3.12/site-packages/airflow/example_dags/example_latest_only_with_trigger.py took 0.074 seconds
[2026-01-28T00:53:54.950+0000] {processor.py:161} INFO - Started process (PID=8006) to work on /home/airflow/.local/lib/python3.12/site-packages/airflow/example_dags/example_latest_only_with_trigger.py
[2026-01-28T00:53:54.952+0000] {processor.py:830} INFO - Processing file /home/airflow/.local/lib/python3.12/site-packages/airflow/example_dags/example_latest_only_with_trigger.py for tasks to queue
[2026-01-28T00:53:54.954+0000] {logging_mixin.py:188} INFO - [2026-01-28T00:53:54.953+0000] {dagbag.py:540} INFO - Filling up the DagBag from /home/airflow/.local/lib/python3.12/site-packages/airflow/example_dags/example_latest_only_with_trigger.py
[2026-01-28T00:53:54.959+0000] {processor.py:840} INFO - DAG(s) 'latest_only_with_trigger' retrieved from /home/airflow/.local/lib/python3.12/site-packages/airflow/example_dags/example_latest_only_with_trigger.py
[2026-01-28T00:53:54.980+0000] {logging_mixin.py:188} INFO - [2026-01-28T00:53:54.980+0000] {dag.py:3096} INFO - Sync 1 DAGs
[2026-01-28T00:53:55.000+0000] {logging_mixin.py:188} INFO - [2026-01-28T00:53:55.000+0000] {dag.py:3954} INFO - Setting next_dagrun for latest_only_with_trigger to 2026-01-27 20:00:00+00:00, run_after=2026-01-28 00:00:00+00:00
[2026-01-28T00:53:55.019+0000] {processor.py:183} INFO - Processing /home/airflow/.local/lib/python3.12/site-packages/airflow/example_dags/example_latest_only_with_trigger.py took 0.074 seconds
[2026-01-28T00:54:25.696+0000] {processor.py:161} INFO - Started process (PID=8058) to work on /home/airflow/.local/lib/python3.12/site-packages/airflow/example_dags/example_latest_only_with_trigger.py
[2026-01-28T00:54:25.697+0000] {processor.py:830} INFO - Processing file /home/airflow/.local/lib/python3.12/site-packages/airflow/example_dags/example_latest_only_with_trigger.py for tasks to queue
[2026-01-28T00:54:25.699+0000] {logging_mixin.py:188} INFO - [2026-01-28T00:54:25.699+0000] {dagbag.py:540} INFO - Filling up the DagBag from /home/airflow/.local/lib/python3.12/site-packages/airflow/example_dags/example_latest_only_with_trigger.py
[2026-01-28T00:54:25.704+0000] {processor.py:840} INFO - DAG(s) 'latest_only_with_trigger' retrieved from /home/airflow/.local/lib/python3.12/site-packages/airflow/example_dags/example_latest_only_with_trigger.py
[2026-01-28T00:54:25.724+0000] {logging_mixin.py:188} INFO - [2026-01-28T00:54:25.724+0000] {dag.py:3096} INFO - Sync 1 DAGs
[2026-01-28T00:54:25.743+0000] {logging_mixin.py:188} INFO - [2026-01-28T00:54:25.743+0000] {dag.py:3954} INFO - Setting next_dagrun for latest_only_with_trigger to 2026-01-27 20:00:00+00:00, run_after=2026-01-28 00:00:00+00:00
[2026-01-28T00:54:25.762+0000] {processor.py:183} INFO - Processing /home/airflow/.local/lib/python3.12/site-packages/airflow/example_dags/example_latest_only_with_trigger.py took 0.072 seconds
[2026-01-28T00:54:56.391+0000] {processor.py:161} INFO - Started process (PID=8110) to work on /home/airflow/.local/lib/python3.12/site-packages/airflow/example_dags/example_latest_only_with_trigger.py
[2026-01-28T00:54:56.392+0000] {processor.py:830} INFO - Processing file /home/airflow/.local/lib/python3.12/site-packages/airflow/example_dags/example_latest_only_with_trigger.py for tasks to queue
[2026-01-28T00:54:56.393+0000] {logging_mixin.py:188} INFO - [2026-01-28T00:54:56.393+0000] {dagbag.py:540} INFO - Filling up the DagBag from /home/airflow/.local/lib/python3.12/site-packages/airflow/example_dags/example_latest_only_with_trigger.py
[2026-01-28T00:54:56.399+0000] {processor.py:840} INFO - DAG(s) 'latest_only_with_trigger' retrieved from /home/airflow/.local/lib/python3.12/site-packages/airflow/example_dags/example_latest_only_with_trigger.py
[2026-01-28T00:54:56.419+0000] {logging_mixin.py:188} INFO - [2026-01-28T00:54:56.419+0000] {dag.py:3096} INFO - Sync 1 DAGs
[2026-01-28T00:54:56.439+0000] {logging_mixin.py:188} INFO - [2026-01-28T00:54:56.439+0000] {dag.py:3954} INFO - Setting next_dagrun for latest_only_with_trigger to 2026-01-27 20:00:00+00:00, run_after=2026-01-28 00:00:00+00:00
[2026-01-28T00:54:56.457+0000] {processor.py:183} INFO - Processing /home/airflow/.local/lib/python3.12/site-packages/airflow/example_dags/example_latest_only_with_trigger.py took 0.073 seconds
[2026-01-28T00:55:27.279+0000] {processor.py:161} INFO - Started process (PID=8162) to work on /home/airflow/.local/lib/python3.12/site-packages/airflow/example_dags/example_latest_only_with_trigger.py
[2026-01-28T00:55:27.281+0000] {processor.py:830} INFO - Processing file /home/airflow/.local/lib/python3.12/site-packages/airflow/example_dags/example_latest_only_with_trigger.py for tasks to queue
[2026-01-28T00:55:27.283+0000] {logging_mixin.py:188} INFO - [2026-01-28T00:55:27.282+0000] {dagbag.py:540} INFO - Filling up the DagBag from /home/airflow/.local/lib/python3.12/site-packages/airflow/example_dags/example_latest_only_with_trigger.py
[2026-01-28T00:55:27.288+0000] {processor.py:840} INFO - DAG(s) 'latest_only_with_trigger' retrieved from /home/airflow/.local/lib/python3.12/site-packages/airflow/example_dags/example_latest_only_with_trigger.py
[2026-01-28T00:55:27.308+0000] {logging_mixin.py:188} INFO - [2026-01-28T00:55:27.308+0000] {dag.py:3096} INFO - Sync 1 DAGs
[2026-01-28T00:55:27.327+0000] {logging_mixin.py:188} INFO - [2026-01-28T00:55:27.327+0000] {dag.py:3954} INFO - Setting next_dagrun for latest_only_with_trigger to 2026-01-27 20:00:00+00:00, run_after=2026-01-28 00:00:00+00:00
[2026-01-28T00:55:27.345+0000] {processor.py:183} INFO - Processing /home/airflow/.local/lib/python3.12/site-packages/airflow/example_dags/example_latest_only_with_trigger.py took 0.072 seconds
[2026-01-28T00:55:57.876+0000] {processor.py:161} INFO - Started process (PID=8214) to work on /home/airflow/.local/lib/python3.12/site-packages/airflow/example_dags/example_latest_only_with_trigger.py
[2026-01-28T00:55:57.877+0000] {processor.py:830} INFO - Processing file /home/airflow/.local/lib/python3.12/site-packages/airflow/example_dags/example_latest_only_with_trigger.py for tasks to queue
[2026-01-28T00:55:57.879+0000] {logging_mixin.py:188} INFO - [2026-01-28T00:55:57.879+0000] {dagbag.py:540} INFO - Filling up the DagBag from /home/airflow/.local/lib/python3.12/site-packages/airflow/example_dags/example_latest_only_with_trigger.py
[2026-01-28T00:55:57.885+0000] {processor.py:840} INFO - DAG(s) 'latest_only_with_trigger' retrieved from /home/airflow/.local/lib/python3.12/site-packages/airflow/example_dags/example_latest_only_with_trigger.py
[2026-01-28T00:55:57.905+0000] {logging_mixin.py:188} INFO - [2026-01-28T00:55:57.905+0000] {dag.py:3096} INFO - Sync 1 DAGs
[2026-01-28T00:55:57.923+0000] {logging_mixin.py:188} INFO - [2026-01-28T00:55:57.923+0000] {dag.py:3954} INFO - Setting next_dagrun for latest_only_with_trigger to 2026-01-27 20:00:00+00:00, run_after=2026-01-28 00:00:00+00:00
[2026-01-28T00:55:57.941+0000] {processor.py:183} INFO - Processing /home/airflow/.local/lib/python3.12/site-packages/airflow/example_dags/example_latest_only_with_trigger.py took 0.071 seconds
[2026-01-28T00:56:28.756+0000] {processor.py:161} INFO - Started process (PID=8266) to work on /home/airflow/.local/lib/python3.12/site-packages/airflow/example_dags/example_latest_only_with_trigger.py
[2026-01-28T00:56:28.757+0000] {processor.py:830} INFO - Processing file /home/airflow/.local/lib/python3.12/site-packages/airflow/example_dags/example_latest_only_with_trigger.py for tasks to queue
[2026-01-28T00:56:28.759+0000] {logging_mixin.py:188} INFO - [2026-01-28T00:56:28.758+0000] {dagbag.py:540} INFO - Filling up the DagBag from /home/airflow/.local/lib/python3.12/site-packages/airflow/example_dags/example_latest_only_with_trigger.py
[2026-01-28T00:56:28.764+0000] {processor.py:840} INFO - DAG(s) 'latest_only_with_trigger' retrieved from /home/airflow/.local/lib/python3.12/site-packages/airflow/example_dags/example_latest_only_with_trigger.py
[2026-01-28T00:56:28.784+0000] {logging_mixin.py:188} INFO - [2026-01-28T00:56:28.784+0000] {dag.py:3096} INFO - Sync 1 DAGs
[2026-01-28T00:56:28.802+0000] {logging_mixin.py:188} INFO - [2026-01-28T00:56:28.802+0000] {dag.py:3954} INFO - Setting next_dagrun for latest_only_with_trigger to 2026-01-27 20:00:00+00:00, run_after=2026-01-28 00:00:00+00:00
[2026-01-28T00:56:28.821+0000] {processor.py:183} INFO - Processing /home/airflow/.local/lib/python3.12/site-packages/airflow/example_dags/example_latest_only_with_trigger.py took 0.071 seconds
[2026-01-28T00:56:59.586+0000] {processor.py:161} INFO - Started process (PID=8318) to work on /home/airflow/.local/lib/python3.12/site-packages/airflow/example_dags/example_latest_only_with_trigger.py
[2026-01-28T00:56:59.587+0000] {processor.py:830} INFO - Processing file /home/airflow/.local/lib/python3.12/site-packages/airflow/example_dags/example_latest_only_with_trigger.py for tasks to queue
[2026-01-28T00:56:59.589+0000] {logging_mixin.py:188} INFO - [2026-01-28T00:56:59.589+0000] {dagbag.py:540} INFO - Filling up the DagBag from /home/airflow/.local/lib/python3.12/site-packages/airflow/example_dags/example_latest_only_with_trigger.py
[2026-01-28T00:56:59.595+0000] {processor.py:840} INFO - DAG(s) 'latest_only_with_trigger' retrieved from /home/airflow/.local/lib/python3.12/site-packages/airflow/example_dags/example_latest_only_with_trigger.py
[2026-01-28T00:56:59.615+0000] {logging_mixin.py:188} INFO - [2026-01-28T00:56:59.615+0000] {dag.py:3096} INFO - Sync 1 DAGs
[2026-01-28T00:56:59.635+0000] {logging_mixin.py:188} INFO - [2026-01-28T00:56:59.634+0000] {dag.py:3954} INFO - Setting next_dagrun for latest_only_with_trigger to 2026-01-27 20:00:00+00:00, run_after=2026-01-28 00:00:00+00:00
[2026-01-28T00:56:59.654+0000] {processor.py:183} INFO - Processing /home/airflow/.local/lib/python3.12/site-packages/airflow/example_dags/example_latest_only_with_trigger.py took 0.074 seconds
[2026-01-28T00:57:30.249+0000] {processor.py:161} INFO - Started process (PID=8370) to work on /home/airflow/.local/lib/python3.12/site-packages/airflow/example_dags/example_latest_only_with_trigger.py
[2026-01-28T00:57:30.250+0000] {processor.py:830} INFO - Processing file /home/airflow/.local/lib/python3.12/site-packages/airflow/example_dags/example_latest_only_with_trigger.py for tasks to queue
[2026-01-28T00:57:30.252+0000] {logging_mixin.py:188} INFO - [2026-01-28T00:57:30.251+0000] {dagbag.py:540} INFO - Filling up the DagBag from /home/airflow/.local/lib/python3.12/site-packages/airflow/example_dags/example_latest_only_with_trigger.py
[2026-01-28T00:57:30.257+0000] {processor.py:840} INFO - DAG(s) 'latest_only_with_trigger' retrieved from /home/airflow/.local/lib/python3.12/site-packages/airflow/example_dags/example_latest_only_with_trigger.py
[2026-01-28T00:57:30.279+0000] {logging_mixin.py:188} INFO - [2026-01-28T00:57:30.279+0000] {dag.py:3096} INFO - Sync 1 DAGs
[2026-01-28T00:57:30.299+0000] {logging_mixin.py:188} INFO - [2026-01-28T00:57:30.299+0000] {dag.py:3954} INFO - Setting next_dagrun for latest_only_with_trigger to 2026-01-27 20:00:00+00:00, run_after=2026-01-28 00:00:00+00:00
[2026-01-28T00:57:30.317+0000] {processor.py:183} INFO - Processing /home/airflow/.local/lib/python3.12/site-packages/airflow/example_dags/example_latest_only_with_trigger.py took 0.074 seconds
[2026-01-28T00:58:00.919+0000] {processor.py:161} INFO - Started process (PID=8422) to work on /home/airflow/.local/lib/python3.12/site-packages/airflow/example_dags/example_latest_only_with_trigger.py
[2026-01-28T00:58:00.920+0000] {processor.py:830} INFO - Processing file /home/airflow/.local/lib/python3.12/site-packages/airflow/example_dags/example_latest_only_with_trigger.py for tasks to queue
[2026-01-28T00:58:00.922+0000] {logging_mixin.py:188} INFO - [2026-01-28T00:58:00.922+0000] {dagbag.py:540} INFO - Filling up the DagBag from /home/airflow/.local/lib/python3.12/site-packages/airflow/example_dags/example_latest_only_with_trigger.py
[2026-01-28T00:58:00.927+0000] {processor.py:840} INFO - DAG(s) 'latest_only_with_trigger' retrieved from /home/airflow/.local/lib/python3.12/site-packages/airflow/example_dags/example_latest_only_with_trigger.py
[2026-01-28T00:58:00.947+0000] {logging_mixin.py:188} INFO - [2026-01-28T00:58:00.947+0000] {dag.py:3096} INFO - Sync 1 DAGs
[2026-01-28T00:58:00.966+0000] {logging_mixin.py:188} INFO - [2026-01-28T00:58:00.966+0000] {dag.py:3954} INFO - Setting next_dagrun for latest_only_with_trigger to 2026-01-27 20:00:00+00:00, run_after=2026-01-28 00:00:00+00:00
[2026-01-28T00:58:00.984+0000] {processor.py:183} INFO - Processing /home/airflow/.local/lib/python3.12/site-packages/airflow/example_dags/example_latest_only_with_trigger.py took 0.072 seconds
[2026-01-28T00:58:31.741+0000] {processor.py:161} INFO - Started process (PID=8474) to work on /home/airflow/.local/lib/python3.12/site-packages/airflow/example_dags/example_latest_only_with_trigger.py
[2026-01-28T00:58:31.742+0000] {processor.py:830} INFO - Processing file /home/airflow/.local/lib/python3.12/site-packages/airflow/example_dags/example_latest_only_with_trigger.py for tasks to queue
[2026-01-28T00:58:31.744+0000] {logging_mixin.py:188} INFO - [2026-01-28T00:58:31.744+0000] {dagbag.py:540} INFO - Filling up the DagBag from /home/airflow/.local/lib/python3.12/site-packages/airflow/example_dags/example_latest_only_with_trigger.py
[2026-01-28T00:58:31.750+0000] {processor.py:840} INFO - DAG(s) 'latest_only_with_trigger' retrieved from /home/airflow/.local/lib/python3.12/site-packages/airflow/example_dags/example_latest_only_with_trigger.py
[2026-01-28T00:58:31.770+0000] {logging_mixin.py:188} INFO - [2026-01-28T00:58:31.770+0000] {dag.py:3096} INFO - Sync 1 DAGs
[2026-01-28T00:58:31.789+0000] {logging_mixin.py:188} INFO - [2026-01-28T00:58:31.789+0000] {dag.py:3954} INFO - Setting next_dagrun for latest_only_with_trigger to 2026-01-27 20:00:00+00:00, run_after=2026-01-28 00:00:00+00:00
[2026-01-28T00:58:31.805+0000] {processor.py:183} INFO - Processing /home/airflow/.local/lib/python3.12/site-packages/airflow/example_dags/example_latest_only_with_trigger.py took 0.071 seconds
[2026-01-28T00:59:02.413+0000] {processor.py:161} INFO - Started process (PID=8526) to work on /home/airflow/.local/lib/python3.12/site-packages/airflow/example_dags/example_latest_only_with_trigger.py
[2026-01-28T00:59:02.414+0000] {processor.py:830} INFO - Processing file /home/airflow/.local/lib/python3.12/site-packages/airflow/example_dags/example_latest_only_with_trigger.py for tasks to queue
[2026-01-28T00:59:02.416+0000] {logging_mixin.py:188} INFO - [2026-01-28T00:59:02.416+0000] {dagbag.py:540} INFO - Filling up the DagBag from /home/airflow/.local/lib/python3.12/site-packages/airflow/example_dags/example_latest_only_with_trigger.py
[2026-01-28T00:59:02.422+0000] {processor.py:840} INFO - DAG(s) 'latest_only_with_trigger' retrieved from /home/airflow/.local/lib/python3.12/site-packages/airflow/example_dags/example_latest_only_with_trigger.py
[2026-01-28T00:59:02.443+0000] {logging_mixin.py:188} INFO - [2026-01-28T00:59:02.443+0000] {dag.py:3096} INFO - Sync 1 DAGs
[2026-01-28T00:59:02.461+0000] {logging_mixin.py:188} INFO - [2026-01-28T00:59:02.461+0000] {dag.py:3954} INFO - Setting next_dagrun for latest_only_with_trigger to 2026-01-27 20:00:00+00:00, run_after=2026-01-28 00:00:00+00:00
[2026-01-28T00:59:02.479+0000] {processor.py:183} INFO - Processing /home/airflow/.local/lib/python3.12/site-packages/airflow/example_dags/example_latest_only_with_trigger.py took 0.071 seconds
[2026-01-28T00:59:33.084+0000] {processor.py:161} INFO - Started process (PID=8578) to work on /home/airflow/.local/lib/python3.12/site-packages/airflow/example_dags/example_latest_only_with_trigger.py
[2026-01-28T00:59:33.085+0000] {processor.py:830} INFO - Processing file /home/airflow/.local/lib/python3.12/site-packages/airflow/example_dags/example_latest_only_with_trigger.py for tasks to queue
[2026-01-28T00:59:33.087+0000] {logging_mixin.py:188} INFO - [2026-01-28T00:59:33.087+0000] {dagbag.py:540} INFO - Filling up the DagBag from /home/airflow/.local/lib/python3.12/site-packages/airflow/example_dags/example_latest_only_with_trigger.py
[2026-01-28T00:59:33.093+0000] {processor.py:840} INFO - DAG(s) 'latest_only_with_trigger' retrieved from /home/airflow/.local/lib/python3.12/site-packages/airflow/example_dags/example_latest_only_with_trigger.py
[2026-01-28T00:59:33.113+0000] {logging_mixin.py:188} INFO - [2026-01-28T00:59:33.113+0000] {dag.py:3096} INFO - Sync 1 DAGs
[2026-01-28T00:59:33.133+0000] {logging_mixin.py:188} INFO - [2026-01-28T00:59:33.133+0000] {dag.py:3954} INFO - Setting next_dagrun for latest_only_with_trigger to 2026-01-27 20:00:00+00:00, run_after=2026-01-28 00:00:00+00:00
[2026-01-28T00:59:33.151+0000] {processor.py:183} INFO - Processing /home/airflow/.local/lib/python3.12/site-packages/airflow/example_dags/example_latest_only_with_trigger.py took 0.073 seconds
[2026-01-28T01:00:03.786+0000] {processor.py:161} INFO - Started process (PID=8630) to work on /home/airflow/.local/lib/python3.12/site-packages/airflow/example_dags/example_latest_only_with_trigger.py
[2026-01-28T01:00:03.787+0000] {processor.py:830} INFO - Processing file /home/airflow/.local/lib/python3.12/site-packages/airflow/example_dags/example_latest_only_with_trigger.py for tasks to queue
[2026-01-28T01:00:03.789+0000] {logging_mixin.py:188} INFO - [2026-01-28T01:00:03.789+0000] {dagbag.py:540} INFO - Filling up the DagBag from /home/airflow/.local/lib/python3.12/site-packages/airflow/example_dags/example_latest_only_with_trigger.py
[2026-01-28T01:00:03.795+0000] {processor.py:840} INFO - DAG(s) 'latest_only_with_trigger' retrieved from /home/airflow/.local/lib/python3.12/site-packages/airflow/example_dags/example_latest_only_with_trigger.py
[2026-01-28T01:00:03.815+0000] {logging_mixin.py:188} INFO - [2026-01-28T01:00:03.815+0000] {dag.py:3096} INFO - Sync 1 DAGs
[2026-01-28T01:00:03.836+0000] {logging_mixin.py:188} INFO - [2026-01-28T01:00:03.835+0000] {dag.py:3954} INFO - Setting next_dagrun for latest_only_with_trigger to 2026-01-27 20:00:00+00:00, run_after=2026-01-28 00:00:00+00:00
[2026-01-28T01:00:03.854+0000] {processor.py:183} INFO - Processing /home/airflow/.local/lib/python3.12/site-packages/airflow/example_dags/example_latest_only_with_trigger.py took 0.074 seconds
[2026-01-28T01:00:34.644+0000] {processor.py:161} INFO - Started process (PID=8682) to work on /home/airflow/.local/lib/python3.12/site-packages/airflow/example_dags/example_latest_only_with_trigger.py
[2026-01-28T01:00:34.646+0000] {processor.py:830} INFO - Processing file /home/airflow/.local/lib/python3.12/site-packages/airflow/example_dags/example_latest_only_with_trigger.py for tasks to queue
[2026-01-28T01:00:34.650+0000] {logging_mixin.py:188} INFO - [2026-01-28T01:00:34.650+0000] {dagbag.py:540} INFO - Filling up the DagBag from /home/airflow/.local/lib/python3.12/site-packages/airflow/example_dags/example_latest_only_with_trigger.py
[2026-01-28T01:00:34.656+0000] {processor.py:840} INFO - DAG(s) 'latest_only_with_trigger' retrieved from /home/airflow/.local/lib/python3.12/site-packages/airflow/example_dags/example_latest_only_with_trigger.py
[2026-01-28T01:00:34.678+0000] {logging_mixin.py:188} INFO - [2026-01-28T01:00:34.678+0000] {dag.py:3096} INFO - Sync 1 DAGs
[2026-01-28T01:00:34.698+0000] {logging_mixin.py:188} INFO - [2026-01-28T01:00:34.698+0000] {dag.py:3954} INFO - Setting next_dagrun for latest_only_with_trigger to 2026-01-27 20:00:00+00:00, run_after=2026-01-28 00:00:00+00:00
[2026-01-28T01:00:34.715+0000] {processor.py:183} INFO - Processing /home/airflow/.local/lib/python3.12/site-packages/airflow/example_dags/example_latest_only_with_trigger.py took 0.076 seconds
[2026-01-28T01:01:05.366+0000] {processor.py:161} INFO - Started process (PID=8734) to work on /home/airflow/.local/lib/python3.12/site-packages/airflow/example_dags/example_latest_only_with_trigger.py
[2026-01-28T01:01:05.367+0000] {processor.py:830} INFO - Processing file /home/airflow/.local/lib/python3.12/site-packages/airflow/example_dags/example_latest_only_with_trigger.py for tasks to queue
[2026-01-28T01:01:05.369+0000] {logging_mixin.py:188} INFO - [2026-01-28T01:01:05.369+0000] {dagbag.py:540} INFO - Filling up the DagBag from /home/airflow/.local/lib/python3.12/site-packages/airflow/example_dags/example_latest_only_with_trigger.py
[2026-01-28T01:01:05.375+0000] {processor.py:840} INFO - DAG(s) 'latest_only_with_trigger' retrieved from /home/airflow/.local/lib/python3.12/site-packages/airflow/example_dags/example_latest_only_with_trigger.py
[2026-01-28T01:01:05.396+0000] {logging_mixin.py:188} INFO - [2026-01-28T01:01:05.395+0000] {dag.py:3096} INFO - Sync 1 DAGs
[2026-01-28T01:01:05.415+0000] {logging_mixin.py:188} INFO - [2026-01-28T01:01:05.415+0000] {dag.py:3954} INFO - Setting next_dagrun for latest_only_with_trigger to 2026-01-27 20:00:00+00:00, run_after=2026-01-28 00:00:00+00:00
[2026-01-28T01:01:05.433+0000] {processor.py:183} INFO - Processing /home/airflow/.local/lib/python3.12/site-packages/airflow/example_dags/example_latest_only_with_trigger.py took 0.073 seconds
[2026-01-28T01:01:36.012+0000] {processor.py:161} INFO - Started process (PID=8786) to work on /home/airflow/.local/lib/python3.12/site-packages/airflow/example_dags/example_latest_only_with_trigger.py
[2026-01-28T01:01:36.012+0000] {processor.py:830} INFO - Processing file /home/airflow/.local/lib/python3.12/site-packages/airflow/example_dags/example_latest_only_with_trigger.py for tasks to queue
[2026-01-28T01:01:36.015+0000] {logging_mixin.py:188} INFO - [2026-01-28T01:01:36.014+0000] {dagbag.py:540} INFO - Filling up the DagBag from /home/airflow/.local/lib/python3.12/site-packages/airflow/example_dags/example_latest_only_with_trigger.py
[2026-01-28T01:01:36.020+0000] {processor.py:840} INFO - DAG(s) 'latest_only_with_trigger' retrieved from /home/airflow/.local/lib/python3.12/site-packages/airflow/example_dags/example_latest_only_with_trigger.py
[2026-01-28T01:01:36.040+0000] {logging_mixin.py:188} INFO - [2026-01-28T01:01:36.040+0000] {dag.py:3096} INFO - Sync 1 DAGs
[2026-01-28T01:01:36.058+0000] {logging_mixin.py:188} INFO - [2026-01-28T01:01:36.058+0000] {dag.py:3954} INFO - Setting next_dagrun for latest_only_with_trigger to 2026-01-27 20:00:00+00:00, run_after=2026-01-28 00:00:00+00:00
[2026-01-28T01:01:36.075+0000] {processor.py:183} INFO - Processing /home/airflow/.local/lib/python3.12/site-packages/airflow/example_dags/example_latest_only_with_trigger.py took 0.069 seconds
[2026-01-28T01:02:06.629+0000] {processor.py:161} INFO - Started process (PID=8838) to work on /home/airflow/.local/lib/python3.12/site-packages/airflow/example_dags/example_latest_only_with_trigger.py
[2026-01-28T01:02:06.630+0000] {processor.py:830} INFO - Processing file /home/airflow/.local/lib/python3.12/site-packages/airflow/example_dags/example_latest_only_with_trigger.py for tasks to queue
[2026-01-28T01:02:06.632+0000] {logging_mixin.py:188} INFO - [2026-01-28T01:02:06.632+0000] {dagbag.py:540} INFO - Filling up the DagBag from /home/airflow/.local/lib/python3.12/site-packages/airflow/example_dags/example_latest_only_with_trigger.py
[2026-01-28T01:02:06.638+0000] {processor.py:840} INFO - DAG(s) 'latest_only_with_trigger' retrieved from /home/airflow/.local/lib/python3.12/site-packages/airflow/example_dags/example_latest_only_with_trigger.py
[2026-01-28T01:02:06.658+0000] {logging_mixin.py:188} INFO - [2026-01-28T01:02:06.658+0000] {dag.py:3096} INFO - Sync 1 DAGs
[2026-01-28T01:02:06.678+0000] {logging_mixin.py:188} INFO - [2026-01-28T01:02:06.677+0000] {dag.py:3954} INFO - Setting next_dagrun for latest_only_with_trigger to 2026-01-27 20:00:00+00:00, run_after=2026-01-28 00:00:00+00:00
[2026-01-28T01:02:06.697+0000] {processor.py:183} INFO - Processing /home/airflow/.local/lib/python3.12/site-packages/airflow/example_dags/example_latest_only_with_trigger.py took 0.073 seconds
[2026-01-28T01:02:37.187+0000] {processor.py:161} INFO - Started process (PID=8890) to work on /home/airflow/.local/lib/python3.12/site-packages/airflow/example_dags/example_latest_only_with_trigger.py
[2026-01-28T01:02:37.188+0000] {processor.py:830} INFO - Processing file /home/airflow/.local/lib/python3.12/site-packages/airflow/example_dags/example_latest_only_with_trigger.py for tasks to queue
[2026-01-28T01:02:37.190+0000] {logging_mixin.py:188} INFO - [2026-01-28T01:02:37.189+0000] {dagbag.py:540} INFO - Filling up the DagBag from /home/airflow/.local/lib/python3.12/site-packages/airflow/example_dags/example_latest_only_with_trigger.py
[2026-01-28T01:02:37.195+0000] {processor.py:840} INFO - DAG(s) 'latest_only_with_trigger' retrieved from /home/airflow/.local/lib/python3.12/site-packages/airflow/example_dags/example_latest_only_with_trigger.py
[2026-01-28T01:02:37.216+0000] {logging_mixin.py:188} INFO - [2026-01-28T01:02:37.216+0000] {dag.py:3096} INFO - Sync 1 DAGs
[2026-01-28T01:02:37.236+0000] {logging_mixin.py:188} INFO - [2026-01-28T01:02:37.235+0000] {dag.py:3954} INFO - Setting next_dagrun for latest_only_with_trigger to 2026-01-27 20:00:00+00:00, run_after=2026-01-28 00:00:00+00:00
[2026-01-28T01:02:37.254+0000] {processor.py:183} INFO - Processing /home/airflow/.local/lib/python3.12/site-packages/airflow/example_dags/example_latest_only_with_trigger.py took 0.073 seconds
