[2026-01-28T00:00:26.233+0000] {processor.py:161} INFO - Started process (PID=2542) to work on /home/airflow/.local/lib/python3.12/site-packages/airflow/example_dags/tutorial_dag.py
[2026-01-28T00:00:26.235+0000] {processor.py:830} INFO - Processing file /home/airflow/.local/lib/python3.12/site-packages/airflow/example_dags/tutorial_dag.py for tasks to queue
[2026-01-28T00:00:26.238+0000] {logging_mixin.py:188} INFO - [2026-01-28T00:00:26.238+0000] {dagbag.py:540} INFO - Filling up the DagBag from /home/airflow/.local/lib/python3.12/site-packages/airflow/example_dags/tutorial_dag.py
[2026-01-28T00:00:26.248+0000] {processor.py:840} INFO - DAG(s) 'tutorial_dag' retrieved from /home/airflow/.local/lib/python3.12/site-packages/airflow/example_dags/tutorial_dag.py
[2026-01-28T00:00:26.276+0000] {logging_mixin.py:188} INFO - [2026-01-28T00:00:26.276+0000] {dag.py:3096} INFO - Sync 1 DAGs
[2026-01-28T00:00:26.298+0000] {logging_mixin.py:188} INFO - [2026-01-28T00:00:26.297+0000] {dag.py:3954} INFO - Setting next_dagrun for tutorial_dag to None, run_after=None
[2026-01-28T00:00:26.331+0000] {processor.py:183} INFO - Processing /home/airflow/.local/lib/python3.12/site-packages/airflow/example_dags/tutorial_dag.py took 0.109 seconds
[2026-01-28T00:00:56.720+0000] {processor.py:161} INFO - Started process (PID=2594) to work on /home/airflow/.local/lib/python3.12/site-packages/airflow/example_dags/tutorial_dag.py
[2026-01-28T00:00:56.726+0000] {processor.py:830} INFO - Processing file /home/airflow/.local/lib/python3.12/site-packages/airflow/example_dags/tutorial_dag.py for tasks to queue
[2026-01-28T00:00:56.731+0000] {logging_mixin.py:188} INFO - [2026-01-28T00:00:56.730+0000] {dagbag.py:540} INFO - Filling up the DagBag from /home/airflow/.local/lib/python3.12/site-packages/airflow/example_dags/tutorial_dag.py
[2026-01-28T00:00:56.755+0000] {processor.py:840} INFO - DAG(s) 'tutorial_dag' retrieved from /home/airflow/.local/lib/python3.12/site-packages/airflow/example_dags/tutorial_dag.py
[2026-01-28T00:00:56.832+0000] {logging_mixin.py:188} INFO - [2026-01-28T00:00:56.831+0000] {dag.py:3096} INFO - Sync 1 DAGs
[2026-01-28T00:00:56.864+0000] {logging_mixin.py:188} INFO - [2026-01-28T00:00:56.863+0000] {dag.py:3954} INFO - Setting next_dagrun for tutorial_dag to None, run_after=None
[2026-01-28T00:00:56.914+0000] {processor.py:183} INFO - Processing /home/airflow/.local/lib/python3.12/site-packages/airflow/example_dags/tutorial_dag.py took 0.221 seconds
[2026-01-28T00:01:27.393+0000] {processor.py:161} INFO - Started process (PID=2646) to work on /home/airflow/.local/lib/python3.12/site-packages/airflow/example_dags/tutorial_dag.py
[2026-01-28T00:01:27.394+0000] {processor.py:830} INFO - Processing file /home/airflow/.local/lib/python3.12/site-packages/airflow/example_dags/tutorial_dag.py for tasks to queue
[2026-01-28T00:01:27.397+0000] {logging_mixin.py:188} INFO - [2026-01-28T00:01:27.396+0000] {dagbag.py:540} INFO - Filling up the DagBag from /home/airflow/.local/lib/python3.12/site-packages/airflow/example_dags/tutorial_dag.py
[2026-01-28T00:01:27.406+0000] {processor.py:840} INFO - DAG(s) 'tutorial_dag' retrieved from /home/airflow/.local/lib/python3.12/site-packages/airflow/example_dags/tutorial_dag.py
[2026-01-28T00:01:27.444+0000] {logging_mixin.py:188} INFO - [2026-01-28T00:01:27.443+0000] {dag.py:3096} INFO - Sync 1 DAGs
[2026-01-28T00:01:27.468+0000] {logging_mixin.py:188} INFO - [2026-01-28T00:01:27.467+0000] {dag.py:3954} INFO - Setting next_dagrun for tutorial_dag to None, run_after=None
[2026-01-28T00:01:27.505+0000] {processor.py:183} INFO - Processing /home/airflow/.local/lib/python3.12/site-packages/airflow/example_dags/tutorial_dag.py took 0.122 seconds
[2026-01-28T00:01:57.920+0000] {processor.py:161} INFO - Started process (PID=2698) to work on /home/airflow/.local/lib/python3.12/site-packages/airflow/example_dags/tutorial_dag.py
[2026-01-28T00:01:57.922+0000] {processor.py:830} INFO - Processing file /home/airflow/.local/lib/python3.12/site-packages/airflow/example_dags/tutorial_dag.py for tasks to queue
[2026-01-28T00:01:57.927+0000] {logging_mixin.py:188} INFO - [2026-01-28T00:01:57.927+0000] {dagbag.py:540} INFO - Filling up the DagBag from /home/airflow/.local/lib/python3.12/site-packages/airflow/example_dags/tutorial_dag.py
[2026-01-28T00:01:57.934+0000] {processor.py:840} INFO - DAG(s) 'tutorial_dag' retrieved from /home/airflow/.local/lib/python3.12/site-packages/airflow/example_dags/tutorial_dag.py
[2026-01-28T00:01:57.958+0000] {logging_mixin.py:188} INFO - [2026-01-28T00:01:57.958+0000] {dag.py:3096} INFO - Sync 1 DAGs
[2026-01-28T00:01:57.971+0000] {logging_mixin.py:188} INFO - [2026-01-28T00:01:57.971+0000] {dag.py:3954} INFO - Setting next_dagrun for tutorial_dag to None, run_after=None
[2026-01-28T00:01:57.992+0000] {processor.py:183} INFO - Processing /home/airflow/.local/lib/python3.12/site-packages/airflow/example_dags/tutorial_dag.py took 0.079 seconds
[2026-01-28T00:02:28.496+0000] {processor.py:161} INFO - Started process (PID=2750) to work on /home/airflow/.local/lib/python3.12/site-packages/airflow/example_dags/tutorial_dag.py
[2026-01-28T00:02:28.499+0000] {processor.py:830} INFO - Processing file /home/airflow/.local/lib/python3.12/site-packages/airflow/example_dags/tutorial_dag.py for tasks to queue
[2026-01-28T00:02:28.505+0000] {logging_mixin.py:188} INFO - [2026-01-28T00:02:28.504+0000] {dagbag.py:540} INFO - Filling up the DagBag from /home/airflow/.local/lib/python3.12/site-packages/airflow/example_dags/tutorial_dag.py
[2026-01-28T00:02:28.518+0000] {processor.py:840} INFO - DAG(s) 'tutorial_dag' retrieved from /home/airflow/.local/lib/python3.12/site-packages/airflow/example_dags/tutorial_dag.py
[2026-01-28T00:02:28.563+0000] {logging_mixin.py:188} INFO - [2026-01-28T00:02:28.562+0000] {dag.py:3096} INFO - Sync 1 DAGs
[2026-01-28T00:02:28.595+0000] {logging_mixin.py:188} INFO - [2026-01-28T00:02:28.594+0000] {dag.py:3954} INFO - Setting next_dagrun for tutorial_dag to None, run_after=None
[2026-01-28T00:02:28.649+0000] {processor.py:183} INFO - Processing /home/airflow/.local/lib/python3.12/site-packages/airflow/example_dags/tutorial_dag.py took 0.176 seconds
[2026-01-28T00:02:58.812+0000] {processor.py:161} INFO - Started process (PID=2802) to work on /home/airflow/.local/lib/python3.12/site-packages/airflow/example_dags/tutorial_dag.py
[2026-01-28T00:02:58.813+0000] {processor.py:830} INFO - Processing file /home/airflow/.local/lib/python3.12/site-packages/airflow/example_dags/tutorial_dag.py for tasks to queue
[2026-01-28T00:02:58.814+0000] {logging_mixin.py:188} INFO - [2026-01-28T00:02:58.814+0000] {dagbag.py:540} INFO - Filling up the DagBag from /home/airflow/.local/lib/python3.12/site-packages/airflow/example_dags/tutorial_dag.py
[2026-01-28T00:02:58.820+0000] {processor.py:840} INFO - DAG(s) 'tutorial_dag' retrieved from /home/airflow/.local/lib/python3.12/site-packages/airflow/example_dags/tutorial_dag.py
[2026-01-28T00:02:58.841+0000] {logging_mixin.py:188} INFO - [2026-01-28T00:02:58.841+0000] {dag.py:3096} INFO - Sync 1 DAGs
[2026-01-28T00:02:58.852+0000] {logging_mixin.py:188} INFO - [2026-01-28T00:02:58.852+0000] {dag.py:3954} INFO - Setting next_dagrun for tutorial_dag to None, run_after=None
[2026-01-28T00:02:58.872+0000] {processor.py:183} INFO - Processing /home/airflow/.local/lib/python3.12/site-packages/airflow/example_dags/tutorial_dag.py took 0.066 seconds
[2026-01-28T00:03:28.997+0000] {processor.py:161} INFO - Started process (PID=2854) to work on /home/airflow/.local/lib/python3.12/site-packages/airflow/example_dags/tutorial_dag.py
[2026-01-28T00:03:28.998+0000] {processor.py:830} INFO - Processing file /home/airflow/.local/lib/python3.12/site-packages/airflow/example_dags/tutorial_dag.py for tasks to queue
[2026-01-28T00:03:29.000+0000] {logging_mixin.py:188} INFO - [2026-01-28T00:03:28.999+0000] {dagbag.py:540} INFO - Filling up the DagBag from /home/airflow/.local/lib/python3.12/site-packages/airflow/example_dags/tutorial_dag.py
[2026-01-28T00:03:29.004+0000] {processor.py:840} INFO - DAG(s) 'tutorial_dag' retrieved from /home/airflow/.local/lib/python3.12/site-packages/airflow/example_dags/tutorial_dag.py
[2026-01-28T00:03:29.025+0000] {logging_mixin.py:188} INFO - [2026-01-28T00:03:29.025+0000] {dag.py:3096} INFO - Sync 1 DAGs
[2026-01-28T00:03:29.037+0000] {logging_mixin.py:188} INFO - [2026-01-28T00:03:29.037+0000] {dag.py:3954} INFO - Setting next_dagrun for tutorial_dag to None, run_after=None
[2026-01-28T00:03:29.055+0000] {processor.py:183} INFO - Processing /home/airflow/.local/lib/python3.12/site-packages/airflow/example_dags/tutorial_dag.py took 0.064 seconds
[2026-01-28T00:03:59.139+0000] {processor.py:161} INFO - Started process (PID=2906) to work on /home/airflow/.local/lib/python3.12/site-packages/airflow/example_dags/tutorial_dag.py
[2026-01-28T00:03:59.141+0000] {processor.py:830} INFO - Processing file /home/airflow/.local/lib/python3.12/site-packages/airflow/example_dags/tutorial_dag.py for tasks to queue
[2026-01-28T00:03:59.143+0000] {logging_mixin.py:188} INFO - [2026-01-28T00:03:59.143+0000] {dagbag.py:540} INFO - Filling up the DagBag from /home/airflow/.local/lib/python3.12/site-packages/airflow/example_dags/tutorial_dag.py
[2026-01-28T00:03:59.151+0000] {processor.py:840} INFO - DAG(s) 'tutorial_dag' retrieved from /home/airflow/.local/lib/python3.12/site-packages/airflow/example_dags/tutorial_dag.py
[2026-01-28T00:03:59.179+0000] {logging_mixin.py:188} INFO - [2026-01-28T00:03:59.178+0000] {dag.py:3096} INFO - Sync 1 DAGs
[2026-01-28T00:03:59.198+0000] {logging_mixin.py:188} INFO - [2026-01-28T00:03:59.198+0000] {dag.py:3954} INFO - Setting next_dagrun for tutorial_dag to None, run_after=None
[2026-01-28T00:03:59.219+0000] {processor.py:183} INFO - Processing /home/airflow/.local/lib/python3.12/site-packages/airflow/example_dags/tutorial_dag.py took 0.088 seconds
[2026-01-28T00:04:29.305+0000] {processor.py:161} INFO - Started process (PID=2958) to work on /home/airflow/.local/lib/python3.12/site-packages/airflow/example_dags/tutorial_dag.py
[2026-01-28T00:04:29.306+0000] {processor.py:830} INFO - Processing file /home/airflow/.local/lib/python3.12/site-packages/airflow/example_dags/tutorial_dag.py for tasks to queue
[2026-01-28T00:04:29.308+0000] {logging_mixin.py:188} INFO - [2026-01-28T00:04:29.308+0000] {dagbag.py:540} INFO - Filling up the DagBag from /home/airflow/.local/lib/python3.12/site-packages/airflow/example_dags/tutorial_dag.py
[2026-01-28T00:04:29.313+0000] {processor.py:840} INFO - DAG(s) 'tutorial_dag' retrieved from /home/airflow/.local/lib/python3.12/site-packages/airflow/example_dags/tutorial_dag.py
[2026-01-28T00:04:29.333+0000] {logging_mixin.py:188} INFO - [2026-01-28T00:04:29.333+0000] {dag.py:3096} INFO - Sync 1 DAGs
[2026-01-28T00:04:29.344+0000] {logging_mixin.py:188} INFO - [2026-01-28T00:04:29.344+0000] {dag.py:3954} INFO - Setting next_dagrun for tutorial_dag to None, run_after=None
[2026-01-28T00:04:29.368+0000] {processor.py:183} INFO - Processing /home/airflow/.local/lib/python3.12/site-packages/airflow/example_dags/tutorial_dag.py took 0.068 seconds
[2026-01-28T00:04:59.694+0000] {processor.py:161} INFO - Started process (PID=3010) to work on /home/airflow/.local/lib/python3.12/site-packages/airflow/example_dags/tutorial_dag.py
[2026-01-28T00:04:59.695+0000] {processor.py:830} INFO - Processing file /home/airflow/.local/lib/python3.12/site-packages/airflow/example_dags/tutorial_dag.py for tasks to queue
[2026-01-28T00:04:59.697+0000] {logging_mixin.py:188} INFO - [2026-01-28T00:04:59.697+0000] {dagbag.py:540} INFO - Filling up the DagBag from /home/airflow/.local/lib/python3.12/site-packages/airflow/example_dags/tutorial_dag.py
[2026-01-28T00:04:59.705+0000] {processor.py:840} INFO - DAG(s) 'tutorial_dag' retrieved from /home/airflow/.local/lib/python3.12/site-packages/airflow/example_dags/tutorial_dag.py
[2026-01-28T00:04:59.729+0000] {logging_mixin.py:188} INFO - [2026-01-28T00:04:59.729+0000] {dag.py:3096} INFO - Sync 1 DAGs
[2026-01-28T00:04:59.742+0000] {logging_mixin.py:188} INFO - [2026-01-28T00:04:59.742+0000] {dag.py:3954} INFO - Setting next_dagrun for tutorial_dag to None, run_after=None
[2026-01-28T00:04:59.764+0000] {processor.py:183} INFO - Processing /home/airflow/.local/lib/python3.12/site-packages/airflow/example_dags/tutorial_dag.py took 0.076 seconds
[2026-01-28T00:05:29.926+0000] {processor.py:161} INFO - Started process (PID=3062) to work on /home/airflow/.local/lib/python3.12/site-packages/airflow/example_dags/tutorial_dag.py
[2026-01-28T00:05:29.927+0000] {processor.py:830} INFO - Processing file /home/airflow/.local/lib/python3.12/site-packages/airflow/example_dags/tutorial_dag.py for tasks to queue
[2026-01-28T00:05:29.930+0000] {logging_mixin.py:188} INFO - [2026-01-28T00:05:29.929+0000] {dagbag.py:540} INFO - Filling up the DagBag from /home/airflow/.local/lib/python3.12/site-packages/airflow/example_dags/tutorial_dag.py
[2026-01-28T00:05:29.936+0000] {processor.py:840} INFO - DAG(s) 'tutorial_dag' retrieved from /home/airflow/.local/lib/python3.12/site-packages/airflow/example_dags/tutorial_dag.py
[2026-01-28T00:05:29.957+0000] {logging_mixin.py:188} INFO - [2026-01-28T00:05:29.957+0000] {dag.py:3096} INFO - Sync 1 DAGs
[2026-01-28T00:05:29.971+0000] {logging_mixin.py:188} INFO - [2026-01-28T00:05:29.971+0000] {dag.py:3954} INFO - Setting next_dagrun for tutorial_dag to None, run_after=None
[2026-01-28T00:05:29.993+0000] {processor.py:183} INFO - Processing /home/airflow/.local/lib/python3.12/site-packages/airflow/example_dags/tutorial_dag.py took 0.074 seconds
[2026-01-28T00:06:00.234+0000] {processor.py:161} INFO - Started process (PID=3114) to work on /home/airflow/.local/lib/python3.12/site-packages/airflow/example_dags/tutorial_dag.py
[2026-01-28T00:06:00.235+0000] {processor.py:830} INFO - Processing file /home/airflow/.local/lib/python3.12/site-packages/airflow/example_dags/tutorial_dag.py for tasks to queue
[2026-01-28T00:06:00.237+0000] {logging_mixin.py:188} INFO - [2026-01-28T00:06:00.237+0000] {dagbag.py:540} INFO - Filling up the DagBag from /home/airflow/.local/lib/python3.12/site-packages/airflow/example_dags/tutorial_dag.py
[2026-01-28T00:06:00.243+0000] {processor.py:840} INFO - DAG(s) 'tutorial_dag' retrieved from /home/airflow/.local/lib/python3.12/site-packages/airflow/example_dags/tutorial_dag.py
[2026-01-28T00:06:00.262+0000] {logging_mixin.py:188} INFO - [2026-01-28T00:06:00.262+0000] {dag.py:3096} INFO - Sync 1 DAGs
[2026-01-28T00:06:00.276+0000] {logging_mixin.py:188} INFO - [2026-01-28T00:06:00.275+0000] {dag.py:3954} INFO - Setting next_dagrun for tutorial_dag to None, run_after=None
[2026-01-28T00:06:00.299+0000] {processor.py:183} INFO - Processing /home/airflow/.local/lib/python3.12/site-packages/airflow/example_dags/tutorial_dag.py took 0.072 seconds
[2026-01-28T00:06:30.398+0000] {processor.py:161} INFO - Started process (PID=3166) to work on /home/airflow/.local/lib/python3.12/site-packages/airflow/example_dags/tutorial_dag.py
[2026-01-28T00:06:30.399+0000] {processor.py:830} INFO - Processing file /home/airflow/.local/lib/python3.12/site-packages/airflow/example_dags/tutorial_dag.py for tasks to queue
[2026-01-28T00:06:30.402+0000] {logging_mixin.py:188} INFO - [2026-01-28T00:06:30.401+0000] {dagbag.py:540} INFO - Filling up the DagBag from /home/airflow/.local/lib/python3.12/site-packages/airflow/example_dags/tutorial_dag.py
[2026-01-28T00:06:30.407+0000] {processor.py:840} INFO - DAG(s) 'tutorial_dag' retrieved from /home/airflow/.local/lib/python3.12/site-packages/airflow/example_dags/tutorial_dag.py
[2026-01-28T00:06:30.426+0000] {logging_mixin.py:188} INFO - [2026-01-28T00:06:30.426+0000] {dag.py:3096} INFO - Sync 1 DAGs
[2026-01-28T00:06:30.439+0000] {logging_mixin.py:188} INFO - [2026-01-28T00:06:30.438+0000] {dag.py:3954} INFO - Setting next_dagrun for tutorial_dag to None, run_after=None
[2026-01-28T00:06:30.458+0000] {processor.py:183} INFO - Processing /home/airflow/.local/lib/python3.12/site-packages/airflow/example_dags/tutorial_dag.py took 0.066 seconds
[2026-01-28T00:07:00.511+0000] {processor.py:161} INFO - Started process (PID=3218) to work on /home/airflow/.local/lib/python3.12/site-packages/airflow/example_dags/tutorial_dag.py
[2026-01-28T00:07:00.512+0000] {processor.py:830} INFO - Processing file /home/airflow/.local/lib/python3.12/site-packages/airflow/example_dags/tutorial_dag.py for tasks to queue
[2026-01-28T00:07:00.513+0000] {logging_mixin.py:188} INFO - [2026-01-28T00:07:00.513+0000] {dagbag.py:540} INFO - Filling up the DagBag from /home/airflow/.local/lib/python3.12/site-packages/airflow/example_dags/tutorial_dag.py
[2026-01-28T00:07:00.519+0000] {processor.py:840} INFO - DAG(s) 'tutorial_dag' retrieved from /home/airflow/.local/lib/python3.12/site-packages/airflow/example_dags/tutorial_dag.py
[2026-01-28T00:07:00.541+0000] {logging_mixin.py:188} INFO - [2026-01-28T00:07:00.540+0000] {dag.py:3096} INFO - Sync 1 DAGs
[2026-01-28T00:07:00.553+0000] {logging_mixin.py:188} INFO - [2026-01-28T00:07:00.553+0000] {dag.py:3954} INFO - Setting next_dagrun for tutorial_dag to None, run_after=None
[2026-01-28T00:07:00.573+0000] {processor.py:183} INFO - Processing /home/airflow/.local/lib/python3.12/site-packages/airflow/example_dags/tutorial_dag.py took 0.067 seconds
[2026-01-28T00:07:30.683+0000] {processor.py:161} INFO - Started process (PID=3270) to work on /home/airflow/.local/lib/python3.12/site-packages/airflow/example_dags/tutorial_dag.py
[2026-01-28T00:07:30.684+0000] {processor.py:830} INFO - Processing file /home/airflow/.local/lib/python3.12/site-packages/airflow/example_dags/tutorial_dag.py for tasks to queue
[2026-01-28T00:07:30.687+0000] {logging_mixin.py:188} INFO - [2026-01-28T00:07:30.686+0000] {dagbag.py:540} INFO - Filling up the DagBag from /home/airflow/.local/lib/python3.12/site-packages/airflow/example_dags/tutorial_dag.py
[2026-01-28T00:07:30.692+0000] {processor.py:840} INFO - DAG(s) 'tutorial_dag' retrieved from /home/airflow/.local/lib/python3.12/site-packages/airflow/example_dags/tutorial_dag.py
[2026-01-28T00:07:30.713+0000] {logging_mixin.py:188} INFO - [2026-01-28T00:07:30.713+0000] {dag.py:3096} INFO - Sync 1 DAGs
[2026-01-28T00:07:30.727+0000] {logging_mixin.py:188} INFO - [2026-01-28T00:07:30.726+0000] {dag.py:3954} INFO - Setting next_dagrun for tutorial_dag to None, run_after=None
[2026-01-28T00:07:30.748+0000] {processor.py:183} INFO - Processing /home/airflow/.local/lib/python3.12/site-packages/airflow/example_dags/tutorial_dag.py took 0.071 seconds
[2026-01-28T00:08:01.083+0000] {processor.py:161} INFO - Started process (PID=3322) to work on /home/airflow/.local/lib/python3.12/site-packages/airflow/example_dags/tutorial_dag.py
[2026-01-28T00:08:01.085+0000] {processor.py:830} INFO - Processing file /home/airflow/.local/lib/python3.12/site-packages/airflow/example_dags/tutorial_dag.py for tasks to queue
[2026-01-28T00:08:01.087+0000] {logging_mixin.py:188} INFO - [2026-01-28T00:08:01.086+0000] {dagbag.py:540} INFO - Filling up the DagBag from /home/airflow/.local/lib/python3.12/site-packages/airflow/example_dags/tutorial_dag.py
[2026-01-28T00:08:01.092+0000] {processor.py:840} INFO - DAG(s) 'tutorial_dag' retrieved from /home/airflow/.local/lib/python3.12/site-packages/airflow/example_dags/tutorial_dag.py
[2026-01-28T00:08:01.113+0000] {logging_mixin.py:188} INFO - [2026-01-28T00:08:01.113+0000] {dag.py:3096} INFO - Sync 1 DAGs
[2026-01-28T00:08:01.125+0000] {logging_mixin.py:188} INFO - [2026-01-28T00:08:01.125+0000] {dag.py:3954} INFO - Setting next_dagrun for tutorial_dag to None, run_after=None
[2026-01-28T00:08:01.146+0000] {processor.py:183} INFO - Processing /home/airflow/.local/lib/python3.12/site-packages/airflow/example_dags/tutorial_dag.py took 0.069 seconds
[2026-01-28T00:08:31.430+0000] {processor.py:161} INFO - Started process (PID=3374) to work on /home/airflow/.local/lib/python3.12/site-packages/airflow/example_dags/tutorial_dag.py
[2026-01-28T00:08:31.431+0000] {processor.py:830} INFO - Processing file /home/airflow/.local/lib/python3.12/site-packages/airflow/example_dags/tutorial_dag.py for tasks to queue
[2026-01-28T00:08:31.433+0000] {logging_mixin.py:188} INFO - [2026-01-28T00:08:31.432+0000] {dagbag.py:540} INFO - Filling up the DagBag from /home/airflow/.local/lib/python3.12/site-packages/airflow/example_dags/tutorial_dag.py
[2026-01-28T00:08:31.438+0000] {processor.py:840} INFO - DAG(s) 'tutorial_dag' retrieved from /home/airflow/.local/lib/python3.12/site-packages/airflow/example_dags/tutorial_dag.py
[2026-01-28T00:08:31.458+0000] {logging_mixin.py:188} INFO - [2026-01-28T00:08:31.457+0000] {dag.py:3096} INFO - Sync 1 DAGs
[2026-01-28T00:08:31.469+0000] {logging_mixin.py:188} INFO - [2026-01-28T00:08:31.468+0000] {dag.py:3954} INFO - Setting next_dagrun for tutorial_dag to None, run_after=None
[2026-01-28T00:08:31.488+0000] {processor.py:183} INFO - Processing /home/airflow/.local/lib/python3.12/site-packages/airflow/example_dags/tutorial_dag.py took 0.064 seconds
[2026-01-28T00:09:01.873+0000] {processor.py:161} INFO - Started process (PID=3426) to work on /home/airflow/.local/lib/python3.12/site-packages/airflow/example_dags/tutorial_dag.py
[2026-01-28T00:09:01.874+0000] {processor.py:830} INFO - Processing file /home/airflow/.local/lib/python3.12/site-packages/airflow/example_dags/tutorial_dag.py for tasks to queue
[2026-01-28T00:09:01.876+0000] {logging_mixin.py:188} INFO - [2026-01-28T00:09:01.876+0000] {dagbag.py:540} INFO - Filling up the DagBag from /home/airflow/.local/lib/python3.12/site-packages/airflow/example_dags/tutorial_dag.py
[2026-01-28T00:09:01.881+0000] {processor.py:840} INFO - DAG(s) 'tutorial_dag' retrieved from /home/airflow/.local/lib/python3.12/site-packages/airflow/example_dags/tutorial_dag.py
[2026-01-28T00:09:01.905+0000] {logging_mixin.py:188} INFO - [2026-01-28T00:09:01.904+0000] {dag.py:3096} INFO - Sync 1 DAGs
[2026-01-28T00:09:01.917+0000] {logging_mixin.py:188} INFO - [2026-01-28T00:09:01.917+0000] {dag.py:3954} INFO - Setting next_dagrun for tutorial_dag to None, run_after=None
[2026-01-28T00:09:01.940+0000] {processor.py:183} INFO - Processing /home/airflow/.local/lib/python3.12/site-packages/airflow/example_dags/tutorial_dag.py took 0.073 seconds
[2026-01-28T00:09:32.751+0000] {processor.py:161} INFO - Started process (PID=3478) to work on /home/airflow/.local/lib/python3.12/site-packages/airflow/example_dags/tutorial_dag.py
[2026-01-28T00:09:32.752+0000] {processor.py:830} INFO - Processing file /home/airflow/.local/lib/python3.12/site-packages/airflow/example_dags/tutorial_dag.py for tasks to queue
[2026-01-28T00:09:32.753+0000] {logging_mixin.py:188} INFO - [2026-01-28T00:09:32.753+0000] {dagbag.py:540} INFO - Filling up the DagBag from /home/airflow/.local/lib/python3.12/site-packages/airflow/example_dags/tutorial_dag.py
[2026-01-28T00:09:32.759+0000] {processor.py:840} INFO - DAG(s) 'tutorial_dag' retrieved from /home/airflow/.local/lib/python3.12/site-packages/airflow/example_dags/tutorial_dag.py
[2026-01-28T00:09:32.778+0000] {logging_mixin.py:188} INFO - [2026-01-28T00:09:32.778+0000] {dag.py:3096} INFO - Sync 1 DAGs
[2026-01-28T00:09:32.789+0000] {logging_mixin.py:188} INFO - [2026-01-28T00:09:32.789+0000] {dag.py:3954} INFO - Setting next_dagrun for tutorial_dag to None, run_after=None
[2026-01-28T00:09:32.809+0000] {processor.py:183} INFO - Processing /home/airflow/.local/lib/python3.12/site-packages/airflow/example_dags/tutorial_dag.py took 0.064 seconds
[2026-01-28T00:10:03.626+0000] {processor.py:161} INFO - Started process (PID=3530) to work on /home/airflow/.local/lib/python3.12/site-packages/airflow/example_dags/tutorial_dag.py
[2026-01-28T00:10:03.627+0000] {processor.py:830} INFO - Processing file /home/airflow/.local/lib/python3.12/site-packages/airflow/example_dags/tutorial_dag.py for tasks to queue
[2026-01-28T00:10:03.629+0000] {logging_mixin.py:188} INFO - [2026-01-28T00:10:03.629+0000] {dagbag.py:540} INFO - Filling up the DagBag from /home/airflow/.local/lib/python3.12/site-packages/airflow/example_dags/tutorial_dag.py
[2026-01-28T00:10:03.634+0000] {processor.py:840} INFO - DAG(s) 'tutorial_dag' retrieved from /home/airflow/.local/lib/python3.12/site-packages/airflow/example_dags/tutorial_dag.py
[2026-01-28T00:10:03.655+0000] {logging_mixin.py:188} INFO - [2026-01-28T00:10:03.654+0000] {dag.py:3096} INFO - Sync 1 DAGs
[2026-01-28T00:10:03.666+0000] {logging_mixin.py:188} INFO - [2026-01-28T00:10:03.665+0000] {dag.py:3954} INFO - Setting next_dagrun for tutorial_dag to None, run_after=None
[2026-01-28T00:10:03.685+0000] {processor.py:183} INFO - Processing /home/airflow/.local/lib/python3.12/site-packages/airflow/example_dags/tutorial_dag.py took 0.065 seconds
[2026-01-28T00:10:33.753+0000] {processor.py:161} INFO - Started process (PID=3582) to work on /home/airflow/.local/lib/python3.12/site-packages/airflow/example_dags/tutorial_dag.py
[2026-01-28T00:10:33.754+0000] {processor.py:830} INFO - Processing file /home/airflow/.local/lib/python3.12/site-packages/airflow/example_dags/tutorial_dag.py for tasks to queue
[2026-01-28T00:10:33.756+0000] {logging_mixin.py:188} INFO - [2026-01-28T00:10:33.756+0000] {dagbag.py:540} INFO - Filling up the DagBag from /home/airflow/.local/lib/python3.12/site-packages/airflow/example_dags/tutorial_dag.py
[2026-01-28T00:10:33.762+0000] {processor.py:840} INFO - DAG(s) 'tutorial_dag' retrieved from /home/airflow/.local/lib/python3.12/site-packages/airflow/example_dags/tutorial_dag.py
[2026-01-28T00:10:33.782+0000] {logging_mixin.py:188} INFO - [2026-01-28T00:10:33.782+0000] {dag.py:3096} INFO - Sync 1 DAGs
[2026-01-28T00:10:33.794+0000] {logging_mixin.py:188} INFO - [2026-01-28T00:10:33.793+0000] {dag.py:3954} INFO - Setting next_dagrun for tutorial_dag to None, run_after=None
[2026-01-28T00:10:33.813+0000] {processor.py:183} INFO - Processing /home/airflow/.local/lib/python3.12/site-packages/airflow/example_dags/tutorial_dag.py took 0.065 seconds
[2026-01-28T00:11:04.118+0000] {processor.py:161} INFO - Started process (PID=3634) to work on /home/airflow/.local/lib/python3.12/site-packages/airflow/example_dags/tutorial_dag.py
[2026-01-28T00:11:04.119+0000] {processor.py:830} INFO - Processing file /home/airflow/.local/lib/python3.12/site-packages/airflow/example_dags/tutorial_dag.py for tasks to queue
[2026-01-28T00:11:04.121+0000] {logging_mixin.py:188} INFO - [2026-01-28T00:11:04.121+0000] {dagbag.py:540} INFO - Filling up the DagBag from /home/airflow/.local/lib/python3.12/site-packages/airflow/example_dags/tutorial_dag.py
[2026-01-28T00:11:04.127+0000] {processor.py:840} INFO - DAG(s) 'tutorial_dag' retrieved from /home/airflow/.local/lib/python3.12/site-packages/airflow/example_dags/tutorial_dag.py
[2026-01-28T00:11:04.147+0000] {logging_mixin.py:188} INFO - [2026-01-28T00:11:04.147+0000] {dag.py:3096} INFO - Sync 1 DAGs
[2026-01-28T00:11:04.159+0000] {logging_mixin.py:188} INFO - [2026-01-28T00:11:04.159+0000] {dag.py:3954} INFO - Setting next_dagrun for tutorial_dag to None, run_after=None
[2026-01-28T00:11:04.178+0000] {processor.py:183} INFO - Processing /home/airflow/.local/lib/python3.12/site-packages/airflow/example_dags/tutorial_dag.py took 0.066 seconds
[2026-01-28T00:11:34.342+0000] {processor.py:161} INFO - Started process (PID=3686) to work on /home/airflow/.local/lib/python3.12/site-packages/airflow/example_dags/tutorial_dag.py
[2026-01-28T00:11:34.344+0000] {processor.py:830} INFO - Processing file /home/airflow/.local/lib/python3.12/site-packages/airflow/example_dags/tutorial_dag.py for tasks to queue
[2026-01-28T00:11:34.345+0000] {logging_mixin.py:188} INFO - [2026-01-28T00:11:34.345+0000] {dagbag.py:540} INFO - Filling up the DagBag from /home/airflow/.local/lib/python3.12/site-packages/airflow/example_dags/tutorial_dag.py
[2026-01-28T00:11:34.351+0000] {processor.py:840} INFO - DAG(s) 'tutorial_dag' retrieved from /home/airflow/.local/lib/python3.12/site-packages/airflow/example_dags/tutorial_dag.py
[2026-01-28T00:11:34.370+0000] {logging_mixin.py:188} INFO - [2026-01-28T00:11:34.370+0000] {dag.py:3096} INFO - Sync 1 DAGs
[2026-01-28T00:11:34.383+0000] {logging_mixin.py:188} INFO - [2026-01-28T00:11:34.383+0000] {dag.py:3954} INFO - Setting next_dagrun for tutorial_dag to None, run_after=None
[2026-01-28T00:11:34.405+0000] {processor.py:183} INFO - Processing /home/airflow/.local/lib/python3.12/site-packages/airflow/example_dags/tutorial_dag.py took 0.069 seconds
[2026-01-28T00:12:04.540+0000] {processor.py:161} INFO - Started process (PID=3738) to work on /home/airflow/.local/lib/python3.12/site-packages/airflow/example_dags/tutorial_dag.py
[2026-01-28T00:12:04.541+0000] {processor.py:830} INFO - Processing file /home/airflow/.local/lib/python3.12/site-packages/airflow/example_dags/tutorial_dag.py for tasks to queue
[2026-01-28T00:12:04.543+0000] {logging_mixin.py:188} INFO - [2026-01-28T00:12:04.543+0000] {dagbag.py:540} INFO - Filling up the DagBag from /home/airflow/.local/lib/python3.12/site-packages/airflow/example_dags/tutorial_dag.py
[2026-01-28T00:12:04.548+0000] {processor.py:840} INFO - DAG(s) 'tutorial_dag' retrieved from /home/airflow/.local/lib/python3.12/site-packages/airflow/example_dags/tutorial_dag.py
[2026-01-28T00:12:04.570+0000] {logging_mixin.py:188} INFO - [2026-01-28T00:12:04.569+0000] {dag.py:3096} INFO - Sync 1 DAGs
[2026-01-28T00:12:04.581+0000] {logging_mixin.py:188} INFO - [2026-01-28T00:12:04.581+0000] {dag.py:3954} INFO - Setting next_dagrun for tutorial_dag to None, run_after=None
[2026-01-28T00:12:04.601+0000] {processor.py:183} INFO - Processing /home/airflow/.local/lib/python3.12/site-packages/airflow/example_dags/tutorial_dag.py took 0.067 seconds
[2026-01-28T00:12:34.809+0000] {processor.py:161} INFO - Started process (PID=3790) to work on /home/airflow/.local/lib/python3.12/site-packages/airflow/example_dags/tutorial_dag.py
[2026-01-28T00:12:34.810+0000] {processor.py:830} INFO - Processing file /home/airflow/.local/lib/python3.12/site-packages/airflow/example_dags/tutorial_dag.py for tasks to queue
[2026-01-28T00:12:34.812+0000] {logging_mixin.py:188} INFO - [2026-01-28T00:12:34.812+0000] {dagbag.py:540} INFO - Filling up the DagBag from /home/airflow/.local/lib/python3.12/site-packages/airflow/example_dags/tutorial_dag.py
[2026-01-28T00:12:34.819+0000] {processor.py:840} INFO - DAG(s) 'tutorial_dag' retrieved from /home/airflow/.local/lib/python3.12/site-packages/airflow/example_dags/tutorial_dag.py
[2026-01-28T00:12:34.843+0000] {logging_mixin.py:188} INFO - [2026-01-28T00:12:34.843+0000] {dag.py:3096} INFO - Sync 1 DAGs
[2026-01-28T00:12:34.856+0000] {logging_mixin.py:188} INFO - [2026-01-28T00:12:34.855+0000] {dag.py:3954} INFO - Setting next_dagrun for tutorial_dag to None, run_after=None
[2026-01-28T00:12:34.879+0000] {processor.py:183} INFO - Processing /home/airflow/.local/lib/python3.12/site-packages/airflow/example_dags/tutorial_dag.py took 0.077 seconds
[2026-01-28T00:13:05.034+0000] {processor.py:161} INFO - Started process (PID=3842) to work on /home/airflow/.local/lib/python3.12/site-packages/airflow/example_dags/tutorial_dag.py
[2026-01-28T00:13:05.035+0000] {processor.py:830} INFO - Processing file /home/airflow/.local/lib/python3.12/site-packages/airflow/example_dags/tutorial_dag.py for tasks to queue
[2026-01-28T00:13:05.037+0000] {logging_mixin.py:188} INFO - [2026-01-28T00:13:05.037+0000] {dagbag.py:540} INFO - Filling up the DagBag from /home/airflow/.local/lib/python3.12/site-packages/airflow/example_dags/tutorial_dag.py
[2026-01-28T00:13:05.042+0000] {processor.py:840} INFO - DAG(s) 'tutorial_dag' retrieved from /home/airflow/.local/lib/python3.12/site-packages/airflow/example_dags/tutorial_dag.py
[2026-01-28T00:13:05.061+0000] {logging_mixin.py:188} INFO - [2026-01-28T00:13:05.061+0000] {dag.py:3096} INFO - Sync 1 DAGs
[2026-01-28T00:13:05.072+0000] {logging_mixin.py:188} INFO - [2026-01-28T00:13:05.072+0000] {dag.py:3954} INFO - Setting next_dagrun for tutorial_dag to None, run_after=None
[2026-01-28T00:13:05.091+0000] {processor.py:183} INFO - Processing /home/airflow/.local/lib/python3.12/site-packages/airflow/example_dags/tutorial_dag.py took 0.063 seconds
[2026-01-28T00:13:35.180+0000] {processor.py:161} INFO - Started process (PID=3894) to work on /home/airflow/.local/lib/python3.12/site-packages/airflow/example_dags/tutorial_dag.py
[2026-01-28T00:13:35.181+0000] {processor.py:830} INFO - Processing file /home/airflow/.local/lib/python3.12/site-packages/airflow/example_dags/tutorial_dag.py for tasks to queue
[2026-01-28T00:13:35.183+0000] {logging_mixin.py:188} INFO - [2026-01-28T00:13:35.182+0000] {dagbag.py:540} INFO - Filling up the DagBag from /home/airflow/.local/lib/python3.12/site-packages/airflow/example_dags/tutorial_dag.py
[2026-01-28T00:13:35.188+0000] {processor.py:840} INFO - DAG(s) 'tutorial_dag' retrieved from /home/airflow/.local/lib/python3.12/site-packages/airflow/example_dags/tutorial_dag.py
[2026-01-28T00:13:35.208+0000] {logging_mixin.py:188} INFO - [2026-01-28T00:13:35.208+0000] {dag.py:3096} INFO - Sync 1 DAGs
[2026-01-28T00:13:35.222+0000] {logging_mixin.py:188} INFO - [2026-01-28T00:13:35.222+0000] {dag.py:3954} INFO - Setting next_dagrun for tutorial_dag to None, run_after=None
[2026-01-28T00:13:35.242+0000] {processor.py:183} INFO - Processing /home/airflow/.local/lib/python3.12/site-packages/airflow/example_dags/tutorial_dag.py took 0.068 seconds
[2026-01-28T00:14:05.622+0000] {processor.py:161} INFO - Started process (PID=3946) to work on /home/airflow/.local/lib/python3.12/site-packages/airflow/example_dags/tutorial_dag.py
[2026-01-28T00:14:05.623+0000] {processor.py:830} INFO - Processing file /home/airflow/.local/lib/python3.12/site-packages/airflow/example_dags/tutorial_dag.py for tasks to queue
[2026-01-28T00:14:05.625+0000] {logging_mixin.py:188} INFO - [2026-01-28T00:14:05.625+0000] {dagbag.py:540} INFO - Filling up the DagBag from /home/airflow/.local/lib/python3.12/site-packages/airflow/example_dags/tutorial_dag.py
[2026-01-28T00:14:05.632+0000] {processor.py:840} INFO - DAG(s) 'tutorial_dag' retrieved from /home/airflow/.local/lib/python3.12/site-packages/airflow/example_dags/tutorial_dag.py
[2026-01-28T00:14:05.659+0000] {logging_mixin.py:188} INFO - [2026-01-28T00:14:05.659+0000] {dag.py:3096} INFO - Sync 1 DAGs
[2026-01-28T00:14:05.675+0000] {logging_mixin.py:188} INFO - [2026-01-28T00:14:05.675+0000] {dag.py:3954} INFO - Setting next_dagrun for tutorial_dag to None, run_after=None
[2026-01-28T00:14:05.697+0000] {processor.py:183} INFO - Processing /home/airflow/.local/lib/python3.12/site-packages/airflow/example_dags/tutorial_dag.py took 0.081 seconds
[2026-01-28T00:14:35.953+0000] {processor.py:161} INFO - Started process (PID=3998) to work on /home/airflow/.local/lib/python3.12/site-packages/airflow/example_dags/tutorial_dag.py
[2026-01-28T00:14:35.954+0000] {processor.py:830} INFO - Processing file /home/airflow/.local/lib/python3.12/site-packages/airflow/example_dags/tutorial_dag.py for tasks to queue
[2026-01-28T00:14:35.956+0000] {logging_mixin.py:188} INFO - [2026-01-28T00:14:35.956+0000] {dagbag.py:540} INFO - Filling up the DagBag from /home/airflow/.local/lib/python3.12/site-packages/airflow/example_dags/tutorial_dag.py
[2026-01-28T00:14:35.961+0000] {processor.py:840} INFO - DAG(s) 'tutorial_dag' retrieved from /home/airflow/.local/lib/python3.12/site-packages/airflow/example_dags/tutorial_dag.py
[2026-01-28T00:14:35.983+0000] {logging_mixin.py:188} INFO - [2026-01-28T00:14:35.983+0000] {dag.py:3096} INFO - Sync 1 DAGs
[2026-01-28T00:14:35.994+0000] {logging_mixin.py:188} INFO - [2026-01-28T00:14:35.994+0000] {dag.py:3954} INFO - Setting next_dagrun for tutorial_dag to None, run_after=None
[2026-01-28T00:14:36.015+0000] {processor.py:183} INFO - Processing /home/airflow/.local/lib/python3.12/site-packages/airflow/example_dags/tutorial_dag.py took 0.069 seconds
[2026-01-28T00:15:06.168+0000] {processor.py:161} INFO - Started process (PID=4050) to work on /home/airflow/.local/lib/python3.12/site-packages/airflow/example_dags/tutorial_dag.py
[2026-01-28T00:15:06.169+0000] {processor.py:830} INFO - Processing file /home/airflow/.local/lib/python3.12/site-packages/airflow/example_dags/tutorial_dag.py for tasks to queue
[2026-01-28T00:15:06.170+0000] {logging_mixin.py:188} INFO - [2026-01-28T00:15:06.170+0000] {dagbag.py:540} INFO - Filling up the DagBag from /home/airflow/.local/lib/python3.12/site-packages/airflow/example_dags/tutorial_dag.py
[2026-01-28T00:15:06.176+0000] {processor.py:840} INFO - DAG(s) 'tutorial_dag' retrieved from /home/airflow/.local/lib/python3.12/site-packages/airflow/example_dags/tutorial_dag.py
[2026-01-28T00:15:06.198+0000] {logging_mixin.py:188} INFO - [2026-01-28T00:15:06.197+0000] {dag.py:3096} INFO - Sync 1 DAGs
[2026-01-28T00:15:06.210+0000] {logging_mixin.py:188} INFO - [2026-01-28T00:15:06.210+0000] {dag.py:3954} INFO - Setting next_dagrun for tutorial_dag to None, run_after=None
[2026-01-28T00:15:06.232+0000] {processor.py:183} INFO - Processing /home/airflow/.local/lib/python3.12/site-packages/airflow/example_dags/tutorial_dag.py took 0.070 seconds
[2026-01-28T00:15:36.555+0000] {processor.py:161} INFO - Started process (PID=4102) to work on /home/airflow/.local/lib/python3.12/site-packages/airflow/example_dags/tutorial_dag.py
[2026-01-28T00:15:36.556+0000] {processor.py:830} INFO - Processing file /home/airflow/.local/lib/python3.12/site-packages/airflow/example_dags/tutorial_dag.py for tasks to queue
[2026-01-28T00:15:36.558+0000] {logging_mixin.py:188} INFO - [2026-01-28T00:15:36.558+0000] {dagbag.py:540} INFO - Filling up the DagBag from /home/airflow/.local/lib/python3.12/site-packages/airflow/example_dags/tutorial_dag.py
[2026-01-28T00:15:36.564+0000] {processor.py:840} INFO - DAG(s) 'tutorial_dag' retrieved from /home/airflow/.local/lib/python3.12/site-packages/airflow/example_dags/tutorial_dag.py
[2026-01-28T00:15:36.583+0000] {logging_mixin.py:188} INFO - [2026-01-28T00:15:36.583+0000] {dag.py:3096} INFO - Sync 1 DAGs
[2026-01-28T00:15:36.595+0000] {logging_mixin.py:188} INFO - [2026-01-28T00:15:36.595+0000] {dag.py:3954} INFO - Setting next_dagrun for tutorial_dag to None, run_after=None
[2026-01-28T00:15:36.614+0000] {processor.py:183} INFO - Processing /home/airflow/.local/lib/python3.12/site-packages/airflow/example_dags/tutorial_dag.py took 0.065 seconds
[2026-01-28T00:16:07.462+0000] {processor.py:161} INFO - Started process (PID=4154) to work on /home/airflow/.local/lib/python3.12/site-packages/airflow/example_dags/tutorial_dag.py
[2026-01-28T00:16:07.463+0000] {processor.py:830} INFO - Processing file /home/airflow/.local/lib/python3.12/site-packages/airflow/example_dags/tutorial_dag.py for tasks to queue
[2026-01-28T00:16:07.466+0000] {logging_mixin.py:188} INFO - [2026-01-28T00:16:07.465+0000] {dagbag.py:540} INFO - Filling up the DagBag from /home/airflow/.local/lib/python3.12/site-packages/airflow/example_dags/tutorial_dag.py
[2026-01-28T00:16:07.471+0000] {processor.py:840} INFO - DAG(s) 'tutorial_dag' retrieved from /home/airflow/.local/lib/python3.12/site-packages/airflow/example_dags/tutorial_dag.py
[2026-01-28T00:16:07.490+0000] {logging_mixin.py:188} INFO - [2026-01-28T00:16:07.490+0000] {dag.py:3096} INFO - Sync 1 DAGs
[2026-01-28T00:16:07.505+0000] {logging_mixin.py:188} INFO - [2026-01-28T00:16:07.504+0000] {dag.py:3954} INFO - Setting next_dagrun for tutorial_dag to None, run_after=None
[2026-01-28T00:16:07.529+0000] {processor.py:183} INFO - Processing /home/airflow/.local/lib/python3.12/site-packages/airflow/example_dags/tutorial_dag.py took 0.072 seconds
[2026-01-28T00:16:38.471+0000] {processor.py:161} INFO - Started process (PID=4206) to work on /home/airflow/.local/lib/python3.12/site-packages/airflow/example_dags/tutorial_dag.py
[2026-01-28T00:16:38.472+0000] {processor.py:830} INFO - Processing file /home/airflow/.local/lib/python3.12/site-packages/airflow/example_dags/tutorial_dag.py for tasks to queue
[2026-01-28T00:16:38.474+0000] {logging_mixin.py:188} INFO - [2026-01-28T00:16:38.474+0000] {dagbag.py:540} INFO - Filling up the DagBag from /home/airflow/.local/lib/python3.12/site-packages/airflow/example_dags/tutorial_dag.py
[2026-01-28T00:16:38.480+0000] {processor.py:840} INFO - DAG(s) 'tutorial_dag' retrieved from /home/airflow/.local/lib/python3.12/site-packages/airflow/example_dags/tutorial_dag.py
[2026-01-28T00:16:38.501+0000] {logging_mixin.py:188} INFO - [2026-01-28T00:16:38.500+0000] {dag.py:3096} INFO - Sync 1 DAGs
[2026-01-28T00:16:38.512+0000] {logging_mixin.py:188} INFO - [2026-01-28T00:16:38.512+0000] {dag.py:3954} INFO - Setting next_dagrun for tutorial_dag to None, run_after=None
[2026-01-28T00:16:38.532+0000] {processor.py:183} INFO - Processing /home/airflow/.local/lib/python3.12/site-packages/airflow/example_dags/tutorial_dag.py took 0.067 seconds
[2026-01-28T00:17:09.229+0000] {processor.py:161} INFO - Started process (PID=4258) to work on /home/airflow/.local/lib/python3.12/site-packages/airflow/example_dags/tutorial_dag.py
[2026-01-28T00:17:09.230+0000] {processor.py:830} INFO - Processing file /home/airflow/.local/lib/python3.12/site-packages/airflow/example_dags/tutorial_dag.py for tasks to queue
[2026-01-28T00:17:09.232+0000] {logging_mixin.py:188} INFO - [2026-01-28T00:17:09.232+0000] {dagbag.py:540} INFO - Filling up the DagBag from /home/airflow/.local/lib/python3.12/site-packages/airflow/example_dags/tutorial_dag.py
[2026-01-28T00:17:09.238+0000] {processor.py:840} INFO - DAG(s) 'tutorial_dag' retrieved from /home/airflow/.local/lib/python3.12/site-packages/airflow/example_dags/tutorial_dag.py
[2026-01-28T00:17:09.256+0000] {logging_mixin.py:188} INFO - [2026-01-28T00:17:09.256+0000] {dag.py:3096} INFO - Sync 1 DAGs
[2026-01-28T00:17:09.267+0000] {logging_mixin.py:188} INFO - [2026-01-28T00:17:09.267+0000] {dag.py:3954} INFO - Setting next_dagrun for tutorial_dag to None, run_after=None
[2026-01-28T00:17:09.285+0000] {processor.py:183} INFO - Processing /home/airflow/.local/lib/python3.12/site-packages/airflow/example_dags/tutorial_dag.py took 0.062 seconds
[2026-01-28T00:17:40.022+0000] {processor.py:161} INFO - Started process (PID=4310) to work on /home/airflow/.local/lib/python3.12/site-packages/airflow/example_dags/tutorial_dag.py
[2026-01-28T00:17:40.023+0000] {processor.py:830} INFO - Processing file /home/airflow/.local/lib/python3.12/site-packages/airflow/example_dags/tutorial_dag.py for tasks to queue
[2026-01-28T00:17:40.024+0000] {logging_mixin.py:188} INFO - [2026-01-28T00:17:40.024+0000] {dagbag.py:540} INFO - Filling up the DagBag from /home/airflow/.local/lib/python3.12/site-packages/airflow/example_dags/tutorial_dag.py
[2026-01-28T00:17:40.031+0000] {processor.py:840} INFO - DAG(s) 'tutorial_dag' retrieved from /home/airflow/.local/lib/python3.12/site-packages/airflow/example_dags/tutorial_dag.py
[2026-01-28T00:17:40.049+0000] {logging_mixin.py:188} INFO - [2026-01-28T00:17:40.049+0000] {dag.py:3096} INFO - Sync 1 DAGs
[2026-01-28T00:17:40.061+0000] {logging_mixin.py:188} INFO - [2026-01-28T00:17:40.060+0000] {dag.py:3954} INFO - Setting next_dagrun for tutorial_dag to None, run_after=None
[2026-01-28T00:17:40.079+0000] {processor.py:183} INFO - Processing /home/airflow/.local/lib/python3.12/site-packages/airflow/example_dags/tutorial_dag.py took 0.063 seconds
[2026-01-28T00:18:10.933+0000] {processor.py:161} INFO - Started process (PID=4362) to work on /home/airflow/.local/lib/python3.12/site-packages/airflow/example_dags/tutorial_dag.py
[2026-01-28T00:18:10.934+0000] {processor.py:830} INFO - Processing file /home/airflow/.local/lib/python3.12/site-packages/airflow/example_dags/tutorial_dag.py for tasks to queue
[2026-01-28T00:18:10.936+0000] {logging_mixin.py:188} INFO - [2026-01-28T00:18:10.936+0000] {dagbag.py:540} INFO - Filling up the DagBag from /home/airflow/.local/lib/python3.12/site-packages/airflow/example_dags/tutorial_dag.py
[2026-01-28T00:18:10.942+0000] {processor.py:840} INFO - DAG(s) 'tutorial_dag' retrieved from /home/airflow/.local/lib/python3.12/site-packages/airflow/example_dags/tutorial_dag.py
[2026-01-28T00:18:10.963+0000] {logging_mixin.py:188} INFO - [2026-01-28T00:18:10.962+0000] {dag.py:3096} INFO - Sync 1 DAGs
[2026-01-28T00:18:10.973+0000] {logging_mixin.py:188} INFO - [2026-01-28T00:18:10.973+0000] {dag.py:3954} INFO - Setting next_dagrun for tutorial_dag to None, run_after=None
[2026-01-28T00:18:10.992+0000] {processor.py:183} INFO - Processing /home/airflow/.local/lib/python3.12/site-packages/airflow/example_dags/tutorial_dag.py took 0.065 seconds
[2026-01-28T00:18:41.540+0000] {processor.py:161} INFO - Started process (PID=4414) to work on /home/airflow/.local/lib/python3.12/site-packages/airflow/example_dags/tutorial_dag.py
[2026-01-28T00:18:41.542+0000] {processor.py:830} INFO - Processing file /home/airflow/.local/lib/python3.12/site-packages/airflow/example_dags/tutorial_dag.py for tasks to queue
[2026-01-28T00:18:41.544+0000] {logging_mixin.py:188} INFO - [2026-01-28T00:18:41.544+0000] {dagbag.py:540} INFO - Filling up the DagBag from /home/airflow/.local/lib/python3.12/site-packages/airflow/example_dags/tutorial_dag.py
[2026-01-28T00:18:41.550+0000] {processor.py:840} INFO - DAG(s) 'tutorial_dag' retrieved from /home/airflow/.local/lib/python3.12/site-packages/airflow/example_dags/tutorial_dag.py
[2026-01-28T00:18:41.569+0000] {logging_mixin.py:188} INFO - [2026-01-28T00:18:41.569+0000] {dag.py:3096} INFO - Sync 1 DAGs
[2026-01-28T00:18:41.580+0000] {logging_mixin.py:188} INFO - [2026-01-28T00:18:41.580+0000] {dag.py:3954} INFO - Setting next_dagrun for tutorial_dag to None, run_after=None
[2026-01-28T00:18:41.600+0000] {processor.py:183} INFO - Processing /home/airflow/.local/lib/python3.12/site-packages/airflow/example_dags/tutorial_dag.py took 0.065 seconds
[2026-01-28T00:19:12.500+0000] {processor.py:161} INFO - Started process (PID=4466) to work on /home/airflow/.local/lib/python3.12/site-packages/airflow/example_dags/tutorial_dag.py
[2026-01-28T00:19:12.501+0000] {processor.py:830} INFO - Processing file /home/airflow/.local/lib/python3.12/site-packages/airflow/example_dags/tutorial_dag.py for tasks to queue
[2026-01-28T00:19:12.503+0000] {logging_mixin.py:188} INFO - [2026-01-28T00:19:12.503+0000] {dagbag.py:540} INFO - Filling up the DagBag from /home/airflow/.local/lib/python3.12/site-packages/airflow/example_dags/tutorial_dag.py
[2026-01-28T00:19:12.509+0000] {processor.py:840} INFO - DAG(s) 'tutorial_dag' retrieved from /home/airflow/.local/lib/python3.12/site-packages/airflow/example_dags/tutorial_dag.py
[2026-01-28T00:19:12.530+0000] {logging_mixin.py:188} INFO - [2026-01-28T00:19:12.529+0000] {dag.py:3096} INFO - Sync 1 DAGs
[2026-01-28T00:19:12.541+0000] {logging_mixin.py:188} INFO - [2026-01-28T00:19:12.541+0000] {dag.py:3954} INFO - Setting next_dagrun for tutorial_dag to None, run_after=None
[2026-01-28T00:19:12.561+0000] {processor.py:183} INFO - Processing /home/airflow/.local/lib/python3.12/site-packages/airflow/example_dags/tutorial_dag.py took 0.067 seconds
[2026-01-28T00:19:43.009+0000] {processor.py:161} INFO - Started process (PID=4518) to work on /home/airflow/.local/lib/python3.12/site-packages/airflow/example_dags/tutorial_dag.py
[2026-01-28T00:19:43.010+0000] {processor.py:830} INFO - Processing file /home/airflow/.local/lib/python3.12/site-packages/airflow/example_dags/tutorial_dag.py for tasks to queue
[2026-01-28T00:19:43.012+0000] {logging_mixin.py:188} INFO - [2026-01-28T00:19:43.012+0000] {dagbag.py:540} INFO - Filling up the DagBag from /home/airflow/.local/lib/python3.12/site-packages/airflow/example_dags/tutorial_dag.py
[2026-01-28T00:19:43.018+0000] {processor.py:840} INFO - DAG(s) 'tutorial_dag' retrieved from /home/airflow/.local/lib/python3.12/site-packages/airflow/example_dags/tutorial_dag.py
[2026-01-28T00:19:43.038+0000] {logging_mixin.py:188} INFO - [2026-01-28T00:19:43.038+0000] {dag.py:3096} INFO - Sync 1 DAGs
[2026-01-28T00:19:43.051+0000] {logging_mixin.py:188} INFO - [2026-01-28T00:19:43.051+0000] {dag.py:3954} INFO - Setting next_dagrun for tutorial_dag to None, run_after=None
[2026-01-28T00:19:43.070+0000] {processor.py:183} INFO - Processing /home/airflow/.local/lib/python3.12/site-packages/airflow/example_dags/tutorial_dag.py took 0.067 seconds
[2026-01-28T00:20:13.248+0000] {processor.py:161} INFO - Started process (PID=4570) to work on /home/airflow/.local/lib/python3.12/site-packages/airflow/example_dags/tutorial_dag.py
[2026-01-28T00:20:13.249+0000] {processor.py:830} INFO - Processing file /home/airflow/.local/lib/python3.12/site-packages/airflow/example_dags/tutorial_dag.py for tasks to queue
[2026-01-28T00:20:13.251+0000] {logging_mixin.py:188} INFO - [2026-01-28T00:20:13.251+0000] {dagbag.py:540} INFO - Filling up the DagBag from /home/airflow/.local/lib/python3.12/site-packages/airflow/example_dags/tutorial_dag.py
[2026-01-28T00:20:13.257+0000] {processor.py:840} INFO - DAG(s) 'tutorial_dag' retrieved from /home/airflow/.local/lib/python3.12/site-packages/airflow/example_dags/tutorial_dag.py
[2026-01-28T00:20:13.277+0000] {logging_mixin.py:188} INFO - [2026-01-28T00:20:13.277+0000] {dag.py:3096} INFO - Sync 1 DAGs
[2026-01-28T00:20:13.288+0000] {logging_mixin.py:188} INFO - [2026-01-28T00:20:13.288+0000] {dag.py:3954} INFO - Setting next_dagrun for tutorial_dag to None, run_after=None
[2026-01-28T00:20:13.309+0000] {processor.py:183} INFO - Processing /home/airflow/.local/lib/python3.12/site-packages/airflow/example_dags/tutorial_dag.py took 0.067 seconds
[2026-01-28T00:20:43.980+0000] {processor.py:161} INFO - Started process (PID=4622) to work on /home/airflow/.local/lib/python3.12/site-packages/airflow/example_dags/tutorial_dag.py
[2026-01-28T00:20:43.981+0000] {processor.py:830} INFO - Processing file /home/airflow/.local/lib/python3.12/site-packages/airflow/example_dags/tutorial_dag.py for tasks to queue
[2026-01-28T00:20:43.983+0000] {logging_mixin.py:188} INFO - [2026-01-28T00:20:43.983+0000] {dagbag.py:540} INFO - Filling up the DagBag from /home/airflow/.local/lib/python3.12/site-packages/airflow/example_dags/tutorial_dag.py
[2026-01-28T00:20:43.989+0000] {processor.py:840} INFO - DAG(s) 'tutorial_dag' retrieved from /home/airflow/.local/lib/python3.12/site-packages/airflow/example_dags/tutorial_dag.py
[2026-01-28T00:20:44.009+0000] {logging_mixin.py:188} INFO - [2026-01-28T00:20:44.008+0000] {dag.py:3096} INFO - Sync 1 DAGs
[2026-01-28T00:20:44.019+0000] {logging_mixin.py:188} INFO - [2026-01-28T00:20:44.019+0000] {dag.py:3954} INFO - Setting next_dagrun for tutorial_dag to None, run_after=None
[2026-01-28T00:20:44.040+0000] {processor.py:183} INFO - Processing /home/airflow/.local/lib/python3.12/site-packages/airflow/example_dags/tutorial_dag.py took 0.065 seconds
[2026-01-28T00:21:14.193+0000] {processor.py:161} INFO - Started process (PID=4674) to work on /home/airflow/.local/lib/python3.12/site-packages/airflow/example_dags/tutorial_dag.py
[2026-01-28T00:21:14.194+0000] {processor.py:830} INFO - Processing file /home/airflow/.local/lib/python3.12/site-packages/airflow/example_dags/tutorial_dag.py for tasks to queue
[2026-01-28T00:21:14.195+0000] {logging_mixin.py:188} INFO - [2026-01-28T00:21:14.195+0000] {dagbag.py:540} INFO - Filling up the DagBag from /home/airflow/.local/lib/python3.12/site-packages/airflow/example_dags/tutorial_dag.py
[2026-01-28T00:21:14.201+0000] {processor.py:840} INFO - DAG(s) 'tutorial_dag' retrieved from /home/airflow/.local/lib/python3.12/site-packages/airflow/example_dags/tutorial_dag.py
[2026-01-28T00:21:14.221+0000] {logging_mixin.py:188} INFO - [2026-01-28T00:21:14.221+0000] {dag.py:3096} INFO - Sync 1 DAGs
[2026-01-28T00:21:14.233+0000] {logging_mixin.py:188} INFO - [2026-01-28T00:21:14.233+0000] {dag.py:3954} INFO - Setting next_dagrun for tutorial_dag to None, run_after=None
[2026-01-28T00:21:14.253+0000] {processor.py:183} INFO - Processing /home/airflow/.local/lib/python3.12/site-packages/airflow/example_dags/tutorial_dag.py took 0.066 seconds
[2026-01-28T00:21:44.373+0000] {processor.py:161} INFO - Started process (PID=4726) to work on /home/airflow/.local/lib/python3.12/site-packages/airflow/example_dags/tutorial_dag.py
[2026-01-28T00:21:44.374+0000] {processor.py:830} INFO - Processing file /home/airflow/.local/lib/python3.12/site-packages/airflow/example_dags/tutorial_dag.py for tasks to queue
[2026-01-28T00:21:44.376+0000] {logging_mixin.py:188} INFO - [2026-01-28T00:21:44.376+0000] {dagbag.py:540} INFO - Filling up the DagBag from /home/airflow/.local/lib/python3.12/site-packages/airflow/example_dags/tutorial_dag.py
[2026-01-28T00:21:44.381+0000] {processor.py:840} INFO - DAG(s) 'tutorial_dag' retrieved from /home/airflow/.local/lib/python3.12/site-packages/airflow/example_dags/tutorial_dag.py
[2026-01-28T00:21:44.401+0000] {logging_mixin.py:188} INFO - [2026-01-28T00:21:44.400+0000] {dag.py:3096} INFO - Sync 1 DAGs
[2026-01-28T00:21:44.412+0000] {logging_mixin.py:188} INFO - [2026-01-28T00:21:44.412+0000] {dag.py:3954} INFO - Setting next_dagrun for tutorial_dag to None, run_after=None
[2026-01-28T00:21:44.431+0000] {processor.py:183} INFO - Processing /home/airflow/.local/lib/python3.12/site-packages/airflow/example_dags/tutorial_dag.py took 0.064 seconds
[2026-01-28T00:22:14.547+0000] {processor.py:161} INFO - Started process (PID=4778) to work on /home/airflow/.local/lib/python3.12/site-packages/airflow/example_dags/tutorial_dag.py
[2026-01-28T00:22:14.548+0000] {processor.py:830} INFO - Processing file /home/airflow/.local/lib/python3.12/site-packages/airflow/example_dags/tutorial_dag.py for tasks to queue
[2026-01-28T00:22:14.550+0000] {logging_mixin.py:188} INFO - [2026-01-28T00:22:14.549+0000] {dagbag.py:540} INFO - Filling up the DagBag from /home/airflow/.local/lib/python3.12/site-packages/airflow/example_dags/tutorial_dag.py
[2026-01-28T00:22:14.556+0000] {processor.py:840} INFO - DAG(s) 'tutorial_dag' retrieved from /home/airflow/.local/lib/python3.12/site-packages/airflow/example_dags/tutorial_dag.py
[2026-01-28T00:22:14.576+0000] {logging_mixin.py:188} INFO - [2026-01-28T00:22:14.576+0000] {dag.py:3096} INFO - Sync 1 DAGs
[2026-01-28T00:22:14.587+0000] {logging_mixin.py:188} INFO - [2026-01-28T00:22:14.587+0000] {dag.py:3954} INFO - Setting next_dagrun for tutorial_dag to None, run_after=None
[2026-01-28T00:22:14.606+0000] {processor.py:183} INFO - Processing /home/airflow/.local/lib/python3.12/site-packages/airflow/example_dags/tutorial_dag.py took 0.066 seconds
[2026-01-28T00:22:44.712+0000] {processor.py:161} INFO - Started process (PID=4830) to work on /home/airflow/.local/lib/python3.12/site-packages/airflow/example_dags/tutorial_dag.py
[2026-01-28T00:22:44.713+0000] {processor.py:830} INFO - Processing file /home/airflow/.local/lib/python3.12/site-packages/airflow/example_dags/tutorial_dag.py for tasks to queue
[2026-01-28T00:22:44.715+0000] {logging_mixin.py:188} INFO - [2026-01-28T00:22:44.715+0000] {dagbag.py:540} INFO - Filling up the DagBag from /home/airflow/.local/lib/python3.12/site-packages/airflow/example_dags/tutorial_dag.py
[2026-01-28T00:22:44.721+0000] {processor.py:840} INFO - DAG(s) 'tutorial_dag' retrieved from /home/airflow/.local/lib/python3.12/site-packages/airflow/example_dags/tutorial_dag.py
[2026-01-28T00:22:44.740+0000] {logging_mixin.py:188} INFO - [2026-01-28T00:22:44.740+0000] {dag.py:3096} INFO - Sync 1 DAGs
[2026-01-28T00:22:44.750+0000] {logging_mixin.py:188} INFO - [2026-01-28T00:22:44.750+0000] {dag.py:3954} INFO - Setting next_dagrun for tutorial_dag to None, run_after=None
[2026-01-28T00:22:44.769+0000] {processor.py:183} INFO - Processing /home/airflow/.local/lib/python3.12/site-packages/airflow/example_dags/tutorial_dag.py took 0.063 seconds
[2026-01-28T00:23:15.002+0000] {processor.py:161} INFO - Started process (PID=4882) to work on /home/airflow/.local/lib/python3.12/site-packages/airflow/example_dags/tutorial_dag.py
[2026-01-28T00:23:15.003+0000] {processor.py:830} INFO - Processing file /home/airflow/.local/lib/python3.12/site-packages/airflow/example_dags/tutorial_dag.py for tasks to queue
[2026-01-28T00:23:15.005+0000] {logging_mixin.py:188} INFO - [2026-01-28T00:23:15.004+0000] {dagbag.py:540} INFO - Filling up the DagBag from /home/airflow/.local/lib/python3.12/site-packages/airflow/example_dags/tutorial_dag.py
[2026-01-28T00:23:15.010+0000] {processor.py:840} INFO - DAG(s) 'tutorial_dag' retrieved from /home/airflow/.local/lib/python3.12/site-packages/airflow/example_dags/tutorial_dag.py
[2026-01-28T00:23:15.029+0000] {logging_mixin.py:188} INFO - [2026-01-28T00:23:15.029+0000] {dag.py:3096} INFO - Sync 1 DAGs
[2026-01-28T00:23:15.041+0000] {logging_mixin.py:188} INFO - [2026-01-28T00:23:15.041+0000] {dag.py:3954} INFO - Setting next_dagrun for tutorial_dag to None, run_after=None
[2026-01-28T00:23:15.060+0000] {processor.py:183} INFO - Processing /home/airflow/.local/lib/python3.12/site-packages/airflow/example_dags/tutorial_dag.py took 0.065 seconds
[2026-01-28T00:23:45.388+0000] {processor.py:161} INFO - Started process (PID=4934) to work on /home/airflow/.local/lib/python3.12/site-packages/airflow/example_dags/tutorial_dag.py
[2026-01-28T00:23:45.390+0000] {processor.py:830} INFO - Processing file /home/airflow/.local/lib/python3.12/site-packages/airflow/example_dags/tutorial_dag.py for tasks to queue
[2026-01-28T00:23:45.393+0000] {logging_mixin.py:188} INFO - [2026-01-28T00:23:45.392+0000] {dagbag.py:540} INFO - Filling up the DagBag from /home/airflow/.local/lib/python3.12/site-packages/airflow/example_dags/tutorial_dag.py
[2026-01-28T00:23:45.399+0000] {processor.py:840} INFO - DAG(s) 'tutorial_dag' retrieved from /home/airflow/.local/lib/python3.12/site-packages/airflow/example_dags/tutorial_dag.py
[2026-01-28T00:23:45.426+0000] {logging_mixin.py:188} INFO - [2026-01-28T00:23:45.425+0000] {dag.py:3096} INFO - Sync 1 DAGs
[2026-01-28T00:23:45.443+0000] {logging_mixin.py:188} INFO - [2026-01-28T00:23:45.443+0000] {dag.py:3954} INFO - Setting next_dagrun for tutorial_dag to None, run_after=None
[2026-01-28T00:23:45.464+0000] {processor.py:183} INFO - Processing /home/airflow/.local/lib/python3.12/site-packages/airflow/example_dags/tutorial_dag.py took 0.085 seconds
[2026-01-28T00:24:15.775+0000] {processor.py:161} INFO - Started process (PID=4986) to work on /home/airflow/.local/lib/python3.12/site-packages/airflow/example_dags/tutorial_dag.py
[2026-01-28T00:24:15.777+0000] {processor.py:830} INFO - Processing file /home/airflow/.local/lib/python3.12/site-packages/airflow/example_dags/tutorial_dag.py for tasks to queue
[2026-01-28T00:24:15.781+0000] {logging_mixin.py:188} INFO - [2026-01-28T00:24:15.779+0000] {dagbag.py:540} INFO - Filling up the DagBag from /home/airflow/.local/lib/python3.12/site-packages/airflow/example_dags/tutorial_dag.py
[2026-01-28T00:24:15.788+0000] {processor.py:840} INFO - DAG(s) 'tutorial_dag' retrieved from /home/airflow/.local/lib/python3.12/site-packages/airflow/example_dags/tutorial_dag.py
[2026-01-28T00:24:15.814+0000] {logging_mixin.py:188} INFO - [2026-01-28T00:24:15.814+0000] {dag.py:3096} INFO - Sync 1 DAGs
[2026-01-28T00:24:15.826+0000] {logging_mixin.py:188} INFO - [2026-01-28T00:24:15.826+0000] {dag.py:3954} INFO - Setting next_dagrun for tutorial_dag to None, run_after=None
[2026-01-28T00:24:15.852+0000] {processor.py:183} INFO - Processing /home/airflow/.local/lib/python3.12/site-packages/airflow/example_dags/tutorial_dag.py took 0.089 seconds
[2026-01-28T00:24:45.945+0000] {processor.py:161} INFO - Started process (PID=5038) to work on /home/airflow/.local/lib/python3.12/site-packages/airflow/example_dags/tutorial_dag.py
[2026-01-28T00:24:45.946+0000] {processor.py:830} INFO - Processing file /home/airflow/.local/lib/python3.12/site-packages/airflow/example_dags/tutorial_dag.py for tasks to queue
[2026-01-28T00:24:45.948+0000] {logging_mixin.py:188} INFO - [2026-01-28T00:24:45.948+0000] {dagbag.py:540} INFO - Filling up the DagBag from /home/airflow/.local/lib/python3.12/site-packages/airflow/example_dags/tutorial_dag.py
[2026-01-28T00:24:45.953+0000] {processor.py:840} INFO - DAG(s) 'tutorial_dag' retrieved from /home/airflow/.local/lib/python3.12/site-packages/airflow/example_dags/tutorial_dag.py
[2026-01-28T00:24:45.971+0000] {logging_mixin.py:188} INFO - [2026-01-28T00:24:45.971+0000] {dag.py:3096} INFO - Sync 1 DAGs
[2026-01-28T00:24:45.982+0000] {logging_mixin.py:188} INFO - [2026-01-28T00:24:45.982+0000] {dag.py:3954} INFO - Setting next_dagrun for tutorial_dag to None, run_after=None
[2026-01-28T00:24:45.997+0000] {processor.py:183} INFO - Processing /home/airflow/.local/lib/python3.12/site-packages/airflow/example_dags/tutorial_dag.py took 0.058 seconds
[2026-01-28T00:25:16.126+0000] {processor.py:161} INFO - Started process (PID=5090) to work on /home/airflow/.local/lib/python3.12/site-packages/airflow/example_dags/tutorial_dag.py
[2026-01-28T00:25:16.127+0000] {processor.py:830} INFO - Processing file /home/airflow/.local/lib/python3.12/site-packages/airflow/example_dags/tutorial_dag.py for tasks to queue
[2026-01-28T00:25:16.129+0000] {logging_mixin.py:188} INFO - [2026-01-28T00:25:16.129+0000] {dagbag.py:540} INFO - Filling up the DagBag from /home/airflow/.local/lib/python3.12/site-packages/airflow/example_dags/tutorial_dag.py
[2026-01-28T00:25:16.135+0000] {processor.py:840} INFO - DAG(s) 'tutorial_dag' retrieved from /home/airflow/.local/lib/python3.12/site-packages/airflow/example_dags/tutorial_dag.py
[2026-01-28T00:25:16.153+0000] {logging_mixin.py:188} INFO - [2026-01-28T00:25:16.153+0000] {dag.py:3096} INFO - Sync 1 DAGs
[2026-01-28T00:25:16.164+0000] {logging_mixin.py:188} INFO - [2026-01-28T00:25:16.164+0000] {dag.py:3954} INFO - Setting next_dagrun for tutorial_dag to None, run_after=None
[2026-01-28T00:25:16.181+0000] {processor.py:183} INFO - Processing /home/airflow/.local/lib/python3.12/site-packages/airflow/example_dags/tutorial_dag.py took 0.062 seconds
[2026-01-28T00:25:46.307+0000] {processor.py:161} INFO - Started process (PID=5142) to work on /home/airflow/.local/lib/python3.12/site-packages/airflow/example_dags/tutorial_dag.py
[2026-01-28T00:25:46.308+0000] {processor.py:830} INFO - Processing file /home/airflow/.local/lib/python3.12/site-packages/airflow/example_dags/tutorial_dag.py for tasks to queue
[2026-01-28T00:25:46.309+0000] {logging_mixin.py:188} INFO - [2026-01-28T00:25:46.309+0000] {dagbag.py:540} INFO - Filling up the DagBag from /home/airflow/.local/lib/python3.12/site-packages/airflow/example_dags/tutorial_dag.py
[2026-01-28T00:25:46.314+0000] {processor.py:840} INFO - DAG(s) 'tutorial_dag' retrieved from /home/airflow/.local/lib/python3.12/site-packages/airflow/example_dags/tutorial_dag.py
[2026-01-28T00:25:46.332+0000] {logging_mixin.py:188} INFO - [2026-01-28T00:25:46.332+0000] {dag.py:3096} INFO - Sync 1 DAGs
[2026-01-28T00:25:46.343+0000] {logging_mixin.py:188} INFO - [2026-01-28T00:25:46.343+0000] {dag.py:3954} INFO - Setting next_dagrun for tutorial_dag to None, run_after=None
[2026-01-28T00:25:46.362+0000] {processor.py:183} INFO - Processing /home/airflow/.local/lib/python3.12/site-packages/airflow/example_dags/tutorial_dag.py took 0.062 seconds
[2026-01-28T00:26:17.128+0000] {processor.py:161} INFO - Started process (PID=5192) to work on /home/airflow/.local/lib/python3.12/site-packages/airflow/example_dags/tutorial_dag.py
[2026-01-28T00:26:17.129+0000] {processor.py:830} INFO - Processing file /home/airflow/.local/lib/python3.12/site-packages/airflow/example_dags/tutorial_dag.py for tasks to queue
[2026-01-28T00:26:17.131+0000] {logging_mixin.py:188} INFO - [2026-01-28T00:26:17.131+0000] {dagbag.py:540} INFO - Filling up the DagBag from /home/airflow/.local/lib/python3.12/site-packages/airflow/example_dags/tutorial_dag.py
[2026-01-28T00:26:17.136+0000] {processor.py:840} INFO - DAG(s) 'tutorial_dag' retrieved from /home/airflow/.local/lib/python3.12/site-packages/airflow/example_dags/tutorial_dag.py
[2026-01-28T00:26:17.156+0000] {logging_mixin.py:188} INFO - [2026-01-28T00:26:17.156+0000] {dag.py:3096} INFO - Sync 1 DAGs
[2026-01-28T00:26:17.167+0000] {logging_mixin.py:188} INFO - [2026-01-28T00:26:17.167+0000] {dag.py:3954} INFO - Setting next_dagrun for tutorial_dag to None, run_after=None
[2026-01-28T00:26:17.186+0000] {processor.py:183} INFO - Processing /home/airflow/.local/lib/python3.12/site-packages/airflow/example_dags/tutorial_dag.py took 0.063 seconds
[2026-01-28T00:26:47.366+0000] {processor.py:161} INFO - Started process (PID=5244) to work on /home/airflow/.local/lib/python3.12/site-packages/airflow/example_dags/tutorial_dag.py
[2026-01-28T00:26:47.367+0000] {processor.py:830} INFO - Processing file /home/airflow/.local/lib/python3.12/site-packages/airflow/example_dags/tutorial_dag.py for tasks to queue
[2026-01-28T00:26:47.369+0000] {logging_mixin.py:188} INFO - [2026-01-28T00:26:47.368+0000] {dagbag.py:540} INFO - Filling up the DagBag from /home/airflow/.local/lib/python3.12/site-packages/airflow/example_dags/tutorial_dag.py
[2026-01-28T00:26:47.374+0000] {processor.py:840} INFO - DAG(s) 'tutorial_dag' retrieved from /home/airflow/.local/lib/python3.12/site-packages/airflow/example_dags/tutorial_dag.py
[2026-01-28T00:26:47.394+0000] {logging_mixin.py:188} INFO - [2026-01-28T00:26:47.394+0000] {dag.py:3096} INFO - Sync 1 DAGs
[2026-01-28T00:26:47.406+0000] {logging_mixin.py:188} INFO - [2026-01-28T00:26:47.405+0000] {dag.py:3954} INFO - Setting next_dagrun for tutorial_dag to None, run_after=None
[2026-01-28T00:26:47.428+0000] {processor.py:183} INFO - Processing /home/airflow/.local/lib/python3.12/site-packages/airflow/example_dags/tutorial_dag.py took 0.067 seconds
[2026-01-28T00:27:18.118+0000] {processor.py:161} INFO - Started process (PID=5296) to work on /home/airflow/.local/lib/python3.12/site-packages/airflow/example_dags/tutorial_dag.py
[2026-01-28T00:27:18.119+0000] {processor.py:830} INFO - Processing file /home/airflow/.local/lib/python3.12/site-packages/airflow/example_dags/tutorial_dag.py for tasks to queue
[2026-01-28T00:27:18.121+0000] {logging_mixin.py:188} INFO - [2026-01-28T00:27:18.121+0000] {dagbag.py:540} INFO - Filling up the DagBag from /home/airflow/.local/lib/python3.12/site-packages/airflow/example_dags/tutorial_dag.py
[2026-01-28T00:27:18.129+0000] {processor.py:840} INFO - DAG(s) 'tutorial_dag' retrieved from /home/airflow/.local/lib/python3.12/site-packages/airflow/example_dags/tutorial_dag.py
[2026-01-28T00:27:18.150+0000] {logging_mixin.py:188} INFO - [2026-01-28T00:27:18.150+0000] {dag.py:3096} INFO - Sync 1 DAGs
[2026-01-28T00:27:18.163+0000] {logging_mixin.py:188} INFO - [2026-01-28T00:27:18.163+0000] {dag.py:3954} INFO - Setting next_dagrun for tutorial_dag to None, run_after=None
[2026-01-28T00:27:18.182+0000] {processor.py:183} INFO - Processing /home/airflow/.local/lib/python3.12/site-packages/airflow/example_dags/tutorial_dag.py took 0.070 seconds
[2026-01-28T00:27:48.372+0000] {processor.py:161} INFO - Started process (PID=5348) to work on /home/airflow/.local/lib/python3.12/site-packages/airflow/example_dags/tutorial_dag.py
[2026-01-28T00:27:48.376+0000] {processor.py:830} INFO - Processing file /home/airflow/.local/lib/python3.12/site-packages/airflow/example_dags/tutorial_dag.py for tasks to queue
[2026-01-28T00:27:48.379+0000] {logging_mixin.py:188} INFO - [2026-01-28T00:27:48.379+0000] {dagbag.py:540} INFO - Filling up the DagBag from /home/airflow/.local/lib/python3.12/site-packages/airflow/example_dags/tutorial_dag.py
[2026-01-28T00:27:48.394+0000] {processor.py:840} INFO - DAG(s) 'tutorial_dag' retrieved from /home/airflow/.local/lib/python3.12/site-packages/airflow/example_dags/tutorial_dag.py
[2026-01-28T00:27:48.421+0000] {logging_mixin.py:188} INFO - [2026-01-28T00:27:48.420+0000] {dag.py:3096} INFO - Sync 1 DAGs
[2026-01-28T00:27:48.438+0000] {logging_mixin.py:188} INFO - [2026-01-28T00:27:48.437+0000] {dag.py:3954} INFO - Setting next_dagrun for tutorial_dag to None, run_after=None
[2026-01-28T00:27:48.461+0000] {processor.py:183} INFO - Processing /home/airflow/.local/lib/python3.12/site-packages/airflow/example_dags/tutorial_dag.py took 0.098 seconds
[2026-01-28T00:28:18.528+0000] {processor.py:161} INFO - Started process (PID=5400) to work on /home/airflow/.local/lib/python3.12/site-packages/airflow/example_dags/tutorial_dag.py
[2026-01-28T00:28:18.529+0000] {processor.py:830} INFO - Processing file /home/airflow/.local/lib/python3.12/site-packages/airflow/example_dags/tutorial_dag.py for tasks to queue
[2026-01-28T00:28:18.531+0000] {logging_mixin.py:188} INFO - [2026-01-28T00:28:18.531+0000] {dagbag.py:540} INFO - Filling up the DagBag from /home/airflow/.local/lib/python3.12/site-packages/airflow/example_dags/tutorial_dag.py
[2026-01-28T00:28:18.537+0000] {processor.py:840} INFO - DAG(s) 'tutorial_dag' retrieved from /home/airflow/.local/lib/python3.12/site-packages/airflow/example_dags/tutorial_dag.py
[2026-01-28T00:28:18.558+0000] {logging_mixin.py:188} INFO - [2026-01-28T00:28:18.558+0000] {dag.py:3096} INFO - Sync 1 DAGs
[2026-01-28T00:28:18.569+0000] {logging_mixin.py:188} INFO - [2026-01-28T00:28:18.569+0000] {dag.py:3954} INFO - Setting next_dagrun for tutorial_dag to None, run_after=None
[2026-01-28T00:28:18.589+0000] {processor.py:183} INFO - Processing /home/airflow/.local/lib/python3.12/site-packages/airflow/example_dags/tutorial_dag.py took 0.067 seconds
[2026-01-28T00:28:49.462+0000] {processor.py:161} INFO - Started process (PID=5452) to work on /home/airflow/.local/lib/python3.12/site-packages/airflow/example_dags/tutorial_dag.py
[2026-01-28T00:28:49.463+0000] {processor.py:830} INFO - Processing file /home/airflow/.local/lib/python3.12/site-packages/airflow/example_dags/tutorial_dag.py for tasks to queue
[2026-01-28T00:28:49.465+0000] {logging_mixin.py:188} INFO - [2026-01-28T00:28:49.465+0000] {dagbag.py:540} INFO - Filling up the DagBag from /home/airflow/.local/lib/python3.12/site-packages/airflow/example_dags/tutorial_dag.py
[2026-01-28T00:28:49.470+0000] {processor.py:840} INFO - DAG(s) 'tutorial_dag' retrieved from /home/airflow/.local/lib/python3.12/site-packages/airflow/example_dags/tutorial_dag.py
[2026-01-28T00:28:49.488+0000] {logging_mixin.py:188} INFO - [2026-01-28T00:28:49.488+0000] {dag.py:3096} INFO - Sync 1 DAGs
[2026-01-28T00:28:49.499+0000] {logging_mixin.py:188} INFO - [2026-01-28T00:28:49.499+0000] {dag.py:3954} INFO - Setting next_dagrun for tutorial_dag to None, run_after=None
[2026-01-28T00:28:49.517+0000] {processor.py:183} INFO - Processing /home/airflow/.local/lib/python3.12/site-packages/airflow/example_dags/tutorial_dag.py took 0.060 seconds
[2026-01-28T00:29:19.619+0000] {processor.py:161} INFO - Started process (PID=5504) to work on /home/airflow/.local/lib/python3.12/site-packages/airflow/example_dags/tutorial_dag.py
[2026-01-28T00:29:19.620+0000] {processor.py:830} INFO - Processing file /home/airflow/.local/lib/python3.12/site-packages/airflow/example_dags/tutorial_dag.py for tasks to queue
[2026-01-28T00:29:19.622+0000] {logging_mixin.py:188} INFO - [2026-01-28T00:29:19.621+0000] {dagbag.py:540} INFO - Filling up the DagBag from /home/airflow/.local/lib/python3.12/site-packages/airflow/example_dags/tutorial_dag.py
[2026-01-28T00:29:19.627+0000] {processor.py:840} INFO - DAG(s) 'tutorial_dag' retrieved from /home/airflow/.local/lib/python3.12/site-packages/airflow/example_dags/tutorial_dag.py
[2026-01-28T00:29:19.646+0000] {logging_mixin.py:188} INFO - [2026-01-28T00:29:19.646+0000] {dag.py:3096} INFO - Sync 1 DAGs
[2026-01-28T00:29:19.657+0000] {logging_mixin.py:188} INFO - [2026-01-28T00:29:19.657+0000] {dag.py:3954} INFO - Setting next_dagrun for tutorial_dag to None, run_after=None
[2026-01-28T00:29:19.675+0000] {processor.py:183} INFO - Processing /home/airflow/.local/lib/python3.12/site-packages/airflow/example_dags/tutorial_dag.py took 0.062 seconds
[2026-01-28T00:29:49.743+0000] {processor.py:161} INFO - Started process (PID=5556) to work on /home/airflow/.local/lib/python3.12/site-packages/airflow/example_dags/tutorial_dag.py
[2026-01-28T00:29:49.744+0000] {processor.py:830} INFO - Processing file /home/airflow/.local/lib/python3.12/site-packages/airflow/example_dags/tutorial_dag.py for tasks to queue
[2026-01-28T00:29:49.746+0000] {logging_mixin.py:188} INFO - [2026-01-28T00:29:49.746+0000] {dagbag.py:540} INFO - Filling up the DagBag from /home/airflow/.local/lib/python3.12/site-packages/airflow/example_dags/tutorial_dag.py
[2026-01-28T00:29:49.751+0000] {processor.py:840} INFO - DAG(s) 'tutorial_dag' retrieved from /home/airflow/.local/lib/python3.12/site-packages/airflow/example_dags/tutorial_dag.py
[2026-01-28T00:29:49.769+0000] {logging_mixin.py:188} INFO - [2026-01-28T00:29:49.769+0000] {dag.py:3096} INFO - Sync 1 DAGs
[2026-01-28T00:29:49.780+0000] {logging_mixin.py:188} INFO - [2026-01-28T00:29:49.780+0000] {dag.py:3954} INFO - Setting next_dagrun for tutorial_dag to None, run_after=None
[2026-01-28T00:29:49.797+0000] {processor.py:183} INFO - Processing /home/airflow/.local/lib/python3.12/site-packages/airflow/example_dags/tutorial_dag.py took 0.060 seconds
[2026-01-28T00:30:20.319+0000] {processor.py:161} INFO - Started process (PID=5608) to work on /home/airflow/.local/lib/python3.12/site-packages/airflow/example_dags/tutorial_dag.py
[2026-01-28T00:30:20.320+0000] {processor.py:830} INFO - Processing file /home/airflow/.local/lib/python3.12/site-packages/airflow/example_dags/tutorial_dag.py for tasks to queue
[2026-01-28T00:30:20.322+0000] {logging_mixin.py:188} INFO - [2026-01-28T00:30:20.321+0000] {dagbag.py:540} INFO - Filling up the DagBag from /home/airflow/.local/lib/python3.12/site-packages/airflow/example_dags/tutorial_dag.py
[2026-01-28T00:30:20.327+0000] {processor.py:840} INFO - DAG(s) 'tutorial_dag' retrieved from /home/airflow/.local/lib/python3.12/site-packages/airflow/example_dags/tutorial_dag.py
[2026-01-28T00:30:20.345+0000] {logging_mixin.py:188} INFO - [2026-01-28T00:30:20.345+0000] {dag.py:3096} INFO - Sync 1 DAGs
[2026-01-28T00:30:20.356+0000] {logging_mixin.py:188} INFO - [2026-01-28T00:30:20.355+0000] {dag.py:3954} INFO - Setting next_dagrun for tutorial_dag to None, run_after=None
[2026-01-28T00:30:20.373+0000] {processor.py:183} INFO - Processing /home/airflow/.local/lib/python3.12/site-packages/airflow/example_dags/tutorial_dag.py took 0.060 seconds
[2026-01-28T00:30:50.896+0000] {processor.py:161} INFO - Started process (PID=5660) to work on /home/airflow/.local/lib/python3.12/site-packages/airflow/example_dags/tutorial_dag.py
[2026-01-28T00:30:50.897+0000] {processor.py:830} INFO - Processing file /home/airflow/.local/lib/python3.12/site-packages/airflow/example_dags/tutorial_dag.py for tasks to queue
[2026-01-28T00:30:50.898+0000] {logging_mixin.py:188} INFO - [2026-01-28T00:30:50.898+0000] {dagbag.py:540} INFO - Filling up the DagBag from /home/airflow/.local/lib/python3.12/site-packages/airflow/example_dags/tutorial_dag.py
[2026-01-28T00:30:50.904+0000] {processor.py:840} INFO - DAG(s) 'tutorial_dag' retrieved from /home/airflow/.local/lib/python3.12/site-packages/airflow/example_dags/tutorial_dag.py
[2026-01-28T00:30:50.922+0000] {logging_mixin.py:188} INFO - [2026-01-28T00:30:50.921+0000] {dag.py:3096} INFO - Sync 1 DAGs
[2026-01-28T00:30:50.932+0000] {logging_mixin.py:188} INFO - [2026-01-28T00:30:50.932+0000] {dag.py:3954} INFO - Setting next_dagrun for tutorial_dag to None, run_after=None
[2026-01-28T00:30:50.953+0000] {processor.py:183} INFO - Processing /home/airflow/.local/lib/python3.12/site-packages/airflow/example_dags/tutorial_dag.py took 0.063 seconds
[2026-01-28T00:31:21.415+0000] {processor.py:161} INFO - Started process (PID=5712) to work on /home/airflow/.local/lib/python3.12/site-packages/airflow/example_dags/tutorial_dag.py
[2026-01-28T00:31:21.416+0000] {processor.py:830} INFO - Processing file /home/airflow/.local/lib/python3.12/site-packages/airflow/example_dags/tutorial_dag.py for tasks to queue
[2026-01-28T00:31:21.418+0000] {logging_mixin.py:188} INFO - [2026-01-28T00:31:21.418+0000] {dagbag.py:540} INFO - Filling up the DagBag from /home/airflow/.local/lib/python3.12/site-packages/airflow/example_dags/tutorial_dag.py
[2026-01-28T00:31:21.423+0000] {processor.py:840} INFO - DAG(s) 'tutorial_dag' retrieved from /home/airflow/.local/lib/python3.12/site-packages/airflow/example_dags/tutorial_dag.py
[2026-01-28T00:31:21.442+0000] {logging_mixin.py:188} INFO - [2026-01-28T00:31:21.442+0000] {dag.py:3096} INFO - Sync 1 DAGs
[2026-01-28T00:31:21.452+0000] {logging_mixin.py:188} INFO - [2026-01-28T00:31:21.452+0000] {dag.py:3954} INFO - Setting next_dagrun for tutorial_dag to None, run_after=None
[2026-01-28T00:31:21.471+0000] {processor.py:183} INFO - Processing /home/airflow/.local/lib/python3.12/site-packages/airflow/example_dags/tutorial_dag.py took 0.062 seconds
[2026-01-28T00:31:52.085+0000] {processor.py:161} INFO - Started process (PID=5764) to work on /home/airflow/.local/lib/python3.12/site-packages/airflow/example_dags/tutorial_dag.py
[2026-01-28T00:31:52.086+0000] {processor.py:830} INFO - Processing file /home/airflow/.local/lib/python3.12/site-packages/airflow/example_dags/tutorial_dag.py for tasks to queue
[2026-01-28T00:31:52.088+0000] {logging_mixin.py:188} INFO - [2026-01-28T00:31:52.088+0000] {dagbag.py:540} INFO - Filling up the DagBag from /home/airflow/.local/lib/python3.12/site-packages/airflow/example_dags/tutorial_dag.py
[2026-01-28T00:31:52.093+0000] {processor.py:840} INFO - DAG(s) 'tutorial_dag' retrieved from /home/airflow/.local/lib/python3.12/site-packages/airflow/example_dags/tutorial_dag.py
[2026-01-28T00:31:52.112+0000] {logging_mixin.py:188} INFO - [2026-01-28T00:31:52.112+0000] {dag.py:3096} INFO - Sync 1 DAGs
[2026-01-28T00:31:52.122+0000] {logging_mixin.py:188} INFO - [2026-01-28T00:31:52.122+0000] {dag.py:3954} INFO - Setting next_dagrun for tutorial_dag to None, run_after=None
[2026-01-28T00:31:52.141+0000] {processor.py:183} INFO - Processing /home/airflow/.local/lib/python3.12/site-packages/airflow/example_dags/tutorial_dag.py took 0.061 seconds
[2026-01-28T00:32:22.569+0000] {processor.py:161} INFO - Started process (PID=5816) to work on /home/airflow/.local/lib/python3.12/site-packages/airflow/example_dags/tutorial_dag.py
[2026-01-28T00:32:22.570+0000] {processor.py:830} INFO - Processing file /home/airflow/.local/lib/python3.12/site-packages/airflow/example_dags/tutorial_dag.py for tasks to queue
[2026-01-28T00:32:22.572+0000] {logging_mixin.py:188} INFO - [2026-01-28T00:32:22.572+0000] {dagbag.py:540} INFO - Filling up the DagBag from /home/airflow/.local/lib/python3.12/site-packages/airflow/example_dags/tutorial_dag.py
[2026-01-28T00:32:22.577+0000] {processor.py:840} INFO - DAG(s) 'tutorial_dag' retrieved from /home/airflow/.local/lib/python3.12/site-packages/airflow/example_dags/tutorial_dag.py
[2026-01-28T00:32:22.597+0000] {logging_mixin.py:188} INFO - [2026-01-28T00:32:22.596+0000] {dag.py:3096} INFO - Sync 1 DAGs
[2026-01-28T00:32:22.608+0000] {logging_mixin.py:188} INFO - [2026-01-28T00:32:22.607+0000] {dag.py:3954} INFO - Setting next_dagrun for tutorial_dag to None, run_after=None
[2026-01-28T00:32:22.626+0000] {processor.py:183} INFO - Processing /home/airflow/.local/lib/python3.12/site-packages/airflow/example_dags/tutorial_dag.py took 0.062 seconds
[2026-01-28T00:32:53.195+0000] {processor.py:161} INFO - Started process (PID=5868) to work on /home/airflow/.local/lib/python3.12/site-packages/airflow/example_dags/tutorial_dag.py
[2026-01-28T00:32:53.195+0000] {processor.py:830} INFO - Processing file /home/airflow/.local/lib/python3.12/site-packages/airflow/example_dags/tutorial_dag.py for tasks to queue
[2026-01-28T00:32:53.197+0000] {logging_mixin.py:188} INFO - [2026-01-28T00:32:53.197+0000] {dagbag.py:540} INFO - Filling up the DagBag from /home/airflow/.local/lib/python3.12/site-packages/airflow/example_dags/tutorial_dag.py
[2026-01-28T00:32:53.203+0000] {processor.py:840} INFO - DAG(s) 'tutorial_dag' retrieved from /home/airflow/.local/lib/python3.12/site-packages/airflow/example_dags/tutorial_dag.py
[2026-01-28T00:32:53.224+0000] {logging_mixin.py:188} INFO - [2026-01-28T00:32:53.224+0000] {dag.py:3096} INFO - Sync 1 DAGs
[2026-01-28T00:32:53.236+0000] {logging_mixin.py:188} INFO - [2026-01-28T00:32:53.236+0000] {dag.py:3954} INFO - Setting next_dagrun for tutorial_dag to None, run_after=None
[2026-01-28T00:32:53.255+0000] {processor.py:183} INFO - Processing /home/airflow/.local/lib/python3.12/site-packages/airflow/example_dags/tutorial_dag.py took 0.066 seconds
[2026-01-28T00:33:23.660+0000] {processor.py:161} INFO - Started process (PID=5920) to work on /home/airflow/.local/lib/python3.12/site-packages/airflow/example_dags/tutorial_dag.py
[2026-01-28T00:33:23.661+0000] {processor.py:830} INFO - Processing file /home/airflow/.local/lib/python3.12/site-packages/airflow/example_dags/tutorial_dag.py for tasks to queue
[2026-01-28T00:33:23.663+0000] {logging_mixin.py:188} INFO - [2026-01-28T00:33:23.663+0000] {dagbag.py:540} INFO - Filling up the DagBag from /home/airflow/.local/lib/python3.12/site-packages/airflow/example_dags/tutorial_dag.py
[2026-01-28T00:33:23.668+0000] {processor.py:840} INFO - DAG(s) 'tutorial_dag' retrieved from /home/airflow/.local/lib/python3.12/site-packages/airflow/example_dags/tutorial_dag.py
[2026-01-28T00:33:23.688+0000] {logging_mixin.py:188} INFO - [2026-01-28T00:33:23.687+0000] {dag.py:3096} INFO - Sync 1 DAGs
[2026-01-28T00:33:23.699+0000] {logging_mixin.py:188} INFO - [2026-01-28T00:33:23.698+0000] {dag.py:3954} INFO - Setting next_dagrun for tutorial_dag to None, run_after=None
[2026-01-28T00:33:23.718+0000] {processor.py:183} INFO - Processing /home/airflow/.local/lib/python3.12/site-packages/airflow/example_dags/tutorial_dag.py took 0.065 seconds
[2026-01-28T00:33:54.202+0000] {processor.py:161} INFO - Started process (PID=5972) to work on /home/airflow/.local/lib/python3.12/site-packages/airflow/example_dags/tutorial_dag.py
[2026-01-28T00:33:54.202+0000] {processor.py:830} INFO - Processing file /home/airflow/.local/lib/python3.12/site-packages/airflow/example_dags/tutorial_dag.py for tasks to queue
[2026-01-28T00:33:54.204+0000] {logging_mixin.py:188} INFO - [2026-01-28T00:33:54.204+0000] {dagbag.py:540} INFO - Filling up the DagBag from /home/airflow/.local/lib/python3.12/site-packages/airflow/example_dags/tutorial_dag.py
[2026-01-28T00:33:54.209+0000] {processor.py:840} INFO - DAG(s) 'tutorial_dag' retrieved from /home/airflow/.local/lib/python3.12/site-packages/airflow/example_dags/tutorial_dag.py
[2026-01-28T00:33:54.229+0000] {logging_mixin.py:188} INFO - [2026-01-28T00:33:54.229+0000] {dag.py:3096} INFO - Sync 1 DAGs
[2026-01-28T00:33:54.240+0000] {logging_mixin.py:188} INFO - [2026-01-28T00:33:54.240+0000] {dag.py:3954} INFO - Setting next_dagrun for tutorial_dag to None, run_after=None
[2026-01-28T00:33:54.258+0000] {processor.py:183} INFO - Processing /home/airflow/.local/lib/python3.12/site-packages/airflow/example_dags/tutorial_dag.py took 0.061 seconds
[2026-01-28T00:34:24.371+0000] {processor.py:161} INFO - Started process (PID=6024) to work on /home/airflow/.local/lib/python3.12/site-packages/airflow/example_dags/tutorial_dag.py
[2026-01-28T00:34:24.372+0000] {processor.py:830} INFO - Processing file /home/airflow/.local/lib/python3.12/site-packages/airflow/example_dags/tutorial_dag.py for tasks to queue
[2026-01-28T00:34:24.374+0000] {logging_mixin.py:188} INFO - [2026-01-28T00:34:24.374+0000] {dagbag.py:540} INFO - Filling up the DagBag from /home/airflow/.local/lib/python3.12/site-packages/airflow/example_dags/tutorial_dag.py
[2026-01-28T00:34:24.379+0000] {processor.py:840} INFO - DAG(s) 'tutorial_dag' retrieved from /home/airflow/.local/lib/python3.12/site-packages/airflow/example_dags/tutorial_dag.py
[2026-01-28T00:34:24.397+0000] {logging_mixin.py:188} INFO - [2026-01-28T00:34:24.397+0000] {dag.py:3096} INFO - Sync 1 DAGs
[2026-01-28T00:34:24.408+0000] {logging_mixin.py:188} INFO - [2026-01-28T00:34:24.408+0000] {dag.py:3954} INFO - Setting next_dagrun for tutorial_dag to None, run_after=None
[2026-01-28T00:34:24.426+0000] {processor.py:183} INFO - Processing /home/airflow/.local/lib/python3.12/site-packages/airflow/example_dags/tutorial_dag.py took 0.060 seconds
[2026-01-28T00:34:55.199+0000] {processor.py:161} INFO - Started process (PID=6076) to work on /home/airflow/.local/lib/python3.12/site-packages/airflow/example_dags/tutorial_dag.py
[2026-01-28T00:34:55.200+0000] {processor.py:830} INFO - Processing file /home/airflow/.local/lib/python3.12/site-packages/airflow/example_dags/tutorial_dag.py for tasks to queue
[2026-01-28T00:34:55.202+0000] {logging_mixin.py:188} INFO - [2026-01-28T00:34:55.202+0000] {dagbag.py:540} INFO - Filling up the DagBag from /home/airflow/.local/lib/python3.12/site-packages/airflow/example_dags/tutorial_dag.py
[2026-01-28T00:34:55.208+0000] {processor.py:840} INFO - DAG(s) 'tutorial_dag' retrieved from /home/airflow/.local/lib/python3.12/site-packages/airflow/example_dags/tutorial_dag.py
[2026-01-28T00:34:55.228+0000] {logging_mixin.py:188} INFO - [2026-01-28T00:34:55.228+0000] {dag.py:3096} INFO - Sync 1 DAGs
[2026-01-28T00:34:55.239+0000] {logging_mixin.py:188} INFO - [2026-01-28T00:34:55.239+0000] {dag.py:3954} INFO - Setting next_dagrun for tutorial_dag to None, run_after=None
[2026-01-28T00:34:55.259+0000] {processor.py:183} INFO - Processing /home/airflow/.local/lib/python3.12/site-packages/airflow/example_dags/tutorial_dag.py took 0.067 seconds
[2026-01-28T00:35:25.761+0000] {processor.py:161} INFO - Started process (PID=6128) to work on /home/airflow/.local/lib/python3.12/site-packages/airflow/example_dags/tutorial_dag.py
[2026-01-28T00:35:25.762+0000] {processor.py:830} INFO - Processing file /home/airflow/.local/lib/python3.12/site-packages/airflow/example_dags/tutorial_dag.py for tasks to queue
[2026-01-28T00:35:25.764+0000] {logging_mixin.py:188} INFO - [2026-01-28T00:35:25.764+0000] {dagbag.py:540} INFO - Filling up the DagBag from /home/airflow/.local/lib/python3.12/site-packages/airflow/example_dags/tutorial_dag.py
[2026-01-28T00:35:25.769+0000] {processor.py:840} INFO - DAG(s) 'tutorial_dag' retrieved from /home/airflow/.local/lib/python3.12/site-packages/airflow/example_dags/tutorial_dag.py
[2026-01-28T00:35:25.791+0000] {logging_mixin.py:188} INFO - [2026-01-28T00:35:25.790+0000] {dag.py:3096} INFO - Sync 1 DAGs
[2026-01-28T00:35:25.801+0000] {logging_mixin.py:188} INFO - [2026-01-28T00:35:25.801+0000] {dag.py:3954} INFO - Setting next_dagrun for tutorial_dag to None, run_after=None
[2026-01-28T00:35:25.819+0000] {processor.py:183} INFO - Processing /home/airflow/.local/lib/python3.12/site-packages/airflow/example_dags/tutorial_dag.py took 0.063 seconds
[2026-01-28T00:35:56.210+0000] {processor.py:161} INFO - Started process (PID=6180) to work on /home/airflow/.local/lib/python3.12/site-packages/airflow/example_dags/tutorial_dag.py
[2026-01-28T00:35:56.211+0000] {processor.py:830} INFO - Processing file /home/airflow/.local/lib/python3.12/site-packages/airflow/example_dags/tutorial_dag.py for tasks to queue
[2026-01-28T00:35:56.212+0000] {logging_mixin.py:188} INFO - [2026-01-28T00:35:56.212+0000] {dagbag.py:540} INFO - Filling up the DagBag from /home/airflow/.local/lib/python3.12/site-packages/airflow/example_dags/tutorial_dag.py
[2026-01-28T00:35:56.217+0000] {processor.py:840} INFO - DAG(s) 'tutorial_dag' retrieved from /home/airflow/.local/lib/python3.12/site-packages/airflow/example_dags/tutorial_dag.py
[2026-01-28T00:35:56.235+0000] {logging_mixin.py:188} INFO - [2026-01-28T00:35:56.234+0000] {dag.py:3096} INFO - Sync 1 DAGs
[2026-01-28T00:35:56.245+0000] {logging_mixin.py:188} INFO - [2026-01-28T00:35:56.245+0000] {dag.py:3954} INFO - Setting next_dagrun for tutorial_dag to None, run_after=None
[2026-01-28T00:35:56.263+0000] {processor.py:183} INFO - Processing /home/airflow/.local/lib/python3.12/site-packages/airflow/example_dags/tutorial_dag.py took 0.059 seconds
[2026-01-28T00:36:26.694+0000] {processor.py:161} INFO - Started process (PID=6232) to work on /home/airflow/.local/lib/python3.12/site-packages/airflow/example_dags/tutorial_dag.py
[2026-01-28T00:36:26.695+0000] {processor.py:830} INFO - Processing file /home/airflow/.local/lib/python3.12/site-packages/airflow/example_dags/tutorial_dag.py for tasks to queue
[2026-01-28T00:36:26.697+0000] {logging_mixin.py:188} INFO - [2026-01-28T00:36:26.697+0000] {dagbag.py:540} INFO - Filling up the DagBag from /home/airflow/.local/lib/python3.12/site-packages/airflow/example_dags/tutorial_dag.py
[2026-01-28T00:36:26.703+0000] {processor.py:840} INFO - DAG(s) 'tutorial_dag' retrieved from /home/airflow/.local/lib/python3.12/site-packages/airflow/example_dags/tutorial_dag.py
[2026-01-28T00:36:26.725+0000] {logging_mixin.py:188} INFO - [2026-01-28T00:36:26.724+0000] {dag.py:3096} INFO - Sync 1 DAGs
[2026-01-28T00:36:26.737+0000] {logging_mixin.py:188} INFO - [2026-01-28T00:36:26.737+0000] {dag.py:3954} INFO - Setting next_dagrun for tutorial_dag to None, run_after=None
[2026-01-28T00:36:26.911+0000] {processor.py:183} INFO - Processing /home/airflow/.local/lib/python3.12/site-packages/airflow/example_dags/tutorial_dag.py took 0.223 seconds
[2026-01-28T00:36:57.625+0000] {processor.py:161} INFO - Started process (PID=6284) to work on /home/airflow/.local/lib/python3.12/site-packages/airflow/example_dags/tutorial_dag.py
[2026-01-28T00:36:57.626+0000] {processor.py:830} INFO - Processing file /home/airflow/.local/lib/python3.12/site-packages/airflow/example_dags/tutorial_dag.py for tasks to queue
[2026-01-28T00:36:57.628+0000] {logging_mixin.py:188} INFO - [2026-01-28T00:36:57.628+0000] {dagbag.py:540} INFO - Filling up the DagBag from /home/airflow/.local/lib/python3.12/site-packages/airflow/example_dags/tutorial_dag.py
[2026-01-28T00:36:57.634+0000] {processor.py:840} INFO - DAG(s) 'tutorial_dag' retrieved from /home/airflow/.local/lib/python3.12/site-packages/airflow/example_dags/tutorial_dag.py
[2026-01-28T00:36:57.652+0000] {logging_mixin.py:188} INFO - [2026-01-28T00:36:57.652+0000] {dag.py:3096} INFO - Sync 1 DAGs
[2026-01-28T00:36:57.663+0000] {logging_mixin.py:188} INFO - [2026-01-28T00:36:57.662+0000] {dag.py:3954} INFO - Setting next_dagrun for tutorial_dag to None, run_after=None
[2026-01-28T00:36:57.681+0000] {processor.py:183} INFO - Processing /home/airflow/.local/lib/python3.12/site-packages/airflow/example_dags/tutorial_dag.py took 0.062 seconds
[2026-01-28T00:37:27.972+0000] {processor.py:161} INFO - Started process (PID=6336) to work on /home/airflow/.local/lib/python3.12/site-packages/airflow/example_dags/tutorial_dag.py
[2026-01-28T00:37:27.973+0000] {processor.py:830} INFO - Processing file /home/airflow/.local/lib/python3.12/site-packages/airflow/example_dags/tutorial_dag.py for tasks to queue
[2026-01-28T00:37:27.976+0000] {logging_mixin.py:188} INFO - [2026-01-28T00:37:27.975+0000] {dagbag.py:540} INFO - Filling up the DagBag from /home/airflow/.local/lib/python3.12/site-packages/airflow/example_dags/tutorial_dag.py
[2026-01-28T00:37:27.981+0000] {processor.py:840} INFO - DAG(s) 'tutorial_dag' retrieved from /home/airflow/.local/lib/python3.12/site-packages/airflow/example_dags/tutorial_dag.py
[2026-01-28T00:37:28.003+0000] {logging_mixin.py:188} INFO - [2026-01-28T00:37:28.002+0000] {dag.py:3096} INFO - Sync 1 DAGs
[2026-01-28T00:37:28.015+0000] {logging_mixin.py:188} INFO - [2026-01-28T00:37:28.014+0000] {dag.py:3954} INFO - Setting next_dagrun for tutorial_dag to None, run_after=None
[2026-01-28T00:37:28.031+0000] {processor.py:183} INFO - Processing /home/airflow/.local/lib/python3.12/site-packages/airflow/example_dags/tutorial_dag.py took 0.064 seconds
[2026-01-28T00:37:59.026+0000] {processor.py:161} INFO - Started process (PID=6388) to work on /home/airflow/.local/lib/python3.12/site-packages/airflow/example_dags/tutorial_dag.py
[2026-01-28T00:37:59.027+0000] {processor.py:830} INFO - Processing file /home/airflow/.local/lib/python3.12/site-packages/airflow/example_dags/tutorial_dag.py for tasks to queue
[2026-01-28T00:37:59.028+0000] {logging_mixin.py:188} INFO - [2026-01-28T00:37:59.028+0000] {dagbag.py:540} INFO - Filling up the DagBag from /home/airflow/.local/lib/python3.12/site-packages/airflow/example_dags/tutorial_dag.py
[2026-01-28T00:37:59.033+0000] {processor.py:840} INFO - DAG(s) 'tutorial_dag' retrieved from /home/airflow/.local/lib/python3.12/site-packages/airflow/example_dags/tutorial_dag.py
[2026-01-28T00:37:59.052+0000] {logging_mixin.py:188} INFO - [2026-01-28T00:37:59.052+0000] {dag.py:3096} INFO - Sync 1 DAGs
[2026-01-28T00:37:59.064+0000] {logging_mixin.py:188} INFO - [2026-01-28T00:37:59.064+0000] {dag.py:3954} INFO - Setting next_dagrun for tutorial_dag to None, run_after=None
[2026-01-28T00:37:59.197+0000] {processor.py:183} INFO - Processing /home/airflow/.local/lib/python3.12/site-packages/airflow/example_dags/tutorial_dag.py took 0.177 seconds
[2026-01-28T00:38:30.130+0000] {processor.py:161} INFO - Started process (PID=6440) to work on /home/airflow/.local/lib/python3.12/site-packages/airflow/example_dags/tutorial_dag.py
[2026-01-28T00:38:30.131+0000] {processor.py:830} INFO - Processing file /home/airflow/.local/lib/python3.12/site-packages/airflow/example_dags/tutorial_dag.py for tasks to queue
[2026-01-28T00:38:30.133+0000] {logging_mixin.py:188} INFO - [2026-01-28T00:38:30.132+0000] {dagbag.py:540} INFO - Filling up the DagBag from /home/airflow/.local/lib/python3.12/site-packages/airflow/example_dags/tutorial_dag.py
[2026-01-28T00:38:30.138+0000] {processor.py:840} INFO - DAG(s) 'tutorial_dag' retrieved from /home/airflow/.local/lib/python3.12/site-packages/airflow/example_dags/tutorial_dag.py
[2026-01-28T00:38:30.159+0000] {logging_mixin.py:188} INFO - [2026-01-28T00:38:30.159+0000] {dag.py:3096} INFO - Sync 1 DAGs
[2026-01-28T00:38:30.169+0000] {logging_mixin.py:188} INFO - [2026-01-28T00:38:30.169+0000] {dag.py:3954} INFO - Setting next_dagrun for tutorial_dag to None, run_after=None
[2026-01-28T00:38:30.188+0000] {processor.py:183} INFO - Processing /home/airflow/.local/lib/python3.12/site-packages/airflow/example_dags/tutorial_dag.py took 0.065 seconds
[2026-01-28T00:39:00.860+0000] {processor.py:161} INFO - Started process (PID=6492) to work on /home/airflow/.local/lib/python3.12/site-packages/airflow/example_dags/tutorial_dag.py
[2026-01-28T00:39:00.861+0000] {processor.py:830} INFO - Processing file /home/airflow/.local/lib/python3.12/site-packages/airflow/example_dags/tutorial_dag.py for tasks to queue
[2026-01-28T00:39:00.863+0000] {logging_mixin.py:188} INFO - [2026-01-28T00:39:00.863+0000] {dagbag.py:540} INFO - Filling up the DagBag from /home/airflow/.local/lib/python3.12/site-packages/airflow/example_dags/tutorial_dag.py
[2026-01-28T00:39:00.868+0000] {processor.py:840} INFO - DAG(s) 'tutorial_dag' retrieved from /home/airflow/.local/lib/python3.12/site-packages/airflow/example_dags/tutorial_dag.py
[2026-01-28T00:39:00.998+0000] {logging_mixin.py:188} INFO - [2026-01-28T00:39:00.998+0000] {dag.py:3096} INFO - Sync 1 DAGs
[2026-01-28T00:39:01.008+0000] {logging_mixin.py:188} INFO - [2026-01-28T00:39:01.008+0000] {dag.py:3954} INFO - Setting next_dagrun for tutorial_dag to None, run_after=None
[2026-01-28T00:39:01.028+0000] {processor.py:183} INFO - Processing /home/airflow/.local/lib/python3.12/site-packages/airflow/example_dags/tutorial_dag.py took 0.174 seconds
[2026-01-28T00:39:31.904+0000] {processor.py:161} INFO - Started process (PID=6544) to work on /home/airflow/.local/lib/python3.12/site-packages/airflow/example_dags/tutorial_dag.py
[2026-01-28T00:39:31.905+0000] {processor.py:830} INFO - Processing file /home/airflow/.local/lib/python3.12/site-packages/airflow/example_dags/tutorial_dag.py for tasks to queue
[2026-01-28T00:39:31.907+0000] {logging_mixin.py:188} INFO - [2026-01-28T00:39:31.907+0000] {dagbag.py:540} INFO - Filling up the DagBag from /home/airflow/.local/lib/python3.12/site-packages/airflow/example_dags/tutorial_dag.py
[2026-01-28T00:39:31.912+0000] {processor.py:840} INFO - DAG(s) 'tutorial_dag' retrieved from /home/airflow/.local/lib/python3.12/site-packages/airflow/example_dags/tutorial_dag.py
[2026-01-28T00:39:31.931+0000] {logging_mixin.py:188} INFO - [2026-01-28T00:39:31.931+0000] {dag.py:3096} INFO - Sync 1 DAGs
[2026-01-28T00:39:31.942+0000] {logging_mixin.py:188} INFO - [2026-01-28T00:39:31.942+0000] {dag.py:3954} INFO - Setting next_dagrun for tutorial_dag to None, run_after=None
[2026-01-28T00:39:31.974+0000] {processor.py:183} INFO - Processing /home/airflow/.local/lib/python3.12/site-packages/airflow/example_dags/tutorial_dag.py took 0.075 seconds
[2026-01-28T00:40:02.078+0000] {processor.py:161} INFO - Started process (PID=6596) to work on /home/airflow/.local/lib/python3.12/site-packages/airflow/example_dags/tutorial_dag.py
[2026-01-28T00:40:02.080+0000] {processor.py:830} INFO - Processing file /home/airflow/.local/lib/python3.12/site-packages/airflow/example_dags/tutorial_dag.py for tasks to queue
[2026-01-28T00:40:02.082+0000] {logging_mixin.py:188} INFO - [2026-01-28T00:40:02.082+0000] {dagbag.py:540} INFO - Filling up the DagBag from /home/airflow/.local/lib/python3.12/site-packages/airflow/example_dags/tutorial_dag.py
[2026-01-28T00:40:02.088+0000] {processor.py:840} INFO - DAG(s) 'tutorial_dag' retrieved from /home/airflow/.local/lib/python3.12/site-packages/airflow/example_dags/tutorial_dag.py
[2026-01-28T00:40:02.110+0000] {logging_mixin.py:188} INFO - [2026-01-28T00:40:02.110+0000] {dag.py:3096} INFO - Sync 1 DAGs
[2026-01-28T00:40:02.124+0000] {logging_mixin.py:188} INFO - [2026-01-28T00:40:02.124+0000] {dag.py:3954} INFO - Setting next_dagrun for tutorial_dag to None, run_after=None
[2026-01-28T00:40:02.144+0000] {processor.py:183} INFO - Processing /home/airflow/.local/lib/python3.12/site-packages/airflow/example_dags/tutorial_dag.py took 0.072 seconds
[2026-01-28T00:40:32.986+0000] {processor.py:161} INFO - Started process (PID=6648) to work on /home/airflow/.local/lib/python3.12/site-packages/airflow/example_dags/tutorial_dag.py
[2026-01-28T00:40:32.987+0000] {processor.py:830} INFO - Processing file /home/airflow/.local/lib/python3.12/site-packages/airflow/example_dags/tutorial_dag.py for tasks to queue
[2026-01-28T00:40:32.989+0000] {logging_mixin.py:188} INFO - [2026-01-28T00:40:32.989+0000] {dagbag.py:540} INFO - Filling up the DagBag from /home/airflow/.local/lib/python3.12/site-packages/airflow/example_dags/tutorial_dag.py
[2026-01-28T00:40:32.994+0000] {processor.py:840} INFO - DAG(s) 'tutorial_dag' retrieved from /home/airflow/.local/lib/python3.12/site-packages/airflow/example_dags/tutorial_dag.py
[2026-01-28T00:40:33.013+0000] {logging_mixin.py:188} INFO - [2026-01-28T00:40:33.013+0000] {dag.py:3096} INFO - Sync 1 DAGs
[2026-01-28T00:40:33.023+0000] {logging_mixin.py:188} INFO - [2026-01-28T00:40:33.023+0000] {dag.py:3954} INFO - Setting next_dagrun for tutorial_dag to None, run_after=None
[2026-01-28T00:40:33.042+0000] {processor.py:183} INFO - Processing /home/airflow/.local/lib/python3.12/site-packages/airflow/example_dags/tutorial_dag.py took 0.061 seconds
[2026-01-28T00:41:03.689+0000] {processor.py:161} INFO - Started process (PID=6700) to work on /home/airflow/.local/lib/python3.12/site-packages/airflow/example_dags/tutorial_dag.py
[2026-01-28T00:41:03.690+0000] {processor.py:830} INFO - Processing file /home/airflow/.local/lib/python3.12/site-packages/airflow/example_dags/tutorial_dag.py for tasks to queue
[2026-01-28T00:41:03.692+0000] {logging_mixin.py:188} INFO - [2026-01-28T00:41:03.692+0000] {dagbag.py:540} INFO - Filling up the DagBag from /home/airflow/.local/lib/python3.12/site-packages/airflow/example_dags/tutorial_dag.py
[2026-01-28T00:41:03.697+0000] {processor.py:840} INFO - DAG(s) 'tutorial_dag' retrieved from /home/airflow/.local/lib/python3.12/site-packages/airflow/example_dags/tutorial_dag.py
[2026-01-28T00:41:03.716+0000] {logging_mixin.py:188} INFO - [2026-01-28T00:41:03.716+0000] {dag.py:3096} INFO - Sync 1 DAGs
[2026-01-28T00:41:03.726+0000] {logging_mixin.py:188} INFO - [2026-01-28T00:41:03.726+0000] {dag.py:3954} INFO - Setting next_dagrun for tutorial_dag to None, run_after=None
[2026-01-28T00:41:03.745+0000] {processor.py:183} INFO - Processing /home/airflow/.local/lib/python3.12/site-packages/airflow/example_dags/tutorial_dag.py took 0.061 seconds
[2026-01-28T00:41:34.355+0000] {processor.py:161} INFO - Started process (PID=6752) to work on /home/airflow/.local/lib/python3.12/site-packages/airflow/example_dags/tutorial_dag.py
[2026-01-28T00:41:34.356+0000] {processor.py:830} INFO - Processing file /home/airflow/.local/lib/python3.12/site-packages/airflow/example_dags/tutorial_dag.py for tasks to queue
[2026-01-28T00:41:34.357+0000] {logging_mixin.py:188} INFO - [2026-01-28T00:41:34.357+0000] {dagbag.py:540} INFO - Filling up the DagBag from /home/airflow/.local/lib/python3.12/site-packages/airflow/example_dags/tutorial_dag.py
[2026-01-28T00:41:34.362+0000] {processor.py:840} INFO - DAG(s) 'tutorial_dag' retrieved from /home/airflow/.local/lib/python3.12/site-packages/airflow/example_dags/tutorial_dag.py
[2026-01-28T00:41:34.382+0000] {logging_mixin.py:188} INFO - [2026-01-28T00:41:34.381+0000] {dag.py:3096} INFO - Sync 1 DAGs
[2026-01-28T00:41:34.392+0000] {logging_mixin.py:188} INFO - [2026-01-28T00:41:34.392+0000] {dag.py:3954} INFO - Setting next_dagrun for tutorial_dag to None, run_after=None
[2026-01-28T00:41:34.410+0000] {processor.py:183} INFO - Processing /home/airflow/.local/lib/python3.12/site-packages/airflow/example_dags/tutorial_dag.py took 0.061 seconds
[2026-01-28T00:42:04.968+0000] {processor.py:161} INFO - Started process (PID=6804) to work on /home/airflow/.local/lib/python3.12/site-packages/airflow/example_dags/tutorial_dag.py
[2026-01-28T00:42:04.969+0000] {processor.py:830} INFO - Processing file /home/airflow/.local/lib/python3.12/site-packages/airflow/example_dags/tutorial_dag.py for tasks to queue
[2026-01-28T00:42:04.972+0000] {logging_mixin.py:188} INFO - [2026-01-28T00:42:04.971+0000] {dagbag.py:540} INFO - Filling up the DagBag from /home/airflow/.local/lib/python3.12/site-packages/airflow/example_dags/tutorial_dag.py
[2026-01-28T00:42:04.976+0000] {processor.py:840} INFO - DAG(s) 'tutorial_dag' retrieved from /home/airflow/.local/lib/python3.12/site-packages/airflow/example_dags/tutorial_dag.py
[2026-01-28T00:42:04.995+0000] {logging_mixin.py:188} INFO - [2026-01-28T00:42:04.994+0000] {dag.py:3096} INFO - Sync 1 DAGs
[2026-01-28T00:42:05.005+0000] {logging_mixin.py:188} INFO - [2026-01-28T00:42:05.005+0000] {dag.py:3954} INFO - Setting next_dagrun for tutorial_dag to None, run_after=None
[2026-01-28T00:42:05.024+0000] {processor.py:183} INFO - Processing /home/airflow/.local/lib/python3.12/site-packages/airflow/example_dags/tutorial_dag.py took 0.061 seconds
[2026-01-28T00:42:35.632+0000] {processor.py:161} INFO - Started process (PID=6856) to work on /home/airflow/.local/lib/python3.12/site-packages/airflow/example_dags/tutorial_dag.py
[2026-01-28T00:42:35.633+0000] {processor.py:830} INFO - Processing file /home/airflow/.local/lib/python3.12/site-packages/airflow/example_dags/tutorial_dag.py for tasks to queue
[2026-01-28T00:42:35.634+0000] {logging_mixin.py:188} INFO - [2026-01-28T00:42:35.634+0000] {dagbag.py:540} INFO - Filling up the DagBag from /home/airflow/.local/lib/python3.12/site-packages/airflow/example_dags/tutorial_dag.py
[2026-01-28T00:42:35.639+0000] {processor.py:840} INFO - DAG(s) 'tutorial_dag' retrieved from /home/airflow/.local/lib/python3.12/site-packages/airflow/example_dags/tutorial_dag.py
[2026-01-28T00:42:35.658+0000] {logging_mixin.py:188} INFO - [2026-01-28T00:42:35.658+0000] {dag.py:3096} INFO - Sync 1 DAGs
[2026-01-28T00:42:35.668+0000] {logging_mixin.py:188} INFO - [2026-01-28T00:42:35.668+0000] {dag.py:3954} INFO - Setting next_dagrun for tutorial_dag to None, run_after=None
[2026-01-28T00:42:35.686+0000] {processor.py:183} INFO - Processing /home/airflow/.local/lib/python3.12/site-packages/airflow/example_dags/tutorial_dag.py took 0.060 seconds
[2026-01-28T00:43:06.243+0000] {processor.py:161} INFO - Started process (PID=6908) to work on /home/airflow/.local/lib/python3.12/site-packages/airflow/example_dags/tutorial_dag.py
[2026-01-28T00:43:06.244+0000] {processor.py:830} INFO - Processing file /home/airflow/.local/lib/python3.12/site-packages/airflow/example_dags/tutorial_dag.py for tasks to queue
[2026-01-28T00:43:06.246+0000] {logging_mixin.py:188} INFO - [2026-01-28T00:43:06.246+0000] {dagbag.py:540} INFO - Filling up the DagBag from /home/airflow/.local/lib/python3.12/site-packages/airflow/example_dags/tutorial_dag.py
[2026-01-28T00:43:06.251+0000] {processor.py:840} INFO - DAG(s) 'tutorial_dag' retrieved from /home/airflow/.local/lib/python3.12/site-packages/airflow/example_dags/tutorial_dag.py
[2026-01-28T00:43:06.270+0000] {logging_mixin.py:188} INFO - [2026-01-28T00:43:06.270+0000] {dag.py:3096} INFO - Sync 1 DAGs
[2026-01-28T00:43:06.280+0000] {logging_mixin.py:188} INFO - [2026-01-28T00:43:06.280+0000] {dag.py:3954} INFO - Setting next_dagrun for tutorial_dag to None, run_after=None
[2026-01-28T00:43:06.299+0000] {processor.py:183} INFO - Processing /home/airflow/.local/lib/python3.12/site-packages/airflow/example_dags/tutorial_dag.py took 0.061 seconds
[2026-01-28T00:43:36.776+0000] {processor.py:161} INFO - Started process (PID=6960) to work on /home/airflow/.local/lib/python3.12/site-packages/airflow/example_dags/tutorial_dag.py
[2026-01-28T00:43:36.777+0000] {processor.py:830} INFO - Processing file /home/airflow/.local/lib/python3.12/site-packages/airflow/example_dags/tutorial_dag.py for tasks to queue
[2026-01-28T00:43:36.779+0000] {logging_mixin.py:188} INFO - [2026-01-28T00:43:36.779+0000] {dagbag.py:540} INFO - Filling up the DagBag from /home/airflow/.local/lib/python3.12/site-packages/airflow/example_dags/tutorial_dag.py
[2026-01-28T00:43:36.784+0000] {processor.py:840} INFO - DAG(s) 'tutorial_dag' retrieved from /home/airflow/.local/lib/python3.12/site-packages/airflow/example_dags/tutorial_dag.py
[2026-01-28T00:43:36.802+0000] {logging_mixin.py:188} INFO - [2026-01-28T00:43:36.802+0000] {dag.py:3096} INFO - Sync 1 DAGs
[2026-01-28T00:43:36.813+0000] {logging_mixin.py:188} INFO - [2026-01-28T00:43:36.813+0000] {dag.py:3954} INFO - Setting next_dagrun for tutorial_dag to None, run_after=None
[2026-01-28T00:43:36.831+0000] {processor.py:183} INFO - Processing /home/airflow/.local/lib/python3.12/site-packages/airflow/example_dags/tutorial_dag.py took 0.061 seconds
[2026-01-28T00:44:07.327+0000] {processor.py:161} INFO - Started process (PID=7012) to work on /home/airflow/.local/lib/python3.12/site-packages/airflow/example_dags/tutorial_dag.py
[2026-01-28T00:44:07.328+0000] {processor.py:830} INFO - Processing file /home/airflow/.local/lib/python3.12/site-packages/airflow/example_dags/tutorial_dag.py for tasks to queue
[2026-01-28T00:44:07.330+0000] {logging_mixin.py:188} INFO - [2026-01-28T00:44:07.329+0000] {dagbag.py:540} INFO - Filling up the DagBag from /home/airflow/.local/lib/python3.12/site-packages/airflow/example_dags/tutorial_dag.py
[2026-01-28T00:44:07.334+0000] {processor.py:840} INFO - DAG(s) 'tutorial_dag' retrieved from /home/airflow/.local/lib/python3.12/site-packages/airflow/example_dags/tutorial_dag.py
[2026-01-28T00:44:07.353+0000] {logging_mixin.py:188} INFO - [2026-01-28T00:44:07.353+0000] {dag.py:3096} INFO - Sync 1 DAGs
[2026-01-28T00:44:07.363+0000] {logging_mixin.py:188} INFO - [2026-01-28T00:44:07.363+0000] {dag.py:3954} INFO - Setting next_dagrun for tutorial_dag to None, run_after=None
[2026-01-28T00:44:07.382+0000] {processor.py:183} INFO - Processing /home/airflow/.local/lib/python3.12/site-packages/airflow/example_dags/tutorial_dag.py took 0.062 seconds
[2026-01-28T00:44:37.891+0000] {processor.py:161} INFO - Started process (PID=7064) to work on /home/airflow/.local/lib/python3.12/site-packages/airflow/example_dags/tutorial_dag.py
[2026-01-28T00:44:37.892+0000] {processor.py:830} INFO - Processing file /home/airflow/.local/lib/python3.12/site-packages/airflow/example_dags/tutorial_dag.py for tasks to queue
[2026-01-28T00:44:37.894+0000] {logging_mixin.py:188} INFO - [2026-01-28T00:44:37.893+0000] {dagbag.py:540} INFO - Filling up the DagBag from /home/airflow/.local/lib/python3.12/site-packages/airflow/example_dags/tutorial_dag.py
[2026-01-28T00:44:37.898+0000] {processor.py:840} INFO - DAG(s) 'tutorial_dag' retrieved from /home/airflow/.local/lib/python3.12/site-packages/airflow/example_dags/tutorial_dag.py
[2026-01-28T00:44:37.916+0000] {logging_mixin.py:188} INFO - [2026-01-28T00:44:37.916+0000] {dag.py:3096} INFO - Sync 1 DAGs
[2026-01-28T00:44:37.927+0000] {logging_mixin.py:188} INFO - [2026-01-28T00:44:37.926+0000] {dag.py:3954} INFO - Setting next_dagrun for tutorial_dag to None, run_after=None
[2026-01-28T00:44:37.945+0000] {processor.py:183} INFO - Processing /home/airflow/.local/lib/python3.12/site-packages/airflow/example_dags/tutorial_dag.py took 0.059 seconds
[2026-01-28T00:45:08.898+0000] {processor.py:161} INFO - Started process (PID=7116) to work on /home/airflow/.local/lib/python3.12/site-packages/airflow/example_dags/tutorial_dag.py
[2026-01-28T00:45:08.899+0000] {processor.py:830} INFO - Processing file /home/airflow/.local/lib/python3.12/site-packages/airflow/example_dags/tutorial_dag.py for tasks to queue
[2026-01-28T00:45:08.901+0000] {logging_mixin.py:188} INFO - [2026-01-28T00:45:08.901+0000] {dagbag.py:540} INFO - Filling up the DagBag from /home/airflow/.local/lib/python3.12/site-packages/airflow/example_dags/tutorial_dag.py
[2026-01-28T00:45:08.906+0000] {processor.py:840} INFO - DAG(s) 'tutorial_dag' retrieved from /home/airflow/.local/lib/python3.12/site-packages/airflow/example_dags/tutorial_dag.py
[2026-01-28T00:45:08.927+0000] {logging_mixin.py:188} INFO - [2026-01-28T00:45:08.927+0000] {dag.py:3096} INFO - Sync 1 DAGs
[2026-01-28T00:45:08.939+0000] {logging_mixin.py:188} INFO - [2026-01-28T00:45:08.939+0000] {dag.py:3954} INFO - Setting next_dagrun for tutorial_dag to None, run_after=None
[2026-01-28T00:45:08.959+0000] {processor.py:183} INFO - Processing /home/airflow/.local/lib/python3.12/site-packages/airflow/example_dags/tutorial_dag.py took 0.067 seconds
[2026-01-28T00:45:39.705+0000] {processor.py:161} INFO - Started process (PID=7168) to work on /home/airflow/.local/lib/python3.12/site-packages/airflow/example_dags/tutorial_dag.py
[2026-01-28T00:45:39.707+0000] {processor.py:830} INFO - Processing file /home/airflow/.local/lib/python3.12/site-packages/airflow/example_dags/tutorial_dag.py for tasks to queue
[2026-01-28T00:45:39.709+0000] {logging_mixin.py:188} INFO - [2026-01-28T00:45:39.709+0000] {dagbag.py:540} INFO - Filling up the DagBag from /home/airflow/.local/lib/python3.12/site-packages/airflow/example_dags/tutorial_dag.py
[2026-01-28T00:45:39.714+0000] {processor.py:840} INFO - DAG(s) 'tutorial_dag' retrieved from /home/airflow/.local/lib/python3.12/site-packages/airflow/example_dags/tutorial_dag.py
[2026-01-28T00:45:39.734+0000] {logging_mixin.py:188} INFO - [2026-01-28T00:45:39.733+0000] {dag.py:3096} INFO - Sync 1 DAGs
[2026-01-28T00:45:39.747+0000] {logging_mixin.py:188} INFO - [2026-01-28T00:45:39.746+0000] {dag.py:3954} INFO - Setting next_dagrun for tutorial_dag to None, run_after=None
[2026-01-28T00:45:39.768+0000] {processor.py:183} INFO - Processing /home/airflow/.local/lib/python3.12/site-packages/airflow/example_dags/tutorial_dag.py took 0.067 seconds
[2026-01-28T00:46:10.311+0000] {processor.py:161} INFO - Started process (PID=7220) to work on /home/airflow/.local/lib/python3.12/site-packages/airflow/example_dags/tutorial_dag.py
[2026-01-28T00:46:10.312+0000] {processor.py:830} INFO - Processing file /home/airflow/.local/lib/python3.12/site-packages/airflow/example_dags/tutorial_dag.py for tasks to queue
[2026-01-28T00:46:10.314+0000] {logging_mixin.py:188} INFO - [2026-01-28T00:46:10.313+0000] {dagbag.py:540} INFO - Filling up the DagBag from /home/airflow/.local/lib/python3.12/site-packages/airflow/example_dags/tutorial_dag.py
[2026-01-28T00:46:10.318+0000] {processor.py:840} INFO - DAG(s) 'tutorial_dag' retrieved from /home/airflow/.local/lib/python3.12/site-packages/airflow/example_dags/tutorial_dag.py
[2026-01-28T00:46:10.339+0000] {logging_mixin.py:188} INFO - [2026-01-28T00:46:10.339+0000] {dag.py:3096} INFO - Sync 1 DAGs
[2026-01-28T00:46:10.352+0000] {logging_mixin.py:188} INFO - [2026-01-28T00:46:10.352+0000] {dag.py:3954} INFO - Setting next_dagrun for tutorial_dag to None, run_after=None
[2026-01-28T00:46:10.373+0000] {processor.py:183} INFO - Processing /home/airflow/.local/lib/python3.12/site-packages/airflow/example_dags/tutorial_dag.py took 0.070 seconds
[2026-01-28T00:46:41.161+0000] {processor.py:161} INFO - Started process (PID=7272) to work on /home/airflow/.local/lib/python3.12/site-packages/airflow/example_dags/tutorial_dag.py
[2026-01-28T00:46:41.162+0000] {processor.py:830} INFO - Processing file /home/airflow/.local/lib/python3.12/site-packages/airflow/example_dags/tutorial_dag.py for tasks to queue
[2026-01-28T00:46:41.164+0000] {logging_mixin.py:188} INFO - [2026-01-28T00:46:41.164+0000] {dagbag.py:540} INFO - Filling up the DagBag from /home/airflow/.local/lib/python3.12/site-packages/airflow/example_dags/tutorial_dag.py
[2026-01-28T00:46:41.169+0000] {processor.py:840} INFO - DAG(s) 'tutorial_dag' retrieved from /home/airflow/.local/lib/python3.12/site-packages/airflow/example_dags/tutorial_dag.py
[2026-01-28T00:46:41.188+0000] {logging_mixin.py:188} INFO - [2026-01-28T00:46:41.188+0000] {dag.py:3096} INFO - Sync 1 DAGs
[2026-01-28T00:46:41.199+0000] {logging_mixin.py:188} INFO - [2026-01-28T00:46:41.199+0000] {dag.py:3954} INFO - Setting next_dagrun for tutorial_dag to None, run_after=None
[2026-01-28T00:46:41.222+0000] {processor.py:183} INFO - Processing /home/airflow/.local/lib/python3.12/site-packages/airflow/example_dags/tutorial_dag.py took 0.067 seconds
[2026-01-28T00:47:11.685+0000] {processor.py:161} INFO - Started process (PID=7324) to work on /home/airflow/.local/lib/python3.12/site-packages/airflow/example_dags/tutorial_dag.py
[2026-01-28T00:47:11.686+0000] {processor.py:830} INFO - Processing file /home/airflow/.local/lib/python3.12/site-packages/airflow/example_dags/tutorial_dag.py for tasks to queue
[2026-01-28T00:47:11.689+0000] {logging_mixin.py:188} INFO - [2026-01-28T00:47:11.688+0000] {dagbag.py:540} INFO - Filling up the DagBag from /home/airflow/.local/lib/python3.12/site-packages/airflow/example_dags/tutorial_dag.py
[2026-01-28T00:47:11.693+0000] {processor.py:840} INFO - DAG(s) 'tutorial_dag' retrieved from /home/airflow/.local/lib/python3.12/site-packages/airflow/example_dags/tutorial_dag.py
[2026-01-28T00:47:11.717+0000] {logging_mixin.py:188} INFO - [2026-01-28T00:47:11.716+0000] {dag.py:3096} INFO - Sync 1 DAGs
[2026-01-28T00:47:11.727+0000] {logging_mixin.py:188} INFO - [2026-01-28T00:47:11.727+0000] {dag.py:3954} INFO - Setting next_dagrun for tutorial_dag to None, run_after=None
[2026-01-28T00:47:11.747+0000] {processor.py:183} INFO - Processing /home/airflow/.local/lib/python3.12/site-packages/airflow/example_dags/tutorial_dag.py took 0.067 seconds
[2026-01-28T00:47:42.352+0000] {processor.py:161} INFO - Started process (PID=7376) to work on /home/airflow/.local/lib/python3.12/site-packages/airflow/example_dags/tutorial_dag.py
[2026-01-28T00:47:42.353+0000] {processor.py:830} INFO - Processing file /home/airflow/.local/lib/python3.12/site-packages/airflow/example_dags/tutorial_dag.py for tasks to queue
[2026-01-28T00:47:42.355+0000] {logging_mixin.py:188} INFO - [2026-01-28T00:47:42.354+0000] {dagbag.py:540} INFO - Filling up the DagBag from /home/airflow/.local/lib/python3.12/site-packages/airflow/example_dags/tutorial_dag.py
[2026-01-28T00:47:42.359+0000] {processor.py:840} INFO - DAG(s) 'tutorial_dag' retrieved from /home/airflow/.local/lib/python3.12/site-packages/airflow/example_dags/tutorial_dag.py
[2026-01-28T00:47:42.379+0000] {logging_mixin.py:188} INFO - [2026-01-28T00:47:42.378+0000] {dag.py:3096} INFO - Sync 1 DAGs
[2026-01-28T00:47:42.389+0000] {logging_mixin.py:188} INFO - [2026-01-28T00:47:42.389+0000] {dag.py:3954} INFO - Setting next_dagrun for tutorial_dag to None, run_after=None
[2026-01-28T00:47:42.407+0000] {processor.py:183} INFO - Processing /home/airflow/.local/lib/python3.12/site-packages/airflow/example_dags/tutorial_dag.py took 0.061 seconds
[2026-01-28T00:48:12.736+0000] {processor.py:161} INFO - Started process (PID=7428) to work on /home/airflow/.local/lib/python3.12/site-packages/airflow/example_dags/tutorial_dag.py
[2026-01-28T00:48:12.737+0000] {processor.py:830} INFO - Processing file /home/airflow/.local/lib/python3.12/site-packages/airflow/example_dags/tutorial_dag.py for tasks to queue
[2026-01-28T00:48:12.740+0000] {logging_mixin.py:188} INFO - [2026-01-28T00:48:12.740+0000] {dagbag.py:540} INFO - Filling up the DagBag from /home/airflow/.local/lib/python3.12/site-packages/airflow/example_dags/tutorial_dag.py
[2026-01-28T00:48:12.745+0000] {processor.py:840} INFO - DAG(s) 'tutorial_dag' retrieved from /home/airflow/.local/lib/python3.12/site-packages/airflow/example_dags/tutorial_dag.py
[2026-01-28T00:48:12.765+0000] {logging_mixin.py:188} INFO - [2026-01-28T00:48:12.765+0000] {dag.py:3096} INFO - Sync 1 DAGs
[2026-01-28T00:48:12.776+0000] {logging_mixin.py:188} INFO - [2026-01-28T00:48:12.776+0000] {dag.py:3954} INFO - Setting next_dagrun for tutorial_dag to None, run_after=None
[2026-01-28T00:48:12.794+0000] {processor.py:183} INFO - Processing /home/airflow/.local/lib/python3.12/site-packages/airflow/example_dags/tutorial_dag.py took 0.063 seconds
[2026-01-28T00:48:43.473+0000] {processor.py:161} INFO - Started process (PID=7480) to work on /home/airflow/.local/lib/python3.12/site-packages/airflow/example_dags/tutorial_dag.py
[2026-01-28T00:48:43.474+0000] {processor.py:830} INFO - Processing file /home/airflow/.local/lib/python3.12/site-packages/airflow/example_dags/tutorial_dag.py for tasks to queue
[2026-01-28T00:48:43.476+0000] {logging_mixin.py:188} INFO - [2026-01-28T00:48:43.476+0000] {dagbag.py:540} INFO - Filling up the DagBag from /home/airflow/.local/lib/python3.12/site-packages/airflow/example_dags/tutorial_dag.py
[2026-01-28T00:48:43.480+0000] {processor.py:840} INFO - DAG(s) 'tutorial_dag' retrieved from /home/airflow/.local/lib/python3.12/site-packages/airflow/example_dags/tutorial_dag.py
[2026-01-28T00:48:43.498+0000] {logging_mixin.py:188} INFO - [2026-01-28T00:48:43.498+0000] {dag.py:3096} INFO - Sync 1 DAGs
[2026-01-28T00:48:43.509+0000] {logging_mixin.py:188} INFO - [2026-01-28T00:48:43.509+0000] {dag.py:3954} INFO - Setting next_dagrun for tutorial_dag to None, run_after=None
[2026-01-28T00:48:43.527+0000] {processor.py:183} INFO - Processing /home/airflow/.local/lib/python3.12/site-packages/airflow/example_dags/tutorial_dag.py took 0.059 seconds
[2026-01-28T00:49:14.014+0000] {processor.py:161} INFO - Started process (PID=7532) to work on /home/airflow/.local/lib/python3.12/site-packages/airflow/example_dags/tutorial_dag.py
[2026-01-28T00:49:14.015+0000] {processor.py:830} INFO - Processing file /home/airflow/.local/lib/python3.12/site-packages/airflow/example_dags/tutorial_dag.py for tasks to queue
[2026-01-28T00:49:14.017+0000] {logging_mixin.py:188} INFO - [2026-01-28T00:49:14.017+0000] {dagbag.py:540} INFO - Filling up the DagBag from /home/airflow/.local/lib/python3.12/site-packages/airflow/example_dags/tutorial_dag.py
[2026-01-28T00:49:14.022+0000] {processor.py:840} INFO - DAG(s) 'tutorial_dag' retrieved from /home/airflow/.local/lib/python3.12/site-packages/airflow/example_dags/tutorial_dag.py
[2026-01-28T00:49:14.041+0000] {logging_mixin.py:188} INFO - [2026-01-28T00:49:14.040+0000] {dag.py:3096} INFO - Sync 1 DAGs
[2026-01-28T00:49:14.052+0000] {logging_mixin.py:188} INFO - [2026-01-28T00:49:14.051+0000] {dag.py:3954} INFO - Setting next_dagrun for tutorial_dag to None, run_after=None
[2026-01-28T00:49:14.070+0000] {processor.py:183} INFO - Processing /home/airflow/.local/lib/python3.12/site-packages/airflow/example_dags/tutorial_dag.py took 0.061 seconds
[2026-01-28T00:49:44.778+0000] {processor.py:161} INFO - Started process (PID=7584) to work on /home/airflow/.local/lib/python3.12/site-packages/airflow/example_dags/tutorial_dag.py
[2026-01-28T00:49:44.779+0000] {processor.py:830} INFO - Processing file /home/airflow/.local/lib/python3.12/site-packages/airflow/example_dags/tutorial_dag.py for tasks to queue
[2026-01-28T00:49:44.781+0000] {logging_mixin.py:188} INFO - [2026-01-28T00:49:44.781+0000] {dagbag.py:540} INFO - Filling up the DagBag from /home/airflow/.local/lib/python3.12/site-packages/airflow/example_dags/tutorial_dag.py
[2026-01-28T00:49:44.786+0000] {processor.py:840} INFO - DAG(s) 'tutorial_dag' retrieved from /home/airflow/.local/lib/python3.12/site-packages/airflow/example_dags/tutorial_dag.py
[2026-01-28T00:49:44.805+0000] {logging_mixin.py:188} INFO - [2026-01-28T00:49:44.805+0000] {dag.py:3096} INFO - Sync 1 DAGs
[2026-01-28T00:49:44.816+0000] {logging_mixin.py:188} INFO - [2026-01-28T00:49:44.815+0000] {dag.py:3954} INFO - Setting next_dagrun for tutorial_dag to None, run_after=None
[2026-01-28T00:49:44.834+0000] {processor.py:183} INFO - Processing /home/airflow/.local/lib/python3.12/site-packages/airflow/example_dags/tutorial_dag.py took 0.062 seconds
[2026-01-28T00:50:15.545+0000] {processor.py:161} INFO - Started process (PID=7636) to work on /home/airflow/.local/lib/python3.12/site-packages/airflow/example_dags/tutorial_dag.py
[2026-01-28T00:50:15.546+0000] {processor.py:830} INFO - Processing file /home/airflow/.local/lib/python3.12/site-packages/airflow/example_dags/tutorial_dag.py for tasks to queue
[2026-01-28T00:50:15.548+0000] {logging_mixin.py:188} INFO - [2026-01-28T00:50:15.547+0000] {dagbag.py:540} INFO - Filling up the DagBag from /home/airflow/.local/lib/python3.12/site-packages/airflow/example_dags/tutorial_dag.py
[2026-01-28T00:50:15.552+0000] {processor.py:840} INFO - DAG(s) 'tutorial_dag' retrieved from /home/airflow/.local/lib/python3.12/site-packages/airflow/example_dags/tutorial_dag.py
[2026-01-28T00:50:15.571+0000] {logging_mixin.py:188} INFO - [2026-01-28T00:50:15.571+0000] {dag.py:3096} INFO - Sync 1 DAGs
[2026-01-28T00:50:15.582+0000] {logging_mixin.py:188} INFO - [2026-01-28T00:50:15.582+0000] {dag.py:3954} INFO - Setting next_dagrun for tutorial_dag to None, run_after=None
[2026-01-28T00:50:15.601+0000] {processor.py:183} INFO - Processing /home/airflow/.local/lib/python3.12/site-packages/airflow/example_dags/tutorial_dag.py took 0.061 seconds
[2026-01-28T00:50:46.338+0000] {processor.py:161} INFO - Started process (PID=7688) to work on /home/airflow/.local/lib/python3.12/site-packages/airflow/example_dags/tutorial_dag.py
[2026-01-28T00:50:46.339+0000] {processor.py:830} INFO - Processing file /home/airflow/.local/lib/python3.12/site-packages/airflow/example_dags/tutorial_dag.py for tasks to queue
[2026-01-28T00:50:46.341+0000] {logging_mixin.py:188} INFO - [2026-01-28T00:50:46.340+0000] {dagbag.py:540} INFO - Filling up the DagBag from /home/airflow/.local/lib/python3.12/site-packages/airflow/example_dags/tutorial_dag.py
[2026-01-28T00:50:46.346+0000] {processor.py:840} INFO - DAG(s) 'tutorial_dag' retrieved from /home/airflow/.local/lib/python3.12/site-packages/airflow/example_dags/tutorial_dag.py
[2026-01-28T00:50:46.364+0000] {logging_mixin.py:188} INFO - [2026-01-28T00:50:46.364+0000] {dag.py:3096} INFO - Sync 1 DAGs
[2026-01-28T00:50:46.374+0000] {logging_mixin.py:188} INFO - [2026-01-28T00:50:46.374+0000] {dag.py:3954} INFO - Setting next_dagrun for tutorial_dag to None, run_after=None
[2026-01-28T00:50:46.393+0000] {processor.py:183} INFO - Processing /home/airflow/.local/lib/python3.12/site-packages/airflow/example_dags/tutorial_dag.py took 0.061 seconds
[2026-01-28T00:51:17.080+0000] {processor.py:161} INFO - Started process (PID=7740) to work on /home/airflow/.local/lib/python3.12/site-packages/airflow/example_dags/tutorial_dag.py
[2026-01-28T00:51:17.081+0000] {processor.py:830} INFO - Processing file /home/airflow/.local/lib/python3.12/site-packages/airflow/example_dags/tutorial_dag.py for tasks to queue
[2026-01-28T00:51:17.083+0000] {logging_mixin.py:188} INFO - [2026-01-28T00:51:17.083+0000] {dagbag.py:540} INFO - Filling up the DagBag from /home/airflow/.local/lib/python3.12/site-packages/airflow/example_dags/tutorial_dag.py
[2026-01-28T00:51:17.089+0000] {processor.py:840} INFO - DAG(s) 'tutorial_dag' retrieved from /home/airflow/.local/lib/python3.12/site-packages/airflow/example_dags/tutorial_dag.py
[2026-01-28T00:51:17.111+0000] {logging_mixin.py:188} INFO - [2026-01-28T00:51:17.111+0000] {dag.py:3096} INFO - Sync 1 DAGs
[2026-01-28T00:51:17.122+0000] {logging_mixin.py:188} INFO - [2026-01-28T00:51:17.122+0000] {dag.py:3954} INFO - Setting next_dagrun for tutorial_dag to None, run_after=None
[2026-01-28T00:51:17.141+0000] {processor.py:183} INFO - Processing /home/airflow/.local/lib/python3.12/site-packages/airflow/example_dags/tutorial_dag.py took 0.066 seconds
[2026-01-28T00:51:47.865+0000] {processor.py:161} INFO - Started process (PID=7792) to work on /home/airflow/.local/lib/python3.12/site-packages/airflow/example_dags/tutorial_dag.py
[2026-01-28T00:51:47.866+0000] {processor.py:830} INFO - Processing file /home/airflow/.local/lib/python3.12/site-packages/airflow/example_dags/tutorial_dag.py for tasks to queue
[2026-01-28T00:51:47.868+0000] {logging_mixin.py:188} INFO - [2026-01-28T00:51:47.868+0000] {dagbag.py:540} INFO - Filling up the DagBag from /home/airflow/.local/lib/python3.12/site-packages/airflow/example_dags/tutorial_dag.py
[2026-01-28T00:51:47.873+0000] {processor.py:840} INFO - DAG(s) 'tutorial_dag' retrieved from /home/airflow/.local/lib/python3.12/site-packages/airflow/example_dags/tutorial_dag.py
[2026-01-28T00:51:47.892+0000] {logging_mixin.py:188} INFO - [2026-01-28T00:51:47.892+0000] {dag.py:3096} INFO - Sync 1 DAGs
[2026-01-28T00:51:47.903+0000] {logging_mixin.py:188} INFO - [2026-01-28T00:51:47.903+0000] {dag.py:3954} INFO - Setting next_dagrun for tutorial_dag to None, run_after=None
[2026-01-28T00:51:47.921+0000] {processor.py:183} INFO - Processing /home/airflow/.local/lib/python3.12/site-packages/airflow/example_dags/tutorial_dag.py took 0.061 seconds
[2026-01-28T00:52:18.618+0000] {processor.py:161} INFO - Started process (PID=7844) to work on /home/airflow/.local/lib/python3.12/site-packages/airflow/example_dags/tutorial_dag.py
[2026-01-28T00:52:18.618+0000] {processor.py:830} INFO - Processing file /home/airflow/.local/lib/python3.12/site-packages/airflow/example_dags/tutorial_dag.py for tasks to queue
[2026-01-28T00:52:18.620+0000] {logging_mixin.py:188} INFO - [2026-01-28T00:52:18.620+0000] {dagbag.py:540} INFO - Filling up the DagBag from /home/airflow/.local/lib/python3.12/site-packages/airflow/example_dags/tutorial_dag.py
[2026-01-28T00:52:18.625+0000] {processor.py:840} INFO - DAG(s) 'tutorial_dag' retrieved from /home/airflow/.local/lib/python3.12/site-packages/airflow/example_dags/tutorial_dag.py
[2026-01-28T00:52:18.646+0000] {logging_mixin.py:188} INFO - [2026-01-28T00:52:18.646+0000] {dag.py:3096} INFO - Sync 1 DAGs
[2026-01-28T00:52:18.656+0000] {logging_mixin.py:188} INFO - [2026-01-28T00:52:18.656+0000] {dag.py:3954} INFO - Setting next_dagrun for tutorial_dag to None, run_after=None
[2026-01-28T00:52:18.676+0000] {processor.py:183} INFO - Processing /home/airflow/.local/lib/python3.12/site-packages/airflow/example_dags/tutorial_dag.py took 0.064 seconds
[2026-01-28T00:52:49.193+0000] {processor.py:161} INFO - Started process (PID=7896) to work on /home/airflow/.local/lib/python3.12/site-packages/airflow/example_dags/tutorial_dag.py
[2026-01-28T00:52:49.194+0000] {processor.py:830} INFO - Processing file /home/airflow/.local/lib/python3.12/site-packages/airflow/example_dags/tutorial_dag.py for tasks to queue
[2026-01-28T00:52:49.196+0000] {logging_mixin.py:188} INFO - [2026-01-28T00:52:49.196+0000] {dagbag.py:540} INFO - Filling up the DagBag from /home/airflow/.local/lib/python3.12/site-packages/airflow/example_dags/tutorial_dag.py
[2026-01-28T00:52:49.201+0000] {processor.py:840} INFO - DAG(s) 'tutorial_dag' retrieved from /home/airflow/.local/lib/python3.12/site-packages/airflow/example_dags/tutorial_dag.py
[2026-01-28T00:52:49.219+0000] {logging_mixin.py:188} INFO - [2026-01-28T00:52:49.219+0000] {dag.py:3096} INFO - Sync 1 DAGs
[2026-01-28T00:52:49.229+0000] {logging_mixin.py:188} INFO - [2026-01-28T00:52:49.228+0000] {dag.py:3954} INFO - Setting next_dagrun for tutorial_dag to None, run_after=None
[2026-01-28T00:52:49.247+0000] {processor.py:183} INFO - Processing /home/airflow/.local/lib/python3.12/site-packages/airflow/example_dags/tutorial_dag.py took 0.060 seconds
[2026-01-28T00:53:20.002+0000] {processor.py:161} INFO - Started process (PID=7948) to work on /home/airflow/.local/lib/python3.12/site-packages/airflow/example_dags/tutorial_dag.py
[2026-01-28T00:53:20.003+0000] {processor.py:830} INFO - Processing file /home/airflow/.local/lib/python3.12/site-packages/airflow/example_dags/tutorial_dag.py for tasks to queue
[2026-01-28T00:53:20.005+0000] {logging_mixin.py:188} INFO - [2026-01-28T00:53:20.005+0000] {dagbag.py:540} INFO - Filling up the DagBag from /home/airflow/.local/lib/python3.12/site-packages/airflow/example_dags/tutorial_dag.py
[2026-01-28T00:53:20.010+0000] {processor.py:840} INFO - DAG(s) 'tutorial_dag' retrieved from /home/airflow/.local/lib/python3.12/site-packages/airflow/example_dags/tutorial_dag.py
[2026-01-28T00:53:20.028+0000] {logging_mixin.py:188} INFO - [2026-01-28T00:53:20.028+0000] {dag.py:3096} INFO - Sync 1 DAGs
[2026-01-28T00:53:20.039+0000] {logging_mixin.py:188} INFO - [2026-01-28T00:53:20.038+0000] {dag.py:3954} INFO - Setting next_dagrun for tutorial_dag to None, run_after=None
[2026-01-28T00:53:20.057+0000] {processor.py:183} INFO - Processing /home/airflow/.local/lib/python3.12/site-packages/airflow/example_dags/tutorial_dag.py took 0.061 seconds
[2026-01-28T00:53:50.616+0000] {processor.py:161} INFO - Started process (PID=8000) to work on /home/airflow/.local/lib/python3.12/site-packages/airflow/example_dags/tutorial_dag.py
[2026-01-28T00:53:50.617+0000] {processor.py:830} INFO - Processing file /home/airflow/.local/lib/python3.12/site-packages/airflow/example_dags/tutorial_dag.py for tasks to queue
[2026-01-28T00:53:50.619+0000] {logging_mixin.py:188} INFO - [2026-01-28T00:53:50.619+0000] {dagbag.py:540} INFO - Filling up the DagBag from /home/airflow/.local/lib/python3.12/site-packages/airflow/example_dags/tutorial_dag.py
[2026-01-28T00:53:50.624+0000] {processor.py:840} INFO - DAG(s) 'tutorial_dag' retrieved from /home/airflow/.local/lib/python3.12/site-packages/airflow/example_dags/tutorial_dag.py
[2026-01-28T00:53:50.643+0000] {logging_mixin.py:188} INFO - [2026-01-28T00:53:50.643+0000] {dag.py:3096} INFO - Sync 1 DAGs
[2026-01-28T00:53:50.654+0000] {logging_mixin.py:188} INFO - [2026-01-28T00:53:50.654+0000] {dag.py:3954} INFO - Setting next_dagrun for tutorial_dag to None, run_after=None
[2026-01-28T00:53:50.672+0000] {processor.py:183} INFO - Processing /home/airflow/.local/lib/python3.12/site-packages/airflow/example_dags/tutorial_dag.py took 0.062 seconds
[2026-01-28T00:54:21.235+0000] {processor.py:161} INFO - Started process (PID=8052) to work on /home/airflow/.local/lib/python3.12/site-packages/airflow/example_dags/tutorial_dag.py
[2026-01-28T00:54:21.236+0000] {processor.py:830} INFO - Processing file /home/airflow/.local/lib/python3.12/site-packages/airflow/example_dags/tutorial_dag.py for tasks to queue
[2026-01-28T00:54:21.239+0000] {logging_mixin.py:188} INFO - [2026-01-28T00:54:21.239+0000] {dagbag.py:540} INFO - Filling up the DagBag from /home/airflow/.local/lib/python3.12/site-packages/airflow/example_dags/tutorial_dag.py
[2026-01-28T00:54:21.244+0000] {processor.py:840} INFO - DAG(s) 'tutorial_dag' retrieved from /home/airflow/.local/lib/python3.12/site-packages/airflow/example_dags/tutorial_dag.py
[2026-01-28T00:54:21.267+0000] {logging_mixin.py:188} INFO - [2026-01-28T00:54:21.266+0000] {dag.py:3096} INFO - Sync 1 DAGs
[2026-01-28T00:54:21.279+0000] {logging_mixin.py:188} INFO - [2026-01-28T00:54:21.279+0000] {dag.py:3954} INFO - Setting next_dagrun for tutorial_dag to None, run_after=None
[2026-01-28T00:54:21.301+0000] {processor.py:183} INFO - Processing /home/airflow/.local/lib/python3.12/site-packages/airflow/example_dags/tutorial_dag.py took 0.071 seconds
[2026-01-28T00:54:52.061+0000] {processor.py:161} INFO - Started process (PID=8104) to work on /home/airflow/.local/lib/python3.12/site-packages/airflow/example_dags/tutorial_dag.py
[2026-01-28T00:54:52.062+0000] {processor.py:830} INFO - Processing file /home/airflow/.local/lib/python3.12/site-packages/airflow/example_dags/tutorial_dag.py for tasks to queue
[2026-01-28T00:54:52.064+0000] {logging_mixin.py:188} INFO - [2026-01-28T00:54:52.064+0000] {dagbag.py:540} INFO - Filling up the DagBag from /home/airflow/.local/lib/python3.12/site-packages/airflow/example_dags/tutorial_dag.py
[2026-01-28T00:54:52.069+0000] {processor.py:840} INFO - DAG(s) 'tutorial_dag' retrieved from /home/airflow/.local/lib/python3.12/site-packages/airflow/example_dags/tutorial_dag.py
[2026-01-28T00:54:52.087+0000] {logging_mixin.py:188} INFO - [2026-01-28T00:54:52.087+0000] {dag.py:3096} INFO - Sync 1 DAGs
[2026-01-28T00:54:52.098+0000] {logging_mixin.py:188} INFO - [2026-01-28T00:54:52.097+0000] {dag.py:3954} INFO - Setting next_dagrun for tutorial_dag to None, run_after=None
[2026-01-28T00:54:52.116+0000] {processor.py:183} INFO - Processing /home/airflow/.local/lib/python3.12/site-packages/airflow/example_dags/tutorial_dag.py took 0.060 seconds
[2026-01-28T00:55:22.909+0000] {processor.py:161} INFO - Started process (PID=8156) to work on /home/airflow/.local/lib/python3.12/site-packages/airflow/example_dags/tutorial_dag.py
[2026-01-28T00:55:22.910+0000] {processor.py:830} INFO - Processing file /home/airflow/.local/lib/python3.12/site-packages/airflow/example_dags/tutorial_dag.py for tasks to queue
[2026-01-28T00:55:22.913+0000] {logging_mixin.py:188} INFO - [2026-01-28T00:55:22.913+0000] {dagbag.py:540} INFO - Filling up the DagBag from /home/airflow/.local/lib/python3.12/site-packages/airflow/example_dags/tutorial_dag.py
[2026-01-28T00:55:22.918+0000] {processor.py:840} INFO - DAG(s) 'tutorial_dag' retrieved from /home/airflow/.local/lib/python3.12/site-packages/airflow/example_dags/tutorial_dag.py
[2026-01-28T00:55:22.938+0000] {logging_mixin.py:188} INFO - [2026-01-28T00:55:22.938+0000] {dag.py:3096} INFO - Sync 1 DAGs
[2026-01-28T00:55:22.952+0000] {logging_mixin.py:188} INFO - [2026-01-28T00:55:22.952+0000] {dag.py:3954} INFO - Setting next_dagrun for tutorial_dag to None, run_after=None
[2026-01-28T00:55:22.972+0000] {processor.py:183} INFO - Processing /home/airflow/.local/lib/python3.12/site-packages/airflow/example_dags/tutorial_dag.py took 0.069 seconds
[2026-01-28T00:55:53.515+0000] {processor.py:161} INFO - Started process (PID=8208) to work on /home/airflow/.local/lib/python3.12/site-packages/airflow/example_dags/tutorial_dag.py
[2026-01-28T00:55:53.516+0000] {processor.py:830} INFO - Processing file /home/airflow/.local/lib/python3.12/site-packages/airflow/example_dags/tutorial_dag.py for tasks to queue
[2026-01-28T00:55:53.518+0000] {logging_mixin.py:188} INFO - [2026-01-28T00:55:53.518+0000] {dagbag.py:540} INFO - Filling up the DagBag from /home/airflow/.local/lib/python3.12/site-packages/airflow/example_dags/tutorial_dag.py
[2026-01-28T00:55:53.523+0000] {processor.py:840} INFO - DAG(s) 'tutorial_dag' retrieved from /home/airflow/.local/lib/python3.12/site-packages/airflow/example_dags/tutorial_dag.py
[2026-01-28T00:55:53.541+0000] {logging_mixin.py:188} INFO - [2026-01-28T00:55:53.541+0000] {dag.py:3096} INFO - Sync 1 DAGs
[2026-01-28T00:55:53.551+0000] {logging_mixin.py:188} INFO - [2026-01-28T00:55:53.551+0000] {dag.py:3954} INFO - Setting next_dagrun for tutorial_dag to None, run_after=None
[2026-01-28T00:55:53.571+0000] {processor.py:183} INFO - Processing /home/airflow/.local/lib/python3.12/site-packages/airflow/example_dags/tutorial_dag.py took 0.062 seconds
[2026-01-28T00:56:24.416+0000] {processor.py:161} INFO - Started process (PID=8260) to work on /home/airflow/.local/lib/python3.12/site-packages/airflow/example_dags/tutorial_dag.py
[2026-01-28T00:56:24.417+0000] {processor.py:830} INFO - Processing file /home/airflow/.local/lib/python3.12/site-packages/airflow/example_dags/tutorial_dag.py for tasks to queue
[2026-01-28T00:56:24.419+0000] {logging_mixin.py:188} INFO - [2026-01-28T00:56:24.419+0000] {dagbag.py:540} INFO - Filling up the DagBag from /home/airflow/.local/lib/python3.12/site-packages/airflow/example_dags/tutorial_dag.py
[2026-01-28T00:56:24.424+0000] {processor.py:840} INFO - DAG(s) 'tutorial_dag' retrieved from /home/airflow/.local/lib/python3.12/site-packages/airflow/example_dags/tutorial_dag.py
[2026-01-28T00:56:24.445+0000] {logging_mixin.py:188} INFO - [2026-01-28T00:56:24.445+0000] {dag.py:3096} INFO - Sync 1 DAGs
[2026-01-28T00:56:24.457+0000] {logging_mixin.py:188} INFO - [2026-01-28T00:56:24.457+0000] {dag.py:3954} INFO - Setting next_dagrun for tutorial_dag to None, run_after=None
[2026-01-28T00:56:24.477+0000] {processor.py:183} INFO - Processing /home/airflow/.local/lib/python3.12/site-packages/airflow/example_dags/tutorial_dag.py took 0.068 seconds
[2026-01-28T00:56:55.236+0000] {processor.py:161} INFO - Started process (PID=8312) to work on /home/airflow/.local/lib/python3.12/site-packages/airflow/example_dags/tutorial_dag.py
[2026-01-28T00:56:55.236+0000] {processor.py:830} INFO - Processing file /home/airflow/.local/lib/python3.12/site-packages/airflow/example_dags/tutorial_dag.py for tasks to queue
[2026-01-28T00:56:55.238+0000] {logging_mixin.py:188} INFO - [2026-01-28T00:56:55.238+0000] {dagbag.py:540} INFO - Filling up the DagBag from /home/airflow/.local/lib/python3.12/site-packages/airflow/example_dags/tutorial_dag.py
[2026-01-28T00:56:55.243+0000] {processor.py:840} INFO - DAG(s) 'tutorial_dag' retrieved from /home/airflow/.local/lib/python3.12/site-packages/airflow/example_dags/tutorial_dag.py
[2026-01-28T00:56:55.263+0000] {logging_mixin.py:188} INFO - [2026-01-28T00:56:55.262+0000] {dag.py:3096} INFO - Sync 1 DAGs
[2026-01-28T00:56:55.273+0000] {logging_mixin.py:188} INFO - [2026-01-28T00:56:55.273+0000] {dag.py:3954} INFO - Setting next_dagrun for tutorial_dag to None, run_after=None
[2026-01-28T00:56:55.291+0000] {processor.py:183} INFO - Processing /home/airflow/.local/lib/python3.12/site-packages/airflow/example_dags/tutorial_dag.py took 0.061 seconds
[2026-01-28T00:57:25.865+0000] {processor.py:161} INFO - Started process (PID=8364) to work on /home/airflow/.local/lib/python3.12/site-packages/airflow/example_dags/tutorial_dag.py
[2026-01-28T00:57:25.866+0000] {processor.py:830} INFO - Processing file /home/airflow/.local/lib/python3.12/site-packages/airflow/example_dags/tutorial_dag.py for tasks to queue
[2026-01-28T00:57:25.869+0000] {logging_mixin.py:188} INFO - [2026-01-28T00:57:25.869+0000] {dagbag.py:540} INFO - Filling up the DagBag from /home/airflow/.local/lib/python3.12/site-packages/airflow/example_dags/tutorial_dag.py
[2026-01-28T00:57:25.874+0000] {processor.py:840} INFO - DAG(s) 'tutorial_dag' retrieved from /home/airflow/.local/lib/python3.12/site-packages/airflow/example_dags/tutorial_dag.py
[2026-01-28T00:57:25.894+0000] {logging_mixin.py:188} INFO - [2026-01-28T00:57:25.894+0000] {dag.py:3096} INFO - Sync 1 DAGs
[2026-01-28T00:57:25.911+0000] {logging_mixin.py:188} INFO - [2026-01-28T00:57:25.911+0000] {dag.py:3954} INFO - Setting next_dagrun for tutorial_dag to None, run_after=None
[2026-01-28T00:57:25.932+0000] {processor.py:183} INFO - Processing /home/airflow/.local/lib/python3.12/site-packages/airflow/example_dags/tutorial_dag.py took 0.072 seconds
[2026-01-28T00:57:56.581+0000] {processor.py:161} INFO - Started process (PID=8416) to work on /home/airflow/.local/lib/python3.12/site-packages/airflow/example_dags/tutorial_dag.py
[2026-01-28T00:57:56.582+0000] {processor.py:830} INFO - Processing file /home/airflow/.local/lib/python3.12/site-packages/airflow/example_dags/tutorial_dag.py for tasks to queue
[2026-01-28T00:57:56.584+0000] {logging_mixin.py:188} INFO - [2026-01-28T00:57:56.584+0000] {dagbag.py:540} INFO - Filling up the DagBag from /home/airflow/.local/lib/python3.12/site-packages/airflow/example_dags/tutorial_dag.py
[2026-01-28T00:57:56.589+0000] {processor.py:840} INFO - DAG(s) 'tutorial_dag' retrieved from /home/airflow/.local/lib/python3.12/site-packages/airflow/example_dags/tutorial_dag.py
[2026-01-28T00:57:56.608+0000] {logging_mixin.py:188} INFO - [2026-01-28T00:57:56.608+0000] {dag.py:3096} INFO - Sync 1 DAGs
[2026-01-28T00:57:56.618+0000] {logging_mixin.py:188} INFO - [2026-01-28T00:57:56.618+0000] {dag.py:3954} INFO - Setting next_dagrun for tutorial_dag to None, run_after=None
[2026-01-28T00:57:56.637+0000] {processor.py:183} INFO - Processing /home/airflow/.local/lib/python3.12/site-packages/airflow/example_dags/tutorial_dag.py took 0.062 seconds
[2026-01-28T00:58:27.386+0000] {processor.py:161} INFO - Started process (PID=8468) to work on /home/airflow/.local/lib/python3.12/site-packages/airflow/example_dags/tutorial_dag.py
[2026-01-28T00:58:27.387+0000] {processor.py:830} INFO - Processing file /home/airflow/.local/lib/python3.12/site-packages/airflow/example_dags/tutorial_dag.py for tasks to queue
[2026-01-28T00:58:27.389+0000] {logging_mixin.py:188} INFO - [2026-01-28T00:58:27.389+0000] {dagbag.py:540} INFO - Filling up the DagBag from /home/airflow/.local/lib/python3.12/site-packages/airflow/example_dags/tutorial_dag.py
[2026-01-28T00:58:27.394+0000] {processor.py:840} INFO - DAG(s) 'tutorial_dag' retrieved from /home/airflow/.local/lib/python3.12/site-packages/airflow/example_dags/tutorial_dag.py
[2026-01-28T00:58:27.416+0000] {logging_mixin.py:188} INFO - [2026-01-28T00:58:27.415+0000] {dag.py:3096} INFO - Sync 1 DAGs
[2026-01-28T00:58:27.428+0000] {logging_mixin.py:188} INFO - [2026-01-28T00:58:27.428+0000] {dag.py:3954} INFO - Setting next_dagrun for tutorial_dag to None, run_after=None
[2026-01-28T00:58:27.449+0000] {processor.py:183} INFO - Processing /home/airflow/.local/lib/python3.12/site-packages/airflow/example_dags/tutorial_dag.py took 0.070 seconds
[2026-01-28T00:58:57.974+0000] {processor.py:161} INFO - Started process (PID=8520) to work on /home/airflow/.local/lib/python3.12/site-packages/airflow/example_dags/tutorial_dag.py
[2026-01-28T00:58:57.975+0000] {processor.py:830} INFO - Processing file /home/airflow/.local/lib/python3.12/site-packages/airflow/example_dags/tutorial_dag.py for tasks to queue
[2026-01-28T00:58:57.978+0000] {logging_mixin.py:188} INFO - [2026-01-28T00:58:57.977+0000] {dagbag.py:540} INFO - Filling up the DagBag from /home/airflow/.local/lib/python3.12/site-packages/airflow/example_dags/tutorial_dag.py
[2026-01-28T00:58:57.982+0000] {processor.py:840} INFO - DAG(s) 'tutorial_dag' retrieved from /home/airflow/.local/lib/python3.12/site-packages/airflow/example_dags/tutorial_dag.py
[2026-01-28T00:58:58.001+0000] {logging_mixin.py:188} INFO - [2026-01-28T00:58:58.000+0000] {dag.py:3096} INFO - Sync 1 DAGs
[2026-01-28T00:58:58.011+0000] {logging_mixin.py:188} INFO - [2026-01-28T00:58:58.011+0000] {dag.py:3954} INFO - Setting next_dagrun for tutorial_dag to None, run_after=None
[2026-01-28T00:58:58.030+0000] {processor.py:183} INFO - Processing /home/airflow/.local/lib/python3.12/site-packages/airflow/example_dags/tutorial_dag.py took 0.061 seconds
[2026-01-28T00:59:28.715+0000] {processor.py:161} INFO - Started process (PID=8572) to work on /home/airflow/.local/lib/python3.12/site-packages/airflow/example_dags/tutorial_dag.py
[2026-01-28T00:59:28.716+0000] {processor.py:830} INFO - Processing file /home/airflow/.local/lib/python3.12/site-packages/airflow/example_dags/tutorial_dag.py for tasks to queue
[2026-01-28T00:59:28.719+0000] {logging_mixin.py:188} INFO - [2026-01-28T00:59:28.718+0000] {dagbag.py:540} INFO - Filling up the DagBag from /home/airflow/.local/lib/python3.12/site-packages/airflow/example_dags/tutorial_dag.py
[2026-01-28T00:59:28.723+0000] {processor.py:840} INFO - DAG(s) 'tutorial_dag' retrieved from /home/airflow/.local/lib/python3.12/site-packages/airflow/example_dags/tutorial_dag.py
[2026-01-28T00:59:28.741+0000] {logging_mixin.py:188} INFO - [2026-01-28T00:59:28.741+0000] {dag.py:3096} INFO - Sync 1 DAGs
[2026-01-28T00:59:28.752+0000] {logging_mixin.py:188} INFO - [2026-01-28T00:59:28.752+0000] {dag.py:3954} INFO - Setting next_dagrun for tutorial_dag to None, run_after=None
[2026-01-28T00:59:28.769+0000] {processor.py:183} INFO - Processing /home/airflow/.local/lib/python3.12/site-packages/airflow/example_dags/tutorial_dag.py took 0.060 seconds
[2026-01-28T00:59:59.460+0000] {processor.py:161} INFO - Started process (PID=8624) to work on /home/airflow/.local/lib/python3.12/site-packages/airflow/example_dags/tutorial_dag.py
[2026-01-28T00:59:59.461+0000] {processor.py:830} INFO - Processing file /home/airflow/.local/lib/python3.12/site-packages/airflow/example_dags/tutorial_dag.py for tasks to queue
[2026-01-28T00:59:59.463+0000] {logging_mixin.py:188} INFO - [2026-01-28T00:59:59.462+0000] {dagbag.py:540} INFO - Filling up the DagBag from /home/airflow/.local/lib/python3.12/site-packages/airflow/example_dags/tutorial_dag.py
[2026-01-28T00:59:59.468+0000] {processor.py:840} INFO - DAG(s) 'tutorial_dag' retrieved from /home/airflow/.local/lib/python3.12/site-packages/airflow/example_dags/tutorial_dag.py
[2026-01-28T00:59:59.487+0000] {logging_mixin.py:188} INFO - [2026-01-28T00:59:59.487+0000] {dag.py:3096} INFO - Sync 1 DAGs
[2026-01-28T00:59:59.498+0000] {logging_mixin.py:188} INFO - [2026-01-28T00:59:59.498+0000] {dag.py:3954} INFO - Setting next_dagrun for tutorial_dag to None, run_after=None
[2026-01-28T00:59:59.516+0000] {processor.py:183} INFO - Processing /home/airflow/.local/lib/python3.12/site-packages/airflow/example_dags/tutorial_dag.py took 0.062 seconds
[2026-01-28T01:00:30.315+0000] {processor.py:161} INFO - Started process (PID=8676) to work on /home/airflow/.local/lib/python3.12/site-packages/airflow/example_dags/tutorial_dag.py
[2026-01-28T01:00:30.316+0000] {processor.py:830} INFO - Processing file /home/airflow/.local/lib/python3.12/site-packages/airflow/example_dags/tutorial_dag.py for tasks to queue
[2026-01-28T01:00:30.317+0000] {logging_mixin.py:188} INFO - [2026-01-28T01:00:30.317+0000] {dagbag.py:540} INFO - Filling up the DagBag from /home/airflow/.local/lib/python3.12/site-packages/airflow/example_dags/tutorial_dag.py
[2026-01-28T01:00:30.322+0000] {processor.py:840} INFO - DAG(s) 'tutorial_dag' retrieved from /home/airflow/.local/lib/python3.12/site-packages/airflow/example_dags/tutorial_dag.py
[2026-01-28T01:00:30.341+0000] {logging_mixin.py:188} INFO - [2026-01-28T01:00:30.341+0000] {dag.py:3096} INFO - Sync 1 DAGs
[2026-01-28T01:00:30.352+0000] {logging_mixin.py:188} INFO - [2026-01-28T01:00:30.351+0000] {dag.py:3954} INFO - Setting next_dagrun for tutorial_dag to None, run_after=None
[2026-01-28T01:00:30.370+0000] {processor.py:183} INFO - Processing /home/airflow/.local/lib/python3.12/site-packages/airflow/example_dags/tutorial_dag.py took 0.061 seconds
[2026-01-28T01:01:01.033+0000] {processor.py:161} INFO - Started process (PID=8728) to work on /home/airflow/.local/lib/python3.12/site-packages/airflow/example_dags/tutorial_dag.py
[2026-01-28T01:01:01.034+0000] {processor.py:830} INFO - Processing file /home/airflow/.local/lib/python3.12/site-packages/airflow/example_dags/tutorial_dag.py for tasks to queue
[2026-01-28T01:01:01.036+0000] {logging_mixin.py:188} INFO - [2026-01-28T01:01:01.035+0000] {dagbag.py:540} INFO - Filling up the DagBag from /home/airflow/.local/lib/python3.12/site-packages/airflow/example_dags/tutorial_dag.py
[2026-01-28T01:01:01.040+0000] {processor.py:840} INFO - DAG(s) 'tutorial_dag' retrieved from /home/airflow/.local/lib/python3.12/site-packages/airflow/example_dags/tutorial_dag.py
[2026-01-28T01:01:01.058+0000] {logging_mixin.py:188} INFO - [2026-01-28T01:01:01.058+0000] {dag.py:3096} INFO - Sync 1 DAGs
[2026-01-28T01:01:01.069+0000] {logging_mixin.py:188} INFO - [2026-01-28T01:01:01.069+0000] {dag.py:3954} INFO - Setting next_dagrun for tutorial_dag to None, run_after=None
[2026-01-28T01:01:01.088+0000] {processor.py:183} INFO - Processing /home/airflow/.local/lib/python3.12/site-packages/airflow/example_dags/tutorial_dag.py took 0.061 seconds
[2026-01-28T01:01:31.661+0000] {processor.py:161} INFO - Started process (PID=8780) to work on /home/airflow/.local/lib/python3.12/site-packages/airflow/example_dags/tutorial_dag.py
[2026-01-28T01:01:31.662+0000] {processor.py:830} INFO - Processing file /home/airflow/.local/lib/python3.12/site-packages/airflow/example_dags/tutorial_dag.py for tasks to queue
[2026-01-28T01:01:31.664+0000] {logging_mixin.py:188} INFO - [2026-01-28T01:01:31.664+0000] {dagbag.py:540} INFO - Filling up the DagBag from /home/airflow/.local/lib/python3.12/site-packages/airflow/example_dags/tutorial_dag.py
[2026-01-28T01:01:31.669+0000] {processor.py:840} INFO - DAG(s) 'tutorial_dag' retrieved from /home/airflow/.local/lib/python3.12/site-packages/airflow/example_dags/tutorial_dag.py
[2026-01-28T01:01:31.687+0000] {logging_mixin.py:188} INFO - [2026-01-28T01:01:31.687+0000] {dag.py:3096} INFO - Sync 1 DAGs
[2026-01-28T01:01:31.698+0000] {logging_mixin.py:188} INFO - [2026-01-28T01:01:31.697+0000] {dag.py:3954} INFO - Setting next_dagrun for tutorial_dag to None, run_after=None
[2026-01-28T01:01:31.716+0000] {processor.py:183} INFO - Processing /home/airflow/.local/lib/python3.12/site-packages/airflow/example_dags/tutorial_dag.py took 0.060 seconds
[2026-01-28T01:02:02.303+0000] {processor.py:161} INFO - Started process (PID=8832) to work on /home/airflow/.local/lib/python3.12/site-packages/airflow/example_dags/tutorial_dag.py
[2026-01-28T01:02:02.304+0000] {processor.py:830} INFO - Processing file /home/airflow/.local/lib/python3.12/site-packages/airflow/example_dags/tutorial_dag.py for tasks to queue
[2026-01-28T01:02:02.307+0000] {logging_mixin.py:188} INFO - [2026-01-28T01:02:02.306+0000] {dagbag.py:540} INFO - Filling up the DagBag from /home/airflow/.local/lib/python3.12/site-packages/airflow/example_dags/tutorial_dag.py
[2026-01-28T01:02:02.313+0000] {processor.py:840} INFO - DAG(s) 'tutorial_dag' retrieved from /home/airflow/.local/lib/python3.12/site-packages/airflow/example_dags/tutorial_dag.py
[2026-01-28T01:02:02.333+0000] {logging_mixin.py:188} INFO - [2026-01-28T01:02:02.332+0000] {dag.py:3096} INFO - Sync 1 DAGs
[2026-01-28T01:02:02.343+0000] {logging_mixin.py:188} INFO - [2026-01-28T01:02:02.343+0000] {dag.py:3954} INFO - Setting next_dagrun for tutorial_dag to None, run_after=None
[2026-01-28T01:02:02.361+0000] {processor.py:183} INFO - Processing /home/airflow/.local/lib/python3.12/site-packages/airflow/example_dags/tutorial_dag.py took 0.063 seconds
[2026-01-28T01:02:32.876+0000] {processor.py:161} INFO - Started process (PID=8884) to work on /home/airflow/.local/lib/python3.12/site-packages/airflow/example_dags/tutorial_dag.py
[2026-01-28T01:02:32.877+0000] {processor.py:830} INFO - Processing file /home/airflow/.local/lib/python3.12/site-packages/airflow/example_dags/tutorial_dag.py for tasks to queue
[2026-01-28T01:02:32.879+0000] {logging_mixin.py:188} INFO - [2026-01-28T01:02:32.879+0000] {dagbag.py:540} INFO - Filling up the DagBag from /home/airflow/.local/lib/python3.12/site-packages/airflow/example_dags/tutorial_dag.py
[2026-01-28T01:02:32.884+0000] {processor.py:840} INFO - DAG(s) 'tutorial_dag' retrieved from /home/airflow/.local/lib/python3.12/site-packages/airflow/example_dags/tutorial_dag.py
[2026-01-28T01:02:32.903+0000] {logging_mixin.py:188} INFO - [2026-01-28T01:02:32.903+0000] {dag.py:3096} INFO - Sync 1 DAGs
[2026-01-28T01:02:32.913+0000] {logging_mixin.py:188} INFO - [2026-01-28T01:02:32.913+0000] {dag.py:3954} INFO - Setting next_dagrun for tutorial_dag to None, run_after=None
[2026-01-28T01:02:32.931+0000] {processor.py:183} INFO - Processing /home/airflow/.local/lib/python3.12/site-packages/airflow/example_dags/tutorial_dag.py took 0.060 seconds
[2026-01-28T01:03:03.479+0000] {processor.py:161} INFO - Started process (PID=8936) to work on /home/airflow/.local/lib/python3.12/site-packages/airflow/example_dags/tutorial_dag.py
[2026-01-28T01:03:03.480+0000] {processor.py:830} INFO - Processing file /home/airflow/.local/lib/python3.12/site-packages/airflow/example_dags/tutorial_dag.py for tasks to queue
[2026-01-28T01:03:03.482+0000] {logging_mixin.py:188} INFO - [2026-01-28T01:03:03.481+0000] {dagbag.py:540} INFO - Filling up the DagBag from /home/airflow/.local/lib/python3.12/site-packages/airflow/example_dags/tutorial_dag.py
[2026-01-28T01:03:03.486+0000] {processor.py:840} INFO - DAG(s) 'tutorial_dag' retrieved from /home/airflow/.local/lib/python3.12/site-packages/airflow/example_dags/tutorial_dag.py
[2026-01-28T01:03:03.506+0000] {logging_mixin.py:188} INFO - [2026-01-28T01:03:03.505+0000] {dag.py:3096} INFO - Sync 1 DAGs
[2026-01-28T01:03:03.516+0000] {logging_mixin.py:188} INFO - [2026-01-28T01:03:03.516+0000] {dag.py:3954} INFO - Setting next_dagrun for tutorial_dag to None, run_after=None
[2026-01-28T01:03:03.534+0000] {processor.py:183} INFO - Processing /home/airflow/.local/lib/python3.12/site-packages/airflow/example_dags/tutorial_dag.py took 0.061 seconds
