[2026-02-10T01:19:03.075+0000] {processor.py:161} INFO - Started process (PID=38) to work on /home/airflow/.local/lib/python3.12/site-packages/airflow/example_dags/example_setup_teardown.py
[2026-02-10T01:19:03.077+0000] {processor.py:830} INFO - Processing file /home/airflow/.local/lib/python3.12/site-packages/airflow/example_dags/example_setup_teardown.py for tasks to queue
[2026-02-10T01:19:03.079+0000] {logging_mixin.py:188} INFO - [2026-02-10T01:19:03.079+0000] {dagbag.py:540} INFO - Filling up the DagBag from /home/airflow/.local/lib/python3.12/site-packages/airflow/example_dags/example_setup_teardown.py
[2026-02-10T01:19:03.104+0000] {processor.py:840} INFO - DAG(s) 'example_setup_teardown' retrieved from /home/airflow/.local/lib/python3.12/site-packages/airflow/example_dags/example_setup_teardown.py
[2026-02-10T01:19:03.153+0000] {logging_mixin.py:188} INFO - [2026-02-10T01:19:03.153+0000] {dag.py:3096} INFO - Sync 1 DAGs
[2026-02-10T01:19:03.193+0000] {logging_mixin.py:188} INFO - [2026-02-10T01:19:03.192+0000] {dag.py:3954} INFO - Setting next_dagrun for example_setup_teardown to 2026-02-09 00:00:00+00:00, run_after=2026-02-10 00:00:00+00:00
[2026-02-10T01:19:03.226+0000] {processor.py:183} INFO - Processing /home/airflow/.local/lib/python3.12/site-packages/airflow/example_dags/example_setup_teardown.py took 0.159 seconds
[2026-02-10T01:19:34.002+0000] {processor.py:161} INFO - Started process (PID=92) to work on /home/airflow/.local/lib/python3.12/site-packages/airflow/example_dags/example_setup_teardown.py
[2026-02-10T01:19:34.003+0000] {processor.py:830} INFO - Processing file /home/airflow/.local/lib/python3.12/site-packages/airflow/example_dags/example_setup_teardown.py for tasks to queue
[2026-02-10T01:19:34.005+0000] {logging_mixin.py:188} INFO - [2026-02-10T01:19:34.005+0000] {dagbag.py:540} INFO - Filling up the DagBag from /home/airflow/.local/lib/python3.12/site-packages/airflow/example_dags/example_setup_teardown.py
[2026-02-10T01:19:34.011+0000] {processor.py:840} INFO - DAG(s) 'example_setup_teardown' retrieved from /home/airflow/.local/lib/python3.12/site-packages/airflow/example_dags/example_setup_teardown.py
[2026-02-10T01:19:34.030+0000] {logging_mixin.py:188} INFO - [2026-02-10T01:19:34.030+0000] {dag.py:3096} INFO - Sync 1 DAGs
[2026-02-10T01:19:34.049+0000] {logging_mixin.py:188} INFO - [2026-02-10T01:19:34.049+0000] {dag.py:3954} INFO - Setting next_dagrun for example_setup_teardown to 2026-02-09 00:00:00+00:00, run_after=2026-02-10 00:00:00+00:00
[2026-02-10T01:19:34.072+0000] {processor.py:183} INFO - Processing /home/airflow/.local/lib/python3.12/site-packages/airflow/example_dags/example_setup_teardown.py took 0.075 seconds
[2026-02-10T01:30:05.431+0000] {processor.py:161} INFO - Started process (PID=39) to work on /home/airflow/.local/lib/python3.12/site-packages/airflow/example_dags/example_setup_teardown.py
[2026-02-10T01:30:05.433+0000] {processor.py:830} INFO - Processing file /home/airflow/.local/lib/python3.12/site-packages/airflow/example_dags/example_setup_teardown.py for tasks to queue
[2026-02-10T01:30:05.437+0000] {logging_mixin.py:188} INFO - [2026-02-10T01:30:05.436+0000] {dagbag.py:540} INFO - Filling up the DagBag from /home/airflow/.local/lib/python3.12/site-packages/airflow/example_dags/example_setup_teardown.py
[2026-02-10T01:30:05.463+0000] {processor.py:840} INFO - DAG(s) 'example_setup_teardown' retrieved from /home/airflow/.local/lib/python3.12/site-packages/airflow/example_dags/example_setup_teardown.py
[2026-02-10T01:30:05.489+0000] {logging_mixin.py:188} INFO - [2026-02-10T01:30:05.488+0000] {dag.py:3096} INFO - Sync 1 DAGs
[2026-02-10T01:30:05.546+0000] {logging_mixin.py:188} INFO - [2026-02-10T01:30:05.545+0000] {dag.py:3954} INFO - Setting next_dagrun for example_setup_teardown to 2026-02-09 00:00:00+00:00, run_after=2026-02-10 00:00:00+00:00
[2026-02-10T01:30:05.586+0000] {processor.py:183} INFO - Processing /home/airflow/.local/lib/python3.12/site-packages/airflow/example_dags/example_setup_teardown.py took 0.170 seconds
[2026-02-10T01:30:36.119+0000] {processor.py:161} INFO - Started process (PID=93) to work on /home/airflow/.local/lib/python3.12/site-packages/airflow/example_dags/example_setup_teardown.py
[2026-02-10T01:30:36.120+0000] {processor.py:830} INFO - Processing file /home/airflow/.local/lib/python3.12/site-packages/airflow/example_dags/example_setup_teardown.py for tasks to queue
[2026-02-10T01:30:36.122+0000] {logging_mixin.py:188} INFO - [2026-02-10T01:30:36.122+0000] {dagbag.py:540} INFO - Filling up the DagBag from /home/airflow/.local/lib/python3.12/site-packages/airflow/example_dags/example_setup_teardown.py
[2026-02-10T01:30:36.128+0000] {processor.py:840} INFO - DAG(s) 'example_setup_teardown' retrieved from /home/airflow/.local/lib/python3.12/site-packages/airflow/example_dags/example_setup_teardown.py
[2026-02-10T01:30:36.216+0000] {logging_mixin.py:188} INFO - [2026-02-10T01:30:36.216+0000] {dag.py:3096} INFO - Sync 1 DAGs
[2026-02-10T01:30:36.233+0000] {logging_mixin.py:188} INFO - [2026-02-10T01:30:36.232+0000] {dag.py:3954} INFO - Setting next_dagrun for example_setup_teardown to 2026-02-09 00:00:00+00:00, run_after=2026-02-10 00:00:00+00:00
[2026-02-10T01:30:36.257+0000] {processor.py:183} INFO - Processing /home/airflow/.local/lib/python3.12/site-packages/airflow/example_dags/example_setup_teardown.py took 0.143 seconds
[2026-02-10T01:31:06.402+0000] {processor.py:161} INFO - Started process (PID=147) to work on /home/airflow/.local/lib/python3.12/site-packages/airflow/example_dags/example_setup_teardown.py
[2026-02-10T01:31:06.403+0000] {processor.py:830} INFO - Processing file /home/airflow/.local/lib/python3.12/site-packages/airflow/example_dags/example_setup_teardown.py for tasks to queue
[2026-02-10T01:31:06.405+0000] {logging_mixin.py:188} INFO - [2026-02-10T01:31:06.404+0000] {dagbag.py:540} INFO - Filling up the DagBag from /home/airflow/.local/lib/python3.12/site-packages/airflow/example_dags/example_setup_teardown.py
[2026-02-10T01:31:06.411+0000] {processor.py:840} INFO - DAG(s) 'example_setup_teardown' retrieved from /home/airflow/.local/lib/python3.12/site-packages/airflow/example_dags/example_setup_teardown.py
[2026-02-10T01:31:06.429+0000] {logging_mixin.py:188} INFO - [2026-02-10T01:31:06.429+0000] {dag.py:3096} INFO - Sync 1 DAGs
[2026-02-10T01:31:06.447+0000] {logging_mixin.py:188} INFO - [2026-02-10T01:31:06.447+0000] {dag.py:3954} INFO - Setting next_dagrun for example_setup_teardown to 2026-02-09 00:00:00+00:00, run_after=2026-02-10 00:00:00+00:00
[2026-02-10T01:31:06.465+0000] {processor.py:183} INFO - Processing /home/airflow/.local/lib/python3.12/site-packages/airflow/example_dags/example_setup_teardown.py took 0.068 seconds
[2026-02-10T01:31:36.648+0000] {processor.py:161} INFO - Started process (PID=201) to work on /home/airflow/.local/lib/python3.12/site-packages/airflow/example_dags/example_setup_teardown.py
[2026-02-10T01:31:36.649+0000] {processor.py:830} INFO - Processing file /home/airflow/.local/lib/python3.12/site-packages/airflow/example_dags/example_setup_teardown.py for tasks to queue
[2026-02-10T01:31:36.652+0000] {logging_mixin.py:188} INFO - [2026-02-10T01:31:36.652+0000] {dagbag.py:540} INFO - Filling up the DagBag from /home/airflow/.local/lib/python3.12/site-packages/airflow/example_dags/example_setup_teardown.py
[2026-02-10T01:31:36.659+0000] {processor.py:840} INFO - DAG(s) 'example_setup_teardown' retrieved from /home/airflow/.local/lib/python3.12/site-packages/airflow/example_dags/example_setup_teardown.py
[2026-02-10T01:31:36.683+0000] {logging_mixin.py:188} INFO - [2026-02-10T01:31:36.682+0000] {dag.py:3096} INFO - Sync 1 DAGs
[2026-02-10T01:31:36.712+0000] {logging_mixin.py:188} INFO - [2026-02-10T01:31:36.712+0000] {dag.py:3954} INFO - Setting next_dagrun for example_setup_teardown to 2026-02-09 00:00:00+00:00, run_after=2026-02-10 00:00:00+00:00
[2026-02-10T01:31:36.733+0000] {processor.py:183} INFO - Processing /home/airflow/.local/lib/python3.12/site-packages/airflow/example_dags/example_setup_teardown.py took 0.091 seconds
[2026-02-10T01:32:07.017+0000] {processor.py:161} INFO - Started process (PID=255) to work on /home/airflow/.local/lib/python3.12/site-packages/airflow/example_dags/example_setup_teardown.py
[2026-02-10T01:32:07.018+0000] {processor.py:830} INFO - Processing file /home/airflow/.local/lib/python3.12/site-packages/airflow/example_dags/example_setup_teardown.py for tasks to queue
[2026-02-10T01:32:07.020+0000] {logging_mixin.py:188} INFO - [2026-02-10T01:32:07.020+0000] {dagbag.py:540} INFO - Filling up the DagBag from /home/airflow/.local/lib/python3.12/site-packages/airflow/example_dags/example_setup_teardown.py
[2026-02-10T01:32:07.029+0000] {processor.py:840} INFO - DAG(s) 'example_setup_teardown' retrieved from /home/airflow/.local/lib/python3.12/site-packages/airflow/example_dags/example_setup_teardown.py
[2026-02-10T01:32:07.047+0000] {logging_mixin.py:188} INFO - [2026-02-10T01:32:07.047+0000] {dag.py:3096} INFO - Sync 1 DAGs
[2026-02-10T01:32:07.067+0000] {logging_mixin.py:188} INFO - [2026-02-10T01:32:07.067+0000] {dag.py:3954} INFO - Setting next_dagrun for example_setup_teardown to 2026-02-09 00:00:00+00:00, run_after=2026-02-10 00:00:00+00:00
[2026-02-10T01:32:07.087+0000] {processor.py:183} INFO - Processing /home/airflow/.local/lib/python3.12/site-packages/airflow/example_dags/example_setup_teardown.py took 0.076 seconds
[2026-02-10T01:32:37.318+0000] {processor.py:161} INFO - Started process (PID=309) to work on /home/airflow/.local/lib/python3.12/site-packages/airflow/example_dags/example_setup_teardown.py
[2026-02-10T01:32:37.319+0000] {processor.py:830} INFO - Processing file /home/airflow/.local/lib/python3.12/site-packages/airflow/example_dags/example_setup_teardown.py for tasks to queue
[2026-02-10T01:32:37.320+0000] {logging_mixin.py:188} INFO - [2026-02-10T01:32:37.320+0000] {dagbag.py:540} INFO - Filling up the DagBag from /home/airflow/.local/lib/python3.12/site-packages/airflow/example_dags/example_setup_teardown.py
[2026-02-10T01:32:37.327+0000] {processor.py:840} INFO - DAG(s) 'example_setup_teardown' retrieved from /home/airflow/.local/lib/python3.12/site-packages/airflow/example_dags/example_setup_teardown.py
[2026-02-10T01:32:37.349+0000] {logging_mixin.py:188} INFO - [2026-02-10T01:32:37.349+0000] {dag.py:3096} INFO - Sync 1 DAGs
[2026-02-10T01:32:37.374+0000] {logging_mixin.py:188} INFO - [2026-02-10T01:32:37.373+0000] {dag.py:3954} INFO - Setting next_dagrun for example_setup_teardown to 2026-02-09 00:00:00+00:00, run_after=2026-02-10 00:00:00+00:00
[2026-02-10T01:32:37.392+0000] {processor.py:183} INFO - Processing /home/airflow/.local/lib/python3.12/site-packages/airflow/example_dags/example_setup_teardown.py took 0.080 seconds
[2026-02-10T01:33:07.659+0000] {processor.py:161} INFO - Started process (PID=363) to work on /home/airflow/.local/lib/python3.12/site-packages/airflow/example_dags/example_setup_teardown.py
[2026-02-10T01:33:07.660+0000] {processor.py:830} INFO - Processing file /home/airflow/.local/lib/python3.12/site-packages/airflow/example_dags/example_setup_teardown.py for tasks to queue
[2026-02-10T01:33:07.662+0000] {logging_mixin.py:188} INFO - [2026-02-10T01:33:07.662+0000] {dagbag.py:540} INFO - Filling up the DagBag from /home/airflow/.local/lib/python3.12/site-packages/airflow/example_dags/example_setup_teardown.py
[2026-02-10T01:33:07.668+0000] {processor.py:840} INFO - DAG(s) 'example_setup_teardown' retrieved from /home/airflow/.local/lib/python3.12/site-packages/airflow/example_dags/example_setup_teardown.py
[2026-02-10T01:33:07.687+0000] {logging_mixin.py:188} INFO - [2026-02-10T01:33:07.687+0000] {dag.py:3096} INFO - Sync 1 DAGs
[2026-02-10T01:33:07.705+0000] {logging_mixin.py:188} INFO - [2026-02-10T01:33:07.705+0000] {dag.py:3954} INFO - Setting next_dagrun for example_setup_teardown to 2026-02-09 00:00:00+00:00, run_after=2026-02-10 00:00:00+00:00
[2026-02-10T01:33:07.723+0000] {processor.py:183} INFO - Processing /home/airflow/.local/lib/python3.12/site-packages/airflow/example_dags/example_setup_teardown.py took 0.070 seconds
[2026-02-10T01:33:37.852+0000] {processor.py:161} INFO - Started process (PID=417) to work on /home/airflow/.local/lib/python3.12/site-packages/airflow/example_dags/example_setup_teardown.py
[2026-02-10T01:33:37.853+0000] {processor.py:830} INFO - Processing file /home/airflow/.local/lib/python3.12/site-packages/airflow/example_dags/example_setup_teardown.py for tasks to queue
[2026-02-10T01:33:37.855+0000] {logging_mixin.py:188} INFO - [2026-02-10T01:33:37.855+0000] {dagbag.py:540} INFO - Filling up the DagBag from /home/airflow/.local/lib/python3.12/site-packages/airflow/example_dags/example_setup_teardown.py
[2026-02-10T01:33:37.861+0000] {processor.py:840} INFO - DAG(s) 'example_setup_teardown' retrieved from /home/airflow/.local/lib/python3.12/site-packages/airflow/example_dags/example_setup_teardown.py
[2026-02-10T01:33:37.881+0000] {logging_mixin.py:188} INFO - [2026-02-10T01:33:37.881+0000] {dag.py:3096} INFO - Sync 1 DAGs
[2026-02-10T01:33:37.900+0000] {logging_mixin.py:188} INFO - [2026-02-10T01:33:37.900+0000] {dag.py:3954} INFO - Setting next_dagrun for example_setup_teardown to 2026-02-09 00:00:00+00:00, run_after=2026-02-10 00:00:00+00:00
[2026-02-10T01:33:37.918+0000] {processor.py:183} INFO - Processing /home/airflow/.local/lib/python3.12/site-packages/airflow/example_dags/example_setup_teardown.py took 0.073 seconds
[2026-02-10T01:34:08.316+0000] {processor.py:161} INFO - Started process (PID=471) to work on /home/airflow/.local/lib/python3.12/site-packages/airflow/example_dags/example_setup_teardown.py
[2026-02-10T01:34:08.318+0000] {processor.py:830} INFO - Processing file /home/airflow/.local/lib/python3.12/site-packages/airflow/example_dags/example_setup_teardown.py for tasks to queue
[2026-02-10T01:34:08.320+0000] {logging_mixin.py:188} INFO - [2026-02-10T01:34:08.320+0000] {dagbag.py:540} INFO - Filling up the DagBag from /home/airflow/.local/lib/python3.12/site-packages/airflow/example_dags/example_setup_teardown.py
[2026-02-10T01:34:08.327+0000] {processor.py:840} INFO - DAG(s) 'example_setup_teardown' retrieved from /home/airflow/.local/lib/python3.12/site-packages/airflow/example_dags/example_setup_teardown.py
[2026-02-10T01:34:08.350+0000] {logging_mixin.py:188} INFO - [2026-02-10T01:34:08.349+0000] {dag.py:3096} INFO - Sync 1 DAGs
[2026-02-10T01:34:08.372+0000] {logging_mixin.py:188} INFO - [2026-02-10T01:34:08.372+0000] {dag.py:3954} INFO - Setting next_dagrun for example_setup_teardown to 2026-02-09 00:00:00+00:00, run_after=2026-02-10 00:00:00+00:00
[2026-02-10T01:34:08.395+0000] {processor.py:183} INFO - Processing /home/airflow/.local/lib/python3.12/site-packages/airflow/example_dags/example_setup_teardown.py took 0.085 seconds
[2026-02-10T01:34:38.668+0000] {processor.py:161} INFO - Started process (PID=525) to work on /home/airflow/.local/lib/python3.12/site-packages/airflow/example_dags/example_setup_teardown.py
[2026-02-10T01:34:38.669+0000] {processor.py:830} INFO - Processing file /home/airflow/.local/lib/python3.12/site-packages/airflow/example_dags/example_setup_teardown.py for tasks to queue
[2026-02-10T01:34:38.672+0000] {logging_mixin.py:188} INFO - [2026-02-10T01:34:38.672+0000] {dagbag.py:540} INFO - Filling up the DagBag from /home/airflow/.local/lib/python3.12/site-packages/airflow/example_dags/example_setup_teardown.py
[2026-02-10T01:34:38.679+0000] {processor.py:840} INFO - DAG(s) 'example_setup_teardown' retrieved from /home/airflow/.local/lib/python3.12/site-packages/airflow/example_dags/example_setup_teardown.py
[2026-02-10T01:34:38.699+0000] {logging_mixin.py:188} INFO - [2026-02-10T01:34:38.699+0000] {dag.py:3096} INFO - Sync 1 DAGs
[2026-02-10T01:34:38.719+0000] {logging_mixin.py:188} INFO - [2026-02-10T01:34:38.719+0000] {dag.py:3954} INFO - Setting next_dagrun for example_setup_teardown to 2026-02-09 00:00:00+00:00, run_after=2026-02-10 00:00:00+00:00
[2026-02-10T01:34:38.737+0000] {processor.py:183} INFO - Processing /home/airflow/.local/lib/python3.12/site-packages/airflow/example_dags/example_setup_teardown.py took 0.075 seconds
[2026-02-10T01:35:08.849+0000] {processor.py:161} INFO - Started process (PID=579) to work on /home/airflow/.local/lib/python3.12/site-packages/airflow/example_dags/example_setup_teardown.py
[2026-02-10T01:35:08.850+0000] {processor.py:830} INFO - Processing file /home/airflow/.local/lib/python3.12/site-packages/airflow/example_dags/example_setup_teardown.py for tasks to queue
[2026-02-10T01:35:08.852+0000] {logging_mixin.py:188} INFO - [2026-02-10T01:35:08.852+0000] {dagbag.py:540} INFO - Filling up the DagBag from /home/airflow/.local/lib/python3.12/site-packages/airflow/example_dags/example_setup_teardown.py
[2026-02-10T01:35:08.859+0000] {processor.py:840} INFO - DAG(s) 'example_setup_teardown' retrieved from /home/airflow/.local/lib/python3.12/site-packages/airflow/example_dags/example_setup_teardown.py
[2026-02-10T01:35:08.878+0000] {logging_mixin.py:188} INFO - [2026-02-10T01:35:08.878+0000] {dag.py:3096} INFO - Sync 1 DAGs
[2026-02-10T01:35:08.899+0000] {logging_mixin.py:188} INFO - [2026-02-10T01:35:08.899+0000] {dag.py:3954} INFO - Setting next_dagrun for example_setup_teardown to 2026-02-09 00:00:00+00:00, run_after=2026-02-10 00:00:00+00:00
[2026-02-10T01:35:08.920+0000] {processor.py:183} INFO - Processing /home/airflow/.local/lib/python3.12/site-packages/airflow/example_dags/example_setup_teardown.py took 0.077 seconds
[2026-02-10T01:35:39.045+0000] {processor.py:161} INFO - Started process (PID=633) to work on /home/airflow/.local/lib/python3.12/site-packages/airflow/example_dags/example_setup_teardown.py
[2026-02-10T01:35:39.046+0000] {processor.py:830} INFO - Processing file /home/airflow/.local/lib/python3.12/site-packages/airflow/example_dags/example_setup_teardown.py for tasks to queue
[2026-02-10T01:35:39.048+0000] {logging_mixin.py:188} INFO - [2026-02-10T01:35:39.048+0000] {dagbag.py:540} INFO - Filling up the DagBag from /home/airflow/.local/lib/python3.12/site-packages/airflow/example_dags/example_setup_teardown.py
[2026-02-10T01:35:39.055+0000] {processor.py:840} INFO - DAG(s) 'example_setup_teardown' retrieved from /home/airflow/.local/lib/python3.12/site-packages/airflow/example_dags/example_setup_teardown.py
[2026-02-10T01:35:39.074+0000] {logging_mixin.py:188} INFO - [2026-02-10T01:35:39.073+0000] {dag.py:3096} INFO - Sync 1 DAGs
[2026-02-10T01:35:39.093+0000] {logging_mixin.py:188} INFO - [2026-02-10T01:35:39.092+0000] {dag.py:3954} INFO - Setting next_dagrun for example_setup_teardown to 2026-02-09 00:00:00+00:00, run_after=2026-02-10 00:00:00+00:00
[2026-02-10T01:35:39.111+0000] {processor.py:183} INFO - Processing /home/airflow/.local/lib/python3.12/site-packages/airflow/example_dags/example_setup_teardown.py took 0.071 seconds
[2026-02-10T01:36:09.471+0000] {processor.py:161} INFO - Started process (PID=687) to work on /home/airflow/.local/lib/python3.12/site-packages/airflow/example_dags/example_setup_teardown.py
[2026-02-10T01:36:09.472+0000] {processor.py:830} INFO - Processing file /home/airflow/.local/lib/python3.12/site-packages/airflow/example_dags/example_setup_teardown.py for tasks to queue
[2026-02-10T01:36:09.474+0000] {logging_mixin.py:188} INFO - [2026-02-10T01:36:09.474+0000] {dagbag.py:540} INFO - Filling up the DagBag from /home/airflow/.local/lib/python3.12/site-packages/airflow/example_dags/example_setup_teardown.py
[2026-02-10T01:36:09.481+0000] {processor.py:840} INFO - DAG(s) 'example_setup_teardown' retrieved from /home/airflow/.local/lib/python3.12/site-packages/airflow/example_dags/example_setup_teardown.py
[2026-02-10T01:36:09.502+0000] {logging_mixin.py:188} INFO - [2026-02-10T01:36:09.502+0000] {dag.py:3096} INFO - Sync 1 DAGs
[2026-02-10T01:36:09.521+0000] {logging_mixin.py:188} INFO - [2026-02-10T01:36:09.521+0000] {dag.py:3954} INFO - Setting next_dagrun for example_setup_teardown to 2026-02-09 00:00:00+00:00, run_after=2026-02-10 00:00:00+00:00
[2026-02-10T01:36:09.542+0000] {processor.py:183} INFO - Processing /home/airflow/.local/lib/python3.12/site-packages/airflow/example_dags/example_setup_teardown.py took 0.078 seconds
[2026-02-10T01:36:39.905+0000] {processor.py:161} INFO - Started process (PID=741) to work on /home/airflow/.local/lib/python3.12/site-packages/airflow/example_dags/example_setup_teardown.py
[2026-02-10T01:36:39.907+0000] {processor.py:830} INFO - Processing file /home/airflow/.local/lib/python3.12/site-packages/airflow/example_dags/example_setup_teardown.py for tasks to queue
[2026-02-10T01:36:39.909+0000] {logging_mixin.py:188} INFO - [2026-02-10T01:36:39.909+0000] {dagbag.py:540} INFO - Filling up the DagBag from /home/airflow/.local/lib/python3.12/site-packages/airflow/example_dags/example_setup_teardown.py
[2026-02-10T01:36:39.916+0000] {processor.py:840} INFO - DAG(s) 'example_setup_teardown' retrieved from /home/airflow/.local/lib/python3.12/site-packages/airflow/example_dags/example_setup_teardown.py
[2026-02-10T01:36:39.936+0000] {logging_mixin.py:188} INFO - [2026-02-10T01:36:39.936+0000] {dag.py:3096} INFO - Sync 1 DAGs
[2026-02-10T01:36:39.959+0000] {logging_mixin.py:188} INFO - [2026-02-10T01:36:39.959+0000] {dag.py:3954} INFO - Setting next_dagrun for example_setup_teardown to 2026-02-09 00:00:00+00:00, run_after=2026-02-10 00:00:00+00:00
[2026-02-10T01:36:39.983+0000] {processor.py:183} INFO - Processing /home/airflow/.local/lib/python3.12/site-packages/airflow/example_dags/example_setup_teardown.py took 0.083 seconds
[2026-02-10T01:39:33.717+0000] {processor.py:161} INFO - Started process (PID=38) to work on /home/airflow/.local/lib/python3.12/site-packages/airflow/example_dags/example_setup_teardown.py
[2026-02-10T01:39:33.721+0000] {processor.py:830} INFO - Processing file /home/airflow/.local/lib/python3.12/site-packages/airflow/example_dags/example_setup_teardown.py for tasks to queue
[2026-02-10T01:39:33.726+0000] {logging_mixin.py:188} INFO - [2026-02-10T01:39:33.725+0000] {dagbag.py:540} INFO - Filling up the DagBag from /home/airflow/.local/lib/python3.12/site-packages/airflow/example_dags/example_setup_teardown.py
[2026-02-10T01:39:33.764+0000] {processor.py:840} INFO - DAG(s) 'example_setup_teardown' retrieved from /home/airflow/.local/lib/python3.12/site-packages/airflow/example_dags/example_setup_teardown.py
[2026-02-10T01:39:33.811+0000] {logging_mixin.py:188} INFO - [2026-02-10T01:39:33.811+0000] {dag.py:3096} INFO - Sync 1 DAGs
[2026-02-10T01:39:33.915+0000] {logging_mixin.py:188} INFO - [2026-02-10T01:39:33.914+0000] {dag.py:3954} INFO - Setting next_dagrun for example_setup_teardown to 2026-02-09 00:00:00+00:00, run_after=2026-02-10 00:00:00+00:00
[2026-02-10T01:39:34.006+0000] {processor.py:183} INFO - Processing /home/airflow/.local/lib/python3.12/site-packages/airflow/example_dags/example_setup_teardown.py took 0.322 seconds
[2026-02-10T01:40:04.091+0000] {processor.py:161} INFO - Started process (PID=92) to work on /home/airflow/.local/lib/python3.12/site-packages/airflow/example_dags/example_setup_teardown.py
[2026-02-10T01:40:04.092+0000] {processor.py:830} INFO - Processing file /home/airflow/.local/lib/python3.12/site-packages/airflow/example_dags/example_setup_teardown.py for tasks to queue
[2026-02-10T01:40:04.094+0000] {logging_mixin.py:188} INFO - [2026-02-10T01:40:04.094+0000] {dagbag.py:540} INFO - Filling up the DagBag from /home/airflow/.local/lib/python3.12/site-packages/airflow/example_dags/example_setup_teardown.py
[2026-02-10T01:40:04.102+0000] {processor.py:840} INFO - DAG(s) 'example_setup_teardown' retrieved from /home/airflow/.local/lib/python3.12/site-packages/airflow/example_dags/example_setup_teardown.py
[2026-02-10T01:40:04.227+0000] {logging_mixin.py:188} INFO - [2026-02-10T01:40:04.227+0000] {dag.py:3096} INFO - Sync 1 DAGs
[2026-02-10T01:40:04.248+0000] {logging_mixin.py:188} INFO - [2026-02-10T01:40:04.248+0000] {dag.py:3954} INFO - Setting next_dagrun for example_setup_teardown to 2026-02-09 00:00:00+00:00, run_after=2026-02-10 00:00:00+00:00
[2026-02-10T01:40:04.272+0000] {processor.py:183} INFO - Processing /home/airflow/.local/lib/python3.12/site-packages/airflow/example_dags/example_setup_teardown.py took 0.188 seconds
[2026-02-10T01:40:35.149+0000] {processor.py:161} INFO - Started process (PID=146) to work on /home/airflow/.local/lib/python3.12/site-packages/airflow/example_dags/example_setup_teardown.py
[2026-02-10T01:40:35.150+0000] {processor.py:830} INFO - Processing file /home/airflow/.local/lib/python3.12/site-packages/airflow/example_dags/example_setup_teardown.py for tasks to queue
[2026-02-10T01:40:35.152+0000] {logging_mixin.py:188} INFO - [2026-02-10T01:40:35.152+0000] {dagbag.py:540} INFO - Filling up the DagBag from /home/airflow/.local/lib/python3.12/site-packages/airflow/example_dags/example_setup_teardown.py
[2026-02-10T01:40:35.159+0000] {processor.py:840} INFO - DAG(s) 'example_setup_teardown' retrieved from /home/airflow/.local/lib/python3.12/site-packages/airflow/example_dags/example_setup_teardown.py
[2026-02-10T01:40:35.186+0000] {logging_mixin.py:188} INFO - [2026-02-10T01:40:35.186+0000] {dag.py:3096} INFO - Sync 1 DAGs
[2026-02-10T01:40:35.216+0000] {logging_mixin.py:188} INFO - [2026-02-10T01:40:35.216+0000] {dag.py:3954} INFO - Setting next_dagrun for example_setup_teardown to 2026-02-09 00:00:00+00:00, run_after=2026-02-10 00:00:00+00:00
[2026-02-10T01:40:35.241+0000] {processor.py:183} INFO - Processing /home/airflow/.local/lib/python3.12/site-packages/airflow/example_dags/example_setup_teardown.py took 0.099 seconds
[2026-02-10T01:41:05.709+0000] {processor.py:161} INFO - Started process (PID=200) to work on /home/airflow/.local/lib/python3.12/site-packages/airflow/example_dags/example_setup_teardown.py
[2026-02-10T01:41:05.710+0000] {processor.py:830} INFO - Processing file /home/airflow/.local/lib/python3.12/site-packages/airflow/example_dags/example_setup_teardown.py for tasks to queue
[2026-02-10T01:41:05.713+0000] {logging_mixin.py:188} INFO - [2026-02-10T01:41:05.713+0000] {dagbag.py:540} INFO - Filling up the DagBag from /home/airflow/.local/lib/python3.12/site-packages/airflow/example_dags/example_setup_teardown.py
[2026-02-10T01:41:05.721+0000] {processor.py:840} INFO - DAG(s) 'example_setup_teardown' retrieved from /home/airflow/.local/lib/python3.12/site-packages/airflow/example_dags/example_setup_teardown.py
[2026-02-10T01:41:05.746+0000] {logging_mixin.py:188} INFO - [2026-02-10T01:41:05.746+0000] {dag.py:3096} INFO - Sync 1 DAGs
[2026-02-10T01:41:05.772+0000] {logging_mixin.py:188} INFO - [2026-02-10T01:41:05.772+0000] {dag.py:3954} INFO - Setting next_dagrun for example_setup_teardown to 2026-02-09 00:00:00+00:00, run_after=2026-02-10 00:00:00+00:00
[2026-02-10T01:41:05.801+0000] {processor.py:183} INFO - Processing /home/airflow/.local/lib/python3.12/site-packages/airflow/example_dags/example_setup_teardown.py took 0.099 seconds
[2026-02-10T01:41:35.847+0000] {processor.py:161} INFO - Started process (PID=254) to work on /home/airflow/.local/lib/python3.12/site-packages/airflow/example_dags/example_setup_teardown.py
[2026-02-10T01:41:35.848+0000] {processor.py:830} INFO - Processing file /home/airflow/.local/lib/python3.12/site-packages/airflow/example_dags/example_setup_teardown.py for tasks to queue
[2026-02-10T01:41:35.850+0000] {logging_mixin.py:188} INFO - [2026-02-10T01:41:35.850+0000] {dagbag.py:540} INFO - Filling up the DagBag from /home/airflow/.local/lib/python3.12/site-packages/airflow/example_dags/example_setup_teardown.py
[2026-02-10T01:41:35.856+0000] {processor.py:840} INFO - DAG(s) 'example_setup_teardown' retrieved from /home/airflow/.local/lib/python3.12/site-packages/airflow/example_dags/example_setup_teardown.py
[2026-02-10T01:41:35.877+0000] {logging_mixin.py:188} INFO - [2026-02-10T01:41:35.877+0000] {dag.py:3096} INFO - Sync 1 DAGs
[2026-02-10T01:41:35.898+0000] {logging_mixin.py:188} INFO - [2026-02-10T01:41:35.898+0000] {dag.py:3954} INFO - Setting next_dagrun for example_setup_teardown to 2026-02-09 00:00:00+00:00, run_after=2026-02-10 00:00:00+00:00
[2026-02-10T01:41:35.929+0000] {processor.py:183} INFO - Processing /home/airflow/.local/lib/python3.12/site-packages/airflow/example_dags/example_setup_teardown.py took 0.087 seconds
[2026-02-10T01:42:06.190+0000] {processor.py:161} INFO - Started process (PID=308) to work on /home/airflow/.local/lib/python3.12/site-packages/airflow/example_dags/example_setup_teardown.py
[2026-02-10T01:42:06.191+0000] {processor.py:830} INFO - Processing file /home/airflow/.local/lib/python3.12/site-packages/airflow/example_dags/example_setup_teardown.py for tasks to queue
[2026-02-10T01:42:06.193+0000] {logging_mixin.py:188} INFO - [2026-02-10T01:42:06.193+0000] {dagbag.py:540} INFO - Filling up the DagBag from /home/airflow/.local/lib/python3.12/site-packages/airflow/example_dags/example_setup_teardown.py
[2026-02-10T01:42:06.199+0000] {processor.py:840} INFO - DAG(s) 'example_setup_teardown' retrieved from /home/airflow/.local/lib/python3.12/site-packages/airflow/example_dags/example_setup_teardown.py
[2026-02-10T01:42:06.219+0000] {logging_mixin.py:188} INFO - [2026-02-10T01:42:06.219+0000] {dag.py:3096} INFO - Sync 1 DAGs
[2026-02-10T01:42:06.240+0000] {logging_mixin.py:188} INFO - [2026-02-10T01:42:06.240+0000] {dag.py:3954} INFO - Setting next_dagrun for example_setup_teardown to 2026-02-09 00:00:00+00:00, run_after=2026-02-10 00:00:00+00:00
[2026-02-10T01:42:06.266+0000] {processor.py:183} INFO - Processing /home/airflow/.local/lib/python3.12/site-packages/airflow/example_dags/example_setup_teardown.py took 0.082 seconds
[2026-02-10T01:42:36.625+0000] {processor.py:161} INFO - Started process (PID=362) to work on /home/airflow/.local/lib/python3.12/site-packages/airflow/example_dags/example_setup_teardown.py
[2026-02-10T01:42:36.627+0000] {processor.py:830} INFO - Processing file /home/airflow/.local/lib/python3.12/site-packages/airflow/example_dags/example_setup_teardown.py for tasks to queue
[2026-02-10T01:42:36.628+0000] {logging_mixin.py:188} INFO - [2026-02-10T01:42:36.628+0000] {dagbag.py:540} INFO - Filling up the DagBag from /home/airflow/.local/lib/python3.12/site-packages/airflow/example_dags/example_setup_teardown.py
[2026-02-10T01:42:36.636+0000] {processor.py:840} INFO - DAG(s) 'example_setup_teardown' retrieved from /home/airflow/.local/lib/python3.12/site-packages/airflow/example_dags/example_setup_teardown.py
[2026-02-10T01:42:36.659+0000] {logging_mixin.py:188} INFO - [2026-02-10T01:42:36.658+0000] {dag.py:3096} INFO - Sync 1 DAGs
[2026-02-10T01:42:36.690+0000] {logging_mixin.py:188} INFO - [2026-02-10T01:42:36.690+0000] {dag.py:3954} INFO - Setting next_dagrun for example_setup_teardown to 2026-02-09 00:00:00+00:00, run_after=2026-02-10 00:00:00+00:00
[2026-02-10T01:42:36.742+0000] {processor.py:183} INFO - Processing /home/airflow/.local/lib/python3.12/site-packages/airflow/example_dags/example_setup_teardown.py took 0.123 seconds
[2026-02-10T01:44:03.574+0000] {processor.py:161} INFO - Started process (PID=38) to work on /home/airflow/.local/lib/python3.12/site-packages/airflow/example_dags/example_setup_teardown.py
[2026-02-10T01:44:03.583+0000] {processor.py:830} INFO - Processing file /home/airflow/.local/lib/python3.12/site-packages/airflow/example_dags/example_setup_teardown.py for tasks to queue
[2026-02-10T01:44:03.596+0000] {logging_mixin.py:188} INFO - [2026-02-10T01:44:03.595+0000] {dagbag.py:540} INFO - Filling up the DagBag from /home/airflow/.local/lib/python3.12/site-packages/airflow/example_dags/example_setup_teardown.py
[2026-02-10T01:44:03.628+0000] {processor.py:840} INFO - DAG(s) 'example_setup_teardown' retrieved from /home/airflow/.local/lib/python3.12/site-packages/airflow/example_dags/example_setup_teardown.py
[2026-02-10T01:44:03.676+0000] {logging_mixin.py:188} INFO - [2026-02-10T01:44:03.676+0000] {dag.py:3096} INFO - Sync 1 DAGs
[2026-02-10T01:44:03.745+0000] {logging_mixin.py:188} INFO - [2026-02-10T01:44:03.744+0000] {dag.py:3954} INFO - Setting next_dagrun for example_setup_teardown to 2026-02-09 00:00:00+00:00, run_after=2026-02-10 00:00:00+00:00
[2026-02-10T01:44:03.821+0000] {processor.py:183} INFO - Processing /home/airflow/.local/lib/python3.12/site-packages/airflow/example_dags/example_setup_teardown.py took 0.263 seconds
[2026-02-10T01:44:34.111+0000] {processor.py:161} INFO - Started process (PID=92) to work on /home/airflow/.local/lib/python3.12/site-packages/airflow/example_dags/example_setup_teardown.py
[2026-02-10T01:44:34.113+0000] {processor.py:830} INFO - Processing file /home/airflow/.local/lib/python3.12/site-packages/airflow/example_dags/example_setup_teardown.py for tasks to queue
[2026-02-10T01:44:34.116+0000] {logging_mixin.py:188} INFO - [2026-02-10T01:44:34.115+0000] {dagbag.py:540} INFO - Filling up the DagBag from /home/airflow/.local/lib/python3.12/site-packages/airflow/example_dags/example_setup_teardown.py
[2026-02-10T01:44:34.124+0000] {processor.py:840} INFO - DAG(s) 'example_setup_teardown' retrieved from /home/airflow/.local/lib/python3.12/site-packages/airflow/example_dags/example_setup_teardown.py
[2026-02-10T01:44:34.229+0000] {logging_mixin.py:188} INFO - [2026-02-10T01:44:34.229+0000] {dag.py:3096} INFO - Sync 1 DAGs
[2026-02-10T01:44:34.248+0000] {logging_mixin.py:188} INFO - [2026-02-10T01:44:34.248+0000] {dag.py:3954} INFO - Setting next_dagrun for example_setup_teardown to 2026-02-09 00:00:00+00:00, run_after=2026-02-10 00:00:00+00:00
[2026-02-10T01:44:34.270+0000] {processor.py:183} INFO - Processing /home/airflow/.local/lib/python3.12/site-packages/airflow/example_dags/example_setup_teardown.py took 0.165 seconds
[2026-02-10T01:46:53.436+0000] {processor.py:161} INFO - Started process (PID=38) to work on /home/airflow/.local/lib/python3.12/site-packages/airflow/example_dags/example_setup_teardown.py
[2026-02-10T01:46:53.441+0000] {processor.py:830} INFO - Processing file /home/airflow/.local/lib/python3.12/site-packages/airflow/example_dags/example_setup_teardown.py for tasks to queue
[2026-02-10T01:46:53.459+0000] {logging_mixin.py:188} INFO - [2026-02-10T01:46:53.458+0000] {dagbag.py:540} INFO - Filling up the DagBag from /home/airflow/.local/lib/python3.12/site-packages/airflow/example_dags/example_setup_teardown.py
[2026-02-10T01:46:53.491+0000] {processor.py:840} INFO - DAG(s) 'example_setup_teardown' retrieved from /home/airflow/.local/lib/python3.12/site-packages/airflow/example_dags/example_setup_teardown.py
[2026-02-10T01:46:53.534+0000] {logging_mixin.py:188} INFO - [2026-02-10T01:46:53.531+0000] {dag.py:3096} INFO - Sync 1 DAGs
[2026-02-10T01:46:53.596+0000] {logging_mixin.py:188} INFO - [2026-02-10T01:46:53.596+0000] {dag.py:3954} INFO - Setting next_dagrun for example_setup_teardown to 2026-02-09 00:00:00+00:00, run_after=2026-02-10 00:00:00+00:00
[2026-02-10T01:46:53.644+0000] {processor.py:183} INFO - Processing /home/airflow/.local/lib/python3.12/site-packages/airflow/example_dags/example_setup_teardown.py took 0.221 seconds
[2026-02-10T01:47:23.712+0000] {processor.py:161} INFO - Started process (PID=92) to work on /home/airflow/.local/lib/python3.12/site-packages/airflow/example_dags/example_setup_teardown.py
[2026-02-10T01:47:23.713+0000] {processor.py:830} INFO - Processing file /home/airflow/.local/lib/python3.12/site-packages/airflow/example_dags/example_setup_teardown.py for tasks to queue
[2026-02-10T01:47:23.715+0000] {logging_mixin.py:188} INFO - [2026-02-10T01:47:23.715+0000] {dagbag.py:540} INFO - Filling up the DagBag from /home/airflow/.local/lib/python3.12/site-packages/airflow/example_dags/example_setup_teardown.py
[2026-02-10T01:47:23.722+0000] {processor.py:840} INFO - DAG(s) 'example_setup_teardown' retrieved from /home/airflow/.local/lib/python3.12/site-packages/airflow/example_dags/example_setup_teardown.py
[2026-02-10T01:47:23.803+0000] {logging_mixin.py:188} INFO - [2026-02-10T01:47:23.803+0000] {dag.py:3096} INFO - Sync 1 DAGs
[2026-02-10T01:47:23.828+0000] {logging_mixin.py:188} INFO - [2026-02-10T01:47:23.828+0000] {dag.py:3954} INFO - Setting next_dagrun for example_setup_teardown to 2026-02-09 00:00:00+00:00, run_after=2026-02-10 00:00:00+00:00
[2026-02-10T01:47:23.849+0000] {processor.py:183} INFO - Processing /home/airflow/.local/lib/python3.12/site-packages/airflow/example_dags/example_setup_teardown.py took 0.143 seconds
[2026-02-10T01:47:54.752+0000] {processor.py:161} INFO - Started process (PID=146) to work on /home/airflow/.local/lib/python3.12/site-packages/airflow/example_dags/example_setup_teardown.py
[2026-02-10T01:47:54.753+0000] {processor.py:830} INFO - Processing file /home/airflow/.local/lib/python3.12/site-packages/airflow/example_dags/example_setup_teardown.py for tasks to queue
[2026-02-10T01:47:54.755+0000] {logging_mixin.py:188} INFO - [2026-02-10T01:47:54.755+0000] {dagbag.py:540} INFO - Filling up the DagBag from /home/airflow/.local/lib/python3.12/site-packages/airflow/example_dags/example_setup_teardown.py
[2026-02-10T01:47:54.761+0000] {processor.py:840} INFO - DAG(s) 'example_setup_teardown' retrieved from /home/airflow/.local/lib/python3.12/site-packages/airflow/example_dags/example_setup_teardown.py
[2026-02-10T01:47:54.781+0000] {logging_mixin.py:188} INFO - [2026-02-10T01:47:54.781+0000] {dag.py:3096} INFO - Sync 1 DAGs
[2026-02-10T01:47:54.801+0000] {logging_mixin.py:188} INFO - [2026-02-10T01:47:54.800+0000] {dag.py:3954} INFO - Setting next_dagrun for example_setup_teardown to 2026-02-09 00:00:00+00:00, run_after=2026-02-10 00:00:00+00:00
[2026-02-10T01:47:54.832+0000] {processor.py:183} INFO - Processing /home/airflow/.local/lib/python3.12/site-packages/airflow/example_dags/example_setup_teardown.py took 0.085 seconds
[2026-02-10T01:48:24.893+0000] {processor.py:161} INFO - Started process (PID=200) to work on /home/airflow/.local/lib/python3.12/site-packages/airflow/example_dags/example_setup_teardown.py
[2026-02-10T01:48:24.894+0000] {processor.py:830} INFO - Processing file /home/airflow/.local/lib/python3.12/site-packages/airflow/example_dags/example_setup_teardown.py for tasks to queue
[2026-02-10T01:48:24.897+0000] {logging_mixin.py:188} INFO - [2026-02-10T01:48:24.896+0000] {dagbag.py:540} INFO - Filling up the DagBag from /home/airflow/.local/lib/python3.12/site-packages/airflow/example_dags/example_setup_teardown.py
[2026-02-10T01:48:24.903+0000] {processor.py:840} INFO - DAG(s) 'example_setup_teardown' retrieved from /home/airflow/.local/lib/python3.12/site-packages/airflow/example_dags/example_setup_teardown.py
[2026-02-10T01:48:24.922+0000] {logging_mixin.py:188} INFO - [2026-02-10T01:48:24.922+0000] {dag.py:3096} INFO - Sync 1 DAGs
[2026-02-10T01:48:24.944+0000] {logging_mixin.py:188} INFO - [2026-02-10T01:48:24.943+0000] {dag.py:3954} INFO - Setting next_dagrun for example_setup_teardown to 2026-02-09 00:00:00+00:00, run_after=2026-02-10 00:00:00+00:00
[2026-02-10T01:48:24.964+0000] {processor.py:183} INFO - Processing /home/airflow/.local/lib/python3.12/site-packages/airflow/example_dags/example_setup_teardown.py took 0.076 seconds
[2026-02-10T01:48:55.433+0000] {processor.py:161} INFO - Started process (PID=254) to work on /home/airflow/.local/lib/python3.12/site-packages/airflow/example_dags/example_setup_teardown.py
[2026-02-10T01:48:55.435+0000] {processor.py:830} INFO - Processing file /home/airflow/.local/lib/python3.12/site-packages/airflow/example_dags/example_setup_teardown.py for tasks to queue
[2026-02-10T01:48:55.438+0000] {logging_mixin.py:188} INFO - [2026-02-10T01:48:55.438+0000] {dagbag.py:540} INFO - Filling up the DagBag from /home/airflow/.local/lib/python3.12/site-packages/airflow/example_dags/example_setup_teardown.py
[2026-02-10T01:48:55.450+0000] {processor.py:840} INFO - DAG(s) 'example_setup_teardown' retrieved from /home/airflow/.local/lib/python3.12/site-packages/airflow/example_dags/example_setup_teardown.py
[2026-02-10T01:48:55.484+0000] {logging_mixin.py:188} INFO - [2026-02-10T01:48:55.484+0000] {dag.py:3096} INFO - Sync 1 DAGs
[2026-02-10T01:48:55.519+0000] {logging_mixin.py:188} INFO - [2026-02-10T01:48:55.518+0000] {dag.py:3954} INFO - Setting next_dagrun for example_setup_teardown to 2026-02-09 00:00:00+00:00, run_after=2026-02-10 00:00:00+00:00
[2026-02-10T01:48:55.556+0000] {processor.py:183} INFO - Processing /home/airflow/.local/lib/python3.12/site-packages/airflow/example_dags/example_setup_teardown.py took 0.134 seconds
[2026-02-10T01:49:25.689+0000] {processor.py:161} INFO - Started process (PID=308) to work on /home/airflow/.local/lib/python3.12/site-packages/airflow/example_dags/example_setup_teardown.py
[2026-02-10T01:49:25.692+0000] {processor.py:830} INFO - Processing file /home/airflow/.local/lib/python3.12/site-packages/airflow/example_dags/example_setup_teardown.py for tasks to queue
[2026-02-10T01:49:25.696+0000] {logging_mixin.py:188} INFO - [2026-02-10T01:49:25.695+0000] {dagbag.py:540} INFO - Filling up the DagBag from /home/airflow/.local/lib/python3.12/site-packages/airflow/example_dags/example_setup_teardown.py
[2026-02-10T01:49:25.705+0000] {processor.py:840} INFO - DAG(s) 'example_setup_teardown' retrieved from /home/airflow/.local/lib/python3.12/site-packages/airflow/example_dags/example_setup_teardown.py
[2026-02-10T01:49:25.739+0000] {logging_mixin.py:188} INFO - [2026-02-10T01:49:25.739+0000] {dag.py:3096} INFO - Sync 1 DAGs
[2026-02-10T01:49:25.769+0000] {logging_mixin.py:188} INFO - [2026-02-10T01:49:25.769+0000] {dag.py:3954} INFO - Setting next_dagrun for example_setup_teardown to 2026-02-09 00:00:00+00:00, run_after=2026-02-10 00:00:00+00:00
[2026-02-10T01:49:25.801+0000] {processor.py:183} INFO - Processing /home/airflow/.local/lib/python3.12/site-packages/airflow/example_dags/example_setup_teardown.py took 0.122 seconds
[2026-02-10T01:49:55.930+0000] {processor.py:161} INFO - Started process (PID=362) to work on /home/airflow/.local/lib/python3.12/site-packages/airflow/example_dags/example_setup_teardown.py
[2026-02-10T01:49:55.932+0000] {processor.py:830} INFO - Processing file /home/airflow/.local/lib/python3.12/site-packages/airflow/example_dags/example_setup_teardown.py for tasks to queue
[2026-02-10T01:49:55.934+0000] {logging_mixin.py:188} INFO - [2026-02-10T01:49:55.933+0000] {dagbag.py:540} INFO - Filling up the DagBag from /home/airflow/.local/lib/python3.12/site-packages/airflow/example_dags/example_setup_teardown.py
[2026-02-10T01:49:55.941+0000] {processor.py:840} INFO - DAG(s) 'example_setup_teardown' retrieved from /home/airflow/.local/lib/python3.12/site-packages/airflow/example_dags/example_setup_teardown.py
[2026-02-10T01:49:55.963+0000] {logging_mixin.py:188} INFO - [2026-02-10T01:49:55.963+0000] {dag.py:3096} INFO - Sync 1 DAGs
[2026-02-10T01:49:55.984+0000] {logging_mixin.py:188} INFO - [2026-02-10T01:49:55.984+0000] {dag.py:3954} INFO - Setting next_dagrun for example_setup_teardown to 2026-02-09 00:00:00+00:00, run_after=2026-02-10 00:00:00+00:00
[2026-02-10T01:49:56.005+0000] {processor.py:183} INFO - Processing /home/airflow/.local/lib/python3.12/site-packages/airflow/example_dags/example_setup_teardown.py took 0.081 seconds
[2026-02-10T01:50:26.270+0000] {processor.py:161} INFO - Started process (PID=416) to work on /home/airflow/.local/lib/python3.12/site-packages/airflow/example_dags/example_setup_teardown.py
[2026-02-10T01:50:26.271+0000] {processor.py:830} INFO - Processing file /home/airflow/.local/lib/python3.12/site-packages/airflow/example_dags/example_setup_teardown.py for tasks to queue
[2026-02-10T01:50:26.273+0000] {logging_mixin.py:188} INFO - [2026-02-10T01:50:26.273+0000] {dagbag.py:540} INFO - Filling up the DagBag from /home/airflow/.local/lib/python3.12/site-packages/airflow/example_dags/example_setup_teardown.py
[2026-02-10T01:50:26.280+0000] {processor.py:840} INFO - DAG(s) 'example_setup_teardown' retrieved from /home/airflow/.local/lib/python3.12/site-packages/airflow/example_dags/example_setup_teardown.py
[2026-02-10T01:50:26.302+0000] {logging_mixin.py:188} INFO - [2026-02-10T01:50:26.302+0000] {dag.py:3096} INFO - Sync 1 DAGs
[2026-02-10T01:50:26.326+0000] {logging_mixin.py:188} INFO - [2026-02-10T01:50:26.326+0000] {dag.py:3954} INFO - Setting next_dagrun for example_setup_teardown to 2026-02-09 00:00:00+00:00, run_after=2026-02-10 00:00:00+00:00
[2026-02-10T01:50:26.347+0000] {processor.py:183} INFO - Processing /home/airflow/.local/lib/python3.12/site-packages/airflow/example_dags/example_setup_teardown.py took 0.083 seconds
[2026-02-10T01:50:56.704+0000] {processor.py:161} INFO - Started process (PID=470) to work on /home/airflow/.local/lib/python3.12/site-packages/airflow/example_dags/example_setup_teardown.py
[2026-02-10T01:50:56.705+0000] {processor.py:830} INFO - Processing file /home/airflow/.local/lib/python3.12/site-packages/airflow/example_dags/example_setup_teardown.py for tasks to queue
[2026-02-10T01:50:56.707+0000] {logging_mixin.py:188} INFO - [2026-02-10T01:50:56.707+0000] {dagbag.py:540} INFO - Filling up the DagBag from /home/airflow/.local/lib/python3.12/site-packages/airflow/example_dags/example_setup_teardown.py
[2026-02-10T01:50:56.714+0000] {processor.py:840} INFO - DAG(s) 'example_setup_teardown' retrieved from /home/airflow/.local/lib/python3.12/site-packages/airflow/example_dags/example_setup_teardown.py
[2026-02-10T01:50:56.734+0000] {logging_mixin.py:188} INFO - [2026-02-10T01:50:56.734+0000] {dag.py:3096} INFO - Sync 1 DAGs
[2026-02-10T01:50:56.753+0000] {logging_mixin.py:188} INFO - [2026-02-10T01:50:56.753+0000] {dag.py:3954} INFO - Setting next_dagrun for example_setup_teardown to 2026-02-09 00:00:00+00:00, run_after=2026-02-10 00:00:00+00:00
[2026-02-10T01:50:56.787+0000] {processor.py:183} INFO - Processing /home/airflow/.local/lib/python3.12/site-packages/airflow/example_dags/example_setup_teardown.py took 0.089 seconds
[2026-02-10T01:51:27.132+0000] {processor.py:161} INFO - Started process (PID=524) to work on /home/airflow/.local/lib/python3.12/site-packages/airflow/example_dags/example_setup_teardown.py
[2026-02-10T01:51:27.133+0000] {processor.py:830} INFO - Processing file /home/airflow/.local/lib/python3.12/site-packages/airflow/example_dags/example_setup_teardown.py for tasks to queue
[2026-02-10T01:51:27.135+0000] {logging_mixin.py:188} INFO - [2026-02-10T01:51:27.134+0000] {dagbag.py:540} INFO - Filling up the DagBag from /home/airflow/.local/lib/python3.12/site-packages/airflow/example_dags/example_setup_teardown.py
[2026-02-10T01:51:27.142+0000] {processor.py:840} INFO - DAG(s) 'example_setup_teardown' retrieved from /home/airflow/.local/lib/python3.12/site-packages/airflow/example_dags/example_setup_teardown.py
[2026-02-10T01:51:27.167+0000] {logging_mixin.py:188} INFO - [2026-02-10T01:51:27.166+0000] {dag.py:3096} INFO - Sync 1 DAGs
[2026-02-10T01:51:27.192+0000] {logging_mixin.py:188} INFO - [2026-02-10T01:51:27.192+0000] {dag.py:3954} INFO - Setting next_dagrun for example_setup_teardown to 2026-02-09 00:00:00+00:00, run_after=2026-02-10 00:00:00+00:00
[2026-02-10T01:51:27.225+0000] {processor.py:183} INFO - Processing /home/airflow/.local/lib/python3.12/site-packages/airflow/example_dags/example_setup_teardown.py took 0.099 seconds
[2026-02-10T01:51:57.587+0000] {processor.py:161} INFO - Started process (PID=578) to work on /home/airflow/.local/lib/python3.12/site-packages/airflow/example_dags/example_setup_teardown.py
[2026-02-10T01:51:57.593+0000] {processor.py:830} INFO - Processing file /home/airflow/.local/lib/python3.12/site-packages/airflow/example_dags/example_setup_teardown.py for tasks to queue
[2026-02-10T01:51:57.602+0000] {logging_mixin.py:188} INFO - [2026-02-10T01:51:57.602+0000] {dagbag.py:540} INFO - Filling up the DagBag from /home/airflow/.local/lib/python3.12/site-packages/airflow/example_dags/example_setup_teardown.py
[2026-02-10T01:51:57.616+0000] {processor.py:840} INFO - DAG(s) 'example_setup_teardown' retrieved from /home/airflow/.local/lib/python3.12/site-packages/airflow/example_dags/example_setup_teardown.py
[2026-02-10T01:51:57.639+0000] {logging_mixin.py:188} INFO - [2026-02-10T01:51:57.639+0000] {dag.py:3096} INFO - Sync 1 DAGs
[2026-02-10T01:51:57.659+0000] {logging_mixin.py:188} INFO - [2026-02-10T01:51:57.659+0000] {dag.py:3954} INFO - Setting next_dagrun for example_setup_teardown to 2026-02-09 00:00:00+00:00, run_after=2026-02-10 00:00:00+00:00
[2026-02-10T01:51:57.682+0000] {processor.py:183} INFO - Processing /home/airflow/.local/lib/python3.12/site-packages/airflow/example_dags/example_setup_teardown.py took 0.103 seconds
[2026-02-10T01:52:28.019+0000] {processor.py:161} INFO - Started process (PID=632) to work on /home/airflow/.local/lib/python3.12/site-packages/airflow/example_dags/example_setup_teardown.py
[2026-02-10T01:52:28.020+0000] {processor.py:830} INFO - Processing file /home/airflow/.local/lib/python3.12/site-packages/airflow/example_dags/example_setup_teardown.py for tasks to queue
[2026-02-10T01:52:28.025+0000] {logging_mixin.py:188} INFO - [2026-02-10T01:52:28.025+0000] {dagbag.py:540} INFO - Filling up the DagBag from /home/airflow/.local/lib/python3.12/site-packages/airflow/example_dags/example_setup_teardown.py
[2026-02-10T01:52:28.034+0000] {processor.py:840} INFO - DAG(s) 'example_setup_teardown' retrieved from /home/airflow/.local/lib/python3.12/site-packages/airflow/example_dags/example_setup_teardown.py
[2026-02-10T01:52:28.067+0000] {logging_mixin.py:188} INFO - [2026-02-10T01:52:28.066+0000] {dag.py:3096} INFO - Sync 1 DAGs
[2026-02-10T01:52:28.093+0000] {logging_mixin.py:188} INFO - [2026-02-10T01:52:28.093+0000] {dag.py:3954} INFO - Setting next_dagrun for example_setup_teardown to 2026-02-09 00:00:00+00:00, run_after=2026-02-10 00:00:00+00:00
[2026-02-10T01:52:28.119+0000] {processor.py:183} INFO - Processing /home/airflow/.local/lib/python3.12/site-packages/airflow/example_dags/example_setup_teardown.py took 0.106 seconds
[2026-02-10T01:52:58.562+0000] {processor.py:161} INFO - Started process (PID=686) to work on /home/airflow/.local/lib/python3.12/site-packages/airflow/example_dags/example_setup_teardown.py
[2026-02-10T01:52:58.564+0000] {processor.py:830} INFO - Processing file /home/airflow/.local/lib/python3.12/site-packages/airflow/example_dags/example_setup_teardown.py for tasks to queue
[2026-02-10T01:52:58.566+0000] {logging_mixin.py:188} INFO - [2026-02-10T01:52:58.566+0000] {dagbag.py:540} INFO - Filling up the DagBag from /home/airflow/.local/lib/python3.12/site-packages/airflow/example_dags/example_setup_teardown.py
[2026-02-10T01:52:58.573+0000] {processor.py:840} INFO - DAG(s) 'example_setup_teardown' retrieved from /home/airflow/.local/lib/python3.12/site-packages/airflow/example_dags/example_setup_teardown.py
[2026-02-10T01:52:58.598+0000] {logging_mixin.py:188} INFO - [2026-02-10T01:52:58.598+0000] {dag.py:3096} INFO - Sync 1 DAGs
[2026-02-10T01:52:58.625+0000] {logging_mixin.py:188} INFO - [2026-02-10T01:52:58.625+0000] {dag.py:3954} INFO - Setting next_dagrun for example_setup_teardown to 2026-02-09 00:00:00+00:00, run_after=2026-02-10 00:00:00+00:00
[2026-02-10T01:52:58.647+0000] {processor.py:183} INFO - Processing /home/airflow/.local/lib/python3.12/site-packages/airflow/example_dags/example_setup_teardown.py took 0.092 seconds
[2026-02-10T01:53:28.875+0000] {processor.py:161} INFO - Started process (PID=740) to work on /home/airflow/.local/lib/python3.12/site-packages/airflow/example_dags/example_setup_teardown.py
[2026-02-10T01:53:28.876+0000] {processor.py:830} INFO - Processing file /home/airflow/.local/lib/python3.12/site-packages/airflow/example_dags/example_setup_teardown.py for tasks to queue
[2026-02-10T01:53:28.879+0000] {logging_mixin.py:188} INFO - [2026-02-10T01:53:28.878+0000] {dagbag.py:540} INFO - Filling up the DagBag from /home/airflow/.local/lib/python3.12/site-packages/airflow/example_dags/example_setup_teardown.py
[2026-02-10T01:53:28.888+0000] {processor.py:840} INFO - DAG(s) 'example_setup_teardown' retrieved from /home/airflow/.local/lib/python3.12/site-packages/airflow/example_dags/example_setup_teardown.py
[2026-02-10T01:53:28.912+0000] {logging_mixin.py:188} INFO - [2026-02-10T01:53:28.911+0000] {dag.py:3096} INFO - Sync 1 DAGs
[2026-02-10T01:53:28.934+0000] {logging_mixin.py:188} INFO - [2026-02-10T01:53:28.934+0000] {dag.py:3954} INFO - Setting next_dagrun for example_setup_teardown to 2026-02-09 00:00:00+00:00, run_after=2026-02-10 00:00:00+00:00
[2026-02-10T01:53:28.964+0000] {processor.py:183} INFO - Processing /home/airflow/.local/lib/python3.12/site-packages/airflow/example_dags/example_setup_teardown.py took 0.097 seconds
[2026-02-10T01:53:59.079+0000] {processor.py:161} INFO - Started process (PID=794) to work on /home/airflow/.local/lib/python3.12/site-packages/airflow/example_dags/example_setup_teardown.py
[2026-02-10T01:53:59.080+0000] {processor.py:830} INFO - Processing file /home/airflow/.local/lib/python3.12/site-packages/airflow/example_dags/example_setup_teardown.py for tasks to queue
[2026-02-10T01:53:59.083+0000] {logging_mixin.py:188} INFO - [2026-02-10T01:53:59.082+0000] {dagbag.py:540} INFO - Filling up the DagBag from /home/airflow/.local/lib/python3.12/site-packages/airflow/example_dags/example_setup_teardown.py
[2026-02-10T01:53:59.093+0000] {processor.py:840} INFO - DAG(s) 'example_setup_teardown' retrieved from /home/airflow/.local/lib/python3.12/site-packages/airflow/example_dags/example_setup_teardown.py
[2026-02-10T01:53:59.126+0000] {logging_mixin.py:188} INFO - [2026-02-10T01:53:59.126+0000] {dag.py:3096} INFO - Sync 1 DAGs
[2026-02-10T01:53:59.149+0000] {logging_mixin.py:188} INFO - [2026-02-10T01:53:59.149+0000] {dag.py:3954} INFO - Setting next_dagrun for example_setup_teardown to 2026-02-09 00:00:00+00:00, run_after=2026-02-10 00:00:00+00:00
[2026-02-10T01:53:59.172+0000] {processor.py:183} INFO - Processing /home/airflow/.local/lib/python3.12/site-packages/airflow/example_dags/example_setup_teardown.py took 0.100 seconds
[2026-02-10T01:54:29.295+0000] {processor.py:161} INFO - Started process (PID=848) to work on /home/airflow/.local/lib/python3.12/site-packages/airflow/example_dags/example_setup_teardown.py
[2026-02-10T01:54:29.296+0000] {processor.py:830} INFO - Processing file /home/airflow/.local/lib/python3.12/site-packages/airflow/example_dags/example_setup_teardown.py for tasks to queue
[2026-02-10T01:54:29.299+0000] {logging_mixin.py:188} INFO - [2026-02-10T01:54:29.298+0000] {dagbag.py:540} INFO - Filling up the DagBag from /home/airflow/.local/lib/python3.12/site-packages/airflow/example_dags/example_setup_teardown.py
[2026-02-10T01:54:29.306+0000] {processor.py:840} INFO - DAG(s) 'example_setup_teardown' retrieved from /home/airflow/.local/lib/python3.12/site-packages/airflow/example_dags/example_setup_teardown.py
[2026-02-10T01:54:29.331+0000] {logging_mixin.py:188} INFO - [2026-02-10T01:54:29.331+0000] {dag.py:3096} INFO - Sync 1 DAGs
[2026-02-10T01:54:29.368+0000] {logging_mixin.py:188} INFO - [2026-02-10T01:54:29.367+0000] {dag.py:3954} INFO - Setting next_dagrun for example_setup_teardown to 2026-02-09 00:00:00+00:00, run_after=2026-02-10 00:00:00+00:00
[2026-02-10T01:54:29.401+0000] {processor.py:183} INFO - Processing /home/airflow/.local/lib/python3.12/site-packages/airflow/example_dags/example_setup_teardown.py took 0.112 seconds
[2026-02-10T01:54:59.724+0000] {processor.py:161} INFO - Started process (PID=902) to work on /home/airflow/.local/lib/python3.12/site-packages/airflow/example_dags/example_setup_teardown.py
[2026-02-10T01:54:59.725+0000] {processor.py:830} INFO - Processing file /home/airflow/.local/lib/python3.12/site-packages/airflow/example_dags/example_setup_teardown.py for tasks to queue
[2026-02-10T01:54:59.727+0000] {logging_mixin.py:188} INFO - [2026-02-10T01:54:59.727+0000] {dagbag.py:540} INFO - Filling up the DagBag from /home/airflow/.local/lib/python3.12/site-packages/airflow/example_dags/example_setup_teardown.py
[2026-02-10T01:54:59.736+0000] {processor.py:840} INFO - DAG(s) 'example_setup_teardown' retrieved from /home/airflow/.local/lib/python3.12/site-packages/airflow/example_dags/example_setup_teardown.py
[2026-02-10T01:54:59.759+0000] {logging_mixin.py:188} INFO - [2026-02-10T01:54:59.759+0000] {dag.py:3096} INFO - Sync 1 DAGs
[2026-02-10T01:54:59.782+0000] {logging_mixin.py:188} INFO - [2026-02-10T01:54:59.781+0000] {dag.py:3954} INFO - Setting next_dagrun for example_setup_teardown to 2026-02-09 00:00:00+00:00, run_after=2026-02-10 00:00:00+00:00
[2026-02-10T01:54:59.815+0000] {processor.py:183} INFO - Processing /home/airflow/.local/lib/python3.12/site-packages/airflow/example_dags/example_setup_teardown.py took 0.097 seconds
[2026-02-10T01:55:30.313+0000] {processor.py:161} INFO - Started process (PID=956) to work on /home/airflow/.local/lib/python3.12/site-packages/airflow/example_dags/example_setup_teardown.py
[2026-02-10T01:55:30.314+0000] {processor.py:830} INFO - Processing file /home/airflow/.local/lib/python3.12/site-packages/airflow/example_dags/example_setup_teardown.py for tasks to queue
[2026-02-10T01:55:30.315+0000] {logging_mixin.py:188} INFO - [2026-02-10T01:55:30.315+0000] {dagbag.py:540} INFO - Filling up the DagBag from /home/airflow/.local/lib/python3.12/site-packages/airflow/example_dags/example_setup_teardown.py
[2026-02-10T01:55:30.321+0000] {processor.py:840} INFO - DAG(s) 'example_setup_teardown' retrieved from /home/airflow/.local/lib/python3.12/site-packages/airflow/example_dags/example_setup_teardown.py
[2026-02-10T01:55:30.340+0000] {logging_mixin.py:188} INFO - [2026-02-10T01:55:30.340+0000] {dag.py:3096} INFO - Sync 1 DAGs
[2026-02-10T01:55:30.360+0000] {logging_mixin.py:188} INFO - [2026-02-10T01:55:30.360+0000] {dag.py:3954} INFO - Setting next_dagrun for example_setup_teardown to 2026-02-09 00:00:00+00:00, run_after=2026-02-10 00:00:00+00:00
[2026-02-10T01:55:30.381+0000] {processor.py:183} INFO - Processing /home/airflow/.local/lib/python3.12/site-packages/airflow/example_dags/example_setup_teardown.py took 0.074 seconds
[2026-02-10T01:56:00.587+0000] {processor.py:161} INFO - Started process (PID=1010) to work on /home/airflow/.local/lib/python3.12/site-packages/airflow/example_dags/example_setup_teardown.py
[2026-02-10T01:56:00.588+0000] {processor.py:830} INFO - Processing file /home/airflow/.local/lib/python3.12/site-packages/airflow/example_dags/example_setup_teardown.py for tasks to queue
[2026-02-10T01:56:00.591+0000] {logging_mixin.py:188} INFO - [2026-02-10T01:56:00.590+0000] {dagbag.py:540} INFO - Filling up the DagBag from /home/airflow/.local/lib/python3.12/site-packages/airflow/example_dags/example_setup_teardown.py
[2026-02-10T01:56:00.599+0000] {processor.py:840} INFO - DAG(s) 'example_setup_teardown' retrieved from /home/airflow/.local/lib/python3.12/site-packages/airflow/example_dags/example_setup_teardown.py
[2026-02-10T01:56:00.626+0000] {logging_mixin.py:188} INFO - [2026-02-10T01:56:00.626+0000] {dag.py:3096} INFO - Sync 1 DAGs
[2026-02-10T01:56:00.656+0000] {logging_mixin.py:188} INFO - [2026-02-10T01:56:00.655+0000] {dag.py:3954} INFO - Setting next_dagrun for example_setup_teardown to 2026-02-09 00:00:00+00:00, run_after=2026-02-10 00:00:00+00:00
[2026-02-10T01:56:00.677+0000] {processor.py:183} INFO - Processing /home/airflow/.local/lib/python3.12/site-packages/airflow/example_dags/example_setup_teardown.py took 0.099 seconds
[2026-02-10T01:56:30.917+0000] {processor.py:161} INFO - Started process (PID=1064) to work on /home/airflow/.local/lib/python3.12/site-packages/airflow/example_dags/example_setup_teardown.py
[2026-02-10T01:56:30.920+0000] {processor.py:830} INFO - Processing file /home/airflow/.local/lib/python3.12/site-packages/airflow/example_dags/example_setup_teardown.py for tasks to queue
[2026-02-10T01:56:30.923+0000] {logging_mixin.py:188} INFO - [2026-02-10T01:56:30.923+0000] {dagbag.py:540} INFO - Filling up the DagBag from /home/airflow/.local/lib/python3.12/site-packages/airflow/example_dags/example_setup_teardown.py
[2026-02-10T01:56:30.933+0000] {processor.py:840} INFO - DAG(s) 'example_setup_teardown' retrieved from /home/airflow/.local/lib/python3.12/site-packages/airflow/example_dags/example_setup_teardown.py
[2026-02-10T01:56:30.960+0000] {logging_mixin.py:188} INFO - [2026-02-10T01:56:30.959+0000] {dag.py:3096} INFO - Sync 1 DAGs
[2026-02-10T01:56:30.989+0000] {logging_mixin.py:188} INFO - [2026-02-10T01:56:30.989+0000] {dag.py:3954} INFO - Setting next_dagrun for example_setup_teardown to 2026-02-09 00:00:00+00:00, run_after=2026-02-10 00:00:00+00:00
[2026-02-10T01:56:31.009+0000] {processor.py:183} INFO - Processing /home/airflow/.local/lib/python3.12/site-packages/airflow/example_dags/example_setup_teardown.py took 0.099 seconds
[2026-02-10T01:57:01.162+0000] {processor.py:161} INFO - Started process (PID=1118) to work on /home/airflow/.local/lib/python3.12/site-packages/airflow/example_dags/example_setup_teardown.py
[2026-02-10T01:57:01.163+0000] {processor.py:830} INFO - Processing file /home/airflow/.local/lib/python3.12/site-packages/airflow/example_dags/example_setup_teardown.py for tasks to queue
[2026-02-10T01:57:01.165+0000] {logging_mixin.py:188} INFO - [2026-02-10T01:57:01.164+0000] {dagbag.py:540} INFO - Filling up the DagBag from /home/airflow/.local/lib/python3.12/site-packages/airflow/example_dags/example_setup_teardown.py
[2026-02-10T01:57:01.171+0000] {processor.py:840} INFO - DAG(s) 'example_setup_teardown' retrieved from /home/airflow/.local/lib/python3.12/site-packages/airflow/example_dags/example_setup_teardown.py
[2026-02-10T01:57:01.190+0000] {logging_mixin.py:188} INFO - [2026-02-10T01:57:01.190+0000] {dag.py:3096} INFO - Sync 1 DAGs
[2026-02-10T01:57:01.209+0000] {logging_mixin.py:188} INFO - [2026-02-10T01:57:01.209+0000] {dag.py:3954} INFO - Setting next_dagrun for example_setup_teardown to 2026-02-09 00:00:00+00:00, run_after=2026-02-10 00:00:00+00:00
[2026-02-10T01:57:01.230+0000] {processor.py:183} INFO - Processing /home/airflow/.local/lib/python3.12/site-packages/airflow/example_dags/example_setup_teardown.py took 0.074 seconds
[2026-02-10T02:00:03.527+0000] {processor.py:161} INFO - Started process (PID=37) to work on /home/airflow/.local/lib/python3.12/site-packages/airflow/example_dags/example_setup_teardown.py
[2026-02-10T02:00:03.530+0000] {processor.py:830} INFO - Processing file /home/airflow/.local/lib/python3.12/site-packages/airflow/example_dags/example_setup_teardown.py for tasks to queue
[2026-02-10T02:00:03.534+0000] {logging_mixin.py:188} INFO - [2026-02-10T02:00:03.533+0000] {dagbag.py:540} INFO - Filling up the DagBag from /home/airflow/.local/lib/python3.12/site-packages/airflow/example_dags/example_setup_teardown.py
[2026-02-10T02:00:03.561+0000] {processor.py:840} INFO - DAG(s) 'example_setup_teardown' retrieved from /home/airflow/.local/lib/python3.12/site-packages/airflow/example_dags/example_setup_teardown.py
[2026-02-10T02:00:03.585+0000] {logging_mixin.py:188} INFO - [2026-02-10T02:00:03.584+0000] {dag.py:3096} INFO - Sync 1 DAGs
[2026-02-10T02:00:03.650+0000] {logging_mixin.py:188} INFO - [2026-02-10T02:00:03.649+0000] {dag.py:3954} INFO - Setting next_dagrun for example_setup_teardown to 2026-02-09 00:00:00+00:00, run_after=2026-02-10 00:00:00+00:00
[2026-02-10T02:00:03.693+0000] {processor.py:183} INFO - Processing /home/airflow/.local/lib/python3.12/site-packages/airflow/example_dags/example_setup_teardown.py took 0.182 seconds
[2026-02-10T02:00:34.537+0000] {processor.py:161} INFO - Started process (PID=91) to work on /home/airflow/.local/lib/python3.12/site-packages/airflow/example_dags/example_setup_teardown.py
[2026-02-10T02:00:34.538+0000] {processor.py:830} INFO - Processing file /home/airflow/.local/lib/python3.12/site-packages/airflow/example_dags/example_setup_teardown.py for tasks to queue
[2026-02-10T02:00:34.540+0000] {logging_mixin.py:188} INFO - [2026-02-10T02:00:34.540+0000] {dagbag.py:540} INFO - Filling up the DagBag from /home/airflow/.local/lib/python3.12/site-packages/airflow/example_dags/example_setup_teardown.py
[2026-02-10T02:00:34.547+0000] {processor.py:840} INFO - DAG(s) 'example_setup_teardown' retrieved from /home/airflow/.local/lib/python3.12/site-packages/airflow/example_dags/example_setup_teardown.py
[2026-02-10T02:00:34.646+0000] {logging_mixin.py:188} INFO - [2026-02-10T02:00:34.646+0000] {dag.py:3096} INFO - Sync 1 DAGs
[2026-02-10T02:00:34.664+0000] {logging_mixin.py:188} INFO - [2026-02-10T02:00:34.663+0000] {dag.py:3954} INFO - Setting next_dagrun for example_setup_teardown to 2026-02-09 00:00:00+00:00, run_after=2026-02-10 00:00:00+00:00
[2026-02-10T02:00:34.684+0000] {processor.py:183} INFO - Processing /home/airflow/.local/lib/python3.12/site-packages/airflow/example_dags/example_setup_teardown.py took 0.154 seconds
[2026-02-10T02:01:05.050+0000] {processor.py:161} INFO - Started process (PID=145) to work on /home/airflow/.local/lib/python3.12/site-packages/airflow/example_dags/example_setup_teardown.py
[2026-02-10T02:01:05.051+0000] {processor.py:830} INFO - Processing file /home/airflow/.local/lib/python3.12/site-packages/airflow/example_dags/example_setup_teardown.py for tasks to queue
[2026-02-10T02:01:05.053+0000] {logging_mixin.py:188} INFO - [2026-02-10T02:01:05.053+0000] {dagbag.py:540} INFO - Filling up the DagBag from /home/airflow/.local/lib/python3.12/site-packages/airflow/example_dags/example_setup_teardown.py
[2026-02-10T02:01:05.060+0000] {processor.py:840} INFO - DAG(s) 'example_setup_teardown' retrieved from /home/airflow/.local/lib/python3.12/site-packages/airflow/example_dags/example_setup_teardown.py
[2026-02-10T02:01:05.081+0000] {logging_mixin.py:188} INFO - [2026-02-10T02:01:05.081+0000] {dag.py:3096} INFO - Sync 1 DAGs
[2026-02-10T02:01:05.102+0000] {logging_mixin.py:188} INFO - [2026-02-10T02:01:05.101+0000] {dag.py:3954} INFO - Setting next_dagrun for example_setup_teardown to 2026-02-09 00:00:00+00:00, run_after=2026-02-10 00:00:00+00:00
[2026-02-10T02:01:05.129+0000] {processor.py:183} INFO - Processing /home/airflow/.local/lib/python3.12/site-packages/airflow/example_dags/example_setup_teardown.py took 0.084 seconds
[2026-02-10T02:01:35.306+0000] {processor.py:161} INFO - Started process (PID=199) to work on /home/airflow/.local/lib/python3.12/site-packages/airflow/example_dags/example_setup_teardown.py
[2026-02-10T02:01:35.307+0000] {processor.py:830} INFO - Processing file /home/airflow/.local/lib/python3.12/site-packages/airflow/example_dags/example_setup_teardown.py for tasks to queue
[2026-02-10T02:01:35.309+0000] {logging_mixin.py:188} INFO - [2026-02-10T02:01:35.309+0000] {dagbag.py:540} INFO - Filling up the DagBag from /home/airflow/.local/lib/python3.12/site-packages/airflow/example_dags/example_setup_teardown.py
[2026-02-10T02:01:35.318+0000] {processor.py:840} INFO - DAG(s) 'example_setup_teardown' retrieved from /home/airflow/.local/lib/python3.12/site-packages/airflow/example_dags/example_setup_teardown.py
[2026-02-10T02:01:35.337+0000] {logging_mixin.py:188} INFO - [2026-02-10T02:01:35.337+0000] {dag.py:3096} INFO - Sync 1 DAGs
[2026-02-10T02:01:35.357+0000] {logging_mixin.py:188} INFO - [2026-02-10T02:01:35.357+0000] {dag.py:3954} INFO - Setting next_dagrun for example_setup_teardown to 2026-02-09 00:00:00+00:00, run_after=2026-02-10 00:00:00+00:00
[2026-02-10T02:01:35.388+0000] {processor.py:183} INFO - Processing /home/airflow/.local/lib/python3.12/site-packages/airflow/example_dags/example_setup_teardown.py took 0.087 seconds
[2026-02-10T02:02:05.704+0000] {processor.py:161} INFO - Started process (PID=253) to work on /home/airflow/.local/lib/python3.12/site-packages/airflow/example_dags/example_setup_teardown.py
[2026-02-10T02:02:05.705+0000] {processor.py:830} INFO - Processing file /home/airflow/.local/lib/python3.12/site-packages/airflow/example_dags/example_setup_teardown.py for tasks to queue
[2026-02-10T02:02:05.708+0000] {logging_mixin.py:188} INFO - [2026-02-10T02:02:05.707+0000] {dagbag.py:540} INFO - Filling up the DagBag from /home/airflow/.local/lib/python3.12/site-packages/airflow/example_dags/example_setup_teardown.py
[2026-02-10T02:02:05.714+0000] {processor.py:840} INFO - DAG(s) 'example_setup_teardown' retrieved from /home/airflow/.local/lib/python3.12/site-packages/airflow/example_dags/example_setup_teardown.py
[2026-02-10T02:02:05.734+0000] {logging_mixin.py:188} INFO - [2026-02-10T02:02:05.733+0000] {dag.py:3096} INFO - Sync 1 DAGs
[2026-02-10T02:02:05.764+0000] {logging_mixin.py:188} INFO - [2026-02-10T02:02:05.764+0000] {dag.py:3954} INFO - Setting next_dagrun for example_setup_teardown to 2026-02-09 00:00:00+00:00, run_after=2026-02-10 00:00:00+00:00
[2026-02-10T02:02:05.784+0000] {processor.py:183} INFO - Processing /home/airflow/.local/lib/python3.12/site-packages/airflow/example_dags/example_setup_teardown.py took 0.085 seconds
[2026-02-10T02:02:36.051+0000] {processor.py:161} INFO - Started process (PID=307) to work on /home/airflow/.local/lib/python3.12/site-packages/airflow/example_dags/example_setup_teardown.py
[2026-02-10T02:02:36.063+0000] {processor.py:830} INFO - Processing file /home/airflow/.local/lib/python3.12/site-packages/airflow/example_dags/example_setup_teardown.py for tasks to queue
[2026-02-10T02:02:36.065+0000] {logging_mixin.py:188} INFO - [2026-02-10T02:02:36.065+0000] {dagbag.py:540} INFO - Filling up the DagBag from /home/airflow/.local/lib/python3.12/site-packages/airflow/example_dags/example_setup_teardown.py
[2026-02-10T02:02:36.075+0000] {processor.py:840} INFO - DAG(s) 'example_setup_teardown' retrieved from /home/airflow/.local/lib/python3.12/site-packages/airflow/example_dags/example_setup_teardown.py
[2026-02-10T02:02:36.099+0000] {logging_mixin.py:188} INFO - [2026-02-10T02:02:36.099+0000] {dag.py:3096} INFO - Sync 1 DAGs
[2026-02-10T02:02:36.123+0000] {logging_mixin.py:188} INFO - [2026-02-10T02:02:36.123+0000] {dag.py:3954} INFO - Setting next_dagrun for example_setup_teardown to 2026-02-09 00:00:00+00:00, run_after=2026-02-10 00:00:00+00:00
[2026-02-10T02:02:36.146+0000] {processor.py:183} INFO - Processing /home/airflow/.local/lib/python3.12/site-packages/airflow/example_dags/example_setup_teardown.py took 0.102 seconds
[2026-02-10T02:03:06.634+0000] {processor.py:161} INFO - Started process (PID=361) to work on /home/airflow/.local/lib/python3.12/site-packages/airflow/example_dags/example_setup_teardown.py
[2026-02-10T02:03:06.635+0000] {processor.py:830} INFO - Processing file /home/airflow/.local/lib/python3.12/site-packages/airflow/example_dags/example_setup_teardown.py for tasks to queue
[2026-02-10T02:03:06.638+0000] {logging_mixin.py:188} INFO - [2026-02-10T02:03:06.638+0000] {dagbag.py:540} INFO - Filling up the DagBag from /home/airflow/.local/lib/python3.12/site-packages/airflow/example_dags/example_setup_teardown.py
[2026-02-10T02:03:06.645+0000] {processor.py:840} INFO - DAG(s) 'example_setup_teardown' retrieved from /home/airflow/.local/lib/python3.12/site-packages/airflow/example_dags/example_setup_teardown.py
[2026-02-10T02:03:06.671+0000] {logging_mixin.py:188} INFO - [2026-02-10T02:03:06.670+0000] {dag.py:3096} INFO - Sync 1 DAGs
[2026-02-10T02:03:06.697+0000] {logging_mixin.py:188} INFO - [2026-02-10T02:03:06.697+0000] {dag.py:3954} INFO - Setting next_dagrun for example_setup_teardown to 2026-02-09 00:00:00+00:00, run_after=2026-02-10 00:00:00+00:00
[2026-02-10T02:03:06.722+0000] {processor.py:183} INFO - Processing /home/airflow/.local/lib/python3.12/site-packages/airflow/example_dags/example_setup_teardown.py took 0.095 seconds
[2026-02-10T02:03:37.146+0000] {processor.py:161} INFO - Started process (PID=415) to work on /home/airflow/.local/lib/python3.12/site-packages/airflow/example_dags/example_setup_teardown.py
[2026-02-10T02:03:37.147+0000] {processor.py:830} INFO - Processing file /home/airflow/.local/lib/python3.12/site-packages/airflow/example_dags/example_setup_teardown.py for tasks to queue
[2026-02-10T02:03:37.149+0000] {logging_mixin.py:188} INFO - [2026-02-10T02:03:37.148+0000] {dagbag.py:540} INFO - Filling up the DagBag from /home/airflow/.local/lib/python3.12/site-packages/airflow/example_dags/example_setup_teardown.py
[2026-02-10T02:03:37.155+0000] {processor.py:840} INFO - DAG(s) 'example_setup_teardown' retrieved from /home/airflow/.local/lib/python3.12/site-packages/airflow/example_dags/example_setup_teardown.py
[2026-02-10T02:03:37.179+0000] {logging_mixin.py:188} INFO - [2026-02-10T02:03:37.178+0000] {dag.py:3096} INFO - Sync 1 DAGs
[2026-02-10T02:03:37.212+0000] {logging_mixin.py:188} INFO - [2026-02-10T02:03:37.212+0000] {dag.py:3954} INFO - Setting next_dagrun for example_setup_teardown to 2026-02-09 00:00:00+00:00, run_after=2026-02-10 00:00:00+00:00
[2026-02-10T02:03:37.233+0000] {processor.py:183} INFO - Processing /home/airflow/.local/lib/python3.12/site-packages/airflow/example_dags/example_setup_teardown.py took 0.092 seconds
[2026-02-10T02:04:07.775+0000] {processor.py:161} INFO - Started process (PID=469) to work on /home/airflow/.local/lib/python3.12/site-packages/airflow/example_dags/example_setup_teardown.py
[2026-02-10T02:04:07.776+0000] {processor.py:830} INFO - Processing file /home/airflow/.local/lib/python3.12/site-packages/airflow/example_dags/example_setup_teardown.py for tasks to queue
[2026-02-10T02:04:07.778+0000] {logging_mixin.py:188} INFO - [2026-02-10T02:04:07.778+0000] {dagbag.py:540} INFO - Filling up the DagBag from /home/airflow/.local/lib/python3.12/site-packages/airflow/example_dags/example_setup_teardown.py
[2026-02-10T02:04:07.786+0000] {processor.py:840} INFO - DAG(s) 'example_setup_teardown' retrieved from /home/airflow/.local/lib/python3.12/site-packages/airflow/example_dags/example_setup_teardown.py
[2026-02-10T02:04:07.808+0000] {logging_mixin.py:188} INFO - [2026-02-10T02:04:07.808+0000] {dag.py:3096} INFO - Sync 1 DAGs
[2026-02-10T02:04:07.833+0000] {logging_mixin.py:188} INFO - [2026-02-10T02:04:07.833+0000] {dag.py:3954} INFO - Setting next_dagrun for example_setup_teardown to 2026-02-09 00:00:00+00:00, run_after=2026-02-10 00:00:00+00:00
[2026-02-10T02:04:07.855+0000] {processor.py:183} INFO - Processing /home/airflow/.local/lib/python3.12/site-packages/airflow/example_dags/example_setup_teardown.py took 0.086 seconds
[2026-02-10T02:07:44.675+0000] {processor.py:161} INFO - Started process (PID=38) to work on /home/airflow/.local/lib/python3.12/site-packages/airflow/example_dags/example_setup_teardown.py
[2026-02-10T02:07:44.677+0000] {processor.py:830} INFO - Processing file /home/airflow/.local/lib/python3.12/site-packages/airflow/example_dags/example_setup_teardown.py for tasks to queue
[2026-02-10T02:07:44.683+0000] {logging_mixin.py:188} INFO - [2026-02-10T02:07:44.682+0000] {dagbag.py:540} INFO - Filling up the DagBag from /home/airflow/.local/lib/python3.12/site-packages/airflow/example_dags/example_setup_teardown.py
[2026-02-10T02:07:44.715+0000] {processor.py:840} INFO - DAG(s) 'example_setup_teardown' retrieved from /home/airflow/.local/lib/python3.12/site-packages/airflow/example_dags/example_setup_teardown.py
[2026-02-10T02:07:44.761+0000] {logging_mixin.py:188} INFO - [2026-02-10T02:07:44.760+0000] {dag.py:3096} INFO - Sync 1 DAGs
[2026-02-10T02:07:44.840+0000] {logging_mixin.py:188} INFO - [2026-02-10T02:07:44.839+0000] {dag.py:3954} INFO - Setting next_dagrun for example_setup_teardown to 2026-02-09 00:00:00+00:00, run_after=2026-02-10 00:00:00+00:00
[2026-02-10T02:07:44.930+0000] {processor.py:183} INFO - Processing /home/airflow/.local/lib/python3.12/site-packages/airflow/example_dags/example_setup_teardown.py took 0.271 seconds
[2026-02-10T02:08:15.325+0000] {processor.py:161} INFO - Started process (PID=92) to work on /home/airflow/.local/lib/python3.12/site-packages/airflow/example_dags/example_setup_teardown.py
[2026-02-10T02:08:15.328+0000] {processor.py:830} INFO - Processing file /home/airflow/.local/lib/python3.12/site-packages/airflow/example_dags/example_setup_teardown.py for tasks to queue
[2026-02-10T02:08:15.338+0000] {logging_mixin.py:188} INFO - [2026-02-10T02:08:15.337+0000] {dagbag.py:540} INFO - Filling up the DagBag from /home/airflow/.local/lib/python3.12/site-packages/airflow/example_dags/example_setup_teardown.py
[2026-02-10T02:08:15.368+0000] {processor.py:840} INFO - DAG(s) 'example_setup_teardown' retrieved from /home/airflow/.local/lib/python3.12/site-packages/airflow/example_dags/example_setup_teardown.py
[2026-02-10T02:08:15.581+0000] {logging_mixin.py:188} INFO - [2026-02-10T02:08:15.580+0000] {dag.py:3096} INFO - Sync 1 DAGs
[2026-02-10T02:08:15.608+0000] {logging_mixin.py:188} INFO - [2026-02-10T02:08:15.608+0000] {dag.py:3954} INFO - Setting next_dagrun for example_setup_teardown to 2026-02-09 00:00:00+00:00, run_after=2026-02-10 00:00:00+00:00
[2026-02-10T02:08:15.635+0000] {processor.py:183} INFO - Processing /home/airflow/.local/lib/python3.12/site-packages/airflow/example_dags/example_setup_teardown.py took 0.327 seconds
[2026-02-10T02:08:45.959+0000] {processor.py:161} INFO - Started process (PID=146) to work on /home/airflow/.local/lib/python3.12/site-packages/airflow/example_dags/example_setup_teardown.py
[2026-02-10T02:08:45.960+0000] {processor.py:830} INFO - Processing file /home/airflow/.local/lib/python3.12/site-packages/airflow/example_dags/example_setup_teardown.py for tasks to queue
[2026-02-10T02:08:45.962+0000] {logging_mixin.py:188} INFO - [2026-02-10T02:08:45.962+0000] {dagbag.py:540} INFO - Filling up the DagBag from /home/airflow/.local/lib/python3.12/site-packages/airflow/example_dags/example_setup_teardown.py
[2026-02-10T02:08:45.968+0000] {processor.py:840} INFO - DAG(s) 'example_setup_teardown' retrieved from /home/airflow/.local/lib/python3.12/site-packages/airflow/example_dags/example_setup_teardown.py
[2026-02-10T02:08:45.988+0000] {logging_mixin.py:188} INFO - [2026-02-10T02:08:45.988+0000] {dag.py:3096} INFO - Sync 1 DAGs
[2026-02-10T02:08:46.007+0000] {logging_mixin.py:188} INFO - [2026-02-10T02:08:46.007+0000] {dag.py:3954} INFO - Setting next_dagrun for example_setup_teardown to 2026-02-09 00:00:00+00:00, run_after=2026-02-10 00:00:00+00:00
[2026-02-10T02:08:46.027+0000] {processor.py:183} INFO - Processing /home/airflow/.local/lib/python3.12/site-packages/airflow/example_dags/example_setup_teardown.py took 0.072 seconds
[2026-02-10T02:09:16.169+0000] {processor.py:161} INFO - Started process (PID=200) to work on /home/airflow/.local/lib/python3.12/site-packages/airflow/example_dags/example_setup_teardown.py
[2026-02-10T02:09:16.170+0000] {processor.py:830} INFO - Processing file /home/airflow/.local/lib/python3.12/site-packages/airflow/example_dags/example_setup_teardown.py for tasks to queue
[2026-02-10T02:09:16.172+0000] {logging_mixin.py:188} INFO - [2026-02-10T02:09:16.172+0000] {dagbag.py:540} INFO - Filling up the DagBag from /home/airflow/.local/lib/python3.12/site-packages/airflow/example_dags/example_setup_teardown.py
[2026-02-10T02:09:16.178+0000] {processor.py:840} INFO - DAG(s) 'example_setup_teardown' retrieved from /home/airflow/.local/lib/python3.12/site-packages/airflow/example_dags/example_setup_teardown.py
[2026-02-10T02:09:16.201+0000] {logging_mixin.py:188} INFO - [2026-02-10T02:09:16.201+0000] {dag.py:3096} INFO - Sync 1 DAGs
[2026-02-10T02:09:16.221+0000] {logging_mixin.py:188} INFO - [2026-02-10T02:09:16.220+0000] {dag.py:3954} INFO - Setting next_dagrun for example_setup_teardown to 2026-02-09 00:00:00+00:00, run_after=2026-02-10 00:00:00+00:00
[2026-02-10T02:09:16.239+0000] {processor.py:183} INFO - Processing /home/airflow/.local/lib/python3.12/site-packages/airflow/example_dags/example_setup_teardown.py took 0.075 seconds
[2026-02-10T02:09:46.559+0000] {processor.py:161} INFO - Started process (PID=254) to work on /home/airflow/.local/lib/python3.12/site-packages/airflow/example_dags/example_setup_teardown.py
[2026-02-10T02:09:46.560+0000] {processor.py:830} INFO - Processing file /home/airflow/.local/lib/python3.12/site-packages/airflow/example_dags/example_setup_teardown.py for tasks to queue
[2026-02-10T02:09:46.563+0000] {logging_mixin.py:188} INFO - [2026-02-10T02:09:46.562+0000] {dagbag.py:540} INFO - Filling up the DagBag from /home/airflow/.local/lib/python3.12/site-packages/airflow/example_dags/example_setup_teardown.py
[2026-02-10T02:09:46.571+0000] {processor.py:840} INFO - DAG(s) 'example_setup_teardown' retrieved from /home/airflow/.local/lib/python3.12/site-packages/airflow/example_dags/example_setup_teardown.py
[2026-02-10T02:09:46.596+0000] {logging_mixin.py:188} INFO - [2026-02-10T02:09:46.595+0000] {dag.py:3096} INFO - Sync 1 DAGs
[2026-02-10T02:09:46.618+0000] {logging_mixin.py:188} INFO - [2026-02-10T02:09:46.618+0000] {dag.py:3954} INFO - Setting next_dagrun for example_setup_teardown to 2026-02-09 00:00:00+00:00, run_after=2026-02-10 00:00:00+00:00
[2026-02-10T02:09:46.639+0000] {processor.py:183} INFO - Processing /home/airflow/.local/lib/python3.12/site-packages/airflow/example_dags/example_setup_teardown.py took 0.088 seconds
[2026-02-10T02:10:17.172+0000] {processor.py:161} INFO - Started process (PID=308) to work on /home/airflow/.local/lib/python3.12/site-packages/airflow/example_dags/example_setup_teardown.py
[2026-02-10T02:10:17.173+0000] {processor.py:830} INFO - Processing file /home/airflow/.local/lib/python3.12/site-packages/airflow/example_dags/example_setup_teardown.py for tasks to queue
[2026-02-10T02:10:17.175+0000] {logging_mixin.py:188} INFO - [2026-02-10T02:10:17.175+0000] {dagbag.py:540} INFO - Filling up the DagBag from /home/airflow/.local/lib/python3.12/site-packages/airflow/example_dags/example_setup_teardown.py
[2026-02-10T02:10:17.182+0000] {processor.py:840} INFO - DAG(s) 'example_setup_teardown' retrieved from /home/airflow/.local/lib/python3.12/site-packages/airflow/example_dags/example_setup_teardown.py
[2026-02-10T02:10:17.203+0000] {logging_mixin.py:188} INFO - [2026-02-10T02:10:17.202+0000] {dag.py:3096} INFO - Sync 1 DAGs
[2026-02-10T02:10:17.224+0000] {logging_mixin.py:188} INFO - [2026-02-10T02:10:17.223+0000] {dag.py:3954} INFO - Setting next_dagrun for example_setup_teardown to 2026-02-09 00:00:00+00:00, run_after=2026-02-10 00:00:00+00:00
[2026-02-10T02:10:17.246+0000] {processor.py:183} INFO - Processing /home/airflow/.local/lib/python3.12/site-packages/airflow/example_dags/example_setup_teardown.py took 0.080 seconds
[2026-02-10T02:10:47.567+0000] {processor.py:161} INFO - Started process (PID=362) to work on /home/airflow/.local/lib/python3.12/site-packages/airflow/example_dags/example_setup_teardown.py
[2026-02-10T02:10:47.568+0000] {processor.py:830} INFO - Processing file /home/airflow/.local/lib/python3.12/site-packages/airflow/example_dags/example_setup_teardown.py for tasks to queue
[2026-02-10T02:10:47.570+0000] {logging_mixin.py:188} INFO - [2026-02-10T02:10:47.570+0000] {dagbag.py:540} INFO - Filling up the DagBag from /home/airflow/.local/lib/python3.12/site-packages/airflow/example_dags/example_setup_teardown.py
[2026-02-10T02:10:47.576+0000] {processor.py:840} INFO - DAG(s) 'example_setup_teardown' retrieved from /home/airflow/.local/lib/python3.12/site-packages/airflow/example_dags/example_setup_teardown.py
[2026-02-10T02:10:47.598+0000] {logging_mixin.py:188} INFO - [2026-02-10T02:10:47.598+0000] {dag.py:3096} INFO - Sync 1 DAGs
[2026-02-10T02:10:47.618+0000] {logging_mixin.py:188} INFO - [2026-02-10T02:10:47.617+0000] {dag.py:3954} INFO - Setting next_dagrun for example_setup_teardown to 2026-02-09 00:00:00+00:00, run_after=2026-02-10 00:00:00+00:00
[2026-02-10T02:10:47.638+0000] {processor.py:183} INFO - Processing /home/airflow/.local/lib/python3.12/site-packages/airflow/example_dags/example_setup_teardown.py took 0.077 seconds
[2026-02-10T02:16:20.844+0000] {processor.py:161} INFO - Started process (PID=38) to work on /home/airflow/.local/lib/python3.12/site-packages/airflow/example_dags/example_setup_teardown.py
[2026-02-10T02:16:20.847+0000] {processor.py:830} INFO - Processing file /home/airflow/.local/lib/python3.12/site-packages/airflow/example_dags/example_setup_teardown.py for tasks to queue
[2026-02-10T02:16:20.853+0000] {logging_mixin.py:188} INFO - [2026-02-10T02:16:20.852+0000] {dagbag.py:540} INFO - Filling up the DagBag from /home/airflow/.local/lib/python3.12/site-packages/airflow/example_dags/example_setup_teardown.py
[2026-02-10T02:16:20.880+0000] {processor.py:840} INFO - DAG(s) 'example_setup_teardown' retrieved from /home/airflow/.local/lib/python3.12/site-packages/airflow/example_dags/example_setup_teardown.py
[2026-02-10T02:16:20.921+0000] {logging_mixin.py:188} INFO - [2026-02-10T02:16:20.921+0000] {dag.py:3096} INFO - Sync 1 DAGs
[2026-02-10T02:16:20.986+0000] {logging_mixin.py:188} INFO - [2026-02-10T02:16:20.985+0000] {dag.py:3954} INFO - Setting next_dagrun for example_setup_teardown to 2026-02-09 00:00:00+00:00, run_after=2026-02-10 00:00:00+00:00
[2026-02-10T02:16:21.034+0000] {processor.py:183} INFO - Processing /home/airflow/.local/lib/python3.12/site-packages/airflow/example_dags/example_setup_teardown.py took 0.204 seconds
[2026-02-10T02:16:52.283+0000] {processor.py:161} INFO - Started process (PID=92) to work on /home/airflow/.local/lib/python3.12/site-packages/airflow/example_dags/example_setup_teardown.py
[2026-02-10T02:16:52.285+0000] {processor.py:830} INFO - Processing file /home/airflow/.local/lib/python3.12/site-packages/airflow/example_dags/example_setup_teardown.py for tasks to queue
[2026-02-10T02:16:52.291+0000] {logging_mixin.py:188} INFO - [2026-02-10T02:16:52.290+0000] {dagbag.py:540} INFO - Filling up the DagBag from /home/airflow/.local/lib/python3.12/site-packages/airflow/example_dags/example_setup_teardown.py
[2026-02-10T02:16:52.308+0000] {processor.py:840} INFO - DAG(s) 'example_setup_teardown' retrieved from /home/airflow/.local/lib/python3.12/site-packages/airflow/example_dags/example_setup_teardown.py
[2026-02-10T02:16:52.535+0000] {logging_mixin.py:188} INFO - [2026-02-10T02:16:52.535+0000] {dag.py:3096} INFO - Sync 1 DAGs
[2026-02-10T02:16:52.576+0000] {logging_mixin.py:188} INFO - [2026-02-10T02:16:52.575+0000] {dag.py:3954} INFO - Setting next_dagrun for example_setup_teardown to 2026-02-09 00:00:00+00:00, run_after=2026-02-10 00:00:00+00:00
[2026-02-10T02:16:52.614+0000] {processor.py:183} INFO - Processing /home/airflow/.local/lib/python3.12/site-packages/airflow/example_dags/example_setup_teardown.py took 0.350 seconds
[2026-02-10T02:17:22.937+0000] {processor.py:161} INFO - Started process (PID=146) to work on /home/airflow/.local/lib/python3.12/site-packages/airflow/example_dags/example_setup_teardown.py
[2026-02-10T02:17:22.938+0000] {processor.py:830} INFO - Processing file /home/airflow/.local/lib/python3.12/site-packages/airflow/example_dags/example_setup_teardown.py for tasks to queue
[2026-02-10T02:17:22.941+0000] {logging_mixin.py:188} INFO - [2026-02-10T02:17:22.941+0000] {dagbag.py:540} INFO - Filling up the DagBag from /home/airflow/.local/lib/python3.12/site-packages/airflow/example_dags/example_setup_teardown.py
[2026-02-10T02:17:22.949+0000] {processor.py:840} INFO - DAG(s) 'example_setup_teardown' retrieved from /home/airflow/.local/lib/python3.12/site-packages/airflow/example_dags/example_setup_teardown.py
[2026-02-10T02:17:22.971+0000] {logging_mixin.py:188} INFO - [2026-02-10T02:17:22.971+0000] {dag.py:3096} INFO - Sync 1 DAGs
[2026-02-10T02:17:22.995+0000] {logging_mixin.py:188} INFO - [2026-02-10T02:17:22.995+0000] {dag.py:3954} INFO - Setting next_dagrun for example_setup_teardown to 2026-02-09 00:00:00+00:00, run_after=2026-02-10 00:00:00+00:00
[2026-02-10T02:17:23.021+0000] {processor.py:183} INFO - Processing /home/airflow/.local/lib/python3.12/site-packages/airflow/example_dags/example_setup_teardown.py took 0.090 seconds
[2026-02-10T02:17:53.394+0000] {processor.py:161} INFO - Started process (PID=200) to work on /home/airflow/.local/lib/python3.12/site-packages/airflow/example_dags/example_setup_teardown.py
[2026-02-10T02:17:53.395+0000] {processor.py:830} INFO - Processing file /home/airflow/.local/lib/python3.12/site-packages/airflow/example_dags/example_setup_teardown.py for tasks to queue
[2026-02-10T02:17:53.397+0000] {logging_mixin.py:188} INFO - [2026-02-10T02:17:53.397+0000] {dagbag.py:540} INFO - Filling up the DagBag from /home/airflow/.local/lib/python3.12/site-packages/airflow/example_dags/example_setup_teardown.py
[2026-02-10T02:17:53.406+0000] {processor.py:840} INFO - DAG(s) 'example_setup_teardown' retrieved from /home/airflow/.local/lib/python3.12/site-packages/airflow/example_dags/example_setup_teardown.py
[2026-02-10T02:17:53.431+0000] {logging_mixin.py:188} INFO - [2026-02-10T02:17:53.431+0000] {dag.py:3096} INFO - Sync 1 DAGs
[2026-02-10T02:17:53.453+0000] {logging_mixin.py:188} INFO - [2026-02-10T02:17:53.453+0000] {dag.py:3954} INFO - Setting next_dagrun for example_setup_teardown to 2026-02-09 00:00:00+00:00, run_after=2026-02-10 00:00:00+00:00
[2026-02-10T02:17:53.477+0000] {processor.py:183} INFO - Processing /home/airflow/.local/lib/python3.12/site-packages/airflow/example_dags/example_setup_teardown.py took 0.089 seconds
[2026-02-10T02:18:23.907+0000] {processor.py:161} INFO - Started process (PID=254) to work on /home/airflow/.local/lib/python3.12/site-packages/airflow/example_dags/example_setup_teardown.py
[2026-02-10T02:18:23.908+0000] {processor.py:830} INFO - Processing file /home/airflow/.local/lib/python3.12/site-packages/airflow/example_dags/example_setup_teardown.py for tasks to queue
[2026-02-10T02:18:23.910+0000] {logging_mixin.py:188} INFO - [2026-02-10T02:18:23.910+0000] {dagbag.py:540} INFO - Filling up the DagBag from /home/airflow/.local/lib/python3.12/site-packages/airflow/example_dags/example_setup_teardown.py
[2026-02-10T02:18:23.916+0000] {processor.py:840} INFO - DAG(s) 'example_setup_teardown' retrieved from /home/airflow/.local/lib/python3.12/site-packages/airflow/example_dags/example_setup_teardown.py
[2026-02-10T02:18:23.948+0000] {logging_mixin.py:188} INFO - [2026-02-10T02:18:23.948+0000] {dag.py:3096} INFO - Sync 1 DAGs
[2026-02-10T02:18:23.970+0000] {logging_mixin.py:188} INFO - [2026-02-10T02:18:23.969+0000] {dag.py:3954} INFO - Setting next_dagrun for example_setup_teardown to 2026-02-09 00:00:00+00:00, run_after=2026-02-10 00:00:00+00:00
[2026-02-10T02:18:23.989+0000] {processor.py:183} INFO - Processing /home/airflow/.local/lib/python3.12/site-packages/airflow/example_dags/example_setup_teardown.py took 0.088 seconds
[2026-02-10T02:18:54.274+0000] {processor.py:161} INFO - Started process (PID=308) to work on /home/airflow/.local/lib/python3.12/site-packages/airflow/example_dags/example_setup_teardown.py
[2026-02-10T02:18:54.275+0000] {processor.py:830} INFO - Processing file /home/airflow/.local/lib/python3.12/site-packages/airflow/example_dags/example_setup_teardown.py for tasks to queue
[2026-02-10T02:18:54.277+0000] {logging_mixin.py:188} INFO - [2026-02-10T02:18:54.276+0000] {dagbag.py:540} INFO - Filling up the DagBag from /home/airflow/.local/lib/python3.12/site-packages/airflow/example_dags/example_setup_teardown.py
[2026-02-10T02:18:54.284+0000] {processor.py:840} INFO - DAG(s) 'example_setup_teardown' retrieved from /home/airflow/.local/lib/python3.12/site-packages/airflow/example_dags/example_setup_teardown.py
[2026-02-10T02:18:54.310+0000] {logging_mixin.py:188} INFO - [2026-02-10T02:18:54.310+0000] {dag.py:3096} INFO - Sync 1 DAGs
[2026-02-10T02:18:54.332+0000] {logging_mixin.py:188} INFO - [2026-02-10T02:18:54.332+0000] {dag.py:3954} INFO - Setting next_dagrun for example_setup_teardown to 2026-02-09 00:00:00+00:00, run_after=2026-02-10 00:00:00+00:00
[2026-02-10T02:18:54.362+0000] {processor.py:183} INFO - Processing /home/airflow/.local/lib/python3.12/site-packages/airflow/example_dags/example_setup_teardown.py took 0.094 seconds
[2026-02-10T02:19:24.836+0000] {processor.py:161} INFO - Started process (PID=362) to work on /home/airflow/.local/lib/python3.12/site-packages/airflow/example_dags/example_setup_teardown.py
[2026-02-10T02:19:24.837+0000] {processor.py:830} INFO - Processing file /home/airflow/.local/lib/python3.12/site-packages/airflow/example_dags/example_setup_teardown.py for tasks to queue
[2026-02-10T02:19:24.839+0000] {logging_mixin.py:188} INFO - [2026-02-10T02:19:24.839+0000] {dagbag.py:540} INFO - Filling up the DagBag from /home/airflow/.local/lib/python3.12/site-packages/airflow/example_dags/example_setup_teardown.py
[2026-02-10T02:19:24.848+0000] {processor.py:840} INFO - DAG(s) 'example_setup_teardown' retrieved from /home/airflow/.local/lib/python3.12/site-packages/airflow/example_dags/example_setup_teardown.py
[2026-02-10T02:19:24.871+0000] {logging_mixin.py:188} INFO - [2026-02-10T02:19:24.871+0000] {dag.py:3096} INFO - Sync 1 DAGs
[2026-02-10T02:19:24.894+0000] {logging_mixin.py:188} INFO - [2026-02-10T02:19:24.893+0000] {dag.py:3954} INFO - Setting next_dagrun for example_setup_teardown to 2026-02-09 00:00:00+00:00, run_after=2026-02-10 00:00:00+00:00
[2026-02-10T02:19:24.917+0000] {processor.py:183} INFO - Processing /home/airflow/.local/lib/python3.12/site-packages/airflow/example_dags/example_setup_teardown.py took 0.087 seconds
[2026-02-10T02:19:55.437+0000] {processor.py:161} INFO - Started process (PID=416) to work on /home/airflow/.local/lib/python3.12/site-packages/airflow/example_dags/example_setup_teardown.py
[2026-02-10T02:19:55.438+0000] {processor.py:830} INFO - Processing file /home/airflow/.local/lib/python3.12/site-packages/airflow/example_dags/example_setup_teardown.py for tasks to queue
[2026-02-10T02:19:55.442+0000] {logging_mixin.py:188} INFO - [2026-02-10T02:19:55.441+0000] {dagbag.py:540} INFO - Filling up the DagBag from /home/airflow/.local/lib/python3.12/site-packages/airflow/example_dags/example_setup_teardown.py
[2026-02-10T02:19:55.448+0000] {processor.py:840} INFO - DAG(s) 'example_setup_teardown' retrieved from /home/airflow/.local/lib/python3.12/site-packages/airflow/example_dags/example_setup_teardown.py
[2026-02-10T02:19:55.473+0000] {logging_mixin.py:188} INFO - [2026-02-10T02:19:55.472+0000] {dag.py:3096} INFO - Sync 1 DAGs
[2026-02-10T02:19:55.496+0000] {logging_mixin.py:188} INFO - [2026-02-10T02:19:55.496+0000] {dag.py:3954} INFO - Setting next_dagrun for example_setup_teardown to 2026-02-09 00:00:00+00:00, run_after=2026-02-10 00:00:00+00:00
[2026-02-10T02:19:55.515+0000] {processor.py:183} INFO - Processing /home/airflow/.local/lib/python3.12/site-packages/airflow/example_dags/example_setup_teardown.py took 0.084 seconds
[2026-02-10T02:20:25.752+0000] {processor.py:161} INFO - Started process (PID=470) to work on /home/airflow/.local/lib/python3.12/site-packages/airflow/example_dags/example_setup_teardown.py
[2026-02-10T02:20:25.753+0000] {processor.py:830} INFO - Processing file /home/airflow/.local/lib/python3.12/site-packages/airflow/example_dags/example_setup_teardown.py for tasks to queue
[2026-02-10T02:20:25.755+0000] {logging_mixin.py:188} INFO - [2026-02-10T02:20:25.755+0000] {dagbag.py:540} INFO - Filling up the DagBag from /home/airflow/.local/lib/python3.12/site-packages/airflow/example_dags/example_setup_teardown.py
[2026-02-10T02:20:25.761+0000] {processor.py:840} INFO - DAG(s) 'example_setup_teardown' retrieved from /home/airflow/.local/lib/python3.12/site-packages/airflow/example_dags/example_setup_teardown.py
[2026-02-10T02:20:25.782+0000] {logging_mixin.py:188} INFO - [2026-02-10T02:20:25.782+0000] {dag.py:3096} INFO - Sync 1 DAGs
[2026-02-10T02:20:25.804+0000] {logging_mixin.py:188} INFO - [2026-02-10T02:20:25.804+0000] {dag.py:3954} INFO - Setting next_dagrun for example_setup_teardown to 2026-02-09 00:00:00+00:00, run_after=2026-02-10 00:00:00+00:00
[2026-02-10T02:20:25.824+0000] {processor.py:183} INFO - Processing /home/airflow/.local/lib/python3.12/site-packages/airflow/example_dags/example_setup_teardown.py took 0.077 seconds
[2026-02-10T02:20:56.733+0000] {processor.py:161} INFO - Started process (PID=524) to work on /home/airflow/.local/lib/python3.12/site-packages/airflow/example_dags/example_setup_teardown.py
[2026-02-10T02:20:56.734+0000] {processor.py:830} INFO - Processing file /home/airflow/.local/lib/python3.12/site-packages/airflow/example_dags/example_setup_teardown.py for tasks to queue
[2026-02-10T02:20:56.736+0000] {logging_mixin.py:188} INFO - [2026-02-10T02:20:56.735+0000] {dagbag.py:540} INFO - Filling up the DagBag from /home/airflow/.local/lib/python3.12/site-packages/airflow/example_dags/example_setup_teardown.py
[2026-02-10T02:20:56.742+0000] {processor.py:840} INFO - DAG(s) 'example_setup_teardown' retrieved from /home/airflow/.local/lib/python3.12/site-packages/airflow/example_dags/example_setup_teardown.py
[2026-02-10T02:20:56.763+0000] {logging_mixin.py:188} INFO - [2026-02-10T02:20:56.763+0000] {dag.py:3096} INFO - Sync 1 DAGs
[2026-02-10T02:20:56.783+0000] {logging_mixin.py:188} INFO - [2026-02-10T02:20:56.783+0000] {dag.py:3954} INFO - Setting next_dagrun for example_setup_teardown to 2026-02-09 00:00:00+00:00, run_after=2026-02-10 00:00:00+00:00
[2026-02-10T02:20:56.813+0000] {processor.py:183} INFO - Processing /home/airflow/.local/lib/python3.12/site-packages/airflow/example_dags/example_setup_teardown.py took 0.086 seconds
[2026-02-10T02:21:26.985+0000] {processor.py:161} INFO - Started process (PID=578) to work on /home/airflow/.local/lib/python3.12/site-packages/airflow/example_dags/example_setup_teardown.py
[2026-02-10T02:21:26.986+0000] {processor.py:830} INFO - Processing file /home/airflow/.local/lib/python3.12/site-packages/airflow/example_dags/example_setup_teardown.py for tasks to queue
[2026-02-10T02:21:26.988+0000] {logging_mixin.py:188} INFO - [2026-02-10T02:21:26.988+0000] {dagbag.py:540} INFO - Filling up the DagBag from /home/airflow/.local/lib/python3.12/site-packages/airflow/example_dags/example_setup_teardown.py
[2026-02-10T02:21:26.994+0000] {processor.py:840} INFO - DAG(s) 'example_setup_teardown' retrieved from /home/airflow/.local/lib/python3.12/site-packages/airflow/example_dags/example_setup_teardown.py
[2026-02-10T02:21:27.015+0000] {logging_mixin.py:188} INFO - [2026-02-10T02:21:27.015+0000] {dag.py:3096} INFO - Sync 1 DAGs
[2026-02-10T02:21:27.035+0000] {logging_mixin.py:188} INFO - [2026-02-10T02:21:27.035+0000] {dag.py:3954} INFO - Setting next_dagrun for example_setup_teardown to 2026-02-09 00:00:00+00:00, run_after=2026-02-10 00:00:00+00:00
[2026-02-10T02:21:27.064+0000] {processor.py:183} INFO - Processing /home/airflow/.local/lib/python3.12/site-packages/airflow/example_dags/example_setup_teardown.py took 0.084 seconds
[2026-02-10T02:21:57.282+0000] {processor.py:161} INFO - Started process (PID=632) to work on /home/airflow/.local/lib/python3.12/site-packages/airflow/example_dags/example_setup_teardown.py
[2026-02-10T02:21:57.284+0000] {processor.py:830} INFO - Processing file /home/airflow/.local/lib/python3.12/site-packages/airflow/example_dags/example_setup_teardown.py for tasks to queue
[2026-02-10T02:21:57.285+0000] {logging_mixin.py:188} INFO - [2026-02-10T02:21:57.285+0000] {dagbag.py:540} INFO - Filling up the DagBag from /home/airflow/.local/lib/python3.12/site-packages/airflow/example_dags/example_setup_teardown.py
[2026-02-10T02:21:57.292+0000] {processor.py:840} INFO - DAG(s) 'example_setup_teardown' retrieved from /home/airflow/.local/lib/python3.12/site-packages/airflow/example_dags/example_setup_teardown.py
[2026-02-10T02:21:57.312+0000] {logging_mixin.py:188} INFO - [2026-02-10T02:21:57.312+0000] {dag.py:3096} INFO - Sync 1 DAGs
[2026-02-10T02:21:57.334+0000] {logging_mixin.py:188} INFO - [2026-02-10T02:21:57.334+0000] {dag.py:3954} INFO - Setting next_dagrun for example_setup_teardown to 2026-02-09 00:00:00+00:00, run_after=2026-02-10 00:00:00+00:00
[2026-02-10T02:21:57.362+0000] {processor.py:183} INFO - Processing /home/airflow/.local/lib/python3.12/site-packages/airflow/example_dags/example_setup_teardown.py took 0.085 seconds
[2026-02-10T02:22:27.975+0000] {processor.py:161} INFO - Started process (PID=686) to work on /home/airflow/.local/lib/python3.12/site-packages/airflow/example_dags/example_setup_teardown.py
[2026-02-10T02:22:27.976+0000] {processor.py:830} INFO - Processing file /home/airflow/.local/lib/python3.12/site-packages/airflow/example_dags/example_setup_teardown.py for tasks to queue
[2026-02-10T02:22:27.978+0000] {logging_mixin.py:188} INFO - [2026-02-10T02:22:27.977+0000] {dagbag.py:540} INFO - Filling up the DagBag from /home/airflow/.local/lib/python3.12/site-packages/airflow/example_dags/example_setup_teardown.py
[2026-02-10T02:22:27.985+0000] {processor.py:840} INFO - DAG(s) 'example_setup_teardown' retrieved from /home/airflow/.local/lib/python3.12/site-packages/airflow/example_dags/example_setup_teardown.py
[2026-02-10T02:22:28.005+0000] {logging_mixin.py:188} INFO - [2026-02-10T02:22:28.005+0000] {dag.py:3096} INFO - Sync 1 DAGs
[2026-02-10T02:22:28.025+0000] {logging_mixin.py:188} INFO - [2026-02-10T02:22:28.025+0000] {dag.py:3954} INFO - Setting next_dagrun for example_setup_teardown to 2026-02-09 00:00:00+00:00, run_after=2026-02-10 00:00:00+00:00
[2026-02-10T02:22:28.054+0000] {processor.py:183} INFO - Processing /home/airflow/.local/lib/python3.12/site-packages/airflow/example_dags/example_setup_teardown.py took 0.086 seconds
[2026-02-10T02:22:58.525+0000] {processor.py:161} INFO - Started process (PID=740) to work on /home/airflow/.local/lib/python3.12/site-packages/airflow/example_dags/example_setup_teardown.py
[2026-02-10T02:22:58.526+0000] {processor.py:830} INFO - Processing file /home/airflow/.local/lib/python3.12/site-packages/airflow/example_dags/example_setup_teardown.py for tasks to queue
[2026-02-10T02:22:58.529+0000] {logging_mixin.py:188} INFO - [2026-02-10T02:22:58.528+0000] {dagbag.py:540} INFO - Filling up the DagBag from /home/airflow/.local/lib/python3.12/site-packages/airflow/example_dags/example_setup_teardown.py
[2026-02-10T02:22:58.538+0000] {processor.py:840} INFO - DAG(s) 'example_setup_teardown' retrieved from /home/airflow/.local/lib/python3.12/site-packages/airflow/example_dags/example_setup_teardown.py
[2026-02-10T02:22:58.562+0000] {logging_mixin.py:188} INFO - [2026-02-10T02:22:58.562+0000] {dag.py:3096} INFO - Sync 1 DAGs
[2026-02-10T02:22:58.585+0000] {logging_mixin.py:188} INFO - [2026-02-10T02:22:58.585+0000] {dag.py:3954} INFO - Setting next_dagrun for example_setup_teardown to 2026-02-09 00:00:00+00:00, run_after=2026-02-10 00:00:00+00:00
[2026-02-10T02:22:58.618+0000] {processor.py:183} INFO - Processing /home/airflow/.local/lib/python3.12/site-packages/airflow/example_dags/example_setup_teardown.py took 0.099 seconds
[2026-02-10T02:23:28.916+0000] {processor.py:161} INFO - Started process (PID=794) to work on /home/airflow/.local/lib/python3.12/site-packages/airflow/example_dags/example_setup_teardown.py
[2026-02-10T02:23:28.917+0000] {processor.py:830} INFO - Processing file /home/airflow/.local/lib/python3.12/site-packages/airflow/example_dags/example_setup_teardown.py for tasks to queue
[2026-02-10T02:23:28.919+0000] {logging_mixin.py:188} INFO - [2026-02-10T02:23:28.918+0000] {dagbag.py:540} INFO - Filling up the DagBag from /home/airflow/.local/lib/python3.12/site-packages/airflow/example_dags/example_setup_teardown.py
[2026-02-10T02:23:28.926+0000] {processor.py:840} INFO - DAG(s) 'example_setup_teardown' retrieved from /home/airflow/.local/lib/python3.12/site-packages/airflow/example_dags/example_setup_teardown.py
[2026-02-10T02:23:28.948+0000] {logging_mixin.py:188} INFO - [2026-02-10T02:23:28.947+0000] {dag.py:3096} INFO - Sync 1 DAGs
[2026-02-10T02:23:28.967+0000] {logging_mixin.py:188} INFO - [2026-02-10T02:23:28.967+0000] {dag.py:3954} INFO - Setting next_dagrun for example_setup_teardown to 2026-02-09 00:00:00+00:00, run_after=2026-02-10 00:00:00+00:00
[2026-02-10T02:23:28.988+0000] {processor.py:183} INFO - Processing /home/airflow/.local/lib/python3.12/site-packages/airflow/example_dags/example_setup_teardown.py took 0.078 seconds
[2026-02-10T02:23:59.246+0000] {processor.py:161} INFO - Started process (PID=848) to work on /home/airflow/.local/lib/python3.12/site-packages/airflow/example_dags/example_setup_teardown.py
[2026-02-10T02:23:59.247+0000] {processor.py:830} INFO - Processing file /home/airflow/.local/lib/python3.12/site-packages/airflow/example_dags/example_setup_teardown.py for tasks to queue
[2026-02-10T02:23:59.250+0000] {logging_mixin.py:188} INFO - [2026-02-10T02:23:59.250+0000] {dagbag.py:540} INFO - Filling up the DagBag from /home/airflow/.local/lib/python3.12/site-packages/airflow/example_dags/example_setup_teardown.py
[2026-02-10T02:23:59.256+0000] {processor.py:840} INFO - DAG(s) 'example_setup_teardown' retrieved from /home/airflow/.local/lib/python3.12/site-packages/airflow/example_dags/example_setup_teardown.py
[2026-02-10T02:23:59.276+0000] {logging_mixin.py:188} INFO - [2026-02-10T02:23:59.276+0000] {dag.py:3096} INFO - Sync 1 DAGs
[2026-02-10T02:23:59.296+0000] {logging_mixin.py:188} INFO - [2026-02-10T02:23:59.296+0000] {dag.py:3954} INFO - Setting next_dagrun for example_setup_teardown to 2026-02-09 00:00:00+00:00, run_after=2026-02-10 00:00:00+00:00
[2026-02-10T02:23:59.328+0000] {processor.py:183} INFO - Processing /home/airflow/.local/lib/python3.12/site-packages/airflow/example_dags/example_setup_teardown.py took 0.087 seconds
[2026-02-10T02:24:29.802+0000] {processor.py:161} INFO - Started process (PID=902) to work on /home/airflow/.local/lib/python3.12/site-packages/airflow/example_dags/example_setup_teardown.py
[2026-02-10T02:24:29.804+0000] {processor.py:830} INFO - Processing file /home/airflow/.local/lib/python3.12/site-packages/airflow/example_dags/example_setup_teardown.py for tasks to queue
[2026-02-10T02:24:29.808+0000] {logging_mixin.py:188} INFO - [2026-02-10T02:24:29.808+0000] {dagbag.py:540} INFO - Filling up the DagBag from /home/airflow/.local/lib/python3.12/site-packages/airflow/example_dags/example_setup_teardown.py
[2026-02-10T02:24:29.817+0000] {processor.py:840} INFO - DAG(s) 'example_setup_teardown' retrieved from /home/airflow/.local/lib/python3.12/site-packages/airflow/example_dags/example_setup_teardown.py
[2026-02-10T02:24:29.848+0000] {logging_mixin.py:188} INFO - [2026-02-10T02:24:29.848+0000] {dag.py:3096} INFO - Sync 1 DAGs
[2026-02-10T02:24:29.885+0000] {logging_mixin.py:188} INFO - [2026-02-10T02:24:29.884+0000] {dag.py:3954} INFO - Setting next_dagrun for example_setup_teardown to 2026-02-09 00:00:00+00:00, run_after=2026-02-10 00:00:00+00:00
[2026-02-10T02:24:29.922+0000] {processor.py:183} INFO - Processing /home/airflow/.local/lib/python3.12/site-packages/airflow/example_dags/example_setup_teardown.py took 0.127 seconds
[2026-02-10T02:25:00.126+0000] {processor.py:161} INFO - Started process (PID=956) to work on /home/airflow/.local/lib/python3.12/site-packages/airflow/example_dags/example_setup_teardown.py
[2026-02-10T02:25:00.127+0000] {processor.py:830} INFO - Processing file /home/airflow/.local/lib/python3.12/site-packages/airflow/example_dags/example_setup_teardown.py for tasks to queue
[2026-02-10T02:25:00.129+0000] {logging_mixin.py:188} INFO - [2026-02-10T02:25:00.128+0000] {dagbag.py:540} INFO - Filling up the DagBag from /home/airflow/.local/lib/python3.12/site-packages/airflow/example_dags/example_setup_teardown.py
[2026-02-10T02:25:00.134+0000] {processor.py:840} INFO - DAG(s) 'example_setup_teardown' retrieved from /home/airflow/.local/lib/python3.12/site-packages/airflow/example_dags/example_setup_teardown.py
[2026-02-10T02:25:00.153+0000] {logging_mixin.py:188} INFO - [2026-02-10T02:25:00.153+0000] {dag.py:3096} INFO - Sync 1 DAGs
[2026-02-10T02:25:00.173+0000] {logging_mixin.py:188} INFO - [2026-02-10T02:25:00.173+0000] {dag.py:3954} INFO - Setting next_dagrun for example_setup_teardown to 2026-02-09 00:00:00+00:00, run_after=2026-02-10 00:00:00+00:00
[2026-02-10T02:25:00.192+0000] {processor.py:183} INFO - Processing /home/airflow/.local/lib/python3.12/site-packages/airflow/example_dags/example_setup_teardown.py took 0.072 seconds
[2026-02-10T02:25:30.712+0000] {processor.py:161} INFO - Started process (PID=1010) to work on /home/airflow/.local/lib/python3.12/site-packages/airflow/example_dags/example_setup_teardown.py
[2026-02-10T02:25:30.713+0000] {processor.py:830} INFO - Processing file /home/airflow/.local/lib/python3.12/site-packages/airflow/example_dags/example_setup_teardown.py for tasks to queue
[2026-02-10T02:25:30.715+0000] {logging_mixin.py:188} INFO - [2026-02-10T02:25:30.715+0000] {dagbag.py:540} INFO - Filling up the DagBag from /home/airflow/.local/lib/python3.12/site-packages/airflow/example_dags/example_setup_teardown.py
[2026-02-10T02:25:30.727+0000] {processor.py:840} INFO - DAG(s) 'example_setup_teardown' retrieved from /home/airflow/.local/lib/python3.12/site-packages/airflow/example_dags/example_setup_teardown.py
[2026-02-10T02:25:30.750+0000] {logging_mixin.py:188} INFO - [2026-02-10T02:25:30.750+0000] {dag.py:3096} INFO - Sync 1 DAGs
[2026-02-10T02:25:30.777+0000] {logging_mixin.py:188} INFO - [2026-02-10T02:25:30.777+0000] {dag.py:3954} INFO - Setting next_dagrun for example_setup_teardown to 2026-02-09 00:00:00+00:00, run_after=2026-02-10 00:00:00+00:00
[2026-02-10T02:25:30.807+0000] {processor.py:183} INFO - Processing /home/airflow/.local/lib/python3.12/site-packages/airflow/example_dags/example_setup_teardown.py took 0.101 seconds
[2026-02-10T02:26:00.999+0000] {processor.py:161} INFO - Started process (PID=1064) to work on /home/airflow/.local/lib/python3.12/site-packages/airflow/example_dags/example_setup_teardown.py
[2026-02-10T02:26:01.000+0000] {processor.py:830} INFO - Processing file /home/airflow/.local/lib/python3.12/site-packages/airflow/example_dags/example_setup_teardown.py for tasks to queue
[2026-02-10T02:26:01.002+0000] {logging_mixin.py:188} INFO - [2026-02-10T02:26:01.002+0000] {dagbag.py:540} INFO - Filling up the DagBag from /home/airflow/.local/lib/python3.12/site-packages/airflow/example_dags/example_setup_teardown.py
[2026-02-10T02:26:01.008+0000] {processor.py:840} INFO - DAG(s) 'example_setup_teardown' retrieved from /home/airflow/.local/lib/python3.12/site-packages/airflow/example_dags/example_setup_teardown.py
[2026-02-10T02:26:01.032+0000] {logging_mixin.py:188} INFO - [2026-02-10T02:26:01.031+0000] {dag.py:3096} INFO - Sync 1 DAGs
[2026-02-10T02:26:01.054+0000] {logging_mixin.py:188} INFO - [2026-02-10T02:26:01.054+0000] {dag.py:3954} INFO - Setting next_dagrun for example_setup_teardown to 2026-02-09 00:00:00+00:00, run_after=2026-02-10 00:00:00+00:00
[2026-02-10T02:26:01.082+0000] {processor.py:183} INFO - Processing /home/airflow/.local/lib/python3.12/site-packages/airflow/example_dags/example_setup_teardown.py took 0.090 seconds
[2026-02-10T02:26:31.749+0000] {processor.py:161} INFO - Started process (PID=1118) to work on /home/airflow/.local/lib/python3.12/site-packages/airflow/example_dags/example_setup_teardown.py
[2026-02-10T02:26:31.750+0000] {processor.py:830} INFO - Processing file /home/airflow/.local/lib/python3.12/site-packages/airflow/example_dags/example_setup_teardown.py for tasks to queue
[2026-02-10T02:26:31.751+0000] {logging_mixin.py:188} INFO - [2026-02-10T02:26:31.751+0000] {dagbag.py:540} INFO - Filling up the DagBag from /home/airflow/.local/lib/python3.12/site-packages/airflow/example_dags/example_setup_teardown.py
[2026-02-10T02:26:31.758+0000] {processor.py:840} INFO - DAG(s) 'example_setup_teardown' retrieved from /home/airflow/.local/lib/python3.12/site-packages/airflow/example_dags/example_setup_teardown.py
[2026-02-10T02:26:31.779+0000] {logging_mixin.py:188} INFO - [2026-02-10T02:26:31.779+0000] {dag.py:3096} INFO - Sync 1 DAGs
[2026-02-10T02:26:31.935+0000] {logging_mixin.py:188} INFO - [2026-02-10T02:26:31.935+0000] {dag.py:3954} INFO - Setting next_dagrun for example_setup_teardown to 2026-02-09 00:00:00+00:00, run_after=2026-02-10 00:00:00+00:00
[2026-02-10T02:26:31.954+0000] {processor.py:183} INFO - Processing /home/airflow/.local/lib/python3.12/site-packages/airflow/example_dags/example_setup_teardown.py took 0.211 seconds
[2026-02-10T02:27:02.935+0000] {processor.py:161} INFO - Started process (PID=1172) to work on /home/airflow/.local/lib/python3.12/site-packages/airflow/example_dags/example_setup_teardown.py
[2026-02-10T02:27:02.936+0000] {processor.py:830} INFO - Processing file /home/airflow/.local/lib/python3.12/site-packages/airflow/example_dags/example_setup_teardown.py for tasks to queue
[2026-02-10T02:27:02.939+0000] {logging_mixin.py:188} INFO - [2026-02-10T02:27:02.938+0000] {dagbag.py:540} INFO - Filling up the DagBag from /home/airflow/.local/lib/python3.12/site-packages/airflow/example_dags/example_setup_teardown.py
[2026-02-10T02:27:02.947+0000] {processor.py:840} INFO - DAG(s) 'example_setup_teardown' retrieved from /home/airflow/.local/lib/python3.12/site-packages/airflow/example_dags/example_setup_teardown.py
[2026-02-10T02:27:02.987+0000] {logging_mixin.py:188} INFO - [2026-02-10T02:27:02.987+0000] {dag.py:3096} INFO - Sync 1 DAGs
[2026-02-10T02:27:03.016+0000] {logging_mixin.py:188} INFO - [2026-02-10T02:27:03.016+0000] {dag.py:3954} INFO - Setting next_dagrun for example_setup_teardown to 2026-02-09 00:00:00+00:00, run_after=2026-02-10 00:00:00+00:00
[2026-02-10T02:27:03.264+0000] {processor.py:183} INFO - Processing /home/airflow/.local/lib/python3.12/site-packages/airflow/example_dags/example_setup_teardown.py took 0.334 seconds
[2026-02-10T02:27:34.304+0000] {processor.py:161} INFO - Started process (PID=1226) to work on /home/airflow/.local/lib/python3.12/site-packages/airflow/example_dags/example_setup_teardown.py
[2026-02-10T02:27:34.305+0000] {processor.py:830} INFO - Processing file /home/airflow/.local/lib/python3.12/site-packages/airflow/example_dags/example_setup_teardown.py for tasks to queue
[2026-02-10T02:27:34.307+0000] {logging_mixin.py:188} INFO - [2026-02-10T02:27:34.307+0000] {dagbag.py:540} INFO - Filling up the DagBag from /home/airflow/.local/lib/python3.12/site-packages/airflow/example_dags/example_setup_teardown.py
[2026-02-10T02:27:34.314+0000] {processor.py:840} INFO - DAG(s) 'example_setup_teardown' retrieved from /home/airflow/.local/lib/python3.12/site-packages/airflow/example_dags/example_setup_teardown.py
[2026-02-10T02:27:34.336+0000] {logging_mixin.py:188} INFO - [2026-02-10T02:27:34.336+0000] {dag.py:3096} INFO - Sync 1 DAGs
[2026-02-10T02:27:34.361+0000] {logging_mixin.py:188} INFO - [2026-02-10T02:27:34.360+0000] {dag.py:3954} INFO - Setting next_dagrun for example_setup_teardown to 2026-02-09 00:00:00+00:00, run_after=2026-02-10 00:00:00+00:00
[2026-02-10T02:27:34.387+0000] {processor.py:183} INFO - Processing /home/airflow/.local/lib/python3.12/site-packages/airflow/example_dags/example_setup_teardown.py took 0.088 seconds
[2026-02-10T02:28:04.793+0000] {processor.py:161} INFO - Started process (PID=1280) to work on /home/airflow/.local/lib/python3.12/site-packages/airflow/example_dags/example_setup_teardown.py
[2026-02-10T02:28:04.794+0000] {processor.py:830} INFO - Processing file /home/airflow/.local/lib/python3.12/site-packages/airflow/example_dags/example_setup_teardown.py for tasks to queue
[2026-02-10T02:28:04.796+0000] {logging_mixin.py:188} INFO - [2026-02-10T02:28:04.795+0000] {dagbag.py:540} INFO - Filling up the DagBag from /home/airflow/.local/lib/python3.12/site-packages/airflow/example_dags/example_setup_teardown.py
[2026-02-10T02:28:04.969+0000] {processor.py:840} INFO - DAG(s) 'example_setup_teardown' retrieved from /home/airflow/.local/lib/python3.12/site-packages/airflow/example_dags/example_setup_teardown.py
[2026-02-10T02:28:04.989+0000] {logging_mixin.py:188} INFO - [2026-02-10T02:28:04.988+0000] {dag.py:3096} INFO - Sync 1 DAGs
[2026-02-10T02:28:05.008+0000] {logging_mixin.py:188} INFO - [2026-02-10T02:28:05.008+0000] {dag.py:3954} INFO - Setting next_dagrun for example_setup_teardown to 2026-02-09 00:00:00+00:00, run_after=2026-02-10 00:00:00+00:00
[2026-02-10T02:28:05.030+0000] {processor.py:183} INFO - Processing /home/airflow/.local/lib/python3.12/site-packages/airflow/example_dags/example_setup_teardown.py took 0.245 seconds
[2026-02-10T02:28:35.812+0000] {processor.py:161} INFO - Started process (PID=1334) to work on /home/airflow/.local/lib/python3.12/site-packages/airflow/example_dags/example_setup_teardown.py
[2026-02-10T02:28:35.813+0000] {processor.py:830} INFO - Processing file /home/airflow/.local/lib/python3.12/site-packages/airflow/example_dags/example_setup_teardown.py for tasks to queue
[2026-02-10T02:28:35.815+0000] {logging_mixin.py:188} INFO - [2026-02-10T02:28:35.815+0000] {dagbag.py:540} INFO - Filling up the DagBag from /home/airflow/.local/lib/python3.12/site-packages/airflow/example_dags/example_setup_teardown.py
[2026-02-10T02:28:35.822+0000] {processor.py:840} INFO - DAG(s) 'example_setup_teardown' retrieved from /home/airflow/.local/lib/python3.12/site-packages/airflow/example_dags/example_setup_teardown.py
[2026-02-10T02:28:35.839+0000] {logging_mixin.py:188} INFO - [2026-02-10T02:28:35.839+0000] {dag.py:3096} INFO - Sync 1 DAGs
[2026-02-10T02:28:35.859+0000] {logging_mixin.py:188} INFO - [2026-02-10T02:28:35.859+0000] {dag.py:3954} INFO - Setting next_dagrun for example_setup_teardown to 2026-02-09 00:00:00+00:00, run_after=2026-02-10 00:00:00+00:00
[2026-02-10T02:28:35.879+0000] {processor.py:183} INFO - Processing /home/airflow/.local/lib/python3.12/site-packages/airflow/example_dags/example_setup_teardown.py took 0.075 seconds
[2026-02-10T02:29:06.391+0000] {processor.py:161} INFO - Started process (PID=1388) to work on /home/airflow/.local/lib/python3.12/site-packages/airflow/example_dags/example_setup_teardown.py
[2026-02-10T02:29:06.392+0000] {processor.py:830} INFO - Processing file /home/airflow/.local/lib/python3.12/site-packages/airflow/example_dags/example_setup_teardown.py for tasks to queue
[2026-02-10T02:29:06.395+0000] {logging_mixin.py:188} INFO - [2026-02-10T02:29:06.395+0000] {dagbag.py:540} INFO - Filling up the DagBag from /home/airflow/.local/lib/python3.12/site-packages/airflow/example_dags/example_setup_teardown.py
[2026-02-10T02:29:06.405+0000] {processor.py:840} INFO - DAG(s) 'example_setup_teardown' retrieved from /home/airflow/.local/lib/python3.12/site-packages/airflow/example_dags/example_setup_teardown.py
[2026-02-10T02:29:06.434+0000] {logging_mixin.py:188} INFO - [2026-02-10T02:29:06.433+0000] {dag.py:3096} INFO - Sync 1 DAGs
[2026-02-10T02:29:06.461+0000] {logging_mixin.py:188} INFO - [2026-02-10T02:29:06.461+0000] {dag.py:3954} INFO - Setting next_dagrun for example_setup_teardown to 2026-02-09 00:00:00+00:00, run_after=2026-02-10 00:00:00+00:00
[2026-02-10T02:29:06.481+0000] {processor.py:183} INFO - Processing /home/airflow/.local/lib/python3.12/site-packages/airflow/example_dags/example_setup_teardown.py took 0.097 seconds
[2026-02-10T02:29:37.185+0000] {processor.py:161} INFO - Started process (PID=1442) to work on /home/airflow/.local/lib/python3.12/site-packages/airflow/example_dags/example_setup_teardown.py
[2026-02-10T02:29:37.186+0000] {processor.py:830} INFO - Processing file /home/airflow/.local/lib/python3.12/site-packages/airflow/example_dags/example_setup_teardown.py for tasks to queue
[2026-02-10T02:29:37.188+0000] {logging_mixin.py:188} INFO - [2026-02-10T02:29:37.188+0000] {dagbag.py:540} INFO - Filling up the DagBag from /home/airflow/.local/lib/python3.12/site-packages/airflow/example_dags/example_setup_teardown.py
[2026-02-10T02:29:37.194+0000] {processor.py:840} INFO - DAG(s) 'example_setup_teardown' retrieved from /home/airflow/.local/lib/python3.12/site-packages/airflow/example_dags/example_setup_teardown.py
[2026-02-10T02:29:37.215+0000] {logging_mixin.py:188} INFO - [2026-02-10T02:29:37.215+0000] {dag.py:3096} INFO - Sync 1 DAGs
[2026-02-10T02:29:37.241+0000] {logging_mixin.py:188} INFO - [2026-02-10T02:29:37.241+0000] {dag.py:3954} INFO - Setting next_dagrun for example_setup_teardown to 2026-02-09 00:00:00+00:00, run_after=2026-02-10 00:00:00+00:00
[2026-02-10T02:29:37.275+0000] {processor.py:183} INFO - Processing /home/airflow/.local/lib/python3.12/site-packages/airflow/example_dags/example_setup_teardown.py took 0.096 seconds
[2026-02-10T02:30:07.424+0000] {processor.py:161} INFO - Started process (PID=1496) to work on /home/airflow/.local/lib/python3.12/site-packages/airflow/example_dags/example_setup_teardown.py
[2026-02-10T02:30:07.425+0000] {processor.py:830} INFO - Processing file /home/airflow/.local/lib/python3.12/site-packages/airflow/example_dags/example_setup_teardown.py for tasks to queue
[2026-02-10T02:30:07.427+0000] {logging_mixin.py:188} INFO - [2026-02-10T02:30:07.427+0000] {dagbag.py:540} INFO - Filling up the DagBag from /home/airflow/.local/lib/python3.12/site-packages/airflow/example_dags/example_setup_teardown.py
[2026-02-10T02:30:07.434+0000] {processor.py:840} INFO - DAG(s) 'example_setup_teardown' retrieved from /home/airflow/.local/lib/python3.12/site-packages/airflow/example_dags/example_setup_teardown.py
[2026-02-10T02:30:07.455+0000] {logging_mixin.py:188} INFO - [2026-02-10T02:30:07.454+0000] {dag.py:3096} INFO - Sync 1 DAGs
[2026-02-10T02:30:07.475+0000] {logging_mixin.py:188} INFO - [2026-02-10T02:30:07.475+0000] {dag.py:3954} INFO - Setting next_dagrun for example_setup_teardown to 2026-02-09 00:00:00+00:00, run_after=2026-02-10 00:00:00+00:00
[2026-02-10T02:30:07.494+0000] {processor.py:183} INFO - Processing /home/airflow/.local/lib/python3.12/site-packages/airflow/example_dags/example_setup_teardown.py took 0.076 seconds
[2026-02-10T02:30:37.802+0000] {processor.py:161} INFO - Started process (PID=1550) to work on /home/airflow/.local/lib/python3.12/site-packages/airflow/example_dags/example_setup_teardown.py
[2026-02-10T02:30:37.803+0000] {processor.py:830} INFO - Processing file /home/airflow/.local/lib/python3.12/site-packages/airflow/example_dags/example_setup_teardown.py for tasks to queue
[2026-02-10T02:30:37.805+0000] {logging_mixin.py:188} INFO - [2026-02-10T02:30:37.805+0000] {dagbag.py:540} INFO - Filling up the DagBag from /home/airflow/.local/lib/python3.12/site-packages/airflow/example_dags/example_setup_teardown.py
[2026-02-10T02:30:37.813+0000] {processor.py:840} INFO - DAG(s) 'example_setup_teardown' retrieved from /home/airflow/.local/lib/python3.12/site-packages/airflow/example_dags/example_setup_teardown.py
[2026-02-10T02:30:37.837+0000] {logging_mixin.py:188} INFO - [2026-02-10T02:30:37.836+0000] {dag.py:3096} INFO - Sync 1 DAGs
[2026-02-10T02:30:37.861+0000] {logging_mixin.py:188} INFO - [2026-02-10T02:30:37.861+0000] {dag.py:3954} INFO - Setting next_dagrun for example_setup_teardown to 2026-02-09 00:00:00+00:00, run_after=2026-02-10 00:00:00+00:00
[2026-02-10T02:30:37.894+0000] {processor.py:183} INFO - Processing /home/airflow/.local/lib/python3.12/site-packages/airflow/example_dags/example_setup_teardown.py took 0.098 seconds
[2026-02-10T02:31:08.134+0000] {processor.py:161} INFO - Started process (PID=1604) to work on /home/airflow/.local/lib/python3.12/site-packages/airflow/example_dags/example_setup_teardown.py
[2026-02-10T02:31:08.135+0000] {processor.py:830} INFO - Processing file /home/airflow/.local/lib/python3.12/site-packages/airflow/example_dags/example_setup_teardown.py for tasks to queue
[2026-02-10T02:31:08.138+0000] {logging_mixin.py:188} INFO - [2026-02-10T02:31:08.138+0000] {dagbag.py:540} INFO - Filling up the DagBag from /home/airflow/.local/lib/python3.12/site-packages/airflow/example_dags/example_setup_teardown.py
[2026-02-10T02:31:08.146+0000] {processor.py:840} INFO - DAG(s) 'example_setup_teardown' retrieved from /home/airflow/.local/lib/python3.12/site-packages/airflow/example_dags/example_setup_teardown.py
[2026-02-10T02:31:08.167+0000] {logging_mixin.py:188} INFO - [2026-02-10T02:31:08.167+0000] {dag.py:3096} INFO - Sync 1 DAGs
[2026-02-10T02:31:08.188+0000] {logging_mixin.py:188} INFO - [2026-02-10T02:31:08.187+0000] {dag.py:3954} INFO - Setting next_dagrun for example_setup_teardown to 2026-02-09 00:00:00+00:00, run_after=2026-02-10 00:00:00+00:00
[2026-02-10T02:31:08.209+0000] {processor.py:183} INFO - Processing /home/airflow/.local/lib/python3.12/site-packages/airflow/example_dags/example_setup_teardown.py took 0.080 seconds
[2026-02-10T02:31:38.621+0000] {processor.py:161} INFO - Started process (PID=1658) to work on /home/airflow/.local/lib/python3.12/site-packages/airflow/example_dags/example_setup_teardown.py
[2026-02-10T02:31:38.622+0000] {processor.py:830} INFO - Processing file /home/airflow/.local/lib/python3.12/site-packages/airflow/example_dags/example_setup_teardown.py for tasks to queue
[2026-02-10T02:31:38.625+0000] {logging_mixin.py:188} INFO - [2026-02-10T02:31:38.625+0000] {dagbag.py:540} INFO - Filling up the DagBag from /home/airflow/.local/lib/python3.12/site-packages/airflow/example_dags/example_setup_teardown.py
[2026-02-10T02:31:38.633+0000] {processor.py:840} INFO - DAG(s) 'example_setup_teardown' retrieved from /home/airflow/.local/lib/python3.12/site-packages/airflow/example_dags/example_setup_teardown.py
[2026-02-10T02:31:38.657+0000] {logging_mixin.py:188} INFO - [2026-02-10T02:31:38.656+0000] {dag.py:3096} INFO - Sync 1 DAGs
[2026-02-10T02:31:38.682+0000] {logging_mixin.py:188} INFO - [2026-02-10T02:31:38.681+0000] {dag.py:3954} INFO - Setting next_dagrun for example_setup_teardown to 2026-02-09 00:00:00+00:00, run_after=2026-02-10 00:00:00+00:00
[2026-02-10T02:31:38.703+0000] {processor.py:183} INFO - Processing /home/airflow/.local/lib/python3.12/site-packages/airflow/example_dags/example_setup_teardown.py took 0.088 seconds
[2026-02-10T02:32:08.855+0000] {processor.py:161} INFO - Started process (PID=1712) to work on /home/airflow/.local/lib/python3.12/site-packages/airflow/example_dags/example_setup_teardown.py
[2026-02-10T02:32:08.857+0000] {processor.py:830} INFO - Processing file /home/airflow/.local/lib/python3.12/site-packages/airflow/example_dags/example_setup_teardown.py for tasks to queue
[2026-02-10T02:32:08.859+0000] {logging_mixin.py:188} INFO - [2026-02-10T02:32:08.859+0000] {dagbag.py:540} INFO - Filling up the DagBag from /home/airflow/.local/lib/python3.12/site-packages/airflow/example_dags/example_setup_teardown.py
[2026-02-10T02:32:08.867+0000] {processor.py:840} INFO - DAG(s) 'example_setup_teardown' retrieved from /home/airflow/.local/lib/python3.12/site-packages/airflow/example_dags/example_setup_teardown.py
[2026-02-10T02:32:08.890+0000] {logging_mixin.py:188} INFO - [2026-02-10T02:32:08.890+0000] {dag.py:3096} INFO - Sync 1 DAGs
[2026-02-10T02:32:08.915+0000] {logging_mixin.py:188} INFO - [2026-02-10T02:32:08.915+0000] {dag.py:3954} INFO - Setting next_dagrun for example_setup_teardown to 2026-02-09 00:00:00+00:00, run_after=2026-02-10 00:00:00+00:00
[2026-02-10T02:32:08.939+0000] {processor.py:183} INFO - Processing /home/airflow/.local/lib/python3.12/site-packages/airflow/example_dags/example_setup_teardown.py took 0.091 seconds
[2026-02-10T02:32:39.268+0000] {processor.py:161} INFO - Started process (PID=1766) to work on /home/airflow/.local/lib/python3.12/site-packages/airflow/example_dags/example_setup_teardown.py
[2026-02-10T02:32:39.269+0000] {processor.py:830} INFO - Processing file /home/airflow/.local/lib/python3.12/site-packages/airflow/example_dags/example_setup_teardown.py for tasks to queue
[2026-02-10T02:32:39.271+0000] {logging_mixin.py:188} INFO - [2026-02-10T02:32:39.271+0000] {dagbag.py:540} INFO - Filling up the DagBag from /home/airflow/.local/lib/python3.12/site-packages/airflow/example_dags/example_setup_teardown.py
[2026-02-10T02:32:39.279+0000] {processor.py:840} INFO - DAG(s) 'example_setup_teardown' retrieved from /home/airflow/.local/lib/python3.12/site-packages/airflow/example_dags/example_setup_teardown.py
[2026-02-10T02:32:39.302+0000] {logging_mixin.py:188} INFO - [2026-02-10T02:32:39.302+0000] {dag.py:3096} INFO - Sync 1 DAGs
[2026-02-10T02:32:39.323+0000] {logging_mixin.py:188} INFO - [2026-02-10T02:32:39.323+0000] {dag.py:3954} INFO - Setting next_dagrun for example_setup_teardown to 2026-02-09 00:00:00+00:00, run_after=2026-02-10 00:00:00+00:00
[2026-02-10T02:32:39.343+0000] {processor.py:183} INFO - Processing /home/airflow/.local/lib/python3.12/site-packages/airflow/example_dags/example_setup_teardown.py took 0.082 seconds
[2026-02-10T02:34:48.168+0000] {processor.py:161} INFO - Started process (PID=38) to work on /home/airflow/.local/lib/python3.12/site-packages/airflow/example_dags/example_setup_teardown.py
[2026-02-10T02:34:48.182+0000] {processor.py:830} INFO - Processing file /home/airflow/.local/lib/python3.12/site-packages/airflow/example_dags/example_setup_teardown.py for tasks to queue
[2026-02-10T02:34:48.190+0000] {logging_mixin.py:188} INFO - [2026-02-10T02:34:48.189+0000] {dagbag.py:540} INFO - Filling up the DagBag from /home/airflow/.local/lib/python3.12/site-packages/airflow/example_dags/example_setup_teardown.py
[2026-02-10T02:34:48.222+0000] {processor.py:840} INFO - DAG(s) 'example_setup_teardown' retrieved from /home/airflow/.local/lib/python3.12/site-packages/airflow/example_dags/example_setup_teardown.py
[2026-02-10T02:34:48.274+0000] {logging_mixin.py:188} INFO - [2026-02-10T02:34:48.273+0000] {dag.py:3096} INFO - Sync 1 DAGs
[2026-02-10T02:34:48.367+0000] {logging_mixin.py:188} INFO - [2026-02-10T02:34:48.367+0000] {dag.py:3954} INFO - Setting next_dagrun for example_setup_teardown to 2026-02-09 00:00:00+00:00, run_after=2026-02-10 00:00:00+00:00
[2026-02-10T02:34:48.453+0000] {processor.py:183} INFO - Processing /home/airflow/.local/lib/python3.12/site-packages/airflow/example_dags/example_setup_teardown.py took 0.317 seconds
[2026-02-10T02:35:19.186+0000] {processor.py:161} INFO - Started process (PID=92) to work on /home/airflow/.local/lib/python3.12/site-packages/airflow/example_dags/example_setup_teardown.py
[2026-02-10T02:35:19.187+0000] {processor.py:830} INFO - Processing file /home/airflow/.local/lib/python3.12/site-packages/airflow/example_dags/example_setup_teardown.py for tasks to queue
[2026-02-10T02:35:19.189+0000] {logging_mixin.py:188} INFO - [2026-02-10T02:35:19.189+0000] {dagbag.py:540} INFO - Filling up the DagBag from /home/airflow/.local/lib/python3.12/site-packages/airflow/example_dags/example_setup_teardown.py
[2026-02-10T02:35:19.195+0000] {processor.py:840} INFO - DAG(s) 'example_setup_teardown' retrieved from /home/airflow/.local/lib/python3.12/site-packages/airflow/example_dags/example_setup_teardown.py
[2026-02-10T02:35:19.288+0000] {logging_mixin.py:188} INFO - [2026-02-10T02:35:19.288+0000] {dag.py:3096} INFO - Sync 1 DAGs
[2026-02-10T02:35:19.305+0000] {logging_mixin.py:188} INFO - [2026-02-10T02:35:19.304+0000] {dag.py:3954} INFO - Setting next_dagrun for example_setup_teardown to 2026-02-09 00:00:00+00:00, run_after=2026-02-10 00:00:00+00:00
[2026-02-10T02:35:19.326+0000] {processor.py:183} INFO - Processing /home/airflow/.local/lib/python3.12/site-packages/airflow/example_dags/example_setup_teardown.py took 0.145 seconds
[2026-02-10T02:38:39.207+0000] {processor.py:161} INFO - Started process (PID=38) to work on /home/airflow/.local/lib/python3.12/site-packages/airflow/example_dags/example_setup_teardown.py
[2026-02-10T02:38:39.212+0000] {processor.py:830} INFO - Processing file /home/airflow/.local/lib/python3.12/site-packages/airflow/example_dags/example_setup_teardown.py for tasks to queue
[2026-02-10T02:38:39.244+0000] {logging_mixin.py:188} INFO - [2026-02-10T02:38:39.244+0000] {dagbag.py:540} INFO - Filling up the DagBag from /home/airflow/.local/lib/python3.12/site-packages/airflow/example_dags/example_setup_teardown.py
[2026-02-10T02:38:39.304+0000] {processor.py:840} INFO - DAG(s) 'example_setup_teardown' retrieved from /home/airflow/.local/lib/python3.12/site-packages/airflow/example_dags/example_setup_teardown.py
[2026-02-10T02:38:39.336+0000] {logging_mixin.py:188} INFO - [2026-02-10T02:38:39.335+0000] {dag.py:3096} INFO - Sync 1 DAGs
[2026-02-10T02:38:39.391+0000] {logging_mixin.py:188} INFO - [2026-02-10T02:38:39.391+0000] {dag.py:3954} INFO - Setting next_dagrun for example_setup_teardown to 2026-02-09 00:00:00+00:00, run_after=2026-02-10 00:00:00+00:00
[2026-02-10T02:38:39.433+0000] {processor.py:183} INFO - Processing /home/airflow/.local/lib/python3.12/site-packages/airflow/example_dags/example_setup_teardown.py took 0.253 seconds
[2026-02-10T02:39:10.172+0000] {processor.py:161} INFO - Started process (PID=92) to work on /home/airflow/.local/lib/python3.12/site-packages/airflow/example_dags/example_setup_teardown.py
[2026-02-10T02:39:10.173+0000] {processor.py:830} INFO - Processing file /home/airflow/.local/lib/python3.12/site-packages/airflow/example_dags/example_setup_teardown.py for tasks to queue
[2026-02-10T02:39:10.175+0000] {logging_mixin.py:188} INFO - [2026-02-10T02:39:10.175+0000] {dagbag.py:540} INFO - Filling up the DagBag from /home/airflow/.local/lib/python3.12/site-packages/airflow/example_dags/example_setup_teardown.py
[2026-02-10T02:39:10.183+0000] {processor.py:840} INFO - DAG(s) 'example_setup_teardown' retrieved from /home/airflow/.local/lib/python3.12/site-packages/airflow/example_dags/example_setup_teardown.py
[2026-02-10T02:39:10.275+0000] {logging_mixin.py:188} INFO - [2026-02-10T02:39:10.275+0000] {dag.py:3096} INFO - Sync 1 DAGs
[2026-02-10T02:39:10.296+0000] {logging_mixin.py:188} INFO - [2026-02-10T02:39:10.295+0000] {dag.py:3954} INFO - Setting next_dagrun for example_setup_teardown to 2026-02-09 00:00:00+00:00, run_after=2026-02-10 00:00:00+00:00
[2026-02-10T02:39:10.316+0000] {processor.py:183} INFO - Processing /home/airflow/.local/lib/python3.12/site-packages/airflow/example_dags/example_setup_teardown.py took 0.150 seconds
[2026-02-10T02:39:40.916+0000] {processor.py:161} INFO - Started process (PID=146) to work on /home/airflow/.local/lib/python3.12/site-packages/airflow/example_dags/example_setup_teardown.py
[2026-02-10T02:39:40.917+0000] {processor.py:830} INFO - Processing file /home/airflow/.local/lib/python3.12/site-packages/airflow/example_dags/example_setup_teardown.py for tasks to queue
[2026-02-10T02:39:40.919+0000] {logging_mixin.py:188} INFO - [2026-02-10T02:39:40.918+0000] {dagbag.py:540} INFO - Filling up the DagBag from /home/airflow/.local/lib/python3.12/site-packages/airflow/example_dags/example_setup_teardown.py
[2026-02-10T02:39:40.925+0000] {processor.py:840} INFO - DAG(s) 'example_setup_teardown' retrieved from /home/airflow/.local/lib/python3.12/site-packages/airflow/example_dags/example_setup_teardown.py
[2026-02-10T02:39:40.944+0000] {logging_mixin.py:188} INFO - [2026-02-10T02:39:40.944+0000] {dag.py:3096} INFO - Sync 1 DAGs
[2026-02-10T02:39:40.967+0000] {logging_mixin.py:188} INFO - [2026-02-10T02:39:40.967+0000] {dag.py:3954} INFO - Setting next_dagrun for example_setup_teardown to 2026-02-09 00:00:00+00:00, run_after=2026-02-10 00:00:00+00:00
[2026-02-10T02:39:41.005+0000] {processor.py:183} INFO - Processing /home/airflow/.local/lib/python3.12/site-packages/airflow/example_dags/example_setup_teardown.py took 0.095 seconds
[2026-02-10T02:40:11.467+0000] {processor.py:161} INFO - Started process (PID=200) to work on /home/airflow/.local/lib/python3.12/site-packages/airflow/example_dags/example_setup_teardown.py
[2026-02-10T02:40:11.468+0000] {processor.py:830} INFO - Processing file /home/airflow/.local/lib/python3.12/site-packages/airflow/example_dags/example_setup_teardown.py for tasks to queue
[2026-02-10T02:40:11.470+0000] {logging_mixin.py:188} INFO - [2026-02-10T02:40:11.470+0000] {dagbag.py:540} INFO - Filling up the DagBag from /home/airflow/.local/lib/python3.12/site-packages/airflow/example_dags/example_setup_teardown.py
[2026-02-10T02:40:11.477+0000] {processor.py:840} INFO - DAG(s) 'example_setup_teardown' retrieved from /home/airflow/.local/lib/python3.12/site-packages/airflow/example_dags/example_setup_teardown.py
[2026-02-10T02:40:11.496+0000] {logging_mixin.py:188} INFO - [2026-02-10T02:40:11.496+0000] {dag.py:3096} INFO - Sync 1 DAGs
[2026-02-10T02:40:11.520+0000] {logging_mixin.py:188} INFO - [2026-02-10T02:40:11.520+0000] {dag.py:3954} INFO - Setting next_dagrun for example_setup_teardown to 2026-02-09 00:00:00+00:00, run_after=2026-02-10 00:00:00+00:00
[2026-02-10T02:40:11.550+0000] {processor.py:183} INFO - Processing /home/airflow/.local/lib/python3.12/site-packages/airflow/example_dags/example_setup_teardown.py took 0.088 seconds
[2026-02-10T02:40:41.948+0000] {processor.py:161} INFO - Started process (PID=254) to work on /home/airflow/.local/lib/python3.12/site-packages/airflow/example_dags/example_setup_teardown.py
[2026-02-10T02:40:41.949+0000] {processor.py:830} INFO - Processing file /home/airflow/.local/lib/python3.12/site-packages/airflow/example_dags/example_setup_teardown.py for tasks to queue
[2026-02-10T02:40:41.951+0000] {logging_mixin.py:188} INFO - [2026-02-10T02:40:41.950+0000] {dagbag.py:540} INFO - Filling up the DagBag from /home/airflow/.local/lib/python3.12/site-packages/airflow/example_dags/example_setup_teardown.py
[2026-02-10T02:40:41.957+0000] {processor.py:840} INFO - DAG(s) 'example_setup_teardown' retrieved from /home/airflow/.local/lib/python3.12/site-packages/airflow/example_dags/example_setup_teardown.py
[2026-02-10T02:40:41.977+0000] {logging_mixin.py:188} INFO - [2026-02-10T02:40:41.977+0000] {dag.py:3096} INFO - Sync 1 DAGs
[2026-02-10T02:40:41.996+0000] {logging_mixin.py:188} INFO - [2026-02-10T02:40:41.996+0000] {dag.py:3954} INFO - Setting next_dagrun for example_setup_teardown to 2026-02-09 00:00:00+00:00, run_after=2026-02-10 00:00:00+00:00
[2026-02-10T02:40:42.026+0000] {processor.py:183} INFO - Processing /home/airflow/.local/lib/python3.12/site-packages/airflow/example_dags/example_setup_teardown.py took 0.083 seconds
[2026-02-10T02:41:12.345+0000] {processor.py:161} INFO - Started process (PID=308) to work on /home/airflow/.local/lib/python3.12/site-packages/airflow/example_dags/example_setup_teardown.py
[2026-02-10T02:41:12.347+0000] {processor.py:830} INFO - Processing file /home/airflow/.local/lib/python3.12/site-packages/airflow/example_dags/example_setup_teardown.py for tasks to queue
[2026-02-10T02:41:12.350+0000] {logging_mixin.py:188} INFO - [2026-02-10T02:41:12.349+0000] {dagbag.py:540} INFO - Filling up the DagBag from /home/airflow/.local/lib/python3.12/site-packages/airflow/example_dags/example_setup_teardown.py
[2026-02-10T02:41:12.358+0000] {processor.py:840} INFO - DAG(s) 'example_setup_teardown' retrieved from /home/airflow/.local/lib/python3.12/site-packages/airflow/example_dags/example_setup_teardown.py
[2026-02-10T02:41:12.382+0000] {logging_mixin.py:188} INFO - [2026-02-10T02:41:12.382+0000] {dag.py:3096} INFO - Sync 1 DAGs
[2026-02-10T02:41:12.415+0000] {logging_mixin.py:188} INFO - [2026-02-10T02:41:12.415+0000] {dag.py:3954} INFO - Setting next_dagrun for example_setup_teardown to 2026-02-09 00:00:00+00:00, run_after=2026-02-10 00:00:00+00:00
[2026-02-10T02:41:12.446+0000] {processor.py:183} INFO - Processing /home/airflow/.local/lib/python3.12/site-packages/airflow/example_dags/example_setup_teardown.py took 0.110 seconds
[2026-02-10T02:44:41.605+0000] {processor.py:161} INFO - Started process (PID=38) to work on /home/airflow/.local/lib/python3.12/site-packages/airflow/example_dags/example_setup_teardown.py
[2026-02-10T02:44:41.618+0000] {processor.py:830} INFO - Processing file /home/airflow/.local/lib/python3.12/site-packages/airflow/example_dags/example_setup_teardown.py for tasks to queue
[2026-02-10T02:44:41.634+0000] {logging_mixin.py:188} INFO - [2026-02-10T02:44:41.627+0000] {dagbag.py:540} INFO - Filling up the DagBag from /home/airflow/.local/lib/python3.12/site-packages/airflow/example_dags/example_setup_teardown.py
[2026-02-10T02:44:41.698+0000] {processor.py:840} INFO - DAG(s) 'example_setup_teardown' retrieved from /home/airflow/.local/lib/python3.12/site-packages/airflow/example_dags/example_setup_teardown.py
[2026-02-10T02:44:41.820+0000] {logging_mixin.py:188} INFO - [2026-02-10T02:44:41.820+0000] {dag.py:3096} INFO - Sync 1 DAGs
[2026-02-10T02:44:41.986+0000] {logging_mixin.py:188} INFO - [2026-02-10T02:44:41.985+0000] {dag.py:3954} INFO - Setting next_dagrun for example_setup_teardown to 2026-02-09 00:00:00+00:00, run_after=2026-02-10 00:00:00+00:00
[2026-02-10T02:44:42.096+0000] {processor.py:183} INFO - Processing /home/airflow/.local/lib/python3.12/site-packages/airflow/example_dags/example_setup_teardown.py took 0.560 seconds
[2026-02-10T02:45:12.392+0000] {processor.py:161} INFO - Started process (PID=92) to work on /home/airflow/.local/lib/python3.12/site-packages/airflow/example_dags/example_setup_teardown.py
[2026-02-10T02:45:12.394+0000] {processor.py:830} INFO - Processing file /home/airflow/.local/lib/python3.12/site-packages/airflow/example_dags/example_setup_teardown.py for tasks to queue
[2026-02-10T02:45:12.397+0000] {logging_mixin.py:188} INFO - [2026-02-10T02:45:12.396+0000] {dagbag.py:540} INFO - Filling up the DagBag from /home/airflow/.local/lib/python3.12/site-packages/airflow/example_dags/example_setup_teardown.py
[2026-02-10T02:45:12.406+0000] {processor.py:840} INFO - DAG(s) 'example_setup_teardown' retrieved from /home/airflow/.local/lib/python3.12/site-packages/airflow/example_dags/example_setup_teardown.py
[2026-02-10T02:45:12.533+0000] {logging_mixin.py:188} INFO - [2026-02-10T02:45:12.532+0000] {dag.py:3096} INFO - Sync 1 DAGs
[2026-02-10T02:45:12.557+0000] {logging_mixin.py:188} INFO - [2026-02-10T02:45:12.557+0000] {dag.py:3954} INFO - Setting next_dagrun for example_setup_teardown to 2026-02-09 00:00:00+00:00, run_after=2026-02-10 00:00:00+00:00
[2026-02-10T02:45:12.583+0000] {processor.py:183} INFO - Processing /home/airflow/.local/lib/python3.12/site-packages/airflow/example_dags/example_setup_teardown.py took 0.197 seconds
[2026-02-10T02:45:43.203+0000] {processor.py:161} INFO - Started process (PID=146) to work on /home/airflow/.local/lib/python3.12/site-packages/airflow/example_dags/example_setup_teardown.py
[2026-02-10T02:45:43.204+0000] {processor.py:830} INFO - Processing file /home/airflow/.local/lib/python3.12/site-packages/airflow/example_dags/example_setup_teardown.py for tasks to queue
[2026-02-10T02:45:43.205+0000] {logging_mixin.py:188} INFO - [2026-02-10T02:45:43.205+0000] {dagbag.py:540} INFO - Filling up the DagBag from /home/airflow/.local/lib/python3.12/site-packages/airflow/example_dags/example_setup_teardown.py
[2026-02-10T02:45:43.211+0000] {processor.py:840} INFO - DAG(s) 'example_setup_teardown' retrieved from /home/airflow/.local/lib/python3.12/site-packages/airflow/example_dags/example_setup_teardown.py
[2026-02-10T02:45:43.231+0000] {logging_mixin.py:188} INFO - [2026-02-10T02:45:43.230+0000] {dag.py:3096} INFO - Sync 1 DAGs
[2026-02-10T02:45:43.252+0000] {logging_mixin.py:188} INFO - [2026-02-10T02:45:43.252+0000] {dag.py:3954} INFO - Setting next_dagrun for example_setup_teardown to 2026-02-09 00:00:00+00:00, run_after=2026-02-10 00:00:00+00:00
[2026-02-10T02:45:43.273+0000] {processor.py:183} INFO - Processing /home/airflow/.local/lib/python3.12/site-packages/airflow/example_dags/example_setup_teardown.py took 0.075 seconds
[2026-02-10T02:46:13.524+0000] {processor.py:161} INFO - Started process (PID=200) to work on /home/airflow/.local/lib/python3.12/site-packages/airflow/example_dags/example_setup_teardown.py
[2026-02-10T02:46:13.525+0000] {processor.py:830} INFO - Processing file /home/airflow/.local/lib/python3.12/site-packages/airflow/example_dags/example_setup_teardown.py for tasks to queue
[2026-02-10T02:46:13.527+0000] {logging_mixin.py:188} INFO - [2026-02-10T02:46:13.527+0000] {dagbag.py:540} INFO - Filling up the DagBag from /home/airflow/.local/lib/python3.12/site-packages/airflow/example_dags/example_setup_teardown.py
[2026-02-10T02:46:13.534+0000] {processor.py:840} INFO - DAG(s) 'example_setup_teardown' retrieved from /home/airflow/.local/lib/python3.12/site-packages/airflow/example_dags/example_setup_teardown.py
[2026-02-10T02:46:13.558+0000] {logging_mixin.py:188} INFO - [2026-02-10T02:46:13.558+0000] {dag.py:3096} INFO - Sync 1 DAGs
[2026-02-10T02:46:13.584+0000] {logging_mixin.py:188} INFO - [2026-02-10T02:46:13.584+0000] {dag.py:3954} INFO - Setting next_dagrun for example_setup_teardown to 2026-02-09 00:00:00+00:00, run_after=2026-02-10 00:00:00+00:00
[2026-02-10T02:46:13.616+0000] {processor.py:183} INFO - Processing /home/airflow/.local/lib/python3.12/site-packages/airflow/example_dags/example_setup_teardown.py took 0.097 seconds
[2026-02-10T02:46:44.116+0000] {processor.py:161} INFO - Started process (PID=254) to work on /home/airflow/.local/lib/python3.12/site-packages/airflow/example_dags/example_setup_teardown.py
[2026-02-10T02:46:44.118+0000] {processor.py:830} INFO - Processing file /home/airflow/.local/lib/python3.12/site-packages/airflow/example_dags/example_setup_teardown.py for tasks to queue
[2026-02-10T02:46:44.119+0000] {logging_mixin.py:188} INFO - [2026-02-10T02:46:44.119+0000] {dagbag.py:540} INFO - Filling up the DagBag from /home/airflow/.local/lib/python3.12/site-packages/airflow/example_dags/example_setup_teardown.py
[2026-02-10T02:46:44.126+0000] {processor.py:840} INFO - DAG(s) 'example_setup_teardown' retrieved from /home/airflow/.local/lib/python3.12/site-packages/airflow/example_dags/example_setup_teardown.py
[2026-02-10T02:46:44.146+0000] {logging_mixin.py:188} INFO - [2026-02-10T02:46:44.146+0000] {dag.py:3096} INFO - Sync 1 DAGs
[2026-02-10T02:46:44.167+0000] {logging_mixin.py:188} INFO - [2026-02-10T02:46:44.166+0000] {dag.py:3954} INFO - Setting next_dagrun for example_setup_teardown to 2026-02-09 00:00:00+00:00, run_after=2026-02-10 00:00:00+00:00
[2026-02-10T02:46:44.188+0000] {processor.py:183} INFO - Processing /home/airflow/.local/lib/python3.12/site-packages/airflow/example_dags/example_setup_teardown.py took 0.077 seconds
[2026-02-10T02:47:14.362+0000] {processor.py:161} INFO - Started process (PID=308) to work on /home/airflow/.local/lib/python3.12/site-packages/airflow/example_dags/example_setup_teardown.py
[2026-02-10T02:47:14.363+0000] {processor.py:830} INFO - Processing file /home/airflow/.local/lib/python3.12/site-packages/airflow/example_dags/example_setup_teardown.py for tasks to queue
[2026-02-10T02:47:14.365+0000] {logging_mixin.py:188} INFO - [2026-02-10T02:47:14.365+0000] {dagbag.py:540} INFO - Filling up the DagBag from /home/airflow/.local/lib/python3.12/site-packages/airflow/example_dags/example_setup_teardown.py
[2026-02-10T02:47:14.372+0000] {processor.py:840} INFO - DAG(s) 'example_setup_teardown' retrieved from /home/airflow/.local/lib/python3.12/site-packages/airflow/example_dags/example_setup_teardown.py
[2026-02-10T02:47:14.396+0000] {logging_mixin.py:188} INFO - [2026-02-10T02:47:14.395+0000] {dag.py:3096} INFO - Sync 1 DAGs
[2026-02-10T02:47:14.421+0000] {logging_mixin.py:188} INFO - [2026-02-10T02:47:14.421+0000] {dag.py:3954} INFO - Setting next_dagrun for example_setup_teardown to 2026-02-09 00:00:00+00:00, run_after=2026-02-10 00:00:00+00:00
[2026-02-10T02:47:14.444+0000] {processor.py:183} INFO - Processing /home/airflow/.local/lib/python3.12/site-packages/airflow/example_dags/example_setup_teardown.py took 0.087 seconds
[2026-02-10T02:47:44.713+0000] {processor.py:161} INFO - Started process (PID=362) to work on /home/airflow/.local/lib/python3.12/site-packages/airflow/example_dags/example_setup_teardown.py
[2026-02-10T02:47:44.714+0000] {processor.py:830} INFO - Processing file /home/airflow/.local/lib/python3.12/site-packages/airflow/example_dags/example_setup_teardown.py for tasks to queue
[2026-02-10T02:47:44.716+0000] {logging_mixin.py:188} INFO - [2026-02-10T02:47:44.716+0000] {dagbag.py:540} INFO - Filling up the DagBag from /home/airflow/.local/lib/python3.12/site-packages/airflow/example_dags/example_setup_teardown.py
[2026-02-10T02:47:44.722+0000] {processor.py:840} INFO - DAG(s) 'example_setup_teardown' retrieved from /home/airflow/.local/lib/python3.12/site-packages/airflow/example_dags/example_setup_teardown.py
[2026-02-10T02:47:44.742+0000] {logging_mixin.py:188} INFO - [2026-02-10T02:47:44.741+0000] {dag.py:3096} INFO - Sync 1 DAGs
[2026-02-10T02:47:44.762+0000] {logging_mixin.py:188} INFO - [2026-02-10T02:47:44.762+0000] {dag.py:3954} INFO - Setting next_dagrun for example_setup_teardown to 2026-02-09 00:00:00+00:00, run_after=2026-02-10 00:00:00+00:00
[2026-02-10T02:47:44.784+0000] {processor.py:183} INFO - Processing /home/airflow/.local/lib/python3.12/site-packages/airflow/example_dags/example_setup_teardown.py took 0.077 seconds
[2026-02-10T02:48:15.280+0000] {processor.py:161} INFO - Started process (PID=416) to work on /home/airflow/.local/lib/python3.12/site-packages/airflow/example_dags/example_setup_teardown.py
[2026-02-10T02:48:15.281+0000] {processor.py:830} INFO - Processing file /home/airflow/.local/lib/python3.12/site-packages/airflow/example_dags/example_setup_teardown.py for tasks to queue
[2026-02-10T02:48:15.283+0000] {logging_mixin.py:188} INFO - [2026-02-10T02:48:15.282+0000] {dagbag.py:540} INFO - Filling up the DagBag from /home/airflow/.local/lib/python3.12/site-packages/airflow/example_dags/example_setup_teardown.py
[2026-02-10T02:48:15.289+0000] {processor.py:840} INFO - DAG(s) 'example_setup_teardown' retrieved from /home/airflow/.local/lib/python3.12/site-packages/airflow/example_dags/example_setup_teardown.py
[2026-02-10T02:48:15.309+0000] {logging_mixin.py:188} INFO - [2026-02-10T02:48:15.309+0000] {dag.py:3096} INFO - Sync 1 DAGs
[2026-02-10T02:48:15.328+0000] {logging_mixin.py:188} INFO - [2026-02-10T02:48:15.328+0000] {dag.py:3954} INFO - Setting next_dagrun for example_setup_teardown to 2026-02-09 00:00:00+00:00, run_after=2026-02-10 00:00:00+00:00
[2026-02-10T02:48:15.361+0000] {processor.py:183} INFO - Processing /home/airflow/.local/lib/python3.12/site-packages/airflow/example_dags/example_setup_teardown.py took 0.086 seconds
[2026-02-10T02:48:45.607+0000] {processor.py:161} INFO - Started process (PID=470) to work on /home/airflow/.local/lib/python3.12/site-packages/airflow/example_dags/example_setup_teardown.py
[2026-02-10T02:48:45.608+0000] {processor.py:830} INFO - Processing file /home/airflow/.local/lib/python3.12/site-packages/airflow/example_dags/example_setup_teardown.py for tasks to queue
[2026-02-10T02:48:45.610+0000] {logging_mixin.py:188} INFO - [2026-02-10T02:48:45.609+0000] {dagbag.py:540} INFO - Filling up the DagBag from /home/airflow/.local/lib/python3.12/site-packages/airflow/example_dags/example_setup_teardown.py
[2026-02-10T02:48:45.616+0000] {processor.py:840} INFO - DAG(s) 'example_setup_teardown' retrieved from /home/airflow/.local/lib/python3.12/site-packages/airflow/example_dags/example_setup_teardown.py
[2026-02-10T02:48:45.639+0000] {logging_mixin.py:188} INFO - [2026-02-10T02:48:45.639+0000] {dag.py:3096} INFO - Sync 1 DAGs
[2026-02-10T02:48:45.661+0000] {logging_mixin.py:188} INFO - [2026-02-10T02:48:45.661+0000] {dag.py:3954} INFO - Setting next_dagrun for example_setup_teardown to 2026-02-09 00:00:00+00:00, run_after=2026-02-10 00:00:00+00:00
[2026-02-10T02:48:45.693+0000] {processor.py:183} INFO - Processing /home/airflow/.local/lib/python3.12/site-packages/airflow/example_dags/example_setup_teardown.py took 0.092 seconds
[2026-02-10T02:49:15.919+0000] {processor.py:161} INFO - Started process (PID=524) to work on /home/airflow/.local/lib/python3.12/site-packages/airflow/example_dags/example_setup_teardown.py
[2026-02-10T02:49:15.920+0000] {processor.py:830} INFO - Processing file /home/airflow/.local/lib/python3.12/site-packages/airflow/example_dags/example_setup_teardown.py for tasks to queue
[2026-02-10T02:49:15.922+0000] {logging_mixin.py:188} INFO - [2026-02-10T02:49:15.922+0000] {dagbag.py:540} INFO - Filling up the DagBag from /home/airflow/.local/lib/python3.12/site-packages/airflow/example_dags/example_setup_teardown.py
[2026-02-10T02:49:15.929+0000] {processor.py:840} INFO - DAG(s) 'example_setup_teardown' retrieved from /home/airflow/.local/lib/python3.12/site-packages/airflow/example_dags/example_setup_teardown.py
[2026-02-10T02:49:15.948+0000] {logging_mixin.py:188} INFO - [2026-02-10T02:49:15.948+0000] {dag.py:3096} INFO - Sync 1 DAGs
[2026-02-10T02:49:15.969+0000] {logging_mixin.py:188} INFO - [2026-02-10T02:49:15.969+0000] {dag.py:3954} INFO - Setting next_dagrun for example_setup_teardown to 2026-02-09 00:00:00+00:00, run_after=2026-02-10 00:00:00+00:00
[2026-02-10T02:49:15.988+0000] {processor.py:183} INFO - Processing /home/airflow/.local/lib/python3.12/site-packages/airflow/example_dags/example_setup_teardown.py took 0.074 seconds
[2026-02-10T02:49:46.213+0000] {processor.py:161} INFO - Started process (PID=578) to work on /home/airflow/.local/lib/python3.12/site-packages/airflow/example_dags/example_setup_teardown.py
[2026-02-10T02:49:46.215+0000] {processor.py:830} INFO - Processing file /home/airflow/.local/lib/python3.12/site-packages/airflow/example_dags/example_setup_teardown.py for tasks to queue
[2026-02-10T02:49:46.216+0000] {logging_mixin.py:188} INFO - [2026-02-10T02:49:46.216+0000] {dagbag.py:540} INFO - Filling up the DagBag from /home/airflow/.local/lib/python3.12/site-packages/airflow/example_dags/example_setup_teardown.py
[2026-02-10T02:49:46.223+0000] {processor.py:840} INFO - DAG(s) 'example_setup_teardown' retrieved from /home/airflow/.local/lib/python3.12/site-packages/airflow/example_dags/example_setup_teardown.py
[2026-02-10T02:49:46.242+0000] {logging_mixin.py:188} INFO - [2026-02-10T02:49:46.242+0000] {dag.py:3096} INFO - Sync 1 DAGs
[2026-02-10T02:49:46.274+0000] {logging_mixin.py:188} INFO - [2026-02-10T02:49:46.274+0000] {dag.py:3954} INFO - Setting next_dagrun for example_setup_teardown to 2026-02-09 00:00:00+00:00, run_after=2026-02-10 00:00:00+00:00
[2026-02-10T02:49:46.295+0000] {processor.py:183} INFO - Processing /home/airflow/.local/lib/python3.12/site-packages/airflow/example_dags/example_setup_teardown.py took 0.087 seconds
[2026-02-10T02:50:16.423+0000] {processor.py:161} INFO - Started process (PID=632) to work on /home/airflow/.local/lib/python3.12/site-packages/airflow/example_dags/example_setup_teardown.py
[2026-02-10T02:50:16.424+0000] {processor.py:830} INFO - Processing file /home/airflow/.local/lib/python3.12/site-packages/airflow/example_dags/example_setup_teardown.py for tasks to queue
[2026-02-10T02:50:16.425+0000] {logging_mixin.py:188} INFO - [2026-02-10T02:50:16.425+0000] {dagbag.py:540} INFO - Filling up the DagBag from /home/airflow/.local/lib/python3.12/site-packages/airflow/example_dags/example_setup_teardown.py
[2026-02-10T02:50:16.432+0000] {processor.py:840} INFO - DAG(s) 'example_setup_teardown' retrieved from /home/airflow/.local/lib/python3.12/site-packages/airflow/example_dags/example_setup_teardown.py
[2026-02-10T02:50:16.456+0000] {logging_mixin.py:188} INFO - [2026-02-10T02:50:16.456+0000] {dag.py:3096} INFO - Sync 1 DAGs
[2026-02-10T02:50:16.484+0000] {logging_mixin.py:188} INFO - [2026-02-10T02:50:16.484+0000] {dag.py:3954} INFO - Setting next_dagrun for example_setup_teardown to 2026-02-09 00:00:00+00:00, run_after=2026-02-10 00:00:00+00:00
[2026-02-10T02:50:16.506+0000] {processor.py:183} INFO - Processing /home/airflow/.local/lib/python3.12/site-packages/airflow/example_dags/example_setup_teardown.py took 0.090 seconds
[2026-02-10T02:50:46.867+0000] {processor.py:161} INFO - Started process (PID=686) to work on /home/airflow/.local/lib/python3.12/site-packages/airflow/example_dags/example_setup_teardown.py
[2026-02-10T02:50:46.869+0000] {processor.py:830} INFO - Processing file /home/airflow/.local/lib/python3.12/site-packages/airflow/example_dags/example_setup_teardown.py for tasks to queue
[2026-02-10T02:50:46.872+0000] {logging_mixin.py:188} INFO - [2026-02-10T02:50:46.871+0000] {dagbag.py:540} INFO - Filling up the DagBag from /home/airflow/.local/lib/python3.12/site-packages/airflow/example_dags/example_setup_teardown.py
[2026-02-10T02:50:46.882+0000] {processor.py:840} INFO - DAG(s) 'example_setup_teardown' retrieved from /home/airflow/.local/lib/python3.12/site-packages/airflow/example_dags/example_setup_teardown.py
[2026-02-10T02:50:46.920+0000] {logging_mixin.py:188} INFO - [2026-02-10T02:50:46.919+0000] {dag.py:3096} INFO - Sync 1 DAGs
[2026-02-10T02:50:46.960+0000] {logging_mixin.py:188} INFO - [2026-02-10T02:50:46.959+0000] {dag.py:3954} INFO - Setting next_dagrun for example_setup_teardown to 2026-02-09 00:00:00+00:00, run_after=2026-02-10 00:00:00+00:00
[2026-02-10T02:50:46.986+0000] {processor.py:183} INFO - Processing /home/airflow/.local/lib/python3.12/site-packages/airflow/example_dags/example_setup_teardown.py took 0.127 seconds
[2026-02-10T02:51:17.448+0000] {processor.py:161} INFO - Started process (PID=740) to work on /home/airflow/.local/lib/python3.12/site-packages/airflow/example_dags/example_setup_teardown.py
[2026-02-10T02:51:17.449+0000] {processor.py:830} INFO - Processing file /home/airflow/.local/lib/python3.12/site-packages/airflow/example_dags/example_setup_teardown.py for tasks to queue
[2026-02-10T02:51:17.451+0000] {logging_mixin.py:188} INFO - [2026-02-10T02:51:17.451+0000] {dagbag.py:540} INFO - Filling up the DagBag from /home/airflow/.local/lib/python3.12/site-packages/airflow/example_dags/example_setup_teardown.py
[2026-02-10T02:51:17.458+0000] {processor.py:840} INFO - DAG(s) 'example_setup_teardown' retrieved from /home/airflow/.local/lib/python3.12/site-packages/airflow/example_dags/example_setup_teardown.py
[2026-02-10T02:51:17.480+0000] {logging_mixin.py:188} INFO - [2026-02-10T02:51:17.479+0000] {dag.py:3096} INFO - Sync 1 DAGs
[2026-02-10T02:51:17.518+0000] {logging_mixin.py:188} INFO - [2026-02-10T02:51:17.517+0000] {dag.py:3954} INFO - Setting next_dagrun for example_setup_teardown to 2026-02-09 00:00:00+00:00, run_after=2026-02-10 00:00:00+00:00
[2026-02-10T02:51:17.542+0000] {processor.py:183} INFO - Processing /home/airflow/.local/lib/python3.12/site-packages/airflow/example_dags/example_setup_teardown.py took 0.099 seconds
[2026-02-10T22:01:07.519+0000] {processor.py:161} INFO - Started process (PID=38) to work on /home/airflow/.local/lib/python3.12/site-packages/airflow/example_dags/example_setup_teardown.py
[2026-02-10T22:01:07.522+0000] {processor.py:830} INFO - Processing file /home/airflow/.local/lib/python3.12/site-packages/airflow/example_dags/example_setup_teardown.py for tasks to queue
[2026-02-10T22:01:07.526+0000] {logging_mixin.py:188} INFO - [2026-02-10T22:01:07.526+0000] {dagbag.py:540} INFO - Filling up the DagBag from /home/airflow/.local/lib/python3.12/site-packages/airflow/example_dags/example_setup_teardown.py
[2026-02-10T22:01:07.548+0000] {processor.py:840} INFO - DAG(s) 'example_setup_teardown' retrieved from /home/airflow/.local/lib/python3.12/site-packages/airflow/example_dags/example_setup_teardown.py
[2026-02-10T22:01:07.593+0000] {logging_mixin.py:188} INFO - [2026-02-10T22:01:07.593+0000] {dag.py:3096} INFO - Sync 1 DAGs
[2026-02-10T22:01:07.679+0000] {logging_mixin.py:188} INFO - [2026-02-10T22:01:07.679+0000] {dag.py:3954} INFO - Setting next_dagrun for example_setup_teardown to 2026-02-09 00:00:00+00:00, run_after=2026-02-10 00:00:00+00:00
[2026-02-10T22:01:07.731+0000] {processor.py:183} INFO - Processing /home/airflow/.local/lib/python3.12/site-packages/airflow/example_dags/example_setup_teardown.py took 0.225 seconds
[2026-02-10T22:01:39.872+0000] {processor.py:161} INFO - Started process (PID=92) to work on /home/airflow/.local/lib/python3.12/site-packages/airflow/example_dags/example_setup_teardown.py
[2026-02-10T22:01:39.880+0000] {processor.py:830} INFO - Processing file /home/airflow/.local/lib/python3.12/site-packages/airflow/example_dags/example_setup_teardown.py for tasks to queue
[2026-02-10T22:01:39.899+0000] {logging_mixin.py:188} INFO - [2026-02-10T22:01:39.898+0000] {dagbag.py:540} INFO - Filling up the DagBag from /home/airflow/.local/lib/python3.12/site-packages/airflow/example_dags/example_setup_teardown.py
[2026-02-10T22:01:39.939+0000] {processor.py:840} INFO - DAG(s) 'example_setup_teardown' retrieved from /home/airflow/.local/lib/python3.12/site-packages/airflow/example_dags/example_setup_teardown.py
[2026-02-10T22:01:40.362+0000] {logging_mixin.py:188} INFO - [2026-02-10T22:01:40.361+0000] {dag.py:3096} INFO - Sync 1 DAGs
[2026-02-10T22:01:40.436+0000] {logging_mixin.py:188} INFO - [2026-02-10T22:01:40.435+0000] {dag.py:3954} INFO - Setting next_dagrun for example_setup_teardown to 2026-02-09 00:00:00+00:00, run_after=2026-02-10 00:00:00+00:00
[2026-02-10T22:01:40.490+0000] {processor.py:183} INFO - Processing /home/airflow/.local/lib/python3.12/site-packages/airflow/example_dags/example_setup_teardown.py took 0.679 seconds
[2026-02-10T22:02:10.793+0000] {processor.py:161} INFO - Started process (PID=146) to work on /home/airflow/.local/lib/python3.12/site-packages/airflow/example_dags/example_setup_teardown.py
[2026-02-10T22:02:10.794+0000] {processor.py:830} INFO - Processing file /home/airflow/.local/lib/python3.12/site-packages/airflow/example_dags/example_setup_teardown.py for tasks to queue
[2026-02-10T22:02:10.796+0000] {logging_mixin.py:188} INFO - [2026-02-10T22:02:10.796+0000] {dagbag.py:540} INFO - Filling up the DagBag from /home/airflow/.local/lib/python3.12/site-packages/airflow/example_dags/example_setup_teardown.py
[2026-02-10T22:02:10.803+0000] {processor.py:840} INFO - DAG(s) 'example_setup_teardown' retrieved from /home/airflow/.local/lib/python3.12/site-packages/airflow/example_dags/example_setup_teardown.py
[2026-02-10T22:02:10.824+0000] {logging_mixin.py:188} INFO - [2026-02-10T22:02:10.824+0000] {dag.py:3096} INFO - Sync 1 DAGs
[2026-02-10T22:02:10.849+0000] {logging_mixin.py:188} INFO - [2026-02-10T22:02:10.849+0000] {dag.py:3954} INFO - Setting next_dagrun for example_setup_teardown to 2026-02-09 00:00:00+00:00, run_after=2026-02-10 00:00:00+00:00
[2026-02-10T22:02:10.869+0000] {processor.py:183} INFO - Processing /home/airflow/.local/lib/python3.12/site-packages/airflow/example_dags/example_setup_teardown.py took 0.081 seconds
[2026-02-10T22:02:41.057+0000] {processor.py:161} INFO - Started process (PID=200) to work on /home/airflow/.local/lib/python3.12/site-packages/airflow/example_dags/example_setup_teardown.py
[2026-02-10T22:02:41.058+0000] {processor.py:830} INFO - Processing file /home/airflow/.local/lib/python3.12/site-packages/airflow/example_dags/example_setup_teardown.py for tasks to queue
[2026-02-10T22:02:41.061+0000] {logging_mixin.py:188} INFO - [2026-02-10T22:02:41.061+0000] {dagbag.py:540} INFO - Filling up the DagBag from /home/airflow/.local/lib/python3.12/site-packages/airflow/example_dags/example_setup_teardown.py
[2026-02-10T22:02:41.070+0000] {processor.py:840} INFO - DAG(s) 'example_setup_teardown' retrieved from /home/airflow/.local/lib/python3.12/site-packages/airflow/example_dags/example_setup_teardown.py
[2026-02-10T22:02:41.097+0000] {logging_mixin.py:188} INFO - [2026-02-10T22:02:41.096+0000] {dag.py:3096} INFO - Sync 1 DAGs
[2026-02-10T22:02:41.130+0000] {logging_mixin.py:188} INFO - [2026-02-10T22:02:41.129+0000] {dag.py:3954} INFO - Setting next_dagrun for example_setup_teardown to 2026-02-09 00:00:00+00:00, run_after=2026-02-10 00:00:00+00:00
[2026-02-10T22:02:41.163+0000] {processor.py:183} INFO - Processing /home/airflow/.local/lib/python3.12/site-packages/airflow/example_dags/example_setup_teardown.py took 0.112 seconds
[2026-02-10T22:03:11.819+0000] {processor.py:161} INFO - Started process (PID=254) to work on /home/airflow/.local/lib/python3.12/site-packages/airflow/example_dags/example_setup_teardown.py
[2026-02-10T22:03:11.820+0000] {processor.py:830} INFO - Processing file /home/airflow/.local/lib/python3.12/site-packages/airflow/example_dags/example_setup_teardown.py for tasks to queue
[2026-02-10T22:03:11.822+0000] {logging_mixin.py:188} INFO - [2026-02-10T22:03:11.821+0000] {dagbag.py:540} INFO - Filling up the DagBag from /home/airflow/.local/lib/python3.12/site-packages/airflow/example_dags/example_setup_teardown.py
[2026-02-10T22:03:11.829+0000] {processor.py:840} INFO - DAG(s) 'example_setup_teardown' retrieved from /home/airflow/.local/lib/python3.12/site-packages/airflow/example_dags/example_setup_teardown.py
[2026-02-10T22:03:11.856+0000] {logging_mixin.py:188} INFO - [2026-02-10T22:03:11.856+0000] {dag.py:3096} INFO - Sync 1 DAGs
[2026-02-10T22:03:11.878+0000] {logging_mixin.py:188} INFO - [2026-02-10T22:03:11.877+0000] {dag.py:3954} INFO - Setting next_dagrun for example_setup_teardown to 2026-02-09 00:00:00+00:00, run_after=2026-02-10 00:00:00+00:00
[2026-02-10T22:03:11.904+0000] {processor.py:183} INFO - Processing /home/airflow/.local/lib/python3.12/site-packages/airflow/example_dags/example_setup_teardown.py took 0.094 seconds
[2026-02-10T22:03:42.190+0000] {processor.py:161} INFO - Started process (PID=308) to work on /home/airflow/.local/lib/python3.12/site-packages/airflow/example_dags/example_setup_teardown.py
[2026-02-10T22:03:42.191+0000] {processor.py:830} INFO - Processing file /home/airflow/.local/lib/python3.12/site-packages/airflow/example_dags/example_setup_teardown.py for tasks to queue
[2026-02-10T22:03:42.193+0000] {logging_mixin.py:188} INFO - [2026-02-10T22:03:42.193+0000] {dagbag.py:540} INFO - Filling up the DagBag from /home/airflow/.local/lib/python3.12/site-packages/airflow/example_dags/example_setup_teardown.py
[2026-02-10T22:03:42.201+0000] {processor.py:840} INFO - DAG(s) 'example_setup_teardown' retrieved from /home/airflow/.local/lib/python3.12/site-packages/airflow/example_dags/example_setup_teardown.py
[2026-02-10T22:03:42.227+0000] {logging_mixin.py:188} INFO - [2026-02-10T22:03:42.227+0000] {dag.py:3096} INFO - Sync 1 DAGs
[2026-02-10T22:03:42.252+0000] {logging_mixin.py:188} INFO - [2026-02-10T22:03:42.252+0000] {dag.py:3954} INFO - Setting next_dagrun for example_setup_teardown to 2026-02-09 00:00:00+00:00, run_after=2026-02-10 00:00:00+00:00
[2026-02-10T22:03:42.276+0000] {processor.py:183} INFO - Processing /home/airflow/.local/lib/python3.12/site-packages/airflow/example_dags/example_setup_teardown.py took 0.092 seconds
[2026-02-10T22:04:12.666+0000] {processor.py:161} INFO - Started process (PID=362) to work on /home/airflow/.local/lib/python3.12/site-packages/airflow/example_dags/example_setup_teardown.py
[2026-02-10T22:04:12.667+0000] {processor.py:830} INFO - Processing file /home/airflow/.local/lib/python3.12/site-packages/airflow/example_dags/example_setup_teardown.py for tasks to queue
[2026-02-10T22:04:12.670+0000] {logging_mixin.py:188} INFO - [2026-02-10T22:04:12.669+0000] {dagbag.py:540} INFO - Filling up the DagBag from /home/airflow/.local/lib/python3.12/site-packages/airflow/example_dags/example_setup_teardown.py
[2026-02-10T22:04:12.679+0000] {processor.py:840} INFO - DAG(s) 'example_setup_teardown' retrieved from /home/airflow/.local/lib/python3.12/site-packages/airflow/example_dags/example_setup_teardown.py
[2026-02-10T22:04:12.709+0000] {logging_mixin.py:188} INFO - [2026-02-10T22:04:12.708+0000] {dag.py:3096} INFO - Sync 1 DAGs
[2026-02-10T22:04:12.738+0000] {logging_mixin.py:188} INFO - [2026-02-10T22:04:12.738+0000] {dag.py:3954} INFO - Setting next_dagrun for example_setup_teardown to 2026-02-09 00:00:00+00:00, run_after=2026-02-10 00:00:00+00:00
[2026-02-10T22:04:12.758+0000] {processor.py:183} INFO - Processing /home/airflow/.local/lib/python3.12/site-packages/airflow/example_dags/example_setup_teardown.py took 0.101 seconds
[2026-02-10T22:04:43.244+0000] {processor.py:161} INFO - Started process (PID=416) to work on /home/airflow/.local/lib/python3.12/site-packages/airflow/example_dags/example_setup_teardown.py
[2026-02-10T22:04:43.245+0000] {processor.py:830} INFO - Processing file /home/airflow/.local/lib/python3.12/site-packages/airflow/example_dags/example_setup_teardown.py for tasks to queue
[2026-02-10T22:04:43.248+0000] {logging_mixin.py:188} INFO - [2026-02-10T22:04:43.247+0000] {dagbag.py:540} INFO - Filling up the DagBag from /home/airflow/.local/lib/python3.12/site-packages/airflow/example_dags/example_setup_teardown.py
[2026-02-10T22:04:43.257+0000] {processor.py:840} INFO - DAG(s) 'example_setup_teardown' retrieved from /home/airflow/.local/lib/python3.12/site-packages/airflow/example_dags/example_setup_teardown.py
[2026-02-10T22:04:43.287+0000] {logging_mixin.py:188} INFO - [2026-02-10T22:04:43.287+0000] {dag.py:3096} INFO - Sync 1 DAGs
[2026-02-10T22:04:43.316+0000] {logging_mixin.py:188} INFO - [2026-02-10T22:04:43.316+0000] {dag.py:3954} INFO - Setting next_dagrun for example_setup_teardown to 2026-02-09 00:00:00+00:00, run_after=2026-02-10 00:00:00+00:00
[2026-02-10T22:04:43.352+0000] {processor.py:183} INFO - Processing /home/airflow/.local/lib/python3.12/site-packages/airflow/example_dags/example_setup_teardown.py took 0.116 seconds
[2026-02-10T22:05:14.258+0000] {processor.py:161} INFO - Started process (PID=470) to work on /home/airflow/.local/lib/python3.12/site-packages/airflow/example_dags/example_setup_teardown.py
[2026-02-10T22:05:14.259+0000] {processor.py:830} INFO - Processing file /home/airflow/.local/lib/python3.12/site-packages/airflow/example_dags/example_setup_teardown.py for tasks to queue
[2026-02-10T22:05:14.262+0000] {logging_mixin.py:188} INFO - [2026-02-10T22:05:14.262+0000] {dagbag.py:540} INFO - Filling up the DagBag from /home/airflow/.local/lib/python3.12/site-packages/airflow/example_dags/example_setup_teardown.py
[2026-02-10T22:05:14.271+0000] {processor.py:840} INFO - DAG(s) 'example_setup_teardown' retrieved from /home/airflow/.local/lib/python3.12/site-packages/airflow/example_dags/example_setup_teardown.py
[2026-02-10T22:05:14.294+0000] {logging_mixin.py:188} INFO - [2026-02-10T22:05:14.294+0000] {dag.py:3096} INFO - Sync 1 DAGs
[2026-02-10T22:05:14.317+0000] {logging_mixin.py:188} INFO - [2026-02-10T22:05:14.317+0000] {dag.py:3954} INFO - Setting next_dagrun for example_setup_teardown to 2026-02-09 00:00:00+00:00, run_after=2026-02-10 00:00:00+00:00
[2026-02-10T22:05:14.340+0000] {processor.py:183} INFO - Processing /home/airflow/.local/lib/python3.12/site-packages/airflow/example_dags/example_setup_teardown.py took 0.089 seconds
[2026-02-10T22:05:44.508+0000] {processor.py:161} INFO - Started process (PID=524) to work on /home/airflow/.local/lib/python3.12/site-packages/airflow/example_dags/example_setup_teardown.py
[2026-02-10T22:05:44.509+0000] {processor.py:830} INFO - Processing file /home/airflow/.local/lib/python3.12/site-packages/airflow/example_dags/example_setup_teardown.py for tasks to queue
[2026-02-10T22:05:44.511+0000] {logging_mixin.py:188} INFO - [2026-02-10T22:05:44.511+0000] {dagbag.py:540} INFO - Filling up the DagBag from /home/airflow/.local/lib/python3.12/site-packages/airflow/example_dags/example_setup_teardown.py
[2026-02-10T22:05:44.519+0000] {processor.py:840} INFO - DAG(s) 'example_setup_teardown' retrieved from /home/airflow/.local/lib/python3.12/site-packages/airflow/example_dags/example_setup_teardown.py
[2026-02-10T22:05:44.542+0000] {logging_mixin.py:188} INFO - [2026-02-10T22:05:44.541+0000] {dag.py:3096} INFO - Sync 1 DAGs
[2026-02-10T22:05:44.564+0000] {logging_mixin.py:188} INFO - [2026-02-10T22:05:44.564+0000] {dag.py:3954} INFO - Setting next_dagrun for example_setup_teardown to 2026-02-09 00:00:00+00:00, run_after=2026-02-10 00:00:00+00:00
[2026-02-10T22:05:44.588+0000] {processor.py:183} INFO - Processing /home/airflow/.local/lib/python3.12/site-packages/airflow/example_dags/example_setup_teardown.py took 0.088 seconds
[2026-02-10T22:06:14.951+0000] {processor.py:161} INFO - Started process (PID=578) to work on /home/airflow/.local/lib/python3.12/site-packages/airflow/example_dags/example_setup_teardown.py
[2026-02-10T22:06:14.952+0000] {processor.py:830} INFO - Processing file /home/airflow/.local/lib/python3.12/site-packages/airflow/example_dags/example_setup_teardown.py for tasks to queue
[2026-02-10T22:06:14.954+0000] {logging_mixin.py:188} INFO - [2026-02-10T22:06:14.954+0000] {dagbag.py:540} INFO - Filling up the DagBag from /home/airflow/.local/lib/python3.12/site-packages/airflow/example_dags/example_setup_teardown.py
[2026-02-10T22:06:14.963+0000] {processor.py:840} INFO - DAG(s) 'example_setup_teardown' retrieved from /home/airflow/.local/lib/python3.12/site-packages/airflow/example_dags/example_setup_teardown.py
[2026-02-10T22:06:14.985+0000] {logging_mixin.py:188} INFO - [2026-02-10T22:06:14.985+0000] {dag.py:3096} INFO - Sync 1 DAGs
[2026-02-10T22:06:15.008+0000] {logging_mixin.py:188} INFO - [2026-02-10T22:06:15.008+0000] {dag.py:3954} INFO - Setting next_dagrun for example_setup_teardown to 2026-02-09 00:00:00+00:00, run_after=2026-02-10 00:00:00+00:00
[2026-02-10T22:06:15.031+0000] {processor.py:183} INFO - Processing /home/airflow/.local/lib/python3.12/site-packages/airflow/example_dags/example_setup_teardown.py took 0.086 seconds
[2026-02-10T22:06:45.279+0000] {processor.py:161} INFO - Started process (PID=632) to work on /home/airflow/.local/lib/python3.12/site-packages/airflow/example_dags/example_setup_teardown.py
[2026-02-10T22:06:45.280+0000] {processor.py:830} INFO - Processing file /home/airflow/.local/lib/python3.12/site-packages/airflow/example_dags/example_setup_teardown.py for tasks to queue
[2026-02-10T22:06:45.282+0000] {logging_mixin.py:188} INFO - [2026-02-10T22:06:45.282+0000] {dagbag.py:540} INFO - Filling up the DagBag from /home/airflow/.local/lib/python3.12/site-packages/airflow/example_dags/example_setup_teardown.py
[2026-02-10T22:06:45.290+0000] {processor.py:840} INFO - DAG(s) 'example_setup_teardown' retrieved from /home/airflow/.local/lib/python3.12/site-packages/airflow/example_dags/example_setup_teardown.py
[2026-02-10T22:06:45.316+0000] {logging_mixin.py:188} INFO - [2026-02-10T22:06:45.315+0000] {dag.py:3096} INFO - Sync 1 DAGs
[2026-02-10T22:06:45.348+0000] {logging_mixin.py:188} INFO - [2026-02-10T22:06:45.348+0000] {dag.py:3954} INFO - Setting next_dagrun for example_setup_teardown to 2026-02-09 00:00:00+00:00, run_after=2026-02-10 00:00:00+00:00
[2026-02-10T22:06:45.373+0000] {processor.py:183} INFO - Processing /home/airflow/.local/lib/python3.12/site-packages/airflow/example_dags/example_setup_teardown.py took 0.101 seconds
[2026-02-10T22:07:16.296+0000] {processor.py:161} INFO - Started process (PID=686) to work on /home/airflow/.local/lib/python3.12/site-packages/airflow/example_dags/example_setup_teardown.py
[2026-02-10T22:07:16.297+0000] {processor.py:830} INFO - Processing file /home/airflow/.local/lib/python3.12/site-packages/airflow/example_dags/example_setup_teardown.py for tasks to queue
[2026-02-10T22:07:16.299+0000] {logging_mixin.py:188} INFO - [2026-02-10T22:07:16.299+0000] {dagbag.py:540} INFO - Filling up the DagBag from /home/airflow/.local/lib/python3.12/site-packages/airflow/example_dags/example_setup_teardown.py
[2026-02-10T22:07:16.306+0000] {processor.py:840} INFO - DAG(s) 'example_setup_teardown' retrieved from /home/airflow/.local/lib/python3.12/site-packages/airflow/example_dags/example_setup_teardown.py
[2026-02-10T22:07:16.330+0000] {logging_mixin.py:188} INFO - [2026-02-10T22:07:16.329+0000] {dag.py:3096} INFO - Sync 1 DAGs
[2026-02-10T22:07:16.354+0000] {logging_mixin.py:188} INFO - [2026-02-10T22:07:16.354+0000] {dag.py:3954} INFO - Setting next_dagrun for example_setup_teardown to 2026-02-09 00:00:00+00:00, run_after=2026-02-10 00:00:00+00:00
[2026-02-10T22:07:16.378+0000] {processor.py:183} INFO - Processing /home/airflow/.local/lib/python3.12/site-packages/airflow/example_dags/example_setup_teardown.py took 0.088 seconds
[2026-02-10T22:07:46.637+0000] {processor.py:161} INFO - Started process (PID=740) to work on /home/airflow/.local/lib/python3.12/site-packages/airflow/example_dags/example_setup_teardown.py
[2026-02-10T22:07:46.638+0000] {processor.py:830} INFO - Processing file /home/airflow/.local/lib/python3.12/site-packages/airflow/example_dags/example_setup_teardown.py for tasks to queue
[2026-02-10T22:07:46.640+0000] {logging_mixin.py:188} INFO - [2026-02-10T22:07:46.639+0000] {dagbag.py:540} INFO - Filling up the DagBag from /home/airflow/.local/lib/python3.12/site-packages/airflow/example_dags/example_setup_teardown.py
[2026-02-10T22:07:46.647+0000] {processor.py:840} INFO - DAG(s) 'example_setup_teardown' retrieved from /home/airflow/.local/lib/python3.12/site-packages/airflow/example_dags/example_setup_teardown.py
[2026-02-10T22:07:46.674+0000] {logging_mixin.py:188} INFO - [2026-02-10T22:07:46.674+0000] {dag.py:3096} INFO - Sync 1 DAGs
[2026-02-10T22:07:46.703+0000] {logging_mixin.py:188} INFO - [2026-02-10T22:07:46.703+0000] {dag.py:3954} INFO - Setting next_dagrun for example_setup_teardown to 2026-02-09 00:00:00+00:00, run_after=2026-02-10 00:00:00+00:00
[2026-02-10T22:07:46.737+0000] {processor.py:183} INFO - Processing /home/airflow/.local/lib/python3.12/site-packages/airflow/example_dags/example_setup_teardown.py took 0.108 seconds
[2026-02-10T22:08:17.280+0000] {processor.py:161} INFO - Started process (PID=794) to work on /home/airflow/.local/lib/python3.12/site-packages/airflow/example_dags/example_setup_teardown.py
[2026-02-10T22:08:17.281+0000] {processor.py:830} INFO - Processing file /home/airflow/.local/lib/python3.12/site-packages/airflow/example_dags/example_setup_teardown.py for tasks to queue
[2026-02-10T22:08:17.283+0000] {logging_mixin.py:188} INFO - [2026-02-10T22:08:17.283+0000] {dagbag.py:540} INFO - Filling up the DagBag from /home/airflow/.local/lib/python3.12/site-packages/airflow/example_dags/example_setup_teardown.py
[2026-02-10T22:08:17.289+0000] {processor.py:840} INFO - DAG(s) 'example_setup_teardown' retrieved from /home/airflow/.local/lib/python3.12/site-packages/airflow/example_dags/example_setup_teardown.py
[2026-02-10T22:08:17.311+0000] {logging_mixin.py:188} INFO - [2026-02-10T22:08:17.310+0000] {dag.py:3096} INFO - Sync 1 DAGs
[2026-02-10T22:08:17.335+0000] {logging_mixin.py:188} INFO - [2026-02-10T22:08:17.334+0000] {dag.py:3954} INFO - Setting next_dagrun for example_setup_teardown to 2026-02-09 00:00:00+00:00, run_after=2026-02-10 00:00:00+00:00
[2026-02-10T22:08:17.354+0000] {processor.py:183} INFO - Processing /home/airflow/.local/lib/python3.12/site-packages/airflow/example_dags/example_setup_teardown.py took 0.079 seconds
[2026-02-10T22:13:43.397+0000] {processor.py:161} INFO - Started process (PID=38) to work on /home/airflow/.local/lib/python3.12/site-packages/airflow/example_dags/example_setup_teardown.py
[2026-02-10T22:13:43.408+0000] {processor.py:830} INFO - Processing file /home/airflow/.local/lib/python3.12/site-packages/airflow/example_dags/example_setup_teardown.py for tasks to queue
[2026-02-10T22:13:43.417+0000] {logging_mixin.py:188} INFO - [2026-02-10T22:13:43.414+0000] {dagbag.py:540} INFO - Filling up the DagBag from /home/airflow/.local/lib/python3.12/site-packages/airflow/example_dags/example_setup_teardown.py
[2026-02-10T22:13:43.480+0000] {processor.py:840} INFO - DAG(s) 'example_setup_teardown' retrieved from /home/airflow/.local/lib/python3.12/site-packages/airflow/example_dags/example_setup_teardown.py
[2026-02-10T22:13:43.586+0000] {logging_mixin.py:188} INFO - [2026-02-10T22:13:43.586+0000] {dag.py:3096} INFO - Sync 1 DAGs
[2026-02-10T22:13:43.716+0000] {logging_mixin.py:188} INFO - [2026-02-10T22:13:43.715+0000] {dag.py:3954} INFO - Setting next_dagrun for example_setup_teardown to 2026-02-09 00:00:00+00:00, run_after=2026-02-10 00:00:00+00:00
[2026-02-10T22:13:43.786+0000] {processor.py:183} INFO - Processing /home/airflow/.local/lib/python3.12/site-packages/airflow/example_dags/example_setup_teardown.py took 0.426 seconds
[2026-02-10T22:14:15.350+0000] {processor.py:161} INFO - Started process (PID=92) to work on /home/airflow/.local/lib/python3.12/site-packages/airflow/example_dags/example_setup_teardown.py
[2026-02-10T22:14:15.354+0000] {processor.py:830} INFO - Processing file /home/airflow/.local/lib/python3.12/site-packages/airflow/example_dags/example_setup_teardown.py for tasks to queue
[2026-02-10T22:14:15.360+0000] {logging_mixin.py:188} INFO - [2026-02-10T22:14:15.359+0000] {dagbag.py:540} INFO - Filling up the DagBag from /home/airflow/.local/lib/python3.12/site-packages/airflow/example_dags/example_setup_teardown.py
[2026-02-10T22:14:15.384+0000] {processor.py:840} INFO - DAG(s) 'example_setup_teardown' retrieved from /home/airflow/.local/lib/python3.12/site-packages/airflow/example_dags/example_setup_teardown.py
[2026-02-10T22:14:15.702+0000] {logging_mixin.py:188} INFO - [2026-02-10T22:14:15.701+0000] {dag.py:3096} INFO - Sync 1 DAGs
[2026-02-10T22:14:15.777+0000] {logging_mixin.py:188} INFO - [2026-02-10T22:14:15.777+0000] {dag.py:3954} INFO - Setting next_dagrun for example_setup_teardown to 2026-02-09 00:00:00+00:00, run_after=2026-02-10 00:00:00+00:00
[2026-02-10T22:14:15.839+0000] {processor.py:183} INFO - Processing /home/airflow/.local/lib/python3.12/site-packages/airflow/example_dags/example_setup_teardown.py took 0.508 seconds
[2026-02-10T22:14:46.118+0000] {processor.py:161} INFO - Started process (PID=146) to work on /home/airflow/.local/lib/python3.12/site-packages/airflow/example_dags/example_setup_teardown.py
[2026-02-10T22:14:46.119+0000] {processor.py:830} INFO - Processing file /home/airflow/.local/lib/python3.12/site-packages/airflow/example_dags/example_setup_teardown.py for tasks to queue
[2026-02-10T22:14:46.122+0000] {logging_mixin.py:188} INFO - [2026-02-10T22:14:46.122+0000] {dagbag.py:540} INFO - Filling up the DagBag from /home/airflow/.local/lib/python3.12/site-packages/airflow/example_dags/example_setup_teardown.py
[2026-02-10T22:14:46.131+0000] {processor.py:840} INFO - DAG(s) 'example_setup_teardown' retrieved from /home/airflow/.local/lib/python3.12/site-packages/airflow/example_dags/example_setup_teardown.py
[2026-02-10T22:14:46.158+0000] {logging_mixin.py:188} INFO - [2026-02-10T22:14:46.157+0000] {dag.py:3096} INFO - Sync 1 DAGs
[2026-02-10T22:14:46.186+0000] {logging_mixin.py:188} INFO - [2026-02-10T22:14:46.186+0000] {dag.py:3954} INFO - Setting next_dagrun for example_setup_teardown to 2026-02-09 00:00:00+00:00, run_after=2026-02-10 00:00:00+00:00
[2026-02-10T22:14:46.213+0000] {processor.py:183} INFO - Processing /home/airflow/.local/lib/python3.12/site-packages/airflow/example_dags/example_setup_teardown.py took 0.101 seconds
[2026-02-10T22:15:16.408+0000] {processor.py:161} INFO - Started process (PID=200) to work on /home/airflow/.local/lib/python3.12/site-packages/airflow/example_dags/example_setup_teardown.py
[2026-02-10T22:15:16.411+0000] {processor.py:830} INFO - Processing file /home/airflow/.local/lib/python3.12/site-packages/airflow/example_dags/example_setup_teardown.py for tasks to queue
[2026-02-10T22:15:16.419+0000] {logging_mixin.py:188} INFO - [2026-02-10T22:15:16.418+0000] {dagbag.py:540} INFO - Filling up the DagBag from /home/airflow/.local/lib/python3.12/site-packages/airflow/example_dags/example_setup_teardown.py
[2026-02-10T22:15:16.440+0000] {processor.py:840} INFO - DAG(s) 'example_setup_teardown' retrieved from /home/airflow/.local/lib/python3.12/site-packages/airflow/example_dags/example_setup_teardown.py
[2026-02-10T22:15:16.513+0000] {logging_mixin.py:188} INFO - [2026-02-10T22:15:16.512+0000] {dag.py:3096} INFO - Sync 1 DAGs
[2026-02-10T22:15:16.578+0000] {logging_mixin.py:188} INFO - [2026-02-10T22:15:16.577+0000] {dag.py:3954} INFO - Setting next_dagrun for example_setup_teardown to 2026-02-09 00:00:00+00:00, run_after=2026-02-10 00:00:00+00:00
[2026-02-10T22:15:16.639+0000] {processor.py:183} INFO - Processing /home/airflow/.local/lib/python3.12/site-packages/airflow/example_dags/example_setup_teardown.py took 0.248 seconds
[2026-02-10T22:15:47.532+0000] {processor.py:161} INFO - Started process (PID=254) to work on /home/airflow/.local/lib/python3.12/site-packages/airflow/example_dags/example_setup_teardown.py
[2026-02-10T22:15:47.534+0000] {processor.py:830} INFO - Processing file /home/airflow/.local/lib/python3.12/site-packages/airflow/example_dags/example_setup_teardown.py for tasks to queue
[2026-02-10T22:15:47.536+0000] {logging_mixin.py:188} INFO - [2026-02-10T22:15:47.536+0000] {dagbag.py:540} INFO - Filling up the DagBag from /home/airflow/.local/lib/python3.12/site-packages/airflow/example_dags/example_setup_teardown.py
[2026-02-10T22:15:47.544+0000] {processor.py:840} INFO - DAG(s) 'example_setup_teardown' retrieved from /home/airflow/.local/lib/python3.12/site-packages/airflow/example_dags/example_setup_teardown.py
[2026-02-10T22:15:47.569+0000] {logging_mixin.py:188} INFO - [2026-02-10T22:15:47.569+0000] {dag.py:3096} INFO - Sync 1 DAGs
[2026-02-10T22:15:47.595+0000] {logging_mixin.py:188} INFO - [2026-02-10T22:15:47.595+0000] {dag.py:3954} INFO - Setting next_dagrun for example_setup_teardown to 2026-02-09 00:00:00+00:00, run_after=2026-02-10 00:00:00+00:00
[2026-02-10T22:15:47.620+0000] {processor.py:183} INFO - Processing /home/airflow/.local/lib/python3.12/site-packages/airflow/example_dags/example_setup_teardown.py took 0.094 seconds
[2026-02-10T22:16:17.922+0000] {processor.py:161} INFO - Started process (PID=308) to work on /home/airflow/.local/lib/python3.12/site-packages/airflow/example_dags/example_setup_teardown.py
[2026-02-10T22:16:17.923+0000] {processor.py:830} INFO - Processing file /home/airflow/.local/lib/python3.12/site-packages/airflow/example_dags/example_setup_teardown.py for tasks to queue
[2026-02-10T22:16:17.925+0000] {logging_mixin.py:188} INFO - [2026-02-10T22:16:17.924+0000] {dagbag.py:540} INFO - Filling up the DagBag from /home/airflow/.local/lib/python3.12/site-packages/airflow/example_dags/example_setup_teardown.py
[2026-02-10T22:16:17.931+0000] {processor.py:840} INFO - DAG(s) 'example_setup_teardown' retrieved from /home/airflow/.local/lib/python3.12/site-packages/airflow/example_dags/example_setup_teardown.py
[2026-02-10T22:16:17.950+0000] {logging_mixin.py:188} INFO - [2026-02-10T22:16:17.950+0000] {dag.py:3096} INFO - Sync 1 DAGs
[2026-02-10T22:16:17.973+0000] {logging_mixin.py:188} INFO - [2026-02-10T22:16:17.972+0000] {dag.py:3954} INFO - Setting next_dagrun for example_setup_teardown to 2026-02-09 00:00:00+00:00, run_after=2026-02-10 00:00:00+00:00
[2026-02-10T22:16:17.996+0000] {processor.py:183} INFO - Processing /home/airflow/.local/lib/python3.12/site-packages/airflow/example_dags/example_setup_teardown.py took 0.079 seconds
[2026-02-10T22:16:48.719+0000] {processor.py:161} INFO - Started process (PID=362) to work on /home/airflow/.local/lib/python3.12/site-packages/airflow/example_dags/example_setup_teardown.py
[2026-02-10T22:16:48.722+0000] {processor.py:830} INFO - Processing file /home/airflow/.local/lib/python3.12/site-packages/airflow/example_dags/example_setup_teardown.py for tasks to queue
[2026-02-10T22:16:48.729+0000] {logging_mixin.py:188} INFO - [2026-02-10T22:16:48.728+0000] {dagbag.py:540} INFO - Filling up the DagBag from /home/airflow/.local/lib/python3.12/site-packages/airflow/example_dags/example_setup_teardown.py
[2026-02-10T22:16:48.755+0000] {processor.py:840} INFO - DAG(s) 'example_setup_teardown' retrieved from /home/airflow/.local/lib/python3.12/site-packages/airflow/example_dags/example_setup_teardown.py
[2026-02-10T22:16:48.821+0000] {logging_mixin.py:188} INFO - [2026-02-10T22:16:48.820+0000] {dag.py:3096} INFO - Sync 1 DAGs
[2026-02-10T22:16:48.892+0000] {logging_mixin.py:188} INFO - [2026-02-10T22:16:48.892+0000] {dag.py:3954} INFO - Setting next_dagrun for example_setup_teardown to 2026-02-09 00:00:00+00:00, run_after=2026-02-10 00:00:00+00:00
[2026-02-10T22:16:48.954+0000] {processor.py:183} INFO - Processing /home/airflow/.local/lib/python3.12/site-packages/airflow/example_dags/example_setup_teardown.py took 0.265 seconds
[2026-02-10T22:17:19.100+0000] {processor.py:161} INFO - Started process (PID=416) to work on /home/airflow/.local/lib/python3.12/site-packages/airflow/example_dags/example_setup_teardown.py
[2026-02-10T22:17:19.101+0000] {processor.py:830} INFO - Processing file /home/airflow/.local/lib/python3.12/site-packages/airflow/example_dags/example_setup_teardown.py for tasks to queue
[2026-02-10T22:17:19.103+0000] {logging_mixin.py:188} INFO - [2026-02-10T22:17:19.103+0000] {dagbag.py:540} INFO - Filling up the DagBag from /home/airflow/.local/lib/python3.12/site-packages/airflow/example_dags/example_setup_teardown.py
[2026-02-10T22:17:19.111+0000] {processor.py:840} INFO - DAG(s) 'example_setup_teardown' retrieved from /home/airflow/.local/lib/python3.12/site-packages/airflow/example_dags/example_setup_teardown.py
[2026-02-10T22:17:19.138+0000] {logging_mixin.py:188} INFO - [2026-02-10T22:17:19.138+0000] {dag.py:3096} INFO - Sync 1 DAGs
[2026-02-10T22:17:19.175+0000] {logging_mixin.py:188} INFO - [2026-02-10T22:17:19.174+0000] {dag.py:3954} INFO - Setting next_dagrun for example_setup_teardown to 2026-02-09 00:00:00+00:00, run_after=2026-02-10 00:00:00+00:00
[2026-02-10T22:17:19.212+0000] {processor.py:183} INFO - Processing /home/airflow/.local/lib/python3.12/site-packages/airflow/example_dags/example_setup_teardown.py took 0.118 seconds
[2026-02-10T22:17:49.574+0000] {processor.py:161} INFO - Started process (PID=470) to work on /home/airflow/.local/lib/python3.12/site-packages/airflow/example_dags/example_setup_teardown.py
[2026-02-10T22:17:49.575+0000] {processor.py:830} INFO - Processing file /home/airflow/.local/lib/python3.12/site-packages/airflow/example_dags/example_setup_teardown.py for tasks to queue
[2026-02-10T22:17:49.577+0000] {logging_mixin.py:188} INFO - [2026-02-10T22:17:49.576+0000] {dagbag.py:540} INFO - Filling up the DagBag from /home/airflow/.local/lib/python3.12/site-packages/airflow/example_dags/example_setup_teardown.py
[2026-02-10T22:17:49.583+0000] {processor.py:840} INFO - DAG(s) 'example_setup_teardown' retrieved from /home/airflow/.local/lib/python3.12/site-packages/airflow/example_dags/example_setup_teardown.py
[2026-02-10T22:17:49.602+0000] {logging_mixin.py:188} INFO - [2026-02-10T22:17:49.602+0000] {dag.py:3096} INFO - Sync 1 DAGs
[2026-02-10T22:17:49.621+0000] {logging_mixin.py:188} INFO - [2026-02-10T22:17:49.621+0000] {dag.py:3954} INFO - Setting next_dagrun for example_setup_teardown to 2026-02-09 00:00:00+00:00, run_after=2026-02-10 00:00:00+00:00
[2026-02-10T22:17:49.642+0000] {processor.py:183} INFO - Processing /home/airflow/.local/lib/python3.12/site-packages/airflow/example_dags/example_setup_teardown.py took 0.073 seconds
[2026-02-10T22:18:20.101+0000] {processor.py:161} INFO - Started process (PID=524) to work on /home/airflow/.local/lib/python3.12/site-packages/airflow/example_dags/example_setup_teardown.py
[2026-02-10T22:18:20.102+0000] {processor.py:830} INFO - Processing file /home/airflow/.local/lib/python3.12/site-packages/airflow/example_dags/example_setup_teardown.py for tasks to queue
[2026-02-10T22:18:20.105+0000] {logging_mixin.py:188} INFO - [2026-02-10T22:18:20.105+0000] {dagbag.py:540} INFO - Filling up the DagBag from /home/airflow/.local/lib/python3.12/site-packages/airflow/example_dags/example_setup_teardown.py
[2026-02-10T22:18:20.117+0000] {processor.py:840} INFO - DAG(s) 'example_setup_teardown' retrieved from /home/airflow/.local/lib/python3.12/site-packages/airflow/example_dags/example_setup_teardown.py
[2026-02-10T22:18:20.147+0000] {logging_mixin.py:188} INFO - [2026-02-10T22:18:20.146+0000] {dag.py:3096} INFO - Sync 1 DAGs
[2026-02-10T22:18:20.175+0000] {logging_mixin.py:188} INFO - [2026-02-10T22:18:20.175+0000] {dag.py:3954} INFO - Setting next_dagrun for example_setup_teardown to 2026-02-09 00:00:00+00:00, run_after=2026-02-10 00:00:00+00:00
[2026-02-10T22:18:20.203+0000] {processor.py:183} INFO - Processing /home/airflow/.local/lib/python3.12/site-packages/airflow/example_dags/example_setup_teardown.py took 0.109 seconds
[2026-02-10T22:18:50.828+0000] {processor.py:161} INFO - Started process (PID=578) to work on /home/airflow/.local/lib/python3.12/site-packages/airflow/example_dags/example_setup_teardown.py
[2026-02-10T22:18:50.830+0000] {processor.py:830} INFO - Processing file /home/airflow/.local/lib/python3.12/site-packages/airflow/example_dags/example_setup_teardown.py for tasks to queue
[2026-02-10T22:18:50.831+0000] {logging_mixin.py:188} INFO - [2026-02-10T22:18:50.831+0000] {dagbag.py:540} INFO - Filling up the DagBag from /home/airflow/.local/lib/python3.12/site-packages/airflow/example_dags/example_setup_teardown.py
[2026-02-10T22:18:50.838+0000] {processor.py:840} INFO - DAG(s) 'example_setup_teardown' retrieved from /home/airflow/.local/lib/python3.12/site-packages/airflow/example_dags/example_setup_teardown.py
[2026-02-10T22:18:50.860+0000] {logging_mixin.py:188} INFO - [2026-02-10T22:18:50.860+0000] {dag.py:3096} INFO - Sync 1 DAGs
[2026-02-10T22:18:50.887+0000] {logging_mixin.py:188} INFO - [2026-02-10T22:18:50.887+0000] {dag.py:3954} INFO - Setting next_dagrun for example_setup_teardown to 2026-02-09 00:00:00+00:00, run_after=2026-02-10 00:00:00+00:00
[2026-02-10T22:18:50.914+0000] {processor.py:183} INFO - Processing /home/airflow/.local/lib/python3.12/site-packages/airflow/example_dags/example_setup_teardown.py took 0.091 seconds
[2026-02-10T22:19:21.491+0000] {processor.py:161} INFO - Started process (PID=632) to work on /home/airflow/.local/lib/python3.12/site-packages/airflow/example_dags/example_setup_teardown.py
[2026-02-10T22:19:21.493+0000] {processor.py:830} INFO - Processing file /home/airflow/.local/lib/python3.12/site-packages/airflow/example_dags/example_setup_teardown.py for tasks to queue
[2026-02-10T22:19:21.495+0000] {logging_mixin.py:188} INFO - [2026-02-10T22:19:21.495+0000] {dagbag.py:540} INFO - Filling up the DagBag from /home/airflow/.local/lib/python3.12/site-packages/airflow/example_dags/example_setup_teardown.py
[2026-02-10T22:19:21.505+0000] {processor.py:840} INFO - DAG(s) 'example_setup_teardown' retrieved from /home/airflow/.local/lib/python3.12/site-packages/airflow/example_dags/example_setup_teardown.py
[2026-02-10T22:19:21.528+0000] {logging_mixin.py:188} INFO - [2026-02-10T22:19:21.528+0000] {dag.py:3096} INFO - Sync 1 DAGs
[2026-02-10T22:19:21.554+0000] {logging_mixin.py:188} INFO - [2026-02-10T22:19:21.554+0000] {dag.py:3954} INFO - Setting next_dagrun for example_setup_teardown to 2026-02-09 00:00:00+00:00, run_after=2026-02-10 00:00:00+00:00
[2026-02-10T22:19:21.591+0000] {processor.py:183} INFO - Processing /home/airflow/.local/lib/python3.12/site-packages/airflow/example_dags/example_setup_teardown.py took 0.106 seconds
[2026-02-10T22:19:51.773+0000] {processor.py:161} INFO - Started process (PID=686) to work on /home/airflow/.local/lib/python3.12/site-packages/airflow/example_dags/example_setup_teardown.py
[2026-02-10T22:19:51.774+0000] {processor.py:830} INFO - Processing file /home/airflow/.local/lib/python3.12/site-packages/airflow/example_dags/example_setup_teardown.py for tasks to queue
[2026-02-10T22:19:51.776+0000] {logging_mixin.py:188} INFO - [2026-02-10T22:19:51.776+0000] {dagbag.py:540} INFO - Filling up the DagBag from /home/airflow/.local/lib/python3.12/site-packages/airflow/example_dags/example_setup_teardown.py
[2026-02-10T22:19:51.782+0000] {processor.py:840} INFO - DAG(s) 'example_setup_teardown' retrieved from /home/airflow/.local/lib/python3.12/site-packages/airflow/example_dags/example_setup_teardown.py
[2026-02-10T22:19:51.806+0000] {logging_mixin.py:188} INFO - [2026-02-10T22:19:51.805+0000] {dag.py:3096} INFO - Sync 1 DAGs
[2026-02-10T22:19:51.827+0000] {logging_mixin.py:188} INFO - [2026-02-10T22:19:51.827+0000] {dag.py:3954} INFO - Setting next_dagrun for example_setup_teardown to 2026-02-09 00:00:00+00:00, run_after=2026-02-10 00:00:00+00:00
[2026-02-10T22:19:51.850+0000] {processor.py:183} INFO - Processing /home/airflow/.local/lib/python3.12/site-packages/airflow/example_dags/example_setup_teardown.py took 0.082 seconds
[2026-02-10T22:20:22.773+0000] {processor.py:161} INFO - Started process (PID=740) to work on /home/airflow/.local/lib/python3.12/site-packages/airflow/example_dags/example_setup_teardown.py
[2026-02-10T22:20:22.774+0000] {processor.py:830} INFO - Processing file /home/airflow/.local/lib/python3.12/site-packages/airflow/example_dags/example_setup_teardown.py for tasks to queue
[2026-02-10T22:20:22.776+0000] {logging_mixin.py:188} INFO - [2026-02-10T22:20:22.775+0000] {dagbag.py:540} INFO - Filling up the DagBag from /home/airflow/.local/lib/python3.12/site-packages/airflow/example_dags/example_setup_teardown.py
[2026-02-10T22:20:22.782+0000] {processor.py:840} INFO - DAG(s) 'example_setup_teardown' retrieved from /home/airflow/.local/lib/python3.12/site-packages/airflow/example_dags/example_setup_teardown.py
[2026-02-10T22:20:22.804+0000] {logging_mixin.py:188} INFO - [2026-02-10T22:20:22.804+0000] {dag.py:3096} INFO - Sync 1 DAGs
[2026-02-10T22:20:22.827+0000] {logging_mixin.py:188} INFO - [2026-02-10T22:20:22.826+0000] {dag.py:3954} INFO - Setting next_dagrun for example_setup_teardown to 2026-02-09 00:00:00+00:00, run_after=2026-02-10 00:00:00+00:00
[2026-02-10T22:20:22.859+0000] {processor.py:183} INFO - Processing /home/airflow/.local/lib/python3.12/site-packages/airflow/example_dags/example_setup_teardown.py took 0.091 seconds
[2026-02-10T22:20:53.512+0000] {processor.py:161} INFO - Started process (PID=794) to work on /home/airflow/.local/lib/python3.12/site-packages/airflow/example_dags/example_setup_teardown.py
[2026-02-10T22:20:53.513+0000] {processor.py:830} INFO - Processing file /home/airflow/.local/lib/python3.12/site-packages/airflow/example_dags/example_setup_teardown.py for tasks to queue
[2026-02-10T22:20:53.515+0000] {logging_mixin.py:188} INFO - [2026-02-10T22:20:53.514+0000] {dagbag.py:540} INFO - Filling up the DagBag from /home/airflow/.local/lib/python3.12/site-packages/airflow/example_dags/example_setup_teardown.py
[2026-02-10T22:20:53.524+0000] {processor.py:840} INFO - DAG(s) 'example_setup_teardown' retrieved from /home/airflow/.local/lib/python3.12/site-packages/airflow/example_dags/example_setup_teardown.py
[2026-02-10T22:20:53.558+0000] {logging_mixin.py:188} INFO - [2026-02-10T22:20:53.557+0000] {dag.py:3096} INFO - Sync 1 DAGs
[2026-02-10T22:20:53.611+0000] {logging_mixin.py:188} INFO - [2026-02-10T22:20:53.600+0000] {dag.py:3954} INFO - Setting next_dagrun for example_setup_teardown to 2026-02-09 00:00:00+00:00, run_after=2026-02-10 00:00:00+00:00
[2026-02-10T22:20:53.833+0000] {processor.py:183} INFO - Processing /home/airflow/.local/lib/python3.12/site-packages/airflow/example_dags/example_setup_teardown.py took 0.326 seconds
[2026-02-10T22:21:23.998+0000] {processor.py:161} INFO - Started process (PID=848) to work on /home/airflow/.local/lib/python3.12/site-packages/airflow/example_dags/example_setup_teardown.py
[2026-02-10T22:21:24.000+0000] {processor.py:830} INFO - Processing file /home/airflow/.local/lib/python3.12/site-packages/airflow/example_dags/example_setup_teardown.py for tasks to queue
[2026-02-10T22:21:24.002+0000] {logging_mixin.py:188} INFO - [2026-02-10T22:21:24.002+0000] {dagbag.py:540} INFO - Filling up the DagBag from /home/airflow/.local/lib/python3.12/site-packages/airflow/example_dags/example_setup_teardown.py
[2026-02-10T22:21:24.011+0000] {processor.py:840} INFO - DAG(s) 'example_setup_teardown' retrieved from /home/airflow/.local/lib/python3.12/site-packages/airflow/example_dags/example_setup_teardown.py
[2026-02-10T22:21:24.040+0000] {logging_mixin.py:188} INFO - [2026-02-10T22:21:24.040+0000] {dag.py:3096} INFO - Sync 1 DAGs
[2026-02-10T22:21:24.070+0000] {logging_mixin.py:188} INFO - [2026-02-10T22:21:24.070+0000] {dag.py:3954} INFO - Setting next_dagrun for example_setup_teardown to 2026-02-09 00:00:00+00:00, run_after=2026-02-10 00:00:00+00:00
[2026-02-10T22:21:24.109+0000] {processor.py:183} INFO - Processing /home/airflow/.local/lib/python3.12/site-packages/airflow/example_dags/example_setup_teardown.py took 0.119 seconds
[2026-02-10T22:21:54.389+0000] {processor.py:161} INFO - Started process (PID=900) to work on /home/airflow/.local/lib/python3.12/site-packages/airflow/example_dags/example_setup_teardown.py
[2026-02-10T22:21:54.390+0000] {processor.py:830} INFO - Processing file /home/airflow/.local/lib/python3.12/site-packages/airflow/example_dags/example_setup_teardown.py for tasks to queue
[2026-02-10T22:21:54.392+0000] {logging_mixin.py:188} INFO - [2026-02-10T22:21:54.392+0000] {dagbag.py:540} INFO - Filling up the DagBag from /home/airflow/.local/lib/python3.12/site-packages/airflow/example_dags/example_setup_teardown.py
[2026-02-10T22:21:54.399+0000] {processor.py:840} INFO - DAG(s) 'example_setup_teardown' retrieved from /home/airflow/.local/lib/python3.12/site-packages/airflow/example_dags/example_setup_teardown.py
[2026-02-10T22:21:54.421+0000] {logging_mixin.py:188} INFO - [2026-02-10T22:21:54.421+0000] {dag.py:3096} INFO - Sync 1 DAGs
[2026-02-10T22:21:54.442+0000] {logging_mixin.py:188} INFO - [2026-02-10T22:21:54.442+0000] {dag.py:3954} INFO - Setting next_dagrun for example_setup_teardown to 2026-02-09 00:00:00+00:00, run_after=2026-02-10 00:00:00+00:00
[2026-02-10T22:21:54.463+0000] {processor.py:183} INFO - Processing /home/airflow/.local/lib/python3.12/site-packages/airflow/example_dags/example_setup_teardown.py took 0.079 seconds
[2026-02-10T22:22:25.025+0000] {processor.py:161} INFO - Started process (PID=954) to work on /home/airflow/.local/lib/python3.12/site-packages/airflow/example_dags/example_setup_teardown.py
[2026-02-10T22:22:25.026+0000] {processor.py:830} INFO - Processing file /home/airflow/.local/lib/python3.12/site-packages/airflow/example_dags/example_setup_teardown.py for tasks to queue
[2026-02-10T22:22:25.030+0000] {logging_mixin.py:188} INFO - [2026-02-10T22:22:25.029+0000] {dagbag.py:540} INFO - Filling up the DagBag from /home/airflow/.local/lib/python3.12/site-packages/airflow/example_dags/example_setup_teardown.py
[2026-02-10T22:22:25.041+0000] {processor.py:840} INFO - DAG(s) 'example_setup_teardown' retrieved from /home/airflow/.local/lib/python3.12/site-packages/airflow/example_dags/example_setup_teardown.py
[2026-02-10T22:22:25.077+0000] {logging_mixin.py:188} INFO - [2026-02-10T22:22:25.077+0000] {dag.py:3096} INFO - Sync 1 DAGs
[2026-02-10T22:22:25.114+0000] {logging_mixin.py:188} INFO - [2026-02-10T22:22:25.114+0000] {dag.py:3954} INFO - Setting next_dagrun for example_setup_teardown to 2026-02-09 00:00:00+00:00, run_after=2026-02-10 00:00:00+00:00
[2026-02-10T22:22:25.154+0000] {processor.py:183} INFO - Processing /home/airflow/.local/lib/python3.12/site-packages/airflow/example_dags/example_setup_teardown.py took 0.139 seconds
[2026-02-10T22:22:55.316+0000] {processor.py:161} INFO - Started process (PID=1008) to work on /home/airflow/.local/lib/python3.12/site-packages/airflow/example_dags/example_setup_teardown.py
[2026-02-10T22:22:55.317+0000] {processor.py:830} INFO - Processing file /home/airflow/.local/lib/python3.12/site-packages/airflow/example_dags/example_setup_teardown.py for tasks to queue
[2026-02-10T22:22:55.319+0000] {logging_mixin.py:188} INFO - [2026-02-10T22:22:55.319+0000] {dagbag.py:540} INFO - Filling up the DagBag from /home/airflow/.local/lib/python3.12/site-packages/airflow/example_dags/example_setup_teardown.py
[2026-02-10T22:22:55.330+0000] {processor.py:840} INFO - DAG(s) 'example_setup_teardown' retrieved from /home/airflow/.local/lib/python3.12/site-packages/airflow/example_dags/example_setup_teardown.py
[2026-02-10T22:22:55.355+0000] {logging_mixin.py:188} INFO - [2026-02-10T22:22:55.354+0000] {dag.py:3096} INFO - Sync 1 DAGs
[2026-02-10T22:22:55.382+0000] {logging_mixin.py:188} INFO - [2026-02-10T22:22:55.382+0000] {dag.py:3954} INFO - Setting next_dagrun for example_setup_teardown to 2026-02-09 00:00:00+00:00, run_after=2026-02-10 00:00:00+00:00
[2026-02-10T22:22:55.417+0000] {processor.py:183} INFO - Processing /home/airflow/.local/lib/python3.12/site-packages/airflow/example_dags/example_setup_teardown.py took 0.107 seconds
[2026-02-10T22:23:25.863+0000] {processor.py:161} INFO - Started process (PID=1062) to work on /home/airflow/.local/lib/python3.12/site-packages/airflow/example_dags/example_setup_teardown.py
[2026-02-10T22:23:25.866+0000] {processor.py:830} INFO - Processing file /home/airflow/.local/lib/python3.12/site-packages/airflow/example_dags/example_setup_teardown.py for tasks to queue
[2026-02-10T22:23:25.868+0000] {logging_mixin.py:188} INFO - [2026-02-10T22:23:25.868+0000] {dagbag.py:540} INFO - Filling up the DagBag from /home/airflow/.local/lib/python3.12/site-packages/airflow/example_dags/example_setup_teardown.py
[2026-02-10T22:23:25.876+0000] {processor.py:840} INFO - DAG(s) 'example_setup_teardown' retrieved from /home/airflow/.local/lib/python3.12/site-packages/airflow/example_dags/example_setup_teardown.py
[2026-02-10T22:23:25.899+0000] {logging_mixin.py:188} INFO - [2026-02-10T22:23:25.898+0000] {dag.py:3096} INFO - Sync 1 DAGs
[2026-02-10T22:23:25.924+0000] {logging_mixin.py:188} INFO - [2026-02-10T22:23:25.924+0000] {dag.py:3954} INFO - Setting next_dagrun for example_setup_teardown to 2026-02-09 00:00:00+00:00, run_after=2026-02-10 00:00:00+00:00
[2026-02-10T22:23:25.945+0000] {processor.py:183} INFO - Processing /home/airflow/.local/lib/python3.12/site-packages/airflow/example_dags/example_setup_teardown.py took 0.088 seconds
[2026-02-10T22:23:56.358+0000] {processor.py:161} INFO - Started process (PID=1116) to work on /home/airflow/.local/lib/python3.12/site-packages/airflow/example_dags/example_setup_teardown.py
[2026-02-10T22:23:56.359+0000] {processor.py:830} INFO - Processing file /home/airflow/.local/lib/python3.12/site-packages/airflow/example_dags/example_setup_teardown.py for tasks to queue
[2026-02-10T22:23:56.361+0000] {logging_mixin.py:188} INFO - [2026-02-10T22:23:56.361+0000] {dagbag.py:540} INFO - Filling up the DagBag from /home/airflow/.local/lib/python3.12/site-packages/airflow/example_dags/example_setup_teardown.py
[2026-02-10T22:23:56.367+0000] {processor.py:840} INFO - DAG(s) 'example_setup_teardown' retrieved from /home/airflow/.local/lib/python3.12/site-packages/airflow/example_dags/example_setup_teardown.py
[2026-02-10T22:23:56.387+0000] {logging_mixin.py:188} INFO - [2026-02-10T22:23:56.387+0000] {dag.py:3096} INFO - Sync 1 DAGs
[2026-02-10T22:23:56.407+0000] {logging_mixin.py:188} INFO - [2026-02-10T22:23:56.407+0000] {dag.py:3954} INFO - Setting next_dagrun for example_setup_teardown to 2026-02-09 00:00:00+00:00, run_after=2026-02-10 00:00:00+00:00
[2026-02-10T22:23:56.427+0000] {processor.py:183} INFO - Processing /home/airflow/.local/lib/python3.12/site-packages/airflow/example_dags/example_setup_teardown.py took 0.073 seconds
[2026-02-10T22:24:26.929+0000] {processor.py:161} INFO - Started process (PID=1170) to work on /home/airflow/.local/lib/python3.12/site-packages/airflow/example_dags/example_setup_teardown.py
[2026-02-10T22:24:26.931+0000] {processor.py:830} INFO - Processing file /home/airflow/.local/lib/python3.12/site-packages/airflow/example_dags/example_setup_teardown.py for tasks to queue
[2026-02-10T22:24:26.934+0000] {logging_mixin.py:188} INFO - [2026-02-10T22:24:26.933+0000] {dagbag.py:540} INFO - Filling up the DagBag from /home/airflow/.local/lib/python3.12/site-packages/airflow/example_dags/example_setup_teardown.py
[2026-02-10T22:24:26.945+0000] {processor.py:840} INFO - DAG(s) 'example_setup_teardown' retrieved from /home/airflow/.local/lib/python3.12/site-packages/airflow/example_dags/example_setup_teardown.py
[2026-02-10T22:24:26.985+0000] {logging_mixin.py:188} INFO - [2026-02-10T22:24:26.985+0000] {dag.py:3096} INFO - Sync 1 DAGs
[2026-02-10T22:24:27.033+0000] {logging_mixin.py:188} INFO - [2026-02-10T22:24:27.032+0000] {dag.py:3954} INFO - Setting next_dagrun for example_setup_teardown to 2026-02-09 00:00:00+00:00, run_after=2026-02-10 00:00:00+00:00
[2026-02-10T22:24:27.068+0000] {processor.py:183} INFO - Processing /home/airflow/.local/lib/python3.12/site-packages/airflow/example_dags/example_setup_teardown.py took 0.149 seconds
[2026-02-10T22:24:57.349+0000] {processor.py:161} INFO - Started process (PID=1224) to work on /home/airflow/.local/lib/python3.12/site-packages/airflow/example_dags/example_setup_teardown.py
[2026-02-10T22:24:57.350+0000] {processor.py:830} INFO - Processing file /home/airflow/.local/lib/python3.12/site-packages/airflow/example_dags/example_setup_teardown.py for tasks to queue
[2026-02-10T22:24:57.353+0000] {logging_mixin.py:188} INFO - [2026-02-10T22:24:57.352+0000] {dagbag.py:540} INFO - Filling up the DagBag from /home/airflow/.local/lib/python3.12/site-packages/airflow/example_dags/example_setup_teardown.py
[2026-02-10T22:24:57.359+0000] {processor.py:840} INFO - DAG(s) 'example_setup_teardown' retrieved from /home/airflow/.local/lib/python3.12/site-packages/airflow/example_dags/example_setup_teardown.py
[2026-02-10T22:24:57.379+0000] {logging_mixin.py:188} INFO - [2026-02-10T22:24:57.378+0000] {dag.py:3096} INFO - Sync 1 DAGs
[2026-02-10T22:24:57.555+0000] {logging_mixin.py:188} INFO - [2026-02-10T22:24:57.555+0000] {dag.py:3954} INFO - Setting next_dagrun for example_setup_teardown to 2026-02-09 00:00:00+00:00, run_after=2026-02-10 00:00:00+00:00
[2026-02-10T22:24:57.584+0000] {processor.py:183} INFO - Processing /home/airflow/.local/lib/python3.12/site-packages/airflow/example_dags/example_setup_teardown.py took 0.240 seconds
[2026-02-10T22:25:28.185+0000] {processor.py:161} INFO - Started process (PID=1278) to work on /home/airflow/.local/lib/python3.12/site-packages/airflow/example_dags/example_setup_teardown.py
[2026-02-10T22:25:28.204+0000] {processor.py:830} INFO - Processing file /home/airflow/.local/lib/python3.12/site-packages/airflow/example_dags/example_setup_teardown.py for tasks to queue
[2026-02-10T22:25:28.218+0000] {logging_mixin.py:188} INFO - [2026-02-10T22:25:28.217+0000] {dagbag.py:540} INFO - Filling up the DagBag from /home/airflow/.local/lib/python3.12/site-packages/airflow/example_dags/example_setup_teardown.py
[2026-02-10T22:25:28.266+0000] {processor.py:840} INFO - DAG(s) 'example_setup_teardown' retrieved from /home/airflow/.local/lib/python3.12/site-packages/airflow/example_dags/example_setup_teardown.py
[2026-02-10T22:25:28.567+0000] {logging_mixin.py:188} INFO - [2026-02-10T22:25:28.565+0000] {dag.py:3096} INFO - Sync 1 DAGs
[2026-02-10T22:25:28.752+0000] {logging_mixin.py:188} INFO - [2026-02-10T22:25:28.751+0000] {dag.py:3954} INFO - Setting next_dagrun for example_setup_teardown to 2026-02-09 00:00:00+00:00, run_after=2026-02-10 00:00:00+00:00
[2026-02-10T22:25:28.921+0000] {processor.py:183} INFO - Processing /home/airflow/.local/lib/python3.12/site-packages/airflow/example_dags/example_setup_teardown.py took 0.817 seconds
[2026-02-10T22:25:59.119+0000] {processor.py:161} INFO - Started process (PID=1332) to work on /home/airflow/.local/lib/python3.12/site-packages/airflow/example_dags/example_setup_teardown.py
[2026-02-10T22:25:59.122+0000] {processor.py:830} INFO - Processing file /home/airflow/.local/lib/python3.12/site-packages/airflow/example_dags/example_setup_teardown.py for tasks to queue
[2026-02-10T22:25:59.127+0000] {logging_mixin.py:188} INFO - [2026-02-10T22:25:59.126+0000] {dagbag.py:540} INFO - Filling up the DagBag from /home/airflow/.local/lib/python3.12/site-packages/airflow/example_dags/example_setup_teardown.py
[2026-02-10T22:25:59.154+0000] {processor.py:840} INFO - DAG(s) 'example_setup_teardown' retrieved from /home/airflow/.local/lib/python3.12/site-packages/airflow/example_dags/example_setup_teardown.py
[2026-02-10T22:25:59.232+0000] {logging_mixin.py:188} INFO - [2026-02-10T22:25:59.232+0000] {dag.py:3096} INFO - Sync 1 DAGs
[2026-02-10T22:25:59.384+0000] {logging_mixin.py:188} INFO - [2026-02-10T22:25:59.383+0000] {dag.py:3954} INFO - Setting next_dagrun for example_setup_teardown to 2026-02-09 00:00:00+00:00, run_after=2026-02-10 00:00:00+00:00
[2026-02-10T22:25:59.562+0000] {processor.py:183} INFO - Processing /home/airflow/.local/lib/python3.12/site-packages/airflow/example_dags/example_setup_teardown.py took 0.463 seconds
[2026-02-10T22:26:30.062+0000] {processor.py:161} INFO - Started process (PID=1386) to work on /home/airflow/.local/lib/python3.12/site-packages/airflow/example_dags/example_setup_teardown.py
[2026-02-10T22:26:30.063+0000] {processor.py:830} INFO - Processing file /home/airflow/.local/lib/python3.12/site-packages/airflow/example_dags/example_setup_teardown.py for tasks to queue
[2026-02-10T22:26:30.065+0000] {logging_mixin.py:188} INFO - [2026-02-10T22:26:30.065+0000] {dagbag.py:540} INFO - Filling up the DagBag from /home/airflow/.local/lib/python3.12/site-packages/airflow/example_dags/example_setup_teardown.py
[2026-02-10T22:26:30.073+0000] {processor.py:840} INFO - DAG(s) 'example_setup_teardown' retrieved from /home/airflow/.local/lib/python3.12/site-packages/airflow/example_dags/example_setup_teardown.py
[2026-02-10T22:26:30.097+0000] {logging_mixin.py:188} INFO - [2026-02-10T22:26:30.097+0000] {dag.py:3096} INFO - Sync 1 DAGs
[2026-02-10T22:26:30.122+0000] {logging_mixin.py:188} INFO - [2026-02-10T22:26:30.122+0000] {dag.py:3954} INFO - Setting next_dagrun for example_setup_teardown to 2026-02-09 00:00:00+00:00, run_after=2026-02-10 00:00:00+00:00
[2026-02-10T22:26:30.149+0000] {processor.py:183} INFO - Processing /home/airflow/.local/lib/python3.12/site-packages/airflow/example_dags/example_setup_teardown.py took 0.095 seconds
[2026-02-10T22:27:01.018+0000] {processor.py:161} INFO - Started process (PID=1440) to work on /home/airflow/.local/lib/python3.12/site-packages/airflow/example_dags/example_setup_teardown.py
[2026-02-10T22:27:01.025+0000] {processor.py:830} INFO - Processing file /home/airflow/.local/lib/python3.12/site-packages/airflow/example_dags/example_setup_teardown.py for tasks to queue
[2026-02-10T22:27:01.031+0000] {logging_mixin.py:188} INFO - [2026-02-10T22:27:01.030+0000] {dagbag.py:540} INFO - Filling up the DagBag from /home/airflow/.local/lib/python3.12/site-packages/airflow/example_dags/example_setup_teardown.py
[2026-02-10T22:27:01.046+0000] {processor.py:840} INFO - DAG(s) 'example_setup_teardown' retrieved from /home/airflow/.local/lib/python3.12/site-packages/airflow/example_dags/example_setup_teardown.py
[2026-02-10T22:27:01.084+0000] {logging_mixin.py:188} INFO - [2026-02-10T22:27:01.084+0000] {dag.py:3096} INFO - Sync 1 DAGs
[2026-02-10T22:27:01.120+0000] {logging_mixin.py:188} INFO - [2026-02-10T22:27:01.120+0000] {dag.py:3954} INFO - Setting next_dagrun for example_setup_teardown to 2026-02-09 00:00:00+00:00, run_after=2026-02-10 00:00:00+00:00
[2026-02-10T22:27:01.171+0000] {processor.py:183} INFO - Processing /home/airflow/.local/lib/python3.12/site-packages/airflow/example_dags/example_setup_teardown.py took 0.171 seconds
[2026-02-10T22:27:31.658+0000] {processor.py:161} INFO - Started process (PID=1494) to work on /home/airflow/.local/lib/python3.12/site-packages/airflow/example_dags/example_setup_teardown.py
[2026-02-10T22:27:31.660+0000] {processor.py:830} INFO - Processing file /home/airflow/.local/lib/python3.12/site-packages/airflow/example_dags/example_setup_teardown.py for tasks to queue
[2026-02-10T22:27:31.663+0000] {logging_mixin.py:188} INFO - [2026-02-10T22:27:31.662+0000] {dagbag.py:540} INFO - Filling up the DagBag from /home/airflow/.local/lib/python3.12/site-packages/airflow/example_dags/example_setup_teardown.py
[2026-02-10T22:27:31.674+0000] {processor.py:840} INFO - DAG(s) 'example_setup_teardown' retrieved from /home/airflow/.local/lib/python3.12/site-packages/airflow/example_dags/example_setup_teardown.py
[2026-02-10T22:27:31.698+0000] {logging_mixin.py:188} INFO - [2026-02-10T22:27:31.698+0000] {dag.py:3096} INFO - Sync 1 DAGs
[2026-02-10T22:27:31.722+0000] {logging_mixin.py:188} INFO - [2026-02-10T22:27:31.722+0000] {dag.py:3954} INFO - Setting next_dagrun for example_setup_teardown to 2026-02-09 00:00:00+00:00, run_after=2026-02-10 00:00:00+00:00
[2026-02-10T22:27:31.749+0000] {processor.py:183} INFO - Processing /home/airflow/.local/lib/python3.12/site-packages/airflow/example_dags/example_setup_teardown.py took 0.098 seconds
[2026-02-10T22:28:01.860+0000] {processor.py:161} INFO - Started process (PID=1548) to work on /home/airflow/.local/lib/python3.12/site-packages/airflow/example_dags/example_setup_teardown.py
[2026-02-10T22:28:01.861+0000] {processor.py:830} INFO - Processing file /home/airflow/.local/lib/python3.12/site-packages/airflow/example_dags/example_setup_teardown.py for tasks to queue
[2026-02-10T22:28:01.864+0000] {logging_mixin.py:188} INFO - [2026-02-10T22:28:01.863+0000] {dagbag.py:540} INFO - Filling up the DagBag from /home/airflow/.local/lib/python3.12/site-packages/airflow/example_dags/example_setup_teardown.py
[2026-02-10T22:28:01.875+0000] {processor.py:840} INFO - DAG(s) 'example_setup_teardown' retrieved from /home/airflow/.local/lib/python3.12/site-packages/airflow/example_dags/example_setup_teardown.py
[2026-02-10T22:28:01.908+0000] {logging_mixin.py:188} INFO - [2026-02-10T22:28:01.907+0000] {dag.py:3096} INFO - Sync 1 DAGs
[2026-02-10T22:28:01.939+0000] {logging_mixin.py:188} INFO - [2026-02-10T22:28:01.938+0000] {dag.py:3954} INFO - Setting next_dagrun for example_setup_teardown to 2026-02-09 00:00:00+00:00, run_after=2026-02-10 00:00:00+00:00
[2026-02-10T22:28:01.967+0000] {processor.py:183} INFO - Processing /home/airflow/.local/lib/python3.12/site-packages/airflow/example_dags/example_setup_teardown.py took 0.116 seconds
[2026-02-10T22:35:10.015+0000] {processor.py:161} INFO - Started process (PID=38) to work on /home/airflow/.local/lib/python3.12/site-packages/airflow/example_dags/example_setup_teardown.py
[2026-02-10T22:35:10.047+0000] {processor.py:830} INFO - Processing file /home/airflow/.local/lib/python3.12/site-packages/airflow/example_dags/example_setup_teardown.py for tasks to queue
[2026-02-10T22:35:10.064+0000] {logging_mixin.py:188} INFO - [2026-02-10T22:35:10.063+0000] {dagbag.py:540} INFO - Filling up the DagBag from /home/airflow/.local/lib/python3.12/site-packages/airflow/example_dags/example_setup_teardown.py
[2026-02-10T22:35:10.177+0000] {processor.py:840} INFO - DAG(s) 'example_setup_teardown' retrieved from /home/airflow/.local/lib/python3.12/site-packages/airflow/example_dags/example_setup_teardown.py
[2026-02-10T22:35:10.357+0000] {logging_mixin.py:188} INFO - [2026-02-10T22:35:10.353+0000] {dag.py:3096} INFO - Sync 1 DAGs
[2026-02-10T22:35:10.520+0000] {logging_mixin.py:188} INFO - [2026-02-10T22:35:10.519+0000] {dag.py:3954} INFO - Setting next_dagrun for example_setup_teardown to 2026-02-09 00:00:00+00:00, run_after=2026-02-10 00:00:00+00:00
[2026-02-10T22:35:10.612+0000] {processor.py:183} INFO - Processing /home/airflow/.local/lib/python3.12/site-packages/airflow/example_dags/example_setup_teardown.py took 0.814 seconds
[2026-02-10T22:35:40.831+0000] {processor.py:161} INFO - Started process (PID=92) to work on /home/airflow/.local/lib/python3.12/site-packages/airflow/example_dags/example_setup_teardown.py
[2026-02-10T22:35:40.833+0000] {processor.py:830} INFO - Processing file /home/airflow/.local/lib/python3.12/site-packages/airflow/example_dags/example_setup_teardown.py for tasks to queue
[2026-02-10T22:35:40.839+0000] {logging_mixin.py:188} INFO - [2026-02-10T22:35:40.838+0000] {dagbag.py:540} INFO - Filling up the DagBag from /home/airflow/.local/lib/python3.12/site-packages/airflow/example_dags/example_setup_teardown.py
[2026-02-10T22:35:40.861+0000] {processor.py:840} INFO - DAG(s) 'example_setup_teardown' retrieved from /home/airflow/.local/lib/python3.12/site-packages/airflow/example_dags/example_setup_teardown.py
[2026-02-10T22:35:41.285+0000] {logging_mixin.py:188} INFO - [2026-02-10T22:35:41.285+0000] {dag.py:3096} INFO - Sync 1 DAGs
[2026-02-10T22:35:41.352+0000] {logging_mixin.py:188} INFO - [2026-02-10T22:35:41.351+0000] {dag.py:3954} INFO - Setting next_dagrun for example_setup_teardown to 2026-02-09 00:00:00+00:00, run_after=2026-02-10 00:00:00+00:00
[2026-02-10T22:35:41.405+0000] {processor.py:183} INFO - Processing /home/airflow/.local/lib/python3.12/site-packages/airflow/example_dags/example_setup_teardown.py took 0.593 seconds
[2026-02-10T22:36:12.094+0000] {processor.py:161} INFO - Started process (PID=146) to work on /home/airflow/.local/lib/python3.12/site-packages/airflow/example_dags/example_setup_teardown.py
[2026-02-10T22:36:12.095+0000] {processor.py:830} INFO - Processing file /home/airflow/.local/lib/python3.12/site-packages/airflow/example_dags/example_setup_teardown.py for tasks to queue
[2026-02-10T22:36:12.099+0000] {logging_mixin.py:188} INFO - [2026-02-10T22:36:12.099+0000] {dagbag.py:540} INFO - Filling up the DagBag from /home/airflow/.local/lib/python3.12/site-packages/airflow/example_dags/example_setup_teardown.py
[2026-02-10T22:36:12.109+0000] {processor.py:840} INFO - DAG(s) 'example_setup_teardown' retrieved from /home/airflow/.local/lib/python3.12/site-packages/airflow/example_dags/example_setup_teardown.py
[2026-02-10T22:36:12.141+0000] {logging_mixin.py:188} INFO - [2026-02-10T22:36:12.140+0000] {dag.py:3096} INFO - Sync 1 DAGs
[2026-02-10T22:36:12.180+0000] {logging_mixin.py:188} INFO - [2026-02-10T22:36:12.180+0000] {dag.py:3954} INFO - Setting next_dagrun for example_setup_teardown to 2026-02-09 00:00:00+00:00, run_after=2026-02-10 00:00:00+00:00
[2026-02-10T22:36:12.227+0000] {processor.py:183} INFO - Processing /home/airflow/.local/lib/python3.12/site-packages/airflow/example_dags/example_setup_teardown.py took 0.143 seconds
[2026-02-10T22:36:42.697+0000] {processor.py:161} INFO - Started process (PID=200) to work on /home/airflow/.local/lib/python3.12/site-packages/airflow/example_dags/example_setup_teardown.py
[2026-02-10T22:36:42.699+0000] {processor.py:830} INFO - Processing file /home/airflow/.local/lib/python3.12/site-packages/airflow/example_dags/example_setup_teardown.py for tasks to queue
[2026-02-10T22:36:42.701+0000] {logging_mixin.py:188} INFO - [2026-02-10T22:36:42.701+0000] {dagbag.py:540} INFO - Filling up the DagBag from /home/airflow/.local/lib/python3.12/site-packages/airflow/example_dags/example_setup_teardown.py
[2026-02-10T22:36:42.709+0000] {processor.py:840} INFO - DAG(s) 'example_setup_teardown' retrieved from /home/airflow/.local/lib/python3.12/site-packages/airflow/example_dags/example_setup_teardown.py
[2026-02-10T22:36:42.738+0000] {logging_mixin.py:188} INFO - [2026-02-10T22:36:42.738+0000] {dag.py:3096} INFO - Sync 1 DAGs
[2026-02-10T22:36:42.769+0000] {logging_mixin.py:188} INFO - [2026-02-10T22:36:42.769+0000] {dag.py:3954} INFO - Setting next_dagrun for example_setup_teardown to 2026-02-09 00:00:00+00:00, run_after=2026-02-10 00:00:00+00:00
[2026-02-10T22:36:42.802+0000] {processor.py:183} INFO - Processing /home/airflow/.local/lib/python3.12/site-packages/airflow/example_dags/example_setup_teardown.py took 0.114 seconds
[2026-02-10T22:37:12.934+0000] {processor.py:161} INFO - Started process (PID=254) to work on /home/airflow/.local/lib/python3.12/site-packages/airflow/example_dags/example_setup_teardown.py
[2026-02-10T22:37:12.935+0000] {processor.py:830} INFO - Processing file /home/airflow/.local/lib/python3.12/site-packages/airflow/example_dags/example_setup_teardown.py for tasks to queue
[2026-02-10T22:37:12.938+0000] {logging_mixin.py:188} INFO - [2026-02-10T22:37:12.937+0000] {dagbag.py:540} INFO - Filling up the DagBag from /home/airflow/.local/lib/python3.12/site-packages/airflow/example_dags/example_setup_teardown.py
[2026-02-10T22:37:12.946+0000] {processor.py:840} INFO - DAG(s) 'example_setup_teardown' retrieved from /home/airflow/.local/lib/python3.12/site-packages/airflow/example_dags/example_setup_teardown.py
[2026-02-10T22:37:12.971+0000] {logging_mixin.py:188} INFO - [2026-02-10T22:37:12.970+0000] {dag.py:3096} INFO - Sync 1 DAGs
[2026-02-10T22:37:12.997+0000] {logging_mixin.py:188} INFO - [2026-02-10T22:37:12.996+0000] {dag.py:3954} INFO - Setting next_dagrun for example_setup_teardown to 2026-02-09 00:00:00+00:00, run_after=2026-02-10 00:00:00+00:00
[2026-02-10T22:37:13.021+0000] {processor.py:183} INFO - Processing /home/airflow/.local/lib/python3.12/site-packages/airflow/example_dags/example_setup_teardown.py took 0.094 seconds
[2026-02-10T22:37:43.208+0000] {processor.py:161} INFO - Started process (PID=308) to work on /home/airflow/.local/lib/python3.12/site-packages/airflow/example_dags/example_setup_teardown.py
[2026-02-10T22:37:43.209+0000] {processor.py:830} INFO - Processing file /home/airflow/.local/lib/python3.12/site-packages/airflow/example_dags/example_setup_teardown.py for tasks to queue
[2026-02-10T22:37:43.211+0000] {logging_mixin.py:188} INFO - [2026-02-10T22:37:43.211+0000] {dagbag.py:540} INFO - Filling up the DagBag from /home/airflow/.local/lib/python3.12/site-packages/airflow/example_dags/example_setup_teardown.py
[2026-02-10T22:37:43.217+0000] {processor.py:840} INFO - DAG(s) 'example_setup_teardown' retrieved from /home/airflow/.local/lib/python3.12/site-packages/airflow/example_dags/example_setup_teardown.py
[2026-02-10T22:37:43.236+0000] {logging_mixin.py:188} INFO - [2026-02-10T22:37:43.236+0000] {dag.py:3096} INFO - Sync 1 DAGs
[2026-02-10T22:37:43.261+0000] {logging_mixin.py:188} INFO - [2026-02-10T22:37:43.261+0000] {dag.py:3954} INFO - Setting next_dagrun for example_setup_teardown to 2026-02-09 00:00:00+00:00, run_after=2026-02-10 00:00:00+00:00
[2026-02-10T22:37:43.289+0000] {processor.py:183} INFO - Processing /home/airflow/.local/lib/python3.12/site-packages/airflow/example_dags/example_setup_teardown.py took 0.086 seconds
[2026-02-10T22:38:13.643+0000] {processor.py:161} INFO - Started process (PID=362) to work on /home/airflow/.local/lib/python3.12/site-packages/airflow/example_dags/example_setup_teardown.py
[2026-02-10T22:38:13.644+0000] {processor.py:830} INFO - Processing file /home/airflow/.local/lib/python3.12/site-packages/airflow/example_dags/example_setup_teardown.py for tasks to queue
[2026-02-10T22:38:13.646+0000] {logging_mixin.py:188} INFO - [2026-02-10T22:38:13.646+0000] {dagbag.py:540} INFO - Filling up the DagBag from /home/airflow/.local/lib/python3.12/site-packages/airflow/example_dags/example_setup_teardown.py
[2026-02-10T22:38:13.653+0000] {processor.py:840} INFO - DAG(s) 'example_setup_teardown' retrieved from /home/airflow/.local/lib/python3.12/site-packages/airflow/example_dags/example_setup_teardown.py
[2026-02-10T22:38:13.676+0000] {logging_mixin.py:188} INFO - [2026-02-10T22:38:13.675+0000] {dag.py:3096} INFO - Sync 1 DAGs
[2026-02-10T22:38:13.704+0000] {logging_mixin.py:188} INFO - [2026-02-10T22:38:13.704+0000] {dag.py:3954} INFO - Setting next_dagrun for example_setup_teardown to 2026-02-09 00:00:00+00:00, run_after=2026-02-10 00:00:00+00:00
[2026-02-10T22:38:13.730+0000] {processor.py:183} INFO - Processing /home/airflow/.local/lib/python3.12/site-packages/airflow/example_dags/example_setup_teardown.py took 0.091 seconds
[2026-02-10T22:40:59.955+0000] {processor.py:161} INFO - Started process (PID=38) to work on /home/airflow/.local/lib/python3.12/site-packages/airflow/example_dags/example_setup_teardown.py
[2026-02-10T22:40:59.969+0000] {processor.py:830} INFO - Processing file /home/airflow/.local/lib/python3.12/site-packages/airflow/example_dags/example_setup_teardown.py for tasks to queue
[2026-02-10T22:40:59.976+0000] {logging_mixin.py:188} INFO - [2026-02-10T22:40:59.975+0000] {dagbag.py:540} INFO - Filling up the DagBag from /home/airflow/.local/lib/python3.12/site-packages/airflow/example_dags/example_setup_teardown.py
[2026-02-10T22:41:00.018+0000] {processor.py:840} INFO - DAG(s) 'example_setup_teardown' retrieved from /home/airflow/.local/lib/python3.12/site-packages/airflow/example_dags/example_setup_teardown.py
[2026-02-10T22:41:00.129+0000] {logging_mixin.py:188} INFO - [2026-02-10T22:41:00.104+0000] {dag.py:3096} INFO - Sync 1 DAGs
[2026-02-10T22:41:00.281+0000] {logging_mixin.py:188} INFO - [2026-02-10T22:41:00.281+0000] {dag.py:3954} INFO - Setting next_dagrun for example_setup_teardown to 2026-02-09 00:00:00+00:00, run_after=2026-02-10 00:00:00+00:00
[2026-02-10T22:41:00.549+0000] {processor.py:183} INFO - Processing /home/airflow/.local/lib/python3.12/site-packages/airflow/example_dags/example_setup_teardown.py took 0.625 seconds
[2026-02-10T22:41:33.459+0000] {processor.py:161} INFO - Started process (PID=92) to work on /home/airflow/.local/lib/python3.12/site-packages/airflow/example_dags/example_setup_teardown.py
[2026-02-10T22:41:33.466+0000] {processor.py:830} INFO - Processing file /home/airflow/.local/lib/python3.12/site-packages/airflow/example_dags/example_setup_teardown.py for tasks to queue
[2026-02-10T22:41:33.475+0000] {logging_mixin.py:188} INFO - [2026-02-10T22:41:33.471+0000] {dagbag.py:540} INFO - Filling up the DagBag from /home/airflow/.local/lib/python3.12/site-packages/airflow/example_dags/example_setup_teardown.py
[2026-02-10T22:41:33.520+0000] {processor.py:840} INFO - DAG(s) 'example_setup_teardown' retrieved from /home/airflow/.local/lib/python3.12/site-packages/airflow/example_dags/example_setup_teardown.py
[2026-02-10T22:41:34.139+0000] {logging_mixin.py:188} INFO - [2026-02-10T22:41:34.138+0000] {dag.py:3096} INFO - Sync 1 DAGs
[2026-02-10T22:41:34.227+0000] {logging_mixin.py:188} INFO - [2026-02-10T22:41:34.226+0000] {dag.py:3954} INFO - Setting next_dagrun for example_setup_teardown to 2026-02-09 00:00:00+00:00, run_after=2026-02-10 00:00:00+00:00
[2026-02-10T22:41:34.321+0000] {processor.py:183} INFO - Processing /home/airflow/.local/lib/python3.12/site-packages/airflow/example_dags/example_setup_teardown.py took 0.926 seconds
[2026-02-10T22:42:10.077+0000] {processor.py:161} INFO - Started process (PID=144) to work on /home/airflow/.local/lib/python3.12/site-packages/airflow/example_dags/example_setup_teardown.py
[2026-02-10T22:42:10.090+0000] {processor.py:830} INFO - Processing file /home/airflow/.local/lib/python3.12/site-packages/airflow/example_dags/example_setup_teardown.py for tasks to queue
[2026-02-10T22:42:10.108+0000] {logging_mixin.py:188} INFO - [2026-02-10T22:42:10.105+0000] {dagbag.py:540} INFO - Filling up the DagBag from /home/airflow/.local/lib/python3.12/site-packages/airflow/example_dags/example_setup_teardown.py
[2026-02-10T22:42:10.150+0000] {processor.py:840} INFO - DAG(s) 'example_setup_teardown' retrieved from /home/airflow/.local/lib/python3.12/site-packages/airflow/example_dags/example_setup_teardown.py
[2026-02-10T22:42:10.326+0000] {logging_mixin.py:188} INFO - [2026-02-10T22:42:10.325+0000] {dag.py:3096} INFO - Sync 1 DAGs
[2026-02-10T22:42:10.523+0000] {logging_mixin.py:188} INFO - [2026-02-10T22:42:10.522+0000] {dag.py:3954} INFO - Setting next_dagrun for example_setup_teardown to 2026-02-09 00:00:00+00:00, run_after=2026-02-10 00:00:00+00:00
[2026-02-10T22:42:10.664+0000] {processor.py:183} INFO - Processing /home/airflow/.local/lib/python3.12/site-packages/airflow/example_dags/example_setup_teardown.py took 0.628 seconds
[2026-02-10T22:42:40.910+0000] {processor.py:161} INFO - Started process (PID=198) to work on /home/airflow/.local/lib/python3.12/site-packages/airflow/example_dags/example_setup_teardown.py
[2026-02-10T22:42:40.911+0000] {processor.py:830} INFO - Processing file /home/airflow/.local/lib/python3.12/site-packages/airflow/example_dags/example_setup_teardown.py for tasks to queue
[2026-02-10T22:42:40.915+0000] {logging_mixin.py:188} INFO - [2026-02-10T22:42:40.914+0000] {dagbag.py:540} INFO - Filling up the DagBag from /home/airflow/.local/lib/python3.12/site-packages/airflow/example_dags/example_setup_teardown.py
[2026-02-10T22:42:40.927+0000] {processor.py:840} INFO - DAG(s) 'example_setup_teardown' retrieved from /home/airflow/.local/lib/python3.12/site-packages/airflow/example_dags/example_setup_teardown.py
[2026-02-10T22:42:40.960+0000] {logging_mixin.py:188} INFO - [2026-02-10T22:42:40.959+0000] {dag.py:3096} INFO - Sync 1 DAGs
[2026-02-10T22:42:41.034+0000] {logging_mixin.py:188} INFO - [2026-02-10T22:42:41.033+0000] {dag.py:3954} INFO - Setting next_dagrun for example_setup_teardown to 2026-02-09 00:00:00+00:00, run_after=2026-02-10 00:00:00+00:00
[2026-02-10T22:42:41.064+0000] {processor.py:183} INFO - Processing /home/airflow/.local/lib/python3.12/site-packages/airflow/example_dags/example_setup_teardown.py took 0.162 seconds
[2026-02-10T22:43:11.216+0000] {processor.py:161} INFO - Started process (PID=252) to work on /home/airflow/.local/lib/python3.12/site-packages/airflow/example_dags/example_setup_teardown.py
[2026-02-10T22:43:11.218+0000] {processor.py:830} INFO - Processing file /home/airflow/.local/lib/python3.12/site-packages/airflow/example_dags/example_setup_teardown.py for tasks to queue
[2026-02-10T22:43:11.219+0000] {logging_mixin.py:188} INFO - [2026-02-10T22:43:11.219+0000] {dagbag.py:540} INFO - Filling up the DagBag from /home/airflow/.local/lib/python3.12/site-packages/airflow/example_dags/example_setup_teardown.py
[2026-02-10T22:43:11.228+0000] {processor.py:840} INFO - DAG(s) 'example_setup_teardown' retrieved from /home/airflow/.local/lib/python3.12/site-packages/airflow/example_dags/example_setup_teardown.py
[2026-02-10T22:43:11.252+0000] {logging_mixin.py:188} INFO - [2026-02-10T22:43:11.252+0000] {dag.py:3096} INFO - Sync 1 DAGs
[2026-02-10T22:43:11.277+0000] {logging_mixin.py:188} INFO - [2026-02-10T22:43:11.276+0000] {dag.py:3954} INFO - Setting next_dagrun for example_setup_teardown to 2026-02-09 00:00:00+00:00, run_after=2026-02-10 00:00:00+00:00
[2026-02-10T22:43:11.301+0000] {processor.py:183} INFO - Processing /home/airflow/.local/lib/python3.12/site-packages/airflow/example_dags/example_setup_teardown.py took 0.091 seconds
[2026-02-10T22:43:41.821+0000] {processor.py:161} INFO - Started process (PID=306) to work on /home/airflow/.local/lib/python3.12/site-packages/airflow/example_dags/example_setup_teardown.py
[2026-02-10T22:43:41.823+0000] {processor.py:830} INFO - Processing file /home/airflow/.local/lib/python3.12/site-packages/airflow/example_dags/example_setup_teardown.py for tasks to queue
[2026-02-10T22:43:41.825+0000] {logging_mixin.py:188} INFO - [2026-02-10T22:43:41.825+0000] {dagbag.py:540} INFO - Filling up the DagBag from /home/airflow/.local/lib/python3.12/site-packages/airflow/example_dags/example_setup_teardown.py
[2026-02-10T22:43:41.833+0000] {processor.py:840} INFO - DAG(s) 'example_setup_teardown' retrieved from /home/airflow/.local/lib/python3.12/site-packages/airflow/example_dags/example_setup_teardown.py
[2026-02-10T22:43:41.858+0000] {logging_mixin.py:188} INFO - [2026-02-10T22:43:41.858+0000] {dag.py:3096} INFO - Sync 1 DAGs
[2026-02-10T22:43:41.883+0000] {logging_mixin.py:188} INFO - [2026-02-10T22:43:41.883+0000] {dag.py:3954} INFO - Setting next_dagrun for example_setup_teardown to 2026-02-09 00:00:00+00:00, run_after=2026-02-10 00:00:00+00:00
[2026-02-10T22:43:41.908+0000] {processor.py:183} INFO - Processing /home/airflow/.local/lib/python3.12/site-packages/airflow/example_dags/example_setup_teardown.py took 0.092 seconds
[2026-02-10T22:44:12.239+0000] {processor.py:161} INFO - Started process (PID=360) to work on /home/airflow/.local/lib/python3.12/site-packages/airflow/example_dags/example_setup_teardown.py
[2026-02-10T22:44:12.240+0000] {processor.py:830} INFO - Processing file /home/airflow/.local/lib/python3.12/site-packages/airflow/example_dags/example_setup_teardown.py for tasks to queue
[2026-02-10T22:44:12.242+0000] {logging_mixin.py:188} INFO - [2026-02-10T22:44:12.242+0000] {dagbag.py:540} INFO - Filling up the DagBag from /home/airflow/.local/lib/python3.12/site-packages/airflow/example_dags/example_setup_teardown.py
[2026-02-10T22:44:12.249+0000] {processor.py:840} INFO - DAG(s) 'example_setup_teardown' retrieved from /home/airflow/.local/lib/python3.12/site-packages/airflow/example_dags/example_setup_teardown.py
[2026-02-10T22:44:12.272+0000] {logging_mixin.py:188} INFO - [2026-02-10T22:44:12.272+0000] {dag.py:3096} INFO - Sync 1 DAGs
[2026-02-10T22:44:12.297+0000] {logging_mixin.py:188} INFO - [2026-02-10T22:44:12.297+0000] {dag.py:3954} INFO - Setting next_dagrun for example_setup_teardown to 2026-02-09 00:00:00+00:00, run_after=2026-02-10 00:00:00+00:00
[2026-02-10T22:44:12.322+0000] {processor.py:183} INFO - Processing /home/airflow/.local/lib/python3.12/site-packages/airflow/example_dags/example_setup_teardown.py took 0.089 seconds
[2026-02-10T22:44:42.848+0000] {processor.py:161} INFO - Started process (PID=414) to work on /home/airflow/.local/lib/python3.12/site-packages/airflow/example_dags/example_setup_teardown.py
[2026-02-10T22:44:42.849+0000] {processor.py:830} INFO - Processing file /home/airflow/.local/lib/python3.12/site-packages/airflow/example_dags/example_setup_teardown.py for tasks to queue
[2026-02-10T22:44:42.851+0000] {logging_mixin.py:188} INFO - [2026-02-10T22:44:42.850+0000] {dagbag.py:540} INFO - Filling up the DagBag from /home/airflow/.local/lib/python3.12/site-packages/airflow/example_dags/example_setup_teardown.py
[2026-02-10T22:44:42.857+0000] {processor.py:840} INFO - DAG(s) 'example_setup_teardown' retrieved from /home/airflow/.local/lib/python3.12/site-packages/airflow/example_dags/example_setup_teardown.py
[2026-02-10T22:44:42.878+0000] {logging_mixin.py:188} INFO - [2026-02-10T22:44:42.878+0000] {dag.py:3096} INFO - Sync 1 DAGs
[2026-02-10T22:44:42.899+0000] {logging_mixin.py:188} INFO - [2026-02-10T22:44:42.899+0000] {dag.py:3954} INFO - Setting next_dagrun for example_setup_teardown to 2026-02-09 00:00:00+00:00, run_after=2026-02-10 00:00:00+00:00
[2026-02-10T22:44:42.921+0000] {processor.py:183} INFO - Processing /home/airflow/.local/lib/python3.12/site-packages/airflow/example_dags/example_setup_teardown.py took 0.078 seconds
[2026-02-10T22:45:13.062+0000] {processor.py:161} INFO - Started process (PID=468) to work on /home/airflow/.local/lib/python3.12/site-packages/airflow/example_dags/example_setup_teardown.py
[2026-02-10T22:45:13.063+0000] {processor.py:830} INFO - Processing file /home/airflow/.local/lib/python3.12/site-packages/airflow/example_dags/example_setup_teardown.py for tasks to queue
[2026-02-10T22:45:13.065+0000] {logging_mixin.py:188} INFO - [2026-02-10T22:45:13.065+0000] {dagbag.py:540} INFO - Filling up the DagBag from /home/airflow/.local/lib/python3.12/site-packages/airflow/example_dags/example_setup_teardown.py
[2026-02-10T22:45:13.071+0000] {processor.py:840} INFO - DAG(s) 'example_setup_teardown' retrieved from /home/airflow/.local/lib/python3.12/site-packages/airflow/example_dags/example_setup_teardown.py
[2026-02-10T22:45:13.093+0000] {logging_mixin.py:188} INFO - [2026-02-10T22:45:13.092+0000] {dag.py:3096} INFO - Sync 1 DAGs
[2026-02-10T22:45:13.113+0000] {logging_mixin.py:188} INFO - [2026-02-10T22:45:13.112+0000] {dag.py:3954} INFO - Setting next_dagrun for example_setup_teardown to 2026-02-09 00:00:00+00:00, run_after=2026-02-10 00:00:00+00:00
[2026-02-10T22:45:13.133+0000] {processor.py:183} INFO - Processing /home/airflow/.local/lib/python3.12/site-packages/airflow/example_dags/example_setup_teardown.py took 0.076 seconds
[2026-02-10T22:45:43.179+0000] {processor.py:161} INFO - Started process (PID=522) to work on /home/airflow/.local/lib/python3.12/site-packages/airflow/example_dags/example_setup_teardown.py
[2026-02-10T22:45:43.180+0000] {processor.py:830} INFO - Processing file /home/airflow/.local/lib/python3.12/site-packages/airflow/example_dags/example_setup_teardown.py for tasks to queue
[2026-02-10T22:45:43.182+0000] {logging_mixin.py:188} INFO - [2026-02-10T22:45:43.182+0000] {dagbag.py:540} INFO - Filling up the DagBag from /home/airflow/.local/lib/python3.12/site-packages/airflow/example_dags/example_setup_teardown.py
[2026-02-10T22:45:43.189+0000] {processor.py:840} INFO - DAG(s) 'example_setup_teardown' retrieved from /home/airflow/.local/lib/python3.12/site-packages/airflow/example_dags/example_setup_teardown.py
[2026-02-10T22:45:43.209+0000] {logging_mixin.py:188} INFO - [2026-02-10T22:45:43.208+0000] {dag.py:3096} INFO - Sync 1 DAGs
[2026-02-10T22:45:43.230+0000] {logging_mixin.py:188} INFO - [2026-02-10T22:45:43.230+0000] {dag.py:3954} INFO - Setting next_dagrun for example_setup_teardown to 2026-02-09 00:00:00+00:00, run_after=2026-02-10 00:00:00+00:00
[2026-02-10T22:45:43.262+0000] {processor.py:183} INFO - Processing /home/airflow/.local/lib/python3.12/site-packages/airflow/example_dags/example_setup_teardown.py took 0.088 seconds
[2026-02-10T22:46:13.521+0000] {processor.py:161} INFO - Started process (PID=576) to work on /home/airflow/.local/lib/python3.12/site-packages/airflow/example_dags/example_setup_teardown.py
[2026-02-10T22:46:13.522+0000] {processor.py:830} INFO - Processing file /home/airflow/.local/lib/python3.12/site-packages/airflow/example_dags/example_setup_teardown.py for tasks to queue
[2026-02-10T22:46:13.524+0000] {logging_mixin.py:188} INFO - [2026-02-10T22:46:13.524+0000] {dagbag.py:540} INFO - Filling up the DagBag from /home/airflow/.local/lib/python3.12/site-packages/airflow/example_dags/example_setup_teardown.py
[2026-02-10T22:46:13.532+0000] {processor.py:840} INFO - DAG(s) 'example_setup_teardown' retrieved from /home/airflow/.local/lib/python3.12/site-packages/airflow/example_dags/example_setup_teardown.py
[2026-02-10T22:46:13.554+0000] {logging_mixin.py:188} INFO - [2026-02-10T22:46:13.554+0000] {dag.py:3096} INFO - Sync 1 DAGs
[2026-02-10T22:46:13.577+0000] {logging_mixin.py:188} INFO - [2026-02-10T22:46:13.576+0000] {dag.py:3954} INFO - Setting next_dagrun for example_setup_teardown to 2026-02-09 00:00:00+00:00, run_after=2026-02-10 00:00:00+00:00
[2026-02-10T22:46:13.608+0000] {processor.py:183} INFO - Processing /home/airflow/.local/lib/python3.12/site-packages/airflow/example_dags/example_setup_teardown.py took 0.092 seconds
[2026-02-10T22:46:44.050+0000] {processor.py:161} INFO - Started process (PID=630) to work on /home/airflow/.local/lib/python3.12/site-packages/airflow/example_dags/example_setup_teardown.py
[2026-02-10T22:46:44.052+0000] {processor.py:830} INFO - Processing file /home/airflow/.local/lib/python3.12/site-packages/airflow/example_dags/example_setup_teardown.py for tasks to queue
[2026-02-10T22:46:44.055+0000] {logging_mixin.py:188} INFO - [2026-02-10T22:46:44.055+0000] {dagbag.py:540} INFO - Filling up the DagBag from /home/airflow/.local/lib/python3.12/site-packages/airflow/example_dags/example_setup_teardown.py
[2026-02-10T22:46:44.073+0000] {processor.py:840} INFO - DAG(s) 'example_setup_teardown' retrieved from /home/airflow/.local/lib/python3.12/site-packages/airflow/example_dags/example_setup_teardown.py
[2026-02-10T22:46:44.118+0000] {logging_mixin.py:188} INFO - [2026-02-10T22:46:44.117+0000] {dag.py:3096} INFO - Sync 1 DAGs
[2026-02-10T22:46:44.172+0000] {logging_mixin.py:188} INFO - [2026-02-10T22:46:44.172+0000] {dag.py:3954} INFO - Setting next_dagrun for example_setup_teardown to 2026-02-09 00:00:00+00:00, run_after=2026-02-10 00:00:00+00:00
[2026-02-10T22:46:44.210+0000] {processor.py:183} INFO - Processing /home/airflow/.local/lib/python3.12/site-packages/airflow/example_dags/example_setup_teardown.py took 0.169 seconds
[2026-02-10T22:54:35.984+0000] {processor.py:161} INFO - Started process (PID=38) to work on /home/airflow/.local/lib/python3.12/site-packages/airflow/example_dags/example_setup_teardown.py
[2026-02-10T22:54:35.989+0000] {processor.py:830} INFO - Processing file /home/airflow/.local/lib/python3.12/site-packages/airflow/example_dags/example_setup_teardown.py for tasks to queue
[2026-02-10T22:54:36.026+0000] {logging_mixin.py:188} INFO - [2026-02-10T22:54:36.025+0000] {dagbag.py:540} INFO - Filling up the DagBag from /home/airflow/.local/lib/python3.12/site-packages/airflow/example_dags/example_setup_teardown.py
[2026-02-10T22:54:36.083+0000] {processor.py:840} INFO - DAG(s) 'example_setup_teardown' retrieved from /home/airflow/.local/lib/python3.12/site-packages/airflow/example_dags/example_setup_teardown.py
[2026-02-10T22:54:36.124+0000] {logging_mixin.py:188} INFO - [2026-02-10T22:54:36.123+0000] {dag.py:3096} INFO - Sync 1 DAGs
[2026-02-10T22:54:36.370+0000] {logging_mixin.py:188} INFO - [2026-02-10T22:54:36.369+0000] {dag.py:3954} INFO - Setting next_dagrun for example_setup_teardown to 2026-02-09 00:00:00+00:00, run_after=2026-02-10 00:00:00+00:00
[2026-02-10T22:54:36.499+0000] {processor.py:183} INFO - Processing /home/airflow/.local/lib/python3.12/site-packages/airflow/example_dags/example_setup_teardown.py took 0.542 seconds
[2026-02-10T22:55:08.098+0000] {processor.py:161} INFO - Started process (PID=92) to work on /home/airflow/.local/lib/python3.12/site-packages/airflow/example_dags/example_setup_teardown.py
[2026-02-10T22:55:08.101+0000] {processor.py:830} INFO - Processing file /home/airflow/.local/lib/python3.12/site-packages/airflow/example_dags/example_setup_teardown.py for tasks to queue
[2026-02-10T22:55:08.107+0000] {logging_mixin.py:188} INFO - [2026-02-10T22:55:08.106+0000] {dagbag.py:540} INFO - Filling up the DagBag from /home/airflow/.local/lib/python3.12/site-packages/airflow/example_dags/example_setup_teardown.py
[2026-02-10T22:55:08.135+0000] {processor.py:840} INFO - DAG(s) 'example_setup_teardown' retrieved from /home/airflow/.local/lib/python3.12/site-packages/airflow/example_dags/example_setup_teardown.py
[2026-02-10T22:55:08.528+0000] {logging_mixin.py:188} INFO - [2026-02-10T22:55:08.527+0000] {dag.py:3096} INFO - Sync 1 DAGs
[2026-02-10T22:55:08.611+0000] {logging_mixin.py:188} INFO - [2026-02-10T22:55:08.611+0000] {dag.py:3954} INFO - Setting next_dagrun for example_setup_teardown to 2026-02-09 00:00:00+00:00, run_after=2026-02-10 00:00:00+00:00
[2026-02-10T22:55:08.677+0000] {processor.py:183} INFO - Processing /home/airflow/.local/lib/python3.12/site-packages/airflow/example_dags/example_setup_teardown.py took 0.596 seconds
[2026-02-10T23:00:53.145+0000] {processor.py:161} INFO - Started process (PID=38) to work on /home/airflow/.local/lib/python3.12/site-packages/airflow/example_dags/example_setup_teardown.py
[2026-02-10T23:00:53.151+0000] {processor.py:830} INFO - Processing file /home/airflow/.local/lib/python3.12/site-packages/airflow/example_dags/example_setup_teardown.py for tasks to queue
[2026-02-10T23:00:53.157+0000] {logging_mixin.py:188} INFO - [2026-02-10T23:00:53.156+0000] {dagbag.py:540} INFO - Filling up the DagBag from /home/airflow/.local/lib/python3.12/site-packages/airflow/example_dags/example_setup_teardown.py
[2026-02-10T23:00:53.248+0000] {processor.py:840} INFO - DAG(s) 'example_setup_teardown' retrieved from /home/airflow/.local/lib/python3.12/site-packages/airflow/example_dags/example_setup_teardown.py
[2026-02-10T23:00:53.354+0000] {logging_mixin.py:188} INFO - [2026-02-10T23:00:53.353+0000] {dag.py:3096} INFO - Sync 1 DAGs
[2026-02-10T23:00:53.522+0000] {logging_mixin.py:188} INFO - [2026-02-10T23:00:53.522+0000] {dag.py:3954} INFO - Setting next_dagrun for example_setup_teardown to 2026-02-09 00:00:00+00:00, run_after=2026-02-10 00:00:00+00:00
[2026-02-10T23:00:53.675+0000] {processor.py:183} INFO - Processing /home/airflow/.local/lib/python3.12/site-packages/airflow/example_dags/example_setup_teardown.py took 0.560 seconds
[2026-02-10T23:01:23.959+0000] {processor.py:161} INFO - Started process (PID=92) to work on /home/airflow/.local/lib/python3.12/site-packages/airflow/example_dags/example_setup_teardown.py
[2026-02-10T23:01:23.961+0000] {processor.py:830} INFO - Processing file /home/airflow/.local/lib/python3.12/site-packages/airflow/example_dags/example_setup_teardown.py for tasks to queue
[2026-02-10T23:01:23.964+0000] {logging_mixin.py:188} INFO - [2026-02-10T23:01:23.963+0000] {dagbag.py:540} INFO - Filling up the DagBag from /home/airflow/.local/lib/python3.12/site-packages/airflow/example_dags/example_setup_teardown.py
[2026-02-10T23:01:23.976+0000] {processor.py:840} INFO - DAG(s) 'example_setup_teardown' retrieved from /home/airflow/.local/lib/python3.12/site-packages/airflow/example_dags/example_setup_teardown.py
[2026-02-10T23:01:24.204+0000] {logging_mixin.py:188} INFO - [2026-02-10T23:01:24.204+0000] {dag.py:3096} INFO - Sync 1 DAGs
[2026-02-10T23:01:24.248+0000] {logging_mixin.py:188} INFO - [2026-02-10T23:01:24.247+0000] {dag.py:3954} INFO - Setting next_dagrun for example_setup_teardown to 2026-02-09 00:00:00+00:00, run_after=2026-02-10 00:00:00+00:00
[2026-02-10T23:01:24.292+0000] {processor.py:183} INFO - Processing /home/airflow/.local/lib/python3.12/site-packages/airflow/example_dags/example_setup_teardown.py took 0.344 seconds
[2026-02-10T23:01:55.015+0000] {processor.py:161} INFO - Started process (PID=146) to work on /home/airflow/.local/lib/python3.12/site-packages/airflow/example_dags/example_setup_teardown.py
[2026-02-10T23:01:55.016+0000] {processor.py:830} INFO - Processing file /home/airflow/.local/lib/python3.12/site-packages/airflow/example_dags/example_setup_teardown.py for tasks to queue
[2026-02-10T23:01:55.019+0000] {logging_mixin.py:188} INFO - [2026-02-10T23:01:55.018+0000] {dagbag.py:540} INFO - Filling up the DagBag from /home/airflow/.local/lib/python3.12/site-packages/airflow/example_dags/example_setup_teardown.py
[2026-02-10T23:01:55.025+0000] {processor.py:840} INFO - DAG(s) 'example_setup_teardown' retrieved from /home/airflow/.local/lib/python3.12/site-packages/airflow/example_dags/example_setup_teardown.py
[2026-02-10T23:01:55.045+0000] {logging_mixin.py:188} INFO - [2026-02-10T23:01:55.045+0000] {dag.py:3096} INFO - Sync 1 DAGs
[2026-02-10T23:01:55.066+0000] {logging_mixin.py:188} INFO - [2026-02-10T23:01:55.065+0000] {dag.py:3954} INFO - Setting next_dagrun for example_setup_teardown to 2026-02-09 00:00:00+00:00, run_after=2026-02-10 00:00:00+00:00
[2026-02-10T23:01:55.086+0000] {processor.py:183} INFO - Processing /home/airflow/.local/lib/python3.12/site-packages/airflow/example_dags/example_setup_teardown.py took 0.077 seconds
[2026-02-10T23:02:25.490+0000] {processor.py:161} INFO - Started process (PID=200) to work on /home/airflow/.local/lib/python3.12/site-packages/airflow/example_dags/example_setup_teardown.py
[2026-02-10T23:02:25.491+0000] {processor.py:830} INFO - Processing file /home/airflow/.local/lib/python3.12/site-packages/airflow/example_dags/example_setup_teardown.py for tasks to queue
[2026-02-10T23:02:25.492+0000] {logging_mixin.py:188} INFO - [2026-02-10T23:02:25.492+0000] {dagbag.py:540} INFO - Filling up the DagBag from /home/airflow/.local/lib/python3.12/site-packages/airflow/example_dags/example_setup_teardown.py
[2026-02-10T23:02:25.498+0000] {processor.py:840} INFO - DAG(s) 'example_setup_teardown' retrieved from /home/airflow/.local/lib/python3.12/site-packages/airflow/example_dags/example_setup_teardown.py
[2026-02-10T23:02:25.518+0000] {logging_mixin.py:188} INFO - [2026-02-10T23:02:25.518+0000] {dag.py:3096} INFO - Sync 1 DAGs
[2026-02-10T23:02:25.537+0000] {logging_mixin.py:188} INFO - [2026-02-10T23:02:25.537+0000] {dag.py:3954} INFO - Setting next_dagrun for example_setup_teardown to 2026-02-09 00:00:00+00:00, run_after=2026-02-10 00:00:00+00:00
[2026-02-10T23:02:25.558+0000] {processor.py:183} INFO - Processing /home/airflow/.local/lib/python3.12/site-packages/airflow/example_dags/example_setup_teardown.py took 0.073 seconds
[2026-02-10T23:02:55.839+0000] {processor.py:161} INFO - Started process (PID=254) to work on /home/airflow/.local/lib/python3.12/site-packages/airflow/example_dags/example_setup_teardown.py
[2026-02-10T23:02:55.840+0000] {processor.py:830} INFO - Processing file /home/airflow/.local/lib/python3.12/site-packages/airflow/example_dags/example_setup_teardown.py for tasks to queue
[2026-02-10T23:02:55.842+0000] {logging_mixin.py:188} INFO - [2026-02-10T23:02:55.842+0000] {dagbag.py:540} INFO - Filling up the DagBag from /home/airflow/.local/lib/python3.12/site-packages/airflow/example_dags/example_setup_teardown.py
[2026-02-10T23:02:55.849+0000] {processor.py:840} INFO - DAG(s) 'example_setup_teardown' retrieved from /home/airflow/.local/lib/python3.12/site-packages/airflow/example_dags/example_setup_teardown.py
[2026-02-10T23:02:55.868+0000] {logging_mixin.py:188} INFO - [2026-02-10T23:02:55.868+0000] {dag.py:3096} INFO - Sync 1 DAGs
[2026-02-10T23:02:55.887+0000] {logging_mixin.py:188} INFO - [2026-02-10T23:02:55.886+0000] {dag.py:3954} INFO - Setting next_dagrun for example_setup_teardown to 2026-02-09 00:00:00+00:00, run_after=2026-02-10 00:00:00+00:00
[2026-02-10T23:02:55.906+0000] {processor.py:183} INFO - Processing /home/airflow/.local/lib/python3.12/site-packages/airflow/example_dags/example_setup_teardown.py took 0.072 seconds
[2026-02-10T23:03:26.276+0000] {processor.py:161} INFO - Started process (PID=308) to work on /home/airflow/.local/lib/python3.12/site-packages/airflow/example_dags/example_setup_teardown.py
[2026-02-10T23:03:26.278+0000] {processor.py:830} INFO - Processing file /home/airflow/.local/lib/python3.12/site-packages/airflow/example_dags/example_setup_teardown.py for tasks to queue
[2026-02-10T23:03:26.280+0000] {logging_mixin.py:188} INFO - [2026-02-10T23:03:26.279+0000] {dagbag.py:540} INFO - Filling up the DagBag from /home/airflow/.local/lib/python3.12/site-packages/airflow/example_dags/example_setup_teardown.py
[2026-02-10T23:03:26.286+0000] {processor.py:840} INFO - DAG(s) 'example_setup_teardown' retrieved from /home/airflow/.local/lib/python3.12/site-packages/airflow/example_dags/example_setup_teardown.py
[2026-02-10T23:03:26.305+0000] {logging_mixin.py:188} INFO - [2026-02-10T23:03:26.305+0000] {dag.py:3096} INFO - Sync 1 DAGs
[2026-02-10T23:03:26.324+0000] {logging_mixin.py:188} INFO - [2026-02-10T23:03:26.324+0000] {dag.py:3954} INFO - Setting next_dagrun for example_setup_teardown to 2026-02-09 00:00:00+00:00, run_after=2026-02-10 00:00:00+00:00
[2026-02-10T23:03:26.344+0000] {processor.py:183} INFO - Processing /home/airflow/.local/lib/python3.12/site-packages/airflow/example_dags/example_setup_teardown.py took 0.073 seconds
[2026-02-10T23:03:56.780+0000] {processor.py:161} INFO - Started process (PID=362) to work on /home/airflow/.local/lib/python3.12/site-packages/airflow/example_dags/example_setup_teardown.py
[2026-02-10T23:03:56.781+0000] {processor.py:830} INFO - Processing file /home/airflow/.local/lib/python3.12/site-packages/airflow/example_dags/example_setup_teardown.py for tasks to queue
[2026-02-10T23:03:56.783+0000] {logging_mixin.py:188} INFO - [2026-02-10T23:03:56.783+0000] {dagbag.py:540} INFO - Filling up the DagBag from /home/airflow/.local/lib/python3.12/site-packages/airflow/example_dags/example_setup_teardown.py
[2026-02-10T23:03:56.790+0000] {processor.py:840} INFO - DAG(s) 'example_setup_teardown' retrieved from /home/airflow/.local/lib/python3.12/site-packages/airflow/example_dags/example_setup_teardown.py
[2026-02-10T23:03:56.808+0000] {logging_mixin.py:188} INFO - [2026-02-10T23:03:56.808+0000] {dag.py:3096} INFO - Sync 1 DAGs
[2026-02-10T23:03:56.827+0000] {logging_mixin.py:188} INFO - [2026-02-10T23:03:56.827+0000] {dag.py:3954} INFO - Setting next_dagrun for example_setup_teardown to 2026-02-09 00:00:00+00:00, run_after=2026-02-10 00:00:00+00:00
[2026-02-10T23:03:56.856+0000] {processor.py:183} INFO - Processing /home/airflow/.local/lib/python3.12/site-packages/airflow/example_dags/example_setup_teardown.py took 0.082 seconds
[2026-02-10T23:04:27.263+0000] {processor.py:161} INFO - Started process (PID=416) to work on /home/airflow/.local/lib/python3.12/site-packages/airflow/example_dags/example_setup_teardown.py
[2026-02-10T23:04:27.265+0000] {processor.py:830} INFO - Processing file /home/airflow/.local/lib/python3.12/site-packages/airflow/example_dags/example_setup_teardown.py for tasks to queue
[2026-02-10T23:04:27.266+0000] {logging_mixin.py:188} INFO - [2026-02-10T23:04:27.266+0000] {dagbag.py:540} INFO - Filling up the DagBag from /home/airflow/.local/lib/python3.12/site-packages/airflow/example_dags/example_setup_teardown.py
[2026-02-10T23:04:27.275+0000] {processor.py:840} INFO - DAG(s) 'example_setup_teardown' retrieved from /home/airflow/.local/lib/python3.12/site-packages/airflow/example_dags/example_setup_teardown.py
[2026-02-10T23:04:27.296+0000] {logging_mixin.py:188} INFO - [2026-02-10T23:04:27.295+0000] {dag.py:3096} INFO - Sync 1 DAGs
[2026-02-10T23:04:27.315+0000] {logging_mixin.py:188} INFO - [2026-02-10T23:04:27.315+0000] {dag.py:3954} INFO - Setting next_dagrun for example_setup_teardown to 2026-02-09 00:00:00+00:00, run_after=2026-02-10 00:00:00+00:00
[2026-02-10T23:04:27.335+0000] {processor.py:183} INFO - Processing /home/airflow/.local/lib/python3.12/site-packages/airflow/example_dags/example_setup_teardown.py took 0.077 seconds
[2026-02-10T23:04:57.503+0000] {processor.py:161} INFO - Started process (PID=470) to work on /home/airflow/.local/lib/python3.12/site-packages/airflow/example_dags/example_setup_teardown.py
[2026-02-10T23:04:57.504+0000] {processor.py:830} INFO - Processing file /home/airflow/.local/lib/python3.12/site-packages/airflow/example_dags/example_setup_teardown.py for tasks to queue
[2026-02-10T23:04:57.506+0000] {logging_mixin.py:188} INFO - [2026-02-10T23:04:57.506+0000] {dagbag.py:540} INFO - Filling up the DagBag from /home/airflow/.local/lib/python3.12/site-packages/airflow/example_dags/example_setup_teardown.py
[2026-02-10T23:04:57.513+0000] {processor.py:840} INFO - DAG(s) 'example_setup_teardown' retrieved from /home/airflow/.local/lib/python3.12/site-packages/airflow/example_dags/example_setup_teardown.py
[2026-02-10T23:04:57.540+0000] {logging_mixin.py:188} INFO - [2026-02-10T23:04:57.540+0000] {dag.py:3096} INFO - Sync 1 DAGs
[2026-02-10T23:04:57.569+0000] {logging_mixin.py:188} INFO - [2026-02-10T23:04:57.569+0000] {dag.py:3954} INFO - Setting next_dagrun for example_setup_teardown to 2026-02-09 00:00:00+00:00, run_after=2026-02-10 00:00:00+00:00
[2026-02-10T23:04:57.597+0000] {processor.py:183} INFO - Processing /home/airflow/.local/lib/python3.12/site-packages/airflow/example_dags/example_setup_teardown.py took 0.101 seconds
[2026-02-10T23:05:27.701+0000] {processor.py:161} INFO - Started process (PID=524) to work on /home/airflow/.local/lib/python3.12/site-packages/airflow/example_dags/example_setup_teardown.py
[2026-02-10T23:05:27.702+0000] {processor.py:830} INFO - Processing file /home/airflow/.local/lib/python3.12/site-packages/airflow/example_dags/example_setup_teardown.py for tasks to queue
[2026-02-10T23:05:27.708+0000] {logging_mixin.py:188} INFO - [2026-02-10T23:05:27.707+0000] {dagbag.py:540} INFO - Filling up the DagBag from /home/airflow/.local/lib/python3.12/site-packages/airflow/example_dags/example_setup_teardown.py
[2026-02-10T23:05:27.721+0000] {processor.py:840} INFO - DAG(s) 'example_setup_teardown' retrieved from /home/airflow/.local/lib/python3.12/site-packages/airflow/example_dags/example_setup_teardown.py
[2026-02-10T23:05:27.751+0000] {logging_mixin.py:188} INFO - [2026-02-10T23:05:27.751+0000] {dag.py:3096} INFO - Sync 1 DAGs
[2026-02-10T23:05:27.777+0000] {logging_mixin.py:188} INFO - [2026-02-10T23:05:27.777+0000] {dag.py:3954} INFO - Setting next_dagrun for example_setup_teardown to 2026-02-09 00:00:00+00:00, run_after=2026-02-10 00:00:00+00:00
[2026-02-10T23:05:27.795+0000] {processor.py:183} INFO - Processing /home/airflow/.local/lib/python3.12/site-packages/airflow/example_dags/example_setup_teardown.py took 0.105 seconds
[2026-02-10T23:05:57.840+0000] {processor.py:161} INFO - Started process (PID=578) to work on /home/airflow/.local/lib/python3.12/site-packages/airflow/example_dags/example_setup_teardown.py
[2026-02-10T23:05:57.841+0000] {processor.py:830} INFO - Processing file /home/airflow/.local/lib/python3.12/site-packages/airflow/example_dags/example_setup_teardown.py for tasks to queue
[2026-02-10T23:05:57.842+0000] {logging_mixin.py:188} INFO - [2026-02-10T23:05:57.842+0000] {dagbag.py:540} INFO - Filling up the DagBag from /home/airflow/.local/lib/python3.12/site-packages/airflow/example_dags/example_setup_teardown.py
[2026-02-10T23:05:57.849+0000] {processor.py:840} INFO - DAG(s) 'example_setup_teardown' retrieved from /home/airflow/.local/lib/python3.12/site-packages/airflow/example_dags/example_setup_teardown.py
[2026-02-10T23:05:57.868+0000] {logging_mixin.py:188} INFO - [2026-02-10T23:05:57.868+0000] {dag.py:3096} INFO - Sync 1 DAGs
[2026-02-10T23:05:57.887+0000] {logging_mixin.py:188} INFO - [2026-02-10T23:05:57.886+0000] {dag.py:3954} INFO - Setting next_dagrun for example_setup_teardown to 2026-02-09 00:00:00+00:00, run_after=2026-02-10 00:00:00+00:00
[2026-02-10T23:05:57.908+0000] {processor.py:183} INFO - Processing /home/airflow/.local/lib/python3.12/site-packages/airflow/example_dags/example_setup_teardown.py took 0.074 seconds
[2026-02-10T23:06:28.142+0000] {processor.py:161} INFO - Started process (PID=632) to work on /home/airflow/.local/lib/python3.12/site-packages/airflow/example_dags/example_setup_teardown.py
[2026-02-10T23:06:28.143+0000] {processor.py:830} INFO - Processing file /home/airflow/.local/lib/python3.12/site-packages/airflow/example_dags/example_setup_teardown.py for tasks to queue
[2026-02-10T23:06:28.144+0000] {logging_mixin.py:188} INFO - [2026-02-10T23:06:28.144+0000] {dagbag.py:540} INFO - Filling up the DagBag from /home/airflow/.local/lib/python3.12/site-packages/airflow/example_dags/example_setup_teardown.py
[2026-02-10T23:06:28.151+0000] {processor.py:840} INFO - DAG(s) 'example_setup_teardown' retrieved from /home/airflow/.local/lib/python3.12/site-packages/airflow/example_dags/example_setup_teardown.py
[2026-02-10T23:06:28.171+0000] {logging_mixin.py:188} INFO - [2026-02-10T23:06:28.170+0000] {dag.py:3096} INFO - Sync 1 DAGs
[2026-02-10T23:06:28.189+0000] {logging_mixin.py:188} INFO - [2026-02-10T23:06:28.189+0000] {dag.py:3954} INFO - Setting next_dagrun for example_setup_teardown to 2026-02-09 00:00:00+00:00, run_after=2026-02-10 00:00:00+00:00
[2026-02-10T23:06:28.209+0000] {processor.py:183} INFO - Processing /home/airflow/.local/lib/python3.12/site-packages/airflow/example_dags/example_setup_teardown.py took 0.073 seconds
[2026-02-10T23:06:58.513+0000] {processor.py:161} INFO - Started process (PID=686) to work on /home/airflow/.local/lib/python3.12/site-packages/airflow/example_dags/example_setup_teardown.py
[2026-02-10T23:06:58.514+0000] {processor.py:830} INFO - Processing file /home/airflow/.local/lib/python3.12/site-packages/airflow/example_dags/example_setup_teardown.py for tasks to queue
[2026-02-10T23:06:58.516+0000] {logging_mixin.py:188} INFO - [2026-02-10T23:06:58.516+0000] {dagbag.py:540} INFO - Filling up the DagBag from /home/airflow/.local/lib/python3.12/site-packages/airflow/example_dags/example_setup_teardown.py
[2026-02-10T23:06:58.524+0000] {processor.py:840} INFO - DAG(s) 'example_setup_teardown' retrieved from /home/airflow/.local/lib/python3.12/site-packages/airflow/example_dags/example_setup_teardown.py
[2026-02-10T23:06:58.544+0000] {logging_mixin.py:188} INFO - [2026-02-10T23:06:58.544+0000] {dag.py:3096} INFO - Sync 1 DAGs
[2026-02-10T23:06:58.563+0000] {logging_mixin.py:188} INFO - [2026-02-10T23:06:58.562+0000] {dag.py:3954} INFO - Setting next_dagrun for example_setup_teardown to 2026-02-09 00:00:00+00:00, run_after=2026-02-10 00:00:00+00:00
[2026-02-10T23:06:58.583+0000] {processor.py:183} INFO - Processing /home/airflow/.local/lib/python3.12/site-packages/airflow/example_dags/example_setup_teardown.py took 0.076 seconds
[2026-02-10T23:07:28.699+0000] {processor.py:161} INFO - Started process (PID=740) to work on /home/airflow/.local/lib/python3.12/site-packages/airflow/example_dags/example_setup_teardown.py
[2026-02-10T23:07:28.700+0000] {processor.py:830} INFO - Processing file /home/airflow/.local/lib/python3.12/site-packages/airflow/example_dags/example_setup_teardown.py for tasks to queue
[2026-02-10T23:07:28.702+0000] {logging_mixin.py:188} INFO - [2026-02-10T23:07:28.702+0000] {dagbag.py:540} INFO - Filling up the DagBag from /home/airflow/.local/lib/python3.12/site-packages/airflow/example_dags/example_setup_teardown.py
[2026-02-10T23:07:28.711+0000] {processor.py:840} INFO - DAG(s) 'example_setup_teardown' retrieved from /home/airflow/.local/lib/python3.12/site-packages/airflow/example_dags/example_setup_teardown.py
[2026-02-10T23:07:28.731+0000] {logging_mixin.py:188} INFO - [2026-02-10T23:07:28.731+0000] {dag.py:3096} INFO - Sync 1 DAGs
[2026-02-10T23:07:28.751+0000] {logging_mixin.py:188} INFO - [2026-02-10T23:07:28.750+0000] {dag.py:3954} INFO - Setting next_dagrun for example_setup_teardown to 2026-02-09 00:00:00+00:00, run_after=2026-02-10 00:00:00+00:00
[2026-02-10T23:07:28.781+0000] {processor.py:183} INFO - Processing /home/airflow/.local/lib/python3.12/site-packages/airflow/example_dags/example_setup_teardown.py took 0.090 seconds
[2026-02-10T23:07:59.184+0000] {processor.py:161} INFO - Started process (PID=794) to work on /home/airflow/.local/lib/python3.12/site-packages/airflow/example_dags/example_setup_teardown.py
[2026-02-10T23:07:59.185+0000] {processor.py:830} INFO - Processing file /home/airflow/.local/lib/python3.12/site-packages/airflow/example_dags/example_setup_teardown.py for tasks to queue
[2026-02-10T23:07:59.187+0000] {logging_mixin.py:188} INFO - [2026-02-10T23:07:59.186+0000] {dagbag.py:540} INFO - Filling up the DagBag from /home/airflow/.local/lib/python3.12/site-packages/airflow/example_dags/example_setup_teardown.py
[2026-02-10T23:07:59.193+0000] {processor.py:840} INFO - DAG(s) 'example_setup_teardown' retrieved from /home/airflow/.local/lib/python3.12/site-packages/airflow/example_dags/example_setup_teardown.py
[2026-02-10T23:07:59.210+0000] {logging_mixin.py:188} INFO - [2026-02-10T23:07:59.210+0000] {dag.py:3096} INFO - Sync 1 DAGs
[2026-02-10T23:07:59.230+0000] {logging_mixin.py:188} INFO - [2026-02-10T23:07:59.230+0000] {dag.py:3954} INFO - Setting next_dagrun for example_setup_teardown to 2026-02-09 00:00:00+00:00, run_after=2026-02-10 00:00:00+00:00
[2026-02-10T23:07:59.261+0000] {processor.py:183} INFO - Processing /home/airflow/.local/lib/python3.12/site-packages/airflow/example_dags/example_setup_teardown.py took 0.082 seconds
[2026-02-10T23:08:29.368+0000] {processor.py:161} INFO - Started process (PID=848) to work on /home/airflow/.local/lib/python3.12/site-packages/airflow/example_dags/example_setup_teardown.py
[2026-02-10T23:08:29.369+0000] {processor.py:830} INFO - Processing file /home/airflow/.local/lib/python3.12/site-packages/airflow/example_dags/example_setup_teardown.py for tasks to queue
[2026-02-10T23:08:29.371+0000] {logging_mixin.py:188} INFO - [2026-02-10T23:08:29.370+0000] {dagbag.py:540} INFO - Filling up the DagBag from /home/airflow/.local/lib/python3.12/site-packages/airflow/example_dags/example_setup_teardown.py
[2026-02-10T23:08:29.377+0000] {processor.py:840} INFO - DAG(s) 'example_setup_teardown' retrieved from /home/airflow/.local/lib/python3.12/site-packages/airflow/example_dags/example_setup_teardown.py
[2026-02-10T23:08:29.397+0000] {logging_mixin.py:188} INFO - [2026-02-10T23:08:29.397+0000] {dag.py:3096} INFO - Sync 1 DAGs
[2026-02-10T23:08:29.415+0000] {logging_mixin.py:188} INFO - [2026-02-10T23:08:29.415+0000] {dag.py:3954} INFO - Setting next_dagrun for example_setup_teardown to 2026-02-09 00:00:00+00:00, run_after=2026-02-10 00:00:00+00:00
[2026-02-10T23:08:29.434+0000] {processor.py:183} INFO - Processing /home/airflow/.local/lib/python3.12/site-packages/airflow/example_dags/example_setup_teardown.py took 0.072 seconds
[2026-02-10T23:08:59.586+0000] {processor.py:161} INFO - Started process (PID=902) to work on /home/airflow/.local/lib/python3.12/site-packages/airflow/example_dags/example_setup_teardown.py
[2026-02-10T23:08:59.587+0000] {processor.py:830} INFO - Processing file /home/airflow/.local/lib/python3.12/site-packages/airflow/example_dags/example_setup_teardown.py for tasks to queue
[2026-02-10T23:08:59.589+0000] {logging_mixin.py:188} INFO - [2026-02-10T23:08:59.589+0000] {dagbag.py:540} INFO - Filling up the DagBag from /home/airflow/.local/lib/python3.12/site-packages/airflow/example_dags/example_setup_teardown.py
[2026-02-10T23:08:59.596+0000] {processor.py:840} INFO - DAG(s) 'example_setup_teardown' retrieved from /home/airflow/.local/lib/python3.12/site-packages/airflow/example_dags/example_setup_teardown.py
[2026-02-10T23:08:59.615+0000] {logging_mixin.py:188} INFO - [2026-02-10T23:08:59.615+0000] {dag.py:3096} INFO - Sync 1 DAGs
[2026-02-10T23:08:59.635+0000] {logging_mixin.py:188} INFO - [2026-02-10T23:08:59.635+0000] {dag.py:3954} INFO - Setting next_dagrun for example_setup_teardown to 2026-02-09 00:00:00+00:00, run_after=2026-02-10 00:00:00+00:00
[2026-02-10T23:08:59.654+0000] {processor.py:183} INFO - Processing /home/airflow/.local/lib/python3.12/site-packages/airflow/example_dags/example_setup_teardown.py took 0.073 seconds
[2026-02-10T23:09:29.793+0000] {processor.py:161} INFO - Started process (PID=956) to work on /home/airflow/.local/lib/python3.12/site-packages/airflow/example_dags/example_setup_teardown.py
[2026-02-10T23:09:29.794+0000] {processor.py:830} INFO - Processing file /home/airflow/.local/lib/python3.12/site-packages/airflow/example_dags/example_setup_teardown.py for tasks to queue
[2026-02-10T23:09:29.797+0000] {logging_mixin.py:188} INFO - [2026-02-10T23:09:29.796+0000] {dagbag.py:540} INFO - Filling up the DagBag from /home/airflow/.local/lib/python3.12/site-packages/airflow/example_dags/example_setup_teardown.py
[2026-02-10T23:09:29.804+0000] {processor.py:840} INFO - DAG(s) 'example_setup_teardown' retrieved from /home/airflow/.local/lib/python3.12/site-packages/airflow/example_dags/example_setup_teardown.py
[2026-02-10T23:09:29.826+0000] {logging_mixin.py:188} INFO - [2026-02-10T23:09:29.825+0000] {dag.py:3096} INFO - Sync 1 DAGs
[2026-02-10T23:09:29.868+0000] {logging_mixin.py:188} INFO - [2026-02-10T23:09:29.868+0000] {dag.py:3954} INFO - Setting next_dagrun for example_setup_teardown to 2026-02-09 00:00:00+00:00, run_after=2026-02-10 00:00:00+00:00
[2026-02-10T23:09:29.892+0000] {processor.py:183} INFO - Processing /home/airflow/.local/lib/python3.12/site-packages/airflow/example_dags/example_setup_teardown.py took 0.105 seconds
[2026-02-10T23:10:00.068+0000] {processor.py:161} INFO - Started process (PID=1010) to work on /home/airflow/.local/lib/python3.12/site-packages/airflow/example_dags/example_setup_teardown.py
[2026-02-10T23:10:00.069+0000] {processor.py:830} INFO - Processing file /home/airflow/.local/lib/python3.12/site-packages/airflow/example_dags/example_setup_teardown.py for tasks to queue
[2026-02-10T23:10:00.071+0000] {logging_mixin.py:188} INFO - [2026-02-10T23:10:00.071+0000] {dagbag.py:540} INFO - Filling up the DagBag from /home/airflow/.local/lib/python3.12/site-packages/airflow/example_dags/example_setup_teardown.py
[2026-02-10T23:10:00.078+0000] {processor.py:840} INFO - DAG(s) 'example_setup_teardown' retrieved from /home/airflow/.local/lib/python3.12/site-packages/airflow/example_dags/example_setup_teardown.py
[2026-02-10T23:10:00.102+0000] {logging_mixin.py:188} INFO - [2026-02-10T23:10:00.101+0000] {dag.py:3096} INFO - Sync 1 DAGs
[2026-02-10T23:10:00.121+0000] {logging_mixin.py:188} INFO - [2026-02-10T23:10:00.121+0000] {dag.py:3954} INFO - Setting next_dagrun for example_setup_teardown to 2026-02-09 00:00:00+00:00, run_after=2026-02-10 00:00:00+00:00
[2026-02-10T23:10:00.141+0000] {processor.py:183} INFO - Processing /home/airflow/.local/lib/python3.12/site-packages/airflow/example_dags/example_setup_teardown.py took 0.078 seconds
[2026-02-10T23:10:30.233+0000] {processor.py:161} INFO - Started process (PID=1064) to work on /home/airflow/.local/lib/python3.12/site-packages/airflow/example_dags/example_setup_teardown.py
[2026-02-10T23:10:30.234+0000] {processor.py:830} INFO - Processing file /home/airflow/.local/lib/python3.12/site-packages/airflow/example_dags/example_setup_teardown.py for tasks to queue
[2026-02-10T23:10:30.236+0000] {logging_mixin.py:188} INFO - [2026-02-10T23:10:30.236+0000] {dagbag.py:540} INFO - Filling up the DagBag from /home/airflow/.local/lib/python3.12/site-packages/airflow/example_dags/example_setup_teardown.py
[2026-02-10T23:10:30.243+0000] {processor.py:840} INFO - DAG(s) 'example_setup_teardown' retrieved from /home/airflow/.local/lib/python3.12/site-packages/airflow/example_dags/example_setup_teardown.py
[2026-02-10T23:10:30.266+0000] {logging_mixin.py:188} INFO - [2026-02-10T23:10:30.265+0000] {dag.py:3096} INFO - Sync 1 DAGs
[2026-02-10T23:10:30.292+0000] {logging_mixin.py:188} INFO - [2026-02-10T23:10:30.292+0000] {dag.py:3954} INFO - Setting next_dagrun for example_setup_teardown to 2026-02-09 00:00:00+00:00, run_after=2026-02-10 00:00:00+00:00
[2026-02-10T23:10:30.317+0000] {processor.py:183} INFO - Processing /home/airflow/.local/lib/python3.12/site-packages/airflow/example_dags/example_setup_teardown.py took 0.091 seconds
[2026-02-10T23:11:00.504+0000] {processor.py:161} INFO - Started process (PID=1118) to work on /home/airflow/.local/lib/python3.12/site-packages/airflow/example_dags/example_setup_teardown.py
[2026-02-10T23:11:00.505+0000] {processor.py:830} INFO - Processing file /home/airflow/.local/lib/python3.12/site-packages/airflow/example_dags/example_setup_teardown.py for tasks to queue
[2026-02-10T23:11:00.507+0000] {logging_mixin.py:188} INFO - [2026-02-10T23:11:00.507+0000] {dagbag.py:540} INFO - Filling up the DagBag from /home/airflow/.local/lib/python3.12/site-packages/airflow/example_dags/example_setup_teardown.py
[2026-02-10T23:11:00.514+0000] {processor.py:840} INFO - DAG(s) 'example_setup_teardown' retrieved from /home/airflow/.local/lib/python3.12/site-packages/airflow/example_dags/example_setup_teardown.py
[2026-02-10T23:11:00.536+0000] {logging_mixin.py:188} INFO - [2026-02-10T23:11:00.536+0000] {dag.py:3096} INFO - Sync 1 DAGs
[2026-02-10T23:11:00.560+0000] {logging_mixin.py:188} INFO - [2026-02-10T23:11:00.560+0000] {dag.py:3954} INFO - Setting next_dagrun for example_setup_teardown to 2026-02-09 00:00:00+00:00, run_after=2026-02-10 00:00:00+00:00
[2026-02-10T23:11:00.585+0000] {processor.py:183} INFO - Processing /home/airflow/.local/lib/python3.12/site-packages/airflow/example_dags/example_setup_teardown.py took 0.087 seconds
[2026-02-10T23:11:30.776+0000] {processor.py:161} INFO - Started process (PID=1172) to work on /home/airflow/.local/lib/python3.12/site-packages/airflow/example_dags/example_setup_teardown.py
[2026-02-10T23:11:30.777+0000] {processor.py:830} INFO - Processing file /home/airflow/.local/lib/python3.12/site-packages/airflow/example_dags/example_setup_teardown.py for tasks to queue
[2026-02-10T23:11:30.779+0000] {logging_mixin.py:188} INFO - [2026-02-10T23:11:30.779+0000] {dagbag.py:540} INFO - Filling up the DagBag from /home/airflow/.local/lib/python3.12/site-packages/airflow/example_dags/example_setup_teardown.py
[2026-02-10T23:11:30.786+0000] {processor.py:840} INFO - DAG(s) 'example_setup_teardown' retrieved from /home/airflow/.local/lib/python3.12/site-packages/airflow/example_dags/example_setup_teardown.py
[2026-02-10T23:11:30.809+0000] {logging_mixin.py:188} INFO - [2026-02-10T23:11:30.809+0000] {dag.py:3096} INFO - Sync 1 DAGs
[2026-02-10T23:11:30.834+0000] {logging_mixin.py:188} INFO - [2026-02-10T23:11:30.834+0000] {dag.py:3954} INFO - Setting next_dagrun for example_setup_teardown to 2026-02-09 00:00:00+00:00, run_after=2026-02-10 00:00:00+00:00
[2026-02-10T23:11:30.854+0000] {processor.py:183} INFO - Processing /home/airflow/.local/lib/python3.12/site-packages/airflow/example_dags/example_setup_teardown.py took 0.084 seconds
[2026-02-10T23:12:01.685+0000] {processor.py:161} INFO - Started process (PID=1226) to work on /home/airflow/.local/lib/python3.12/site-packages/airflow/example_dags/example_setup_teardown.py
[2026-02-10T23:12:01.686+0000] {processor.py:830} INFO - Processing file /home/airflow/.local/lib/python3.12/site-packages/airflow/example_dags/example_setup_teardown.py for tasks to queue
[2026-02-10T23:12:01.688+0000] {logging_mixin.py:188} INFO - [2026-02-10T23:12:01.687+0000] {dagbag.py:540} INFO - Filling up the DagBag from /home/airflow/.local/lib/python3.12/site-packages/airflow/example_dags/example_setup_teardown.py
[2026-02-10T23:12:01.694+0000] {processor.py:840} INFO - DAG(s) 'example_setup_teardown' retrieved from /home/airflow/.local/lib/python3.12/site-packages/airflow/example_dags/example_setup_teardown.py
[2026-02-10T23:12:01.713+0000] {logging_mixin.py:188} INFO - [2026-02-10T23:12:01.713+0000] {dag.py:3096} INFO - Sync 1 DAGs
[2026-02-10T23:12:01.732+0000] {logging_mixin.py:188} INFO - [2026-02-10T23:12:01.732+0000] {dag.py:3954} INFO - Setting next_dagrun for example_setup_teardown to 2026-02-09 00:00:00+00:00, run_after=2026-02-10 00:00:00+00:00
[2026-02-10T23:12:01.904+0000] {processor.py:183} INFO - Processing /home/airflow/.local/lib/python3.12/site-packages/airflow/example_dags/example_setup_teardown.py took 0.224 seconds
[2026-02-10T23:12:32.012+0000] {processor.py:161} INFO - Started process (PID=1280) to work on /home/airflow/.local/lib/python3.12/site-packages/airflow/example_dags/example_setup_teardown.py
[2026-02-10T23:12:32.013+0000] {processor.py:830} INFO - Processing file /home/airflow/.local/lib/python3.12/site-packages/airflow/example_dags/example_setup_teardown.py for tasks to queue
[2026-02-10T23:12:32.015+0000] {logging_mixin.py:188} INFO - [2026-02-10T23:12:32.014+0000] {dagbag.py:540} INFO - Filling up the DagBag from /home/airflow/.local/lib/python3.12/site-packages/airflow/example_dags/example_setup_teardown.py
[2026-02-10T23:12:32.021+0000] {processor.py:840} INFO - DAG(s) 'example_setup_teardown' retrieved from /home/airflow/.local/lib/python3.12/site-packages/airflow/example_dags/example_setup_teardown.py
[2026-02-10T23:12:32.045+0000] {logging_mixin.py:188} INFO - [2026-02-10T23:12:32.045+0000] {dag.py:3096} INFO - Sync 1 DAGs
[2026-02-10T23:12:32.065+0000] {logging_mixin.py:188} INFO - [2026-02-10T23:12:32.064+0000] {dag.py:3954} INFO - Setting next_dagrun for example_setup_teardown to 2026-02-09 00:00:00+00:00, run_after=2026-02-10 00:00:00+00:00
[2026-02-10T23:12:32.094+0000] {processor.py:183} INFO - Processing /home/airflow/.local/lib/python3.12/site-packages/airflow/example_dags/example_setup_teardown.py took 0.087 seconds
[2026-02-10T23:13:02.879+0000] {processor.py:161} INFO - Started process (PID=1334) to work on /home/airflow/.local/lib/python3.12/site-packages/airflow/example_dags/example_setup_teardown.py
[2026-02-10T23:13:02.881+0000] {processor.py:830} INFO - Processing file /home/airflow/.local/lib/python3.12/site-packages/airflow/example_dags/example_setup_teardown.py for tasks to queue
[2026-02-10T23:13:02.882+0000] {logging_mixin.py:188} INFO - [2026-02-10T23:13:02.882+0000] {dagbag.py:540} INFO - Filling up the DagBag from /home/airflow/.local/lib/python3.12/site-packages/airflow/example_dags/example_setup_teardown.py
[2026-02-10T23:13:03.015+0000] {processor.py:840} INFO - DAG(s) 'example_setup_teardown' retrieved from /home/airflow/.local/lib/python3.12/site-packages/airflow/example_dags/example_setup_teardown.py
[2026-02-10T23:13:03.032+0000] {logging_mixin.py:188} INFO - [2026-02-10T23:13:03.032+0000] {dag.py:3096} INFO - Sync 1 DAGs
[2026-02-10T23:13:03.048+0000] {logging_mixin.py:188} INFO - [2026-02-10T23:13:03.048+0000] {dag.py:3954} INFO - Setting next_dagrun for example_setup_teardown to 2026-02-09 00:00:00+00:00, run_after=2026-02-10 00:00:00+00:00
[2026-02-10T23:13:03.067+0000] {processor.py:183} INFO - Processing /home/airflow/.local/lib/python3.12/site-packages/airflow/example_dags/example_setup_teardown.py took 0.193 seconds
[2026-02-10T23:13:33.523+0000] {processor.py:161} INFO - Started process (PID=1388) to work on /home/airflow/.local/lib/python3.12/site-packages/airflow/example_dags/example_setup_teardown.py
[2026-02-10T23:13:33.524+0000] {processor.py:830} INFO - Processing file /home/airflow/.local/lib/python3.12/site-packages/airflow/example_dags/example_setup_teardown.py for tasks to queue
[2026-02-10T23:13:33.526+0000] {logging_mixin.py:188} INFO - [2026-02-10T23:13:33.525+0000] {dagbag.py:540} INFO - Filling up the DagBag from /home/airflow/.local/lib/python3.12/site-packages/airflow/example_dags/example_setup_teardown.py
[2026-02-10T23:13:33.533+0000] {processor.py:840} INFO - DAG(s) 'example_setup_teardown' retrieved from /home/airflow/.local/lib/python3.12/site-packages/airflow/example_dags/example_setup_teardown.py
[2026-02-10T23:13:33.553+0000] {logging_mixin.py:188} INFO - [2026-02-10T23:13:33.553+0000] {dag.py:3096} INFO - Sync 1 DAGs
[2026-02-10T23:13:33.574+0000] {logging_mixin.py:188} INFO - [2026-02-10T23:13:33.574+0000] {dag.py:3954} INFO - Setting next_dagrun for example_setup_teardown to 2026-02-09 00:00:00+00:00, run_after=2026-02-10 00:00:00+00:00
[2026-02-10T23:13:33.603+0000] {processor.py:183} INFO - Processing /home/airflow/.local/lib/python3.12/site-packages/airflow/example_dags/example_setup_teardown.py took 0.086 seconds
[2026-02-10T23:14:04.363+0000] {processor.py:161} INFO - Started process (PID=1442) to work on /home/airflow/.local/lib/python3.12/site-packages/airflow/example_dags/example_setup_teardown.py
[2026-02-10T23:14:04.364+0000] {processor.py:830} INFO - Processing file /home/airflow/.local/lib/python3.12/site-packages/airflow/example_dags/example_setup_teardown.py for tasks to queue
[2026-02-10T23:14:04.366+0000] {logging_mixin.py:188} INFO - [2026-02-10T23:14:04.366+0000] {dagbag.py:540} INFO - Filling up the DagBag from /home/airflow/.local/lib/python3.12/site-packages/airflow/example_dags/example_setup_teardown.py
[2026-02-10T23:14:04.372+0000] {processor.py:840} INFO - DAG(s) 'example_setup_teardown' retrieved from /home/airflow/.local/lib/python3.12/site-packages/airflow/example_dags/example_setup_teardown.py
[2026-02-10T23:14:04.392+0000] {logging_mixin.py:188} INFO - [2026-02-10T23:14:04.392+0000] {dag.py:3096} INFO - Sync 1 DAGs
[2026-02-10T23:14:04.410+0000] {logging_mixin.py:188} INFO - [2026-02-10T23:14:04.410+0000] {dag.py:3954} INFO - Setting next_dagrun for example_setup_teardown to 2026-02-09 00:00:00+00:00, run_after=2026-02-10 00:00:00+00:00
[2026-02-10T23:14:04.429+0000] {processor.py:183} INFO - Processing /home/airflow/.local/lib/python3.12/site-packages/airflow/example_dags/example_setup_teardown.py took 0.071 seconds
[2026-02-10T23:14:34.630+0000] {processor.py:161} INFO - Started process (PID=1496) to work on /home/airflow/.local/lib/python3.12/site-packages/airflow/example_dags/example_setup_teardown.py
[2026-02-10T23:14:34.631+0000] {processor.py:830} INFO - Processing file /home/airflow/.local/lib/python3.12/site-packages/airflow/example_dags/example_setup_teardown.py for tasks to queue
[2026-02-10T23:14:34.632+0000] {logging_mixin.py:188} INFO - [2026-02-10T23:14:34.632+0000] {dagbag.py:540} INFO - Filling up the DagBag from /home/airflow/.local/lib/python3.12/site-packages/airflow/example_dags/example_setup_teardown.py
[2026-02-10T23:14:34.639+0000] {processor.py:840} INFO - DAG(s) 'example_setup_teardown' retrieved from /home/airflow/.local/lib/python3.12/site-packages/airflow/example_dags/example_setup_teardown.py
[2026-02-10T23:14:34.660+0000] {logging_mixin.py:188} INFO - [2026-02-10T23:14:34.660+0000] {dag.py:3096} INFO - Sync 1 DAGs
[2026-02-10T23:14:34.679+0000] {logging_mixin.py:188} INFO - [2026-02-10T23:14:34.678+0000] {dag.py:3954} INFO - Setting next_dagrun for example_setup_teardown to 2026-02-09 00:00:00+00:00, run_after=2026-02-10 00:00:00+00:00
[2026-02-10T23:14:34.707+0000] {processor.py:183} INFO - Processing /home/airflow/.local/lib/python3.12/site-packages/airflow/example_dags/example_setup_teardown.py took 0.083 seconds
[2026-02-10T23:15:05.048+0000] {processor.py:161} INFO - Started process (PID=1550) to work on /home/airflow/.local/lib/python3.12/site-packages/airflow/example_dags/example_setup_teardown.py
[2026-02-10T23:15:05.049+0000] {processor.py:830} INFO - Processing file /home/airflow/.local/lib/python3.12/site-packages/airflow/example_dags/example_setup_teardown.py for tasks to queue
[2026-02-10T23:15:05.052+0000] {logging_mixin.py:188} INFO - [2026-02-10T23:15:05.051+0000] {dagbag.py:540} INFO - Filling up the DagBag from /home/airflow/.local/lib/python3.12/site-packages/airflow/example_dags/example_setup_teardown.py
[2026-02-10T23:15:05.062+0000] {processor.py:840} INFO - DAG(s) 'example_setup_teardown' retrieved from /home/airflow/.local/lib/python3.12/site-packages/airflow/example_dags/example_setup_teardown.py
[2026-02-10T23:15:05.092+0000] {logging_mixin.py:188} INFO - [2026-02-10T23:15:05.091+0000] {dag.py:3096} INFO - Sync 1 DAGs
[2026-02-10T23:15:05.120+0000] {logging_mixin.py:188} INFO - [2026-02-10T23:15:05.120+0000] {dag.py:3954} INFO - Setting next_dagrun for example_setup_teardown to 2026-02-09 00:00:00+00:00, run_after=2026-02-10 00:00:00+00:00
[2026-02-10T23:15:05.140+0000] {processor.py:183} INFO - Processing /home/airflow/.local/lib/python3.12/site-packages/airflow/example_dags/example_setup_teardown.py took 0.101 seconds
[2026-02-10T23:15:35.416+0000] {processor.py:161} INFO - Started process (PID=1602) to work on /home/airflow/.local/lib/python3.12/site-packages/airflow/example_dags/example_setup_teardown.py
[2026-02-10T23:15:35.418+0000] {processor.py:830} INFO - Processing file /home/airflow/.local/lib/python3.12/site-packages/airflow/example_dags/example_setup_teardown.py for tasks to queue
[2026-02-10T23:15:35.420+0000] {logging_mixin.py:188} INFO - [2026-02-10T23:15:35.420+0000] {dagbag.py:540} INFO - Filling up the DagBag from /home/airflow/.local/lib/python3.12/site-packages/airflow/example_dags/example_setup_teardown.py
[2026-02-10T23:15:35.427+0000] {processor.py:840} INFO - DAG(s) 'example_setup_teardown' retrieved from /home/airflow/.local/lib/python3.12/site-packages/airflow/example_dags/example_setup_teardown.py
[2026-02-10T23:15:35.446+0000] {logging_mixin.py:188} INFO - [2026-02-10T23:15:35.446+0000] {dag.py:3096} INFO - Sync 1 DAGs
[2026-02-10T23:15:35.468+0000] {logging_mixin.py:188} INFO - [2026-02-10T23:15:35.467+0000] {dag.py:3954} INFO - Setting next_dagrun for example_setup_teardown to 2026-02-09 00:00:00+00:00, run_after=2026-02-10 00:00:00+00:00
[2026-02-10T23:15:35.486+0000] {processor.py:183} INFO - Processing /home/airflow/.local/lib/python3.12/site-packages/airflow/example_dags/example_setup_teardown.py took 0.075 seconds
[2026-02-10T23:16:06.047+0000] {processor.py:161} INFO - Started process (PID=1656) to work on /home/airflow/.local/lib/python3.12/site-packages/airflow/example_dags/example_setup_teardown.py
[2026-02-10T23:16:06.049+0000] {processor.py:830} INFO - Processing file /home/airflow/.local/lib/python3.12/site-packages/airflow/example_dags/example_setup_teardown.py for tasks to queue
[2026-02-10T23:16:06.052+0000] {logging_mixin.py:188} INFO - [2026-02-10T23:16:06.052+0000] {dagbag.py:540} INFO - Filling up the DagBag from /home/airflow/.local/lib/python3.12/site-packages/airflow/example_dags/example_setup_teardown.py
[2026-02-10T23:16:06.062+0000] {processor.py:840} INFO - DAG(s) 'example_setup_teardown' retrieved from /home/airflow/.local/lib/python3.12/site-packages/airflow/example_dags/example_setup_teardown.py
[2026-02-10T23:16:06.098+0000] {logging_mixin.py:188} INFO - [2026-02-10T23:16:06.098+0000] {dag.py:3096} INFO - Sync 1 DAGs
[2026-02-10T23:16:06.134+0000] {logging_mixin.py:188} INFO - [2026-02-10T23:16:06.133+0000] {dag.py:3954} INFO - Setting next_dagrun for example_setup_teardown to 2026-02-09 00:00:00+00:00, run_after=2026-02-10 00:00:00+00:00
[2026-02-10T23:16:06.165+0000] {processor.py:183} INFO - Processing /home/airflow/.local/lib/python3.12/site-packages/airflow/example_dags/example_setup_teardown.py took 0.131 seconds
[2026-02-10T23:16:36.555+0000] {processor.py:161} INFO - Started process (PID=1710) to work on /home/airflow/.local/lib/python3.12/site-packages/airflow/example_dags/example_setup_teardown.py
[2026-02-10T23:16:36.556+0000] {processor.py:830} INFO - Processing file /home/airflow/.local/lib/python3.12/site-packages/airflow/example_dags/example_setup_teardown.py for tasks to queue
[2026-02-10T23:16:36.559+0000] {logging_mixin.py:188} INFO - [2026-02-10T23:16:36.558+0000] {dagbag.py:540} INFO - Filling up the DagBag from /home/airflow/.local/lib/python3.12/site-packages/airflow/example_dags/example_setup_teardown.py
[2026-02-10T23:16:36.565+0000] {processor.py:840} INFO - DAG(s) 'example_setup_teardown' retrieved from /home/airflow/.local/lib/python3.12/site-packages/airflow/example_dags/example_setup_teardown.py
[2026-02-10T23:16:36.585+0000] {logging_mixin.py:188} INFO - [2026-02-10T23:16:36.585+0000] {dag.py:3096} INFO - Sync 1 DAGs
[2026-02-10T23:16:36.606+0000] {logging_mixin.py:188} INFO - [2026-02-10T23:16:36.605+0000] {dag.py:3954} INFO - Setting next_dagrun for example_setup_teardown to 2026-02-09 00:00:00+00:00, run_after=2026-02-10 00:00:00+00:00
[2026-02-10T23:16:36.628+0000] {processor.py:183} INFO - Processing /home/airflow/.local/lib/python3.12/site-packages/airflow/example_dags/example_setup_teardown.py took 0.080 seconds
[2026-02-10T23:17:07.272+0000] {processor.py:161} INFO - Started process (PID=1764) to work on /home/airflow/.local/lib/python3.12/site-packages/airflow/example_dags/example_setup_teardown.py
[2026-02-10T23:17:07.272+0000] {processor.py:830} INFO - Processing file /home/airflow/.local/lib/python3.12/site-packages/airflow/example_dags/example_setup_teardown.py for tasks to queue
[2026-02-10T23:17:07.274+0000] {logging_mixin.py:188} INFO - [2026-02-10T23:17:07.274+0000] {dagbag.py:540} INFO - Filling up the DagBag from /home/airflow/.local/lib/python3.12/site-packages/airflow/example_dags/example_setup_teardown.py
[2026-02-10T23:17:07.281+0000] {processor.py:840} INFO - DAG(s) 'example_setup_teardown' retrieved from /home/airflow/.local/lib/python3.12/site-packages/airflow/example_dags/example_setup_teardown.py
[2026-02-10T23:17:07.301+0000] {logging_mixin.py:188} INFO - [2026-02-10T23:17:07.301+0000] {dag.py:3096} INFO - Sync 1 DAGs
[2026-02-10T23:17:07.322+0000] {logging_mixin.py:188} INFO - [2026-02-10T23:17:07.322+0000] {dag.py:3954} INFO - Setting next_dagrun for example_setup_teardown to 2026-02-09 00:00:00+00:00, run_after=2026-02-10 00:00:00+00:00
[2026-02-10T23:17:07.343+0000] {processor.py:183} INFO - Processing /home/airflow/.local/lib/python3.12/site-packages/airflow/example_dags/example_setup_teardown.py took 0.077 seconds
[2026-02-10T23:17:37.683+0000] {processor.py:161} INFO - Started process (PID=1818) to work on /home/airflow/.local/lib/python3.12/site-packages/airflow/example_dags/example_setup_teardown.py
[2026-02-10T23:17:37.684+0000] {processor.py:830} INFO - Processing file /home/airflow/.local/lib/python3.12/site-packages/airflow/example_dags/example_setup_teardown.py for tasks to queue
[2026-02-10T23:17:37.686+0000] {logging_mixin.py:188} INFO - [2026-02-10T23:17:37.685+0000] {dagbag.py:540} INFO - Filling up the DagBag from /home/airflow/.local/lib/python3.12/site-packages/airflow/example_dags/example_setup_teardown.py
[2026-02-10T23:17:37.692+0000] {processor.py:840} INFO - DAG(s) 'example_setup_teardown' retrieved from /home/airflow/.local/lib/python3.12/site-packages/airflow/example_dags/example_setup_teardown.py
[2026-02-10T23:17:37.714+0000] {logging_mixin.py:188} INFO - [2026-02-10T23:17:37.713+0000] {dag.py:3096} INFO - Sync 1 DAGs
[2026-02-10T23:17:37.733+0000] {logging_mixin.py:188} INFO - [2026-02-10T23:17:37.733+0000] {dag.py:3954} INFO - Setting next_dagrun for example_setup_teardown to 2026-02-09 00:00:00+00:00, run_after=2026-02-10 00:00:00+00:00
[2026-02-10T23:17:37.755+0000] {processor.py:183} INFO - Processing /home/airflow/.local/lib/python3.12/site-packages/airflow/example_dags/example_setup_teardown.py took 0.078 seconds
[2026-02-10T23:18:07.819+0000] {processor.py:161} INFO - Started process (PID=1872) to work on /home/airflow/.local/lib/python3.12/site-packages/airflow/example_dags/example_setup_teardown.py
[2026-02-10T23:18:07.820+0000] {processor.py:830} INFO - Processing file /home/airflow/.local/lib/python3.12/site-packages/airflow/example_dags/example_setup_teardown.py for tasks to queue
[2026-02-10T23:18:07.822+0000] {logging_mixin.py:188} INFO - [2026-02-10T23:18:07.822+0000] {dagbag.py:540} INFO - Filling up the DagBag from /home/airflow/.local/lib/python3.12/site-packages/airflow/example_dags/example_setup_teardown.py
[2026-02-10T23:18:07.828+0000] {processor.py:840} INFO - DAG(s) 'example_setup_teardown' retrieved from /home/airflow/.local/lib/python3.12/site-packages/airflow/example_dags/example_setup_teardown.py
[2026-02-10T23:18:07.848+0000] {logging_mixin.py:188} INFO - [2026-02-10T23:18:07.847+0000] {dag.py:3096} INFO - Sync 1 DAGs
[2026-02-10T23:18:07.871+0000] {logging_mixin.py:188} INFO - [2026-02-10T23:18:07.870+0000] {dag.py:3954} INFO - Setting next_dagrun for example_setup_teardown to 2026-02-09 00:00:00+00:00, run_after=2026-02-10 00:00:00+00:00
[2026-02-10T23:18:07.887+0000] {processor.py:183} INFO - Processing /home/airflow/.local/lib/python3.12/site-packages/airflow/example_dags/example_setup_teardown.py took 0.074 seconds
[2026-02-10T23:18:38.797+0000] {processor.py:161} INFO - Started process (PID=1926) to work on /home/airflow/.local/lib/python3.12/site-packages/airflow/example_dags/example_setup_teardown.py
[2026-02-10T23:18:38.801+0000] {processor.py:830} INFO - Processing file /home/airflow/.local/lib/python3.12/site-packages/airflow/example_dags/example_setup_teardown.py for tasks to queue
[2026-02-10T23:18:38.810+0000] {logging_mixin.py:188} INFO - [2026-02-10T23:18:38.810+0000] {dagbag.py:540} INFO - Filling up the DagBag from /home/airflow/.local/lib/python3.12/site-packages/airflow/example_dags/example_setup_teardown.py
[2026-02-10T23:18:38.827+0000] {processor.py:840} INFO - DAG(s) 'example_setup_teardown' retrieved from /home/airflow/.local/lib/python3.12/site-packages/airflow/example_dags/example_setup_teardown.py
[2026-02-10T23:18:38.871+0000] {logging_mixin.py:188} INFO - [2026-02-10T23:18:38.871+0000] {dag.py:3096} INFO - Sync 1 DAGs
[2026-02-10T23:18:38.927+0000] {logging_mixin.py:188} INFO - [2026-02-10T23:18:38.927+0000] {dag.py:3954} INFO - Setting next_dagrun for example_setup_teardown to 2026-02-09 00:00:00+00:00, run_after=2026-02-10 00:00:00+00:00
[2026-02-10T23:18:38.975+0000] {processor.py:183} INFO - Processing /home/airflow/.local/lib/python3.12/site-packages/airflow/example_dags/example_setup_teardown.py took 0.186 seconds
[2026-02-10T23:19:09.943+0000] {processor.py:161} INFO - Started process (PID=1980) to work on /home/airflow/.local/lib/python3.12/site-packages/airflow/example_dags/example_setup_teardown.py
[2026-02-10T23:19:09.944+0000] {processor.py:830} INFO - Processing file /home/airflow/.local/lib/python3.12/site-packages/airflow/example_dags/example_setup_teardown.py for tasks to queue
[2026-02-10T23:19:09.946+0000] {logging_mixin.py:188} INFO - [2026-02-10T23:19:09.946+0000] {dagbag.py:540} INFO - Filling up the DagBag from /home/airflow/.local/lib/python3.12/site-packages/airflow/example_dags/example_setup_teardown.py
[2026-02-10T23:19:09.953+0000] {processor.py:840} INFO - DAG(s) 'example_setup_teardown' retrieved from /home/airflow/.local/lib/python3.12/site-packages/airflow/example_dags/example_setup_teardown.py
[2026-02-10T23:19:09.974+0000] {logging_mixin.py:188} INFO - [2026-02-10T23:19:09.974+0000] {dag.py:3096} INFO - Sync 1 DAGs
[2026-02-10T23:19:09.997+0000] {logging_mixin.py:188} INFO - [2026-02-10T23:19:09.997+0000] {dag.py:3954} INFO - Setting next_dagrun for example_setup_teardown to 2026-02-09 00:00:00+00:00, run_after=2026-02-10 00:00:00+00:00
[2026-02-10T23:19:10.027+0000] {processor.py:183} INFO - Processing /home/airflow/.local/lib/python3.12/site-packages/airflow/example_dags/example_setup_teardown.py took 0.089 seconds
[2026-02-10T23:19:40.149+0000] {processor.py:161} INFO - Started process (PID=2034) to work on /home/airflow/.local/lib/python3.12/site-packages/airflow/example_dags/example_setup_teardown.py
[2026-02-10T23:19:40.151+0000] {processor.py:830} INFO - Processing file /home/airflow/.local/lib/python3.12/site-packages/airflow/example_dags/example_setup_teardown.py for tasks to queue
[2026-02-10T23:19:40.153+0000] {logging_mixin.py:188} INFO - [2026-02-10T23:19:40.152+0000] {dagbag.py:540} INFO - Filling up the DagBag from /home/airflow/.local/lib/python3.12/site-packages/airflow/example_dags/example_setup_teardown.py
[2026-02-10T23:19:40.159+0000] {processor.py:840} INFO - DAG(s) 'example_setup_teardown' retrieved from /home/airflow/.local/lib/python3.12/site-packages/airflow/example_dags/example_setup_teardown.py
[2026-02-10T23:19:40.179+0000] {logging_mixin.py:188} INFO - [2026-02-10T23:19:40.179+0000] {dag.py:3096} INFO - Sync 1 DAGs
[2026-02-10T23:19:40.199+0000] {logging_mixin.py:188} INFO - [2026-02-10T23:19:40.199+0000] {dag.py:3954} INFO - Setting next_dagrun for example_setup_teardown to 2026-02-09 00:00:00+00:00, run_after=2026-02-10 00:00:00+00:00
[2026-02-10T23:19:40.231+0000] {processor.py:183} INFO - Processing /home/airflow/.local/lib/python3.12/site-packages/airflow/example_dags/example_setup_teardown.py took 0.086 seconds
[2026-02-10T23:20:10.533+0000] {processor.py:161} INFO - Started process (PID=2088) to work on /home/airflow/.local/lib/python3.12/site-packages/airflow/example_dags/example_setup_teardown.py
[2026-02-10T23:20:10.534+0000] {processor.py:830} INFO - Processing file /home/airflow/.local/lib/python3.12/site-packages/airflow/example_dags/example_setup_teardown.py for tasks to queue
[2026-02-10T23:20:10.536+0000] {logging_mixin.py:188} INFO - [2026-02-10T23:20:10.535+0000] {dagbag.py:540} INFO - Filling up the DagBag from /home/airflow/.local/lib/python3.12/site-packages/airflow/example_dags/example_setup_teardown.py
[2026-02-10T23:20:10.542+0000] {processor.py:840} INFO - DAG(s) 'example_setup_teardown' retrieved from /home/airflow/.local/lib/python3.12/site-packages/airflow/example_dags/example_setup_teardown.py
[2026-02-10T23:20:10.565+0000] {logging_mixin.py:188} INFO - [2026-02-10T23:20:10.564+0000] {dag.py:3096} INFO - Sync 1 DAGs
[2026-02-10T23:20:10.594+0000] {logging_mixin.py:188} INFO - [2026-02-10T23:20:10.594+0000] {dag.py:3954} INFO - Setting next_dagrun for example_setup_teardown to 2026-02-09 00:00:00+00:00, run_after=2026-02-10 00:00:00+00:00
[2026-02-10T23:20:10.612+0000] {processor.py:183} INFO - Processing /home/airflow/.local/lib/python3.12/site-packages/airflow/example_dags/example_setup_teardown.py took 0.085 seconds
[2026-02-10T23:20:40.926+0000] {processor.py:161} INFO - Started process (PID=2142) to work on /home/airflow/.local/lib/python3.12/site-packages/airflow/example_dags/example_setup_teardown.py
[2026-02-10T23:20:40.927+0000] {processor.py:830} INFO - Processing file /home/airflow/.local/lib/python3.12/site-packages/airflow/example_dags/example_setup_teardown.py for tasks to queue
[2026-02-10T23:20:40.929+0000] {logging_mixin.py:188} INFO - [2026-02-10T23:20:40.928+0000] {dagbag.py:540} INFO - Filling up the DagBag from /home/airflow/.local/lib/python3.12/site-packages/airflow/example_dags/example_setup_teardown.py
[2026-02-10T23:20:40.935+0000] {processor.py:840} INFO - DAG(s) 'example_setup_teardown' retrieved from /home/airflow/.local/lib/python3.12/site-packages/airflow/example_dags/example_setup_teardown.py
[2026-02-10T23:20:40.956+0000] {logging_mixin.py:188} INFO - [2026-02-10T23:20:40.955+0000] {dag.py:3096} INFO - Sync 1 DAGs
[2026-02-10T23:20:40.980+0000] {logging_mixin.py:188} INFO - [2026-02-10T23:20:40.980+0000] {dag.py:3954} INFO - Setting next_dagrun for example_setup_teardown to 2026-02-09 00:00:00+00:00, run_after=2026-02-10 00:00:00+00:00
[2026-02-10T23:20:41.001+0000] {processor.py:183} INFO - Processing /home/airflow/.local/lib/python3.12/site-packages/airflow/example_dags/example_setup_teardown.py took 0.080 seconds
[2026-02-10T23:21:11.635+0000] {processor.py:161} INFO - Started process (PID=2196) to work on /home/airflow/.local/lib/python3.12/site-packages/airflow/example_dags/example_setup_teardown.py
[2026-02-10T23:21:11.637+0000] {processor.py:830} INFO - Processing file /home/airflow/.local/lib/python3.12/site-packages/airflow/example_dags/example_setup_teardown.py for tasks to queue
[2026-02-10T23:21:11.639+0000] {logging_mixin.py:188} INFO - [2026-02-10T23:21:11.639+0000] {dagbag.py:540} INFO - Filling up the DagBag from /home/airflow/.local/lib/python3.12/site-packages/airflow/example_dags/example_setup_teardown.py
[2026-02-10T23:21:11.647+0000] {processor.py:840} INFO - DAG(s) 'example_setup_teardown' retrieved from /home/airflow/.local/lib/python3.12/site-packages/airflow/example_dags/example_setup_teardown.py
[2026-02-10T23:21:11.670+0000] {logging_mixin.py:188} INFO - [2026-02-10T23:21:11.670+0000] {dag.py:3096} INFO - Sync 1 DAGs
[2026-02-10T23:21:11.692+0000] {logging_mixin.py:188} INFO - [2026-02-10T23:21:11.692+0000] {dag.py:3954} INFO - Setting next_dagrun for example_setup_teardown to 2026-02-09 00:00:00+00:00, run_after=2026-02-10 00:00:00+00:00
[2026-02-10T23:21:11.714+0000] {processor.py:183} INFO - Processing /home/airflow/.local/lib/python3.12/site-packages/airflow/example_dags/example_setup_teardown.py took 0.085 seconds
[2026-02-10T23:21:41.874+0000] {processor.py:161} INFO - Started process (PID=2250) to work on /home/airflow/.local/lib/python3.12/site-packages/airflow/example_dags/example_setup_teardown.py
[2026-02-10T23:21:41.875+0000] {processor.py:830} INFO - Processing file /home/airflow/.local/lib/python3.12/site-packages/airflow/example_dags/example_setup_teardown.py for tasks to queue
[2026-02-10T23:21:41.877+0000] {logging_mixin.py:188} INFO - [2026-02-10T23:21:41.877+0000] {dagbag.py:540} INFO - Filling up the DagBag from /home/airflow/.local/lib/python3.12/site-packages/airflow/example_dags/example_setup_teardown.py
[2026-02-10T23:21:41.884+0000] {processor.py:840} INFO - DAG(s) 'example_setup_teardown' retrieved from /home/airflow/.local/lib/python3.12/site-packages/airflow/example_dags/example_setup_teardown.py
[2026-02-10T23:21:41.904+0000] {logging_mixin.py:188} INFO - [2026-02-10T23:21:41.904+0000] {dag.py:3096} INFO - Sync 1 DAGs
[2026-02-10T23:21:41.924+0000] {logging_mixin.py:188} INFO - [2026-02-10T23:21:41.924+0000] {dag.py:3954} INFO - Setting next_dagrun for example_setup_teardown to 2026-02-09 00:00:00+00:00, run_after=2026-02-10 00:00:00+00:00
[2026-02-10T23:21:41.956+0000] {processor.py:183} INFO - Processing /home/airflow/.local/lib/python3.12/site-packages/airflow/example_dags/example_setup_teardown.py took 0.087 seconds
[2026-02-10T23:22:12.314+0000] {processor.py:161} INFO - Started process (PID=2304) to work on /home/airflow/.local/lib/python3.12/site-packages/airflow/example_dags/example_setup_teardown.py
[2026-02-10T23:22:12.315+0000] {processor.py:830} INFO - Processing file /home/airflow/.local/lib/python3.12/site-packages/airflow/example_dags/example_setup_teardown.py for tasks to queue
[2026-02-10T23:22:12.317+0000] {logging_mixin.py:188} INFO - [2026-02-10T23:22:12.316+0000] {dagbag.py:540} INFO - Filling up the DagBag from /home/airflow/.local/lib/python3.12/site-packages/airflow/example_dags/example_setup_teardown.py
[2026-02-10T23:22:12.325+0000] {processor.py:840} INFO - DAG(s) 'example_setup_teardown' retrieved from /home/airflow/.local/lib/python3.12/site-packages/airflow/example_dags/example_setup_teardown.py
[2026-02-10T23:22:12.358+0000] {logging_mixin.py:188} INFO - [2026-02-10T23:22:12.357+0000] {dag.py:3096} INFO - Sync 1 DAGs
[2026-02-10T23:22:12.394+0000] {logging_mixin.py:188} INFO - [2026-02-10T23:22:12.394+0000] {dag.py:3954} INFO - Setting next_dagrun for example_setup_teardown to 2026-02-09 00:00:00+00:00, run_after=2026-02-10 00:00:00+00:00
[2026-02-10T23:22:12.420+0000] {processor.py:183} INFO - Processing /home/airflow/.local/lib/python3.12/site-packages/airflow/example_dags/example_setup_teardown.py took 0.112 seconds
[2026-02-10T23:22:42.903+0000] {processor.py:161} INFO - Started process (PID=2358) to work on /home/airflow/.local/lib/python3.12/site-packages/airflow/example_dags/example_setup_teardown.py
[2026-02-10T23:22:42.905+0000] {processor.py:830} INFO - Processing file /home/airflow/.local/lib/python3.12/site-packages/airflow/example_dags/example_setup_teardown.py for tasks to queue
[2026-02-10T23:22:42.909+0000] {logging_mixin.py:188} INFO - [2026-02-10T23:22:42.908+0000] {dagbag.py:540} INFO - Filling up the DagBag from /home/airflow/.local/lib/python3.12/site-packages/airflow/example_dags/example_setup_teardown.py
[2026-02-10T23:22:42.920+0000] {processor.py:840} INFO - DAG(s) 'example_setup_teardown' retrieved from /home/airflow/.local/lib/python3.12/site-packages/airflow/example_dags/example_setup_teardown.py
[2026-02-10T23:22:42.962+0000] {logging_mixin.py:188} INFO - [2026-02-10T23:22:42.961+0000] {dag.py:3096} INFO - Sync 1 DAGs
[2026-02-10T23:22:42.994+0000] {logging_mixin.py:188} INFO - [2026-02-10T23:22:42.994+0000] {dag.py:3954} INFO - Setting next_dagrun for example_setup_teardown to 2026-02-09 00:00:00+00:00, run_after=2026-02-10 00:00:00+00:00
[2026-02-10T23:22:43.024+0000] {processor.py:183} INFO - Processing /home/airflow/.local/lib/python3.12/site-packages/airflow/example_dags/example_setup_teardown.py took 0.130 seconds
[2026-02-10T23:23:13.407+0000] {processor.py:161} INFO - Started process (PID=2412) to work on /home/airflow/.local/lib/python3.12/site-packages/airflow/example_dags/example_setup_teardown.py
[2026-02-10T23:23:13.409+0000] {processor.py:830} INFO - Processing file /home/airflow/.local/lib/python3.12/site-packages/airflow/example_dags/example_setup_teardown.py for tasks to queue
[2026-02-10T23:23:13.413+0000] {logging_mixin.py:188} INFO - [2026-02-10T23:23:13.412+0000] {dagbag.py:540} INFO - Filling up the DagBag from /home/airflow/.local/lib/python3.12/site-packages/airflow/example_dags/example_setup_teardown.py
[2026-02-10T23:23:13.432+0000] {processor.py:840} INFO - DAG(s) 'example_setup_teardown' retrieved from /home/airflow/.local/lib/python3.12/site-packages/airflow/example_dags/example_setup_teardown.py
[2026-02-10T23:23:13.481+0000] {logging_mixin.py:188} INFO - [2026-02-10T23:23:13.481+0000] {dag.py:3096} INFO - Sync 1 DAGs
[2026-02-10T23:23:13.557+0000] {logging_mixin.py:188} INFO - [2026-02-10T23:23:13.556+0000] {dag.py:3954} INFO - Setting next_dagrun for example_setup_teardown to 2026-02-09 00:00:00+00:00, run_after=2026-02-10 00:00:00+00:00
[2026-02-10T23:23:13.673+0000] {processor.py:183} INFO - Processing /home/airflow/.local/lib/python3.12/site-packages/airflow/example_dags/example_setup_teardown.py took 0.277 seconds
[2026-02-10T23:23:44.004+0000] {processor.py:161} INFO - Started process (PID=2466) to work on /home/airflow/.local/lib/python3.12/site-packages/airflow/example_dags/example_setup_teardown.py
[2026-02-10T23:23:44.007+0000] {processor.py:830} INFO - Processing file /home/airflow/.local/lib/python3.12/site-packages/airflow/example_dags/example_setup_teardown.py for tasks to queue
[2026-02-10T23:23:44.011+0000] {logging_mixin.py:188} INFO - [2026-02-10T23:23:44.010+0000] {dagbag.py:540} INFO - Filling up the DagBag from /home/airflow/.local/lib/python3.12/site-packages/airflow/example_dags/example_setup_teardown.py
[2026-02-10T23:23:44.027+0000] {processor.py:840} INFO - DAG(s) 'example_setup_teardown' retrieved from /home/airflow/.local/lib/python3.12/site-packages/airflow/example_dags/example_setup_teardown.py
[2026-02-10T23:23:44.067+0000] {logging_mixin.py:188} INFO - [2026-02-10T23:23:44.066+0000] {dag.py:3096} INFO - Sync 1 DAGs
[2026-02-10T23:23:44.118+0000] {logging_mixin.py:188} INFO - [2026-02-10T23:23:44.117+0000] {dag.py:3954} INFO - Setting next_dagrun for example_setup_teardown to 2026-02-09 00:00:00+00:00, run_after=2026-02-10 00:00:00+00:00
[2026-02-10T23:23:44.167+0000] {processor.py:183} INFO - Processing /home/airflow/.local/lib/python3.12/site-packages/airflow/example_dags/example_setup_teardown.py took 0.174 seconds
[2026-02-10T23:24:14.569+0000] {processor.py:161} INFO - Started process (PID=2520) to work on /home/airflow/.local/lib/python3.12/site-packages/airflow/example_dags/example_setup_teardown.py
[2026-02-10T23:24:14.572+0000] {processor.py:830} INFO - Processing file /home/airflow/.local/lib/python3.12/site-packages/airflow/example_dags/example_setup_teardown.py for tasks to queue
[2026-02-10T23:24:14.578+0000] {logging_mixin.py:188} INFO - [2026-02-10T23:24:14.577+0000] {dagbag.py:540} INFO - Filling up the DagBag from /home/airflow/.local/lib/python3.12/site-packages/airflow/example_dags/example_setup_teardown.py
[2026-02-10T23:24:14.596+0000] {processor.py:840} INFO - DAG(s) 'example_setup_teardown' retrieved from /home/airflow/.local/lib/python3.12/site-packages/airflow/example_dags/example_setup_teardown.py
[2026-02-10T23:24:14.647+0000] {logging_mixin.py:188} INFO - [2026-02-10T23:24:14.647+0000] {dag.py:3096} INFO - Sync 1 DAGs
[2026-02-10T23:24:14.690+0000] {logging_mixin.py:188} INFO - [2026-02-10T23:24:14.690+0000] {dag.py:3954} INFO - Setting next_dagrun for example_setup_teardown to 2026-02-09 00:00:00+00:00, run_after=2026-02-10 00:00:00+00:00
[2026-02-10T23:24:14.720+0000] {processor.py:183} INFO - Processing /home/airflow/.local/lib/python3.12/site-packages/airflow/example_dags/example_setup_teardown.py took 0.164 seconds
[2026-02-10T23:24:45.033+0000] {processor.py:161} INFO - Started process (PID=2574) to work on /home/airflow/.local/lib/python3.12/site-packages/airflow/example_dags/example_setup_teardown.py
[2026-02-10T23:24:45.036+0000] {processor.py:830} INFO - Processing file /home/airflow/.local/lib/python3.12/site-packages/airflow/example_dags/example_setup_teardown.py for tasks to queue
[2026-02-10T23:24:45.042+0000] {logging_mixin.py:188} INFO - [2026-02-10T23:24:45.041+0000] {dagbag.py:540} INFO - Filling up the DagBag from /home/airflow/.local/lib/python3.12/site-packages/airflow/example_dags/example_setup_teardown.py
[2026-02-10T23:24:45.057+0000] {processor.py:840} INFO - DAG(s) 'example_setup_teardown' retrieved from /home/airflow/.local/lib/python3.12/site-packages/airflow/example_dags/example_setup_teardown.py
[2026-02-10T23:24:45.091+0000] {logging_mixin.py:188} INFO - [2026-02-10T23:24:45.090+0000] {dag.py:3096} INFO - Sync 1 DAGs
[2026-02-10T23:24:45.127+0000] {logging_mixin.py:188} INFO - [2026-02-10T23:24:45.126+0000] {dag.py:3954} INFO - Setting next_dagrun for example_setup_teardown to 2026-02-09 00:00:00+00:00, run_after=2026-02-10 00:00:00+00:00
[2026-02-10T23:24:45.172+0000] {processor.py:183} INFO - Processing /home/airflow/.local/lib/python3.12/site-packages/airflow/example_dags/example_setup_teardown.py took 0.150 seconds
[2026-02-10T23:25:15.868+0000] {processor.py:161} INFO - Started process (PID=2628) to work on /home/airflow/.local/lib/python3.12/site-packages/airflow/example_dags/example_setup_teardown.py
[2026-02-10T23:25:15.871+0000] {processor.py:830} INFO - Processing file /home/airflow/.local/lib/python3.12/site-packages/airflow/example_dags/example_setup_teardown.py for tasks to queue
[2026-02-10T23:25:15.875+0000] {logging_mixin.py:188} INFO - [2026-02-10T23:25:15.874+0000] {dagbag.py:540} INFO - Filling up the DagBag from /home/airflow/.local/lib/python3.12/site-packages/airflow/example_dags/example_setup_teardown.py
[2026-02-10T23:25:15.915+0000] {processor.py:840} INFO - DAG(s) 'example_setup_teardown' retrieved from /home/airflow/.local/lib/python3.12/site-packages/airflow/example_dags/example_setup_teardown.py
[2026-02-10T23:25:15.982+0000] {logging_mixin.py:188} INFO - [2026-02-10T23:25:15.981+0000] {dag.py:3096} INFO - Sync 1 DAGs
[2026-02-10T23:25:16.046+0000] {logging_mixin.py:188} INFO - [2026-02-10T23:25:16.045+0000] {dag.py:3954} INFO - Setting next_dagrun for example_setup_teardown to 2026-02-09 00:00:00+00:00, run_after=2026-02-10 00:00:00+00:00
[2026-02-10T23:25:16.107+0000] {processor.py:183} INFO - Processing /home/airflow/.local/lib/python3.12/site-packages/airflow/example_dags/example_setup_teardown.py took 0.259 seconds
[2026-02-10T23:25:46.561+0000] {processor.py:161} INFO - Started process (PID=2682) to work on /home/airflow/.local/lib/python3.12/site-packages/airflow/example_dags/example_setup_teardown.py
[2026-02-10T23:25:46.562+0000] {processor.py:830} INFO - Processing file /home/airflow/.local/lib/python3.12/site-packages/airflow/example_dags/example_setup_teardown.py for tasks to queue
[2026-02-10T23:25:46.566+0000] {logging_mixin.py:188} INFO - [2026-02-10T23:25:46.565+0000] {dagbag.py:540} INFO - Filling up the DagBag from /home/airflow/.local/lib/python3.12/site-packages/airflow/example_dags/example_setup_teardown.py
[2026-02-10T23:25:46.577+0000] {processor.py:840} INFO - DAG(s) 'example_setup_teardown' retrieved from /home/airflow/.local/lib/python3.12/site-packages/airflow/example_dags/example_setup_teardown.py
[2026-02-10T23:25:46.611+0000] {logging_mixin.py:188} INFO - [2026-02-10T23:25:46.611+0000] {dag.py:3096} INFO - Sync 1 DAGs
[2026-02-10T23:25:46.645+0000] {logging_mixin.py:188} INFO - [2026-02-10T23:25:46.645+0000] {dag.py:3954} INFO - Setting next_dagrun for example_setup_teardown to 2026-02-09 00:00:00+00:00, run_after=2026-02-10 00:00:00+00:00
[2026-02-10T23:25:46.680+0000] {processor.py:183} INFO - Processing /home/airflow/.local/lib/python3.12/site-packages/airflow/example_dags/example_setup_teardown.py took 0.131 seconds
[2026-02-10T23:26:17.288+0000] {processor.py:161} INFO - Started process (PID=2736) to work on /home/airflow/.local/lib/python3.12/site-packages/airflow/example_dags/example_setup_teardown.py
[2026-02-10T23:26:17.290+0000] {processor.py:830} INFO - Processing file /home/airflow/.local/lib/python3.12/site-packages/airflow/example_dags/example_setup_teardown.py for tasks to queue
[2026-02-10T23:26:17.294+0000] {logging_mixin.py:188} INFO - [2026-02-10T23:26:17.293+0000] {dagbag.py:540} INFO - Filling up the DagBag from /home/airflow/.local/lib/python3.12/site-packages/airflow/example_dags/example_setup_teardown.py
[2026-02-10T23:26:17.303+0000] {processor.py:840} INFO - DAG(s) 'example_setup_teardown' retrieved from /home/airflow/.local/lib/python3.12/site-packages/airflow/example_dags/example_setup_teardown.py
[2026-02-10T23:26:17.333+0000] {logging_mixin.py:188} INFO - [2026-02-10T23:26:17.333+0000] {dag.py:3096} INFO - Sync 1 DAGs
[2026-02-10T23:26:17.362+0000] {logging_mixin.py:188} INFO - [2026-02-10T23:26:17.362+0000] {dag.py:3954} INFO - Setting next_dagrun for example_setup_teardown to 2026-02-09 00:00:00+00:00, run_after=2026-02-10 00:00:00+00:00
[2026-02-10T23:26:17.396+0000] {processor.py:183} INFO - Processing /home/airflow/.local/lib/python3.12/site-packages/airflow/example_dags/example_setup_teardown.py took 0.118 seconds
[2026-02-10T23:26:47.862+0000] {processor.py:161} INFO - Started process (PID=2790) to work on /home/airflow/.local/lib/python3.12/site-packages/airflow/example_dags/example_setup_teardown.py
[2026-02-10T23:26:47.864+0000] {processor.py:830} INFO - Processing file /home/airflow/.local/lib/python3.12/site-packages/airflow/example_dags/example_setup_teardown.py for tasks to queue
[2026-02-10T23:26:47.868+0000] {logging_mixin.py:188} INFO - [2026-02-10T23:26:47.867+0000] {dagbag.py:540} INFO - Filling up the DagBag from /home/airflow/.local/lib/python3.12/site-packages/airflow/example_dags/example_setup_teardown.py
[2026-02-10T23:26:47.880+0000] {processor.py:840} INFO - DAG(s) 'example_setup_teardown' retrieved from /home/airflow/.local/lib/python3.12/site-packages/airflow/example_dags/example_setup_teardown.py
[2026-02-10T23:26:47.919+0000] {logging_mixin.py:188} INFO - [2026-02-10T23:26:47.919+0000] {dag.py:3096} INFO - Sync 1 DAGs
[2026-02-10T23:26:47.960+0000] {logging_mixin.py:188} INFO - [2026-02-10T23:26:47.960+0000] {dag.py:3954} INFO - Setting next_dagrun for example_setup_teardown to 2026-02-09 00:00:00+00:00, run_after=2026-02-10 00:00:00+00:00
[2026-02-10T23:26:47.996+0000] {processor.py:183} INFO - Processing /home/airflow/.local/lib/python3.12/site-packages/airflow/example_dags/example_setup_teardown.py took 0.145 seconds
[2026-02-10T23:27:18.084+0000] {processor.py:161} INFO - Started process (PID=2844) to work on /home/airflow/.local/lib/python3.12/site-packages/airflow/example_dags/example_setup_teardown.py
[2026-02-10T23:27:18.086+0000] {processor.py:830} INFO - Processing file /home/airflow/.local/lib/python3.12/site-packages/airflow/example_dags/example_setup_teardown.py for tasks to queue
[2026-02-10T23:27:18.088+0000] {logging_mixin.py:188} INFO - [2026-02-10T23:27:18.088+0000] {dagbag.py:540} INFO - Filling up the DagBag from /home/airflow/.local/lib/python3.12/site-packages/airflow/example_dags/example_setup_teardown.py
[2026-02-10T23:27:18.097+0000] {processor.py:840} INFO - DAG(s) 'example_setup_teardown' retrieved from /home/airflow/.local/lib/python3.12/site-packages/airflow/example_dags/example_setup_teardown.py
[2026-02-10T23:27:18.120+0000] {logging_mixin.py:188} INFO - [2026-02-10T23:27:18.120+0000] {dag.py:3096} INFO - Sync 1 DAGs
[2026-02-10T23:27:18.145+0000] {logging_mixin.py:188} INFO - [2026-02-10T23:27:18.145+0000] {dag.py:3954} INFO - Setting next_dagrun for example_setup_teardown to 2026-02-09 00:00:00+00:00, run_after=2026-02-10 00:00:00+00:00
[2026-02-10T23:27:18.168+0000] {processor.py:183} INFO - Processing /home/airflow/.local/lib/python3.12/site-packages/airflow/example_dags/example_setup_teardown.py took 0.091 seconds
[2026-02-10T23:27:49.095+0000] {processor.py:161} INFO - Started process (PID=2898) to work on /home/airflow/.local/lib/python3.12/site-packages/airflow/example_dags/example_setup_teardown.py
[2026-02-10T23:27:49.096+0000] {processor.py:830} INFO - Processing file /home/airflow/.local/lib/python3.12/site-packages/airflow/example_dags/example_setup_teardown.py for tasks to queue
[2026-02-10T23:27:49.101+0000] {logging_mixin.py:188} INFO - [2026-02-10T23:27:49.100+0000] {dagbag.py:540} INFO - Filling up the DagBag from /home/airflow/.local/lib/python3.12/site-packages/airflow/example_dags/example_setup_teardown.py
[2026-02-10T23:27:49.115+0000] {processor.py:840} INFO - DAG(s) 'example_setup_teardown' retrieved from /home/airflow/.local/lib/python3.12/site-packages/airflow/example_dags/example_setup_teardown.py
[2026-02-10T23:27:49.155+0000] {logging_mixin.py:188} INFO - [2026-02-10T23:27:49.155+0000] {dag.py:3096} INFO - Sync 1 DAGs
[2026-02-10T23:27:49.191+0000] {logging_mixin.py:188} INFO - [2026-02-10T23:27:49.191+0000] {dag.py:3954} INFO - Setting next_dagrun for example_setup_teardown to 2026-02-09 00:00:00+00:00, run_after=2026-02-10 00:00:00+00:00
[2026-02-10T23:27:49.216+0000] {processor.py:183} INFO - Processing /home/airflow/.local/lib/python3.12/site-packages/airflow/example_dags/example_setup_teardown.py took 0.135 seconds
[2026-02-10T23:28:19.829+0000] {processor.py:161} INFO - Started process (PID=2952) to work on /home/airflow/.local/lib/python3.12/site-packages/airflow/example_dags/example_setup_teardown.py
[2026-02-10T23:28:19.831+0000] {processor.py:830} INFO - Processing file /home/airflow/.local/lib/python3.12/site-packages/airflow/example_dags/example_setup_teardown.py for tasks to queue
[2026-02-10T23:28:19.834+0000] {logging_mixin.py:188} INFO - [2026-02-10T23:28:19.833+0000] {dagbag.py:540} INFO - Filling up the DagBag from /home/airflow/.local/lib/python3.12/site-packages/airflow/example_dags/example_setup_teardown.py
[2026-02-10T23:28:19.844+0000] {processor.py:840} INFO - DAG(s) 'example_setup_teardown' retrieved from /home/airflow/.local/lib/python3.12/site-packages/airflow/example_dags/example_setup_teardown.py
[2026-02-10T23:28:19.874+0000] {logging_mixin.py:188} INFO - [2026-02-10T23:28:19.873+0000] {dag.py:3096} INFO - Sync 1 DAGs
[2026-02-10T23:28:19.901+0000] {logging_mixin.py:188} INFO - [2026-02-10T23:28:19.900+0000] {dag.py:3954} INFO - Setting next_dagrun for example_setup_teardown to 2026-02-09 00:00:00+00:00, run_after=2026-02-10 00:00:00+00:00
[2026-02-10T23:28:19.925+0000] {processor.py:183} INFO - Processing /home/airflow/.local/lib/python3.12/site-packages/airflow/example_dags/example_setup_teardown.py took 0.106 seconds
[2026-02-10T23:28:50.231+0000] {processor.py:161} INFO - Started process (PID=3006) to work on /home/airflow/.local/lib/python3.12/site-packages/airflow/example_dags/example_setup_teardown.py
[2026-02-10T23:28:50.233+0000] {processor.py:830} INFO - Processing file /home/airflow/.local/lib/python3.12/site-packages/airflow/example_dags/example_setup_teardown.py for tasks to queue
[2026-02-10T23:28:50.236+0000] {logging_mixin.py:188} INFO - [2026-02-10T23:28:50.235+0000] {dagbag.py:540} INFO - Filling up the DagBag from /home/airflow/.local/lib/python3.12/site-packages/airflow/example_dags/example_setup_teardown.py
[2026-02-10T23:28:50.245+0000] {processor.py:840} INFO - DAG(s) 'example_setup_teardown' retrieved from /home/airflow/.local/lib/python3.12/site-packages/airflow/example_dags/example_setup_teardown.py
[2026-02-10T23:28:50.271+0000] {logging_mixin.py:188} INFO - [2026-02-10T23:28:50.271+0000] {dag.py:3096} INFO - Sync 1 DAGs
[2026-02-10T23:28:50.298+0000] {logging_mixin.py:188} INFO - [2026-02-10T23:28:50.298+0000] {dag.py:3954} INFO - Setting next_dagrun for example_setup_teardown to 2026-02-09 00:00:00+00:00, run_after=2026-02-10 00:00:00+00:00
[2026-02-10T23:28:50.324+0000] {processor.py:183} INFO - Processing /home/airflow/.local/lib/python3.12/site-packages/airflow/example_dags/example_setup_teardown.py took 0.101 seconds
[2026-02-10T23:29:21.132+0000] {processor.py:161} INFO - Started process (PID=3060) to work on /home/airflow/.local/lib/python3.12/site-packages/airflow/example_dags/example_setup_teardown.py
[2026-02-10T23:29:21.133+0000] {processor.py:830} INFO - Processing file /home/airflow/.local/lib/python3.12/site-packages/airflow/example_dags/example_setup_teardown.py for tasks to queue
[2026-02-10T23:29:21.136+0000] {logging_mixin.py:188} INFO - [2026-02-10T23:29:21.135+0000] {dagbag.py:540} INFO - Filling up the DagBag from /home/airflow/.local/lib/python3.12/site-packages/airflow/example_dags/example_setup_teardown.py
[2026-02-10T23:29:21.144+0000] {processor.py:840} INFO - DAG(s) 'example_setup_teardown' retrieved from /home/airflow/.local/lib/python3.12/site-packages/airflow/example_dags/example_setup_teardown.py
[2026-02-10T23:29:21.169+0000] {logging_mixin.py:188} INFO - [2026-02-10T23:29:21.168+0000] {dag.py:3096} INFO - Sync 1 DAGs
[2026-02-10T23:29:21.207+0000] {logging_mixin.py:188} INFO - [2026-02-10T23:29:21.207+0000] {dag.py:3954} INFO - Setting next_dagrun for example_setup_teardown to 2026-02-09 00:00:00+00:00, run_after=2026-02-10 00:00:00+00:00
[2026-02-10T23:29:21.247+0000] {processor.py:183} INFO - Processing /home/airflow/.local/lib/python3.12/site-packages/airflow/example_dags/example_setup_teardown.py took 0.122 seconds
[2026-02-10T23:29:52.287+0000] {processor.py:161} INFO - Started process (PID=3114) to work on /home/airflow/.local/lib/python3.12/site-packages/airflow/example_dags/example_setup_teardown.py
[2026-02-10T23:29:52.288+0000] {processor.py:830} INFO - Processing file /home/airflow/.local/lib/python3.12/site-packages/airflow/example_dags/example_setup_teardown.py for tasks to queue
[2026-02-10T23:29:52.291+0000] {logging_mixin.py:188} INFO - [2026-02-10T23:29:52.290+0000] {dagbag.py:540} INFO - Filling up the DagBag from /home/airflow/.local/lib/python3.12/site-packages/airflow/example_dags/example_setup_teardown.py
[2026-02-10T23:29:52.297+0000] {processor.py:840} INFO - DAG(s) 'example_setup_teardown' retrieved from /home/airflow/.local/lib/python3.12/site-packages/airflow/example_dags/example_setup_teardown.py
[2026-02-10T23:29:52.319+0000] {logging_mixin.py:188} INFO - [2026-02-10T23:29:52.319+0000] {dag.py:3096} INFO - Sync 1 DAGs
[2026-02-10T23:29:52.343+0000] {logging_mixin.py:188} INFO - [2026-02-10T23:29:52.343+0000] {dag.py:3954} INFO - Setting next_dagrun for example_setup_teardown to 2026-02-09 00:00:00+00:00, run_after=2026-02-10 00:00:00+00:00
[2026-02-10T23:29:52.365+0000] {processor.py:183} INFO - Processing /home/airflow/.local/lib/python3.12/site-packages/airflow/example_dags/example_setup_teardown.py took 0.084 seconds
[2026-02-10T23:30:22.854+0000] {processor.py:161} INFO - Started process (PID=3168) to work on /home/airflow/.local/lib/python3.12/site-packages/airflow/example_dags/example_setup_teardown.py
[2026-02-10T23:30:22.855+0000] {processor.py:830} INFO - Processing file /home/airflow/.local/lib/python3.12/site-packages/airflow/example_dags/example_setup_teardown.py for tasks to queue
[2026-02-10T23:30:22.857+0000] {logging_mixin.py:188} INFO - [2026-02-10T23:30:22.857+0000] {dagbag.py:540} INFO - Filling up the DagBag from /home/airflow/.local/lib/python3.12/site-packages/airflow/example_dags/example_setup_teardown.py
[2026-02-10T23:30:22.864+0000] {processor.py:840} INFO - DAG(s) 'example_setup_teardown' retrieved from /home/airflow/.local/lib/python3.12/site-packages/airflow/example_dags/example_setup_teardown.py
[2026-02-10T23:30:22.886+0000] {logging_mixin.py:188} INFO - [2026-02-10T23:30:22.885+0000] {dag.py:3096} INFO - Sync 1 DAGs
[2026-02-10T23:30:22.908+0000] {logging_mixin.py:188} INFO - [2026-02-10T23:30:22.908+0000] {dag.py:3954} INFO - Setting next_dagrun for example_setup_teardown to 2026-02-09 00:00:00+00:00, run_after=2026-02-10 00:00:00+00:00
[2026-02-10T23:30:22.929+0000] {processor.py:183} INFO - Processing /home/airflow/.local/lib/python3.12/site-packages/airflow/example_dags/example_setup_teardown.py took 0.081 seconds
[2026-02-10T23:30:53.053+0000] {processor.py:161} INFO - Started process (PID=3222) to work on /home/airflow/.local/lib/python3.12/site-packages/airflow/example_dags/example_setup_teardown.py
[2026-02-10T23:30:53.054+0000] {processor.py:830} INFO - Processing file /home/airflow/.local/lib/python3.12/site-packages/airflow/example_dags/example_setup_teardown.py for tasks to queue
[2026-02-10T23:30:53.057+0000] {logging_mixin.py:188} INFO - [2026-02-10T23:30:53.056+0000] {dagbag.py:540} INFO - Filling up the DagBag from /home/airflow/.local/lib/python3.12/site-packages/airflow/example_dags/example_setup_teardown.py
[2026-02-10T23:30:53.065+0000] {processor.py:840} INFO - DAG(s) 'example_setup_teardown' retrieved from /home/airflow/.local/lib/python3.12/site-packages/airflow/example_dags/example_setup_teardown.py
[2026-02-10T23:30:53.089+0000] {logging_mixin.py:188} INFO - [2026-02-10T23:30:53.089+0000] {dag.py:3096} INFO - Sync 1 DAGs
[2026-02-10T23:30:53.113+0000] {logging_mixin.py:188} INFO - [2026-02-10T23:30:53.113+0000] {dag.py:3954} INFO - Setting next_dagrun for example_setup_teardown to 2026-02-09 00:00:00+00:00, run_after=2026-02-10 00:00:00+00:00
[2026-02-10T23:30:53.139+0000] {processor.py:183} INFO - Processing /home/airflow/.local/lib/python3.12/site-packages/airflow/example_dags/example_setup_teardown.py took 0.092 seconds
[2026-02-10T23:31:24.047+0000] {processor.py:161} INFO - Started process (PID=3276) to work on /home/airflow/.local/lib/python3.12/site-packages/airflow/example_dags/example_setup_teardown.py
[2026-02-10T23:31:24.049+0000] {processor.py:830} INFO - Processing file /home/airflow/.local/lib/python3.12/site-packages/airflow/example_dags/example_setup_teardown.py for tasks to queue
[2026-02-10T23:31:24.052+0000] {logging_mixin.py:188} INFO - [2026-02-10T23:31:24.051+0000] {dagbag.py:540} INFO - Filling up the DagBag from /home/airflow/.local/lib/python3.12/site-packages/airflow/example_dags/example_setup_teardown.py
[2026-02-10T23:31:24.062+0000] {processor.py:840} INFO - DAG(s) 'example_setup_teardown' retrieved from /home/airflow/.local/lib/python3.12/site-packages/airflow/example_dags/example_setup_teardown.py
[2026-02-10T23:31:24.090+0000] {logging_mixin.py:188} INFO - [2026-02-10T23:31:24.089+0000] {dag.py:3096} INFO - Sync 1 DAGs
[2026-02-10T23:31:24.115+0000] {logging_mixin.py:188} INFO - [2026-02-10T23:31:24.115+0000] {dag.py:3954} INFO - Setting next_dagrun for example_setup_teardown to 2026-02-09 00:00:00+00:00, run_after=2026-02-10 00:00:00+00:00
[2026-02-10T23:31:24.137+0000] {processor.py:183} INFO - Processing /home/airflow/.local/lib/python3.12/site-packages/airflow/example_dags/example_setup_teardown.py took 0.098 seconds
[2026-02-10T23:31:54.674+0000] {processor.py:161} INFO - Started process (PID=3330) to work on /home/airflow/.local/lib/python3.12/site-packages/airflow/example_dags/example_setup_teardown.py
[2026-02-10T23:31:54.675+0000] {processor.py:830} INFO - Processing file /home/airflow/.local/lib/python3.12/site-packages/airflow/example_dags/example_setup_teardown.py for tasks to queue
[2026-02-10T23:31:54.677+0000] {logging_mixin.py:188} INFO - [2026-02-10T23:31:54.677+0000] {dagbag.py:540} INFO - Filling up the DagBag from /home/airflow/.local/lib/python3.12/site-packages/airflow/example_dags/example_setup_teardown.py
[2026-02-10T23:31:54.683+0000] {processor.py:840} INFO - DAG(s) 'example_setup_teardown' retrieved from /home/airflow/.local/lib/python3.12/site-packages/airflow/example_dags/example_setup_teardown.py
[2026-02-10T23:31:54.704+0000] {logging_mixin.py:188} INFO - [2026-02-10T23:31:54.703+0000] {dag.py:3096} INFO - Sync 1 DAGs
[2026-02-10T23:31:54.726+0000] {logging_mixin.py:188} INFO - [2026-02-10T23:31:54.726+0000] {dag.py:3954} INFO - Setting next_dagrun for example_setup_teardown to 2026-02-09 00:00:00+00:00, run_after=2026-02-10 00:00:00+00:00
[2026-02-10T23:31:54.756+0000] {processor.py:183} INFO - Processing /home/airflow/.local/lib/python3.12/site-packages/airflow/example_dags/example_setup_teardown.py took 0.088 seconds
[2026-02-10T23:32:24.857+0000] {processor.py:161} INFO - Started process (PID=3384) to work on /home/airflow/.local/lib/python3.12/site-packages/airflow/example_dags/example_setup_teardown.py
[2026-02-10T23:32:24.859+0000] {processor.py:830} INFO - Processing file /home/airflow/.local/lib/python3.12/site-packages/airflow/example_dags/example_setup_teardown.py for tasks to queue
[2026-02-10T23:32:24.861+0000] {logging_mixin.py:188} INFO - [2026-02-10T23:32:24.861+0000] {dagbag.py:540} INFO - Filling up the DagBag from /home/airflow/.local/lib/python3.12/site-packages/airflow/example_dags/example_setup_teardown.py
[2026-02-10T23:32:24.867+0000] {processor.py:840} INFO - DAG(s) 'example_setup_teardown' retrieved from /home/airflow/.local/lib/python3.12/site-packages/airflow/example_dags/example_setup_teardown.py
[2026-02-10T23:32:24.888+0000] {logging_mixin.py:188} INFO - [2026-02-10T23:32:24.888+0000] {dag.py:3096} INFO - Sync 1 DAGs
[2026-02-10T23:32:24.910+0000] {logging_mixin.py:188} INFO - [2026-02-10T23:32:24.909+0000] {dag.py:3954} INFO - Setting next_dagrun for example_setup_teardown to 2026-02-09 00:00:00+00:00, run_after=2026-02-10 00:00:00+00:00
[2026-02-10T23:32:24.930+0000] {processor.py:183} INFO - Processing /home/airflow/.local/lib/python3.12/site-packages/airflow/example_dags/example_setup_teardown.py took 0.078 seconds
[2026-02-10T23:32:55.078+0000] {processor.py:161} INFO - Started process (PID=3438) to work on /home/airflow/.local/lib/python3.12/site-packages/airflow/example_dags/example_setup_teardown.py
[2026-02-10T23:32:55.079+0000] {processor.py:830} INFO - Processing file /home/airflow/.local/lib/python3.12/site-packages/airflow/example_dags/example_setup_teardown.py for tasks to queue
[2026-02-10T23:32:55.081+0000] {logging_mixin.py:188} INFO - [2026-02-10T23:32:55.081+0000] {dagbag.py:540} INFO - Filling up the DagBag from /home/airflow/.local/lib/python3.12/site-packages/airflow/example_dags/example_setup_teardown.py
[2026-02-10T23:32:55.089+0000] {processor.py:840} INFO - DAG(s) 'example_setup_teardown' retrieved from /home/airflow/.local/lib/python3.12/site-packages/airflow/example_dags/example_setup_teardown.py
[2026-02-10T23:32:55.117+0000] {logging_mixin.py:188} INFO - [2026-02-10T23:32:55.117+0000] {dag.py:3096} INFO - Sync 1 DAGs
[2026-02-10T23:32:55.145+0000] {logging_mixin.py:188} INFO - [2026-02-10T23:32:55.145+0000] {dag.py:3954} INFO - Setting next_dagrun for example_setup_teardown to 2026-02-09 00:00:00+00:00, run_after=2026-02-10 00:00:00+00:00
[2026-02-10T23:32:55.174+0000] {processor.py:183} INFO - Processing /home/airflow/.local/lib/python3.12/site-packages/airflow/example_dags/example_setup_teardown.py took 0.105 seconds
[2026-02-10T23:33:26.023+0000] {processor.py:161} INFO - Started process (PID=3492) to work on /home/airflow/.local/lib/python3.12/site-packages/airflow/example_dags/example_setup_teardown.py
[2026-02-10T23:33:26.024+0000] {processor.py:830} INFO - Processing file /home/airflow/.local/lib/python3.12/site-packages/airflow/example_dags/example_setup_teardown.py for tasks to queue
[2026-02-10T23:33:26.026+0000] {logging_mixin.py:188} INFO - [2026-02-10T23:33:26.026+0000] {dagbag.py:540} INFO - Filling up the DagBag from /home/airflow/.local/lib/python3.12/site-packages/airflow/example_dags/example_setup_teardown.py
[2026-02-10T23:33:26.033+0000] {processor.py:840} INFO - DAG(s) 'example_setup_teardown' retrieved from /home/airflow/.local/lib/python3.12/site-packages/airflow/example_dags/example_setup_teardown.py
[2026-02-10T23:33:26.055+0000] {logging_mixin.py:188} INFO - [2026-02-10T23:33:26.054+0000] {dag.py:3096} INFO - Sync 1 DAGs
[2026-02-10T23:33:26.076+0000] {logging_mixin.py:188} INFO - [2026-02-10T23:33:26.076+0000] {dag.py:3954} INFO - Setting next_dagrun for example_setup_teardown to 2026-02-09 00:00:00+00:00, run_after=2026-02-10 00:00:00+00:00
[2026-02-10T23:33:26.097+0000] {processor.py:183} INFO - Processing /home/airflow/.local/lib/python3.12/site-packages/airflow/example_dags/example_setup_teardown.py took 0.080 seconds
[2026-02-10T23:33:56.481+0000] {processor.py:161} INFO - Started process (PID=3546) to work on /home/airflow/.local/lib/python3.12/site-packages/airflow/example_dags/example_setup_teardown.py
[2026-02-10T23:33:56.483+0000] {processor.py:830} INFO - Processing file /home/airflow/.local/lib/python3.12/site-packages/airflow/example_dags/example_setup_teardown.py for tasks to queue
[2026-02-10T23:33:56.484+0000] {logging_mixin.py:188} INFO - [2026-02-10T23:33:56.484+0000] {dagbag.py:540} INFO - Filling up the DagBag from /home/airflow/.local/lib/python3.12/site-packages/airflow/example_dags/example_setup_teardown.py
[2026-02-10T23:33:56.491+0000] {processor.py:840} INFO - DAG(s) 'example_setup_teardown' retrieved from /home/airflow/.local/lib/python3.12/site-packages/airflow/example_dags/example_setup_teardown.py
[2026-02-10T23:33:56.511+0000] {logging_mixin.py:188} INFO - [2026-02-10T23:33:56.511+0000] {dag.py:3096} INFO - Sync 1 DAGs
[2026-02-10T23:33:56.531+0000] {logging_mixin.py:188} INFO - [2026-02-10T23:33:56.531+0000] {dag.py:3954} INFO - Setting next_dagrun for example_setup_teardown to 2026-02-09 00:00:00+00:00, run_after=2026-02-10 00:00:00+00:00
[2026-02-10T23:33:56.564+0000] {processor.py:183} INFO - Processing /home/airflow/.local/lib/python3.12/site-packages/airflow/example_dags/example_setup_teardown.py took 0.089 seconds
[2026-02-10T23:34:26.626+0000] {processor.py:161} INFO - Started process (PID=3600) to work on /home/airflow/.local/lib/python3.12/site-packages/airflow/example_dags/example_setup_teardown.py
[2026-02-10T23:34:26.627+0000] {processor.py:830} INFO - Processing file /home/airflow/.local/lib/python3.12/site-packages/airflow/example_dags/example_setup_teardown.py for tasks to queue
[2026-02-10T23:34:26.629+0000] {logging_mixin.py:188} INFO - [2026-02-10T23:34:26.629+0000] {dagbag.py:540} INFO - Filling up the DagBag from /home/airflow/.local/lib/python3.12/site-packages/airflow/example_dags/example_setup_teardown.py
[2026-02-10T23:34:26.636+0000] {processor.py:840} INFO - DAG(s) 'example_setup_teardown' retrieved from /home/airflow/.local/lib/python3.12/site-packages/airflow/example_dags/example_setup_teardown.py
[2026-02-10T23:34:26.659+0000] {logging_mixin.py:188} INFO - [2026-02-10T23:34:26.658+0000] {dag.py:3096} INFO - Sync 1 DAGs
[2026-02-10T23:34:26.681+0000] {logging_mixin.py:188} INFO - [2026-02-10T23:34:26.681+0000] {dag.py:3954} INFO - Setting next_dagrun for example_setup_teardown to 2026-02-09 00:00:00+00:00, run_after=2026-02-10 00:00:00+00:00
[2026-02-10T23:34:26.704+0000] {processor.py:183} INFO - Processing /home/airflow/.local/lib/python3.12/site-packages/airflow/example_dags/example_setup_teardown.py took 0.084 seconds
[2026-02-10T23:34:57.356+0000] {processor.py:161} INFO - Started process (PID=3654) to work on /home/airflow/.local/lib/python3.12/site-packages/airflow/example_dags/example_setup_teardown.py
[2026-02-10T23:34:57.358+0000] {processor.py:830} INFO - Processing file /home/airflow/.local/lib/python3.12/site-packages/airflow/example_dags/example_setup_teardown.py for tasks to queue
[2026-02-10T23:34:57.361+0000] {logging_mixin.py:188} INFO - [2026-02-10T23:34:57.360+0000] {dagbag.py:540} INFO - Filling up the DagBag from /home/airflow/.local/lib/python3.12/site-packages/airflow/example_dags/example_setup_teardown.py
[2026-02-10T23:34:57.369+0000] {processor.py:840} INFO - DAG(s) 'example_setup_teardown' retrieved from /home/airflow/.local/lib/python3.12/site-packages/airflow/example_dags/example_setup_teardown.py
[2026-02-10T23:34:57.401+0000] {logging_mixin.py:188} INFO - [2026-02-10T23:34:57.400+0000] {dag.py:3096} INFO - Sync 1 DAGs
[2026-02-10T23:34:57.431+0000] {logging_mixin.py:188} INFO - [2026-02-10T23:34:57.431+0000] {dag.py:3954} INFO - Setting next_dagrun for example_setup_teardown to 2026-02-09 00:00:00+00:00, run_after=2026-02-10 00:00:00+00:00
[2026-02-10T23:34:57.465+0000] {processor.py:183} INFO - Processing /home/airflow/.local/lib/python3.12/site-packages/airflow/example_dags/example_setup_teardown.py took 0.116 seconds
[2026-02-10T23:35:28.007+0000] {processor.py:161} INFO - Started process (PID=3708) to work on /home/airflow/.local/lib/python3.12/site-packages/airflow/example_dags/example_setup_teardown.py
[2026-02-10T23:35:28.008+0000] {processor.py:830} INFO - Processing file /home/airflow/.local/lib/python3.12/site-packages/airflow/example_dags/example_setup_teardown.py for tasks to queue
[2026-02-10T23:35:28.010+0000] {logging_mixin.py:188} INFO - [2026-02-10T23:35:28.009+0000] {dagbag.py:540} INFO - Filling up the DagBag from /home/airflow/.local/lib/python3.12/site-packages/airflow/example_dags/example_setup_teardown.py
[2026-02-10T23:35:28.017+0000] {processor.py:840} INFO - DAG(s) 'example_setup_teardown' retrieved from /home/airflow/.local/lib/python3.12/site-packages/airflow/example_dags/example_setup_teardown.py
[2026-02-10T23:35:28.039+0000] {logging_mixin.py:188} INFO - [2026-02-10T23:35:28.039+0000] {dag.py:3096} INFO - Sync 1 DAGs
[2026-02-10T23:35:28.062+0000] {logging_mixin.py:188} INFO - [2026-02-10T23:35:28.061+0000] {dag.py:3954} INFO - Setting next_dagrun for example_setup_teardown to 2026-02-09 00:00:00+00:00, run_after=2026-02-10 00:00:00+00:00
[2026-02-10T23:35:28.083+0000] {processor.py:183} INFO - Processing /home/airflow/.local/lib/python3.12/site-packages/airflow/example_dags/example_setup_teardown.py took 0.083 seconds
[2026-02-10T23:35:58.888+0000] {processor.py:161} INFO - Started process (PID=3762) to work on /home/airflow/.local/lib/python3.12/site-packages/airflow/example_dags/example_setup_teardown.py
[2026-02-10T23:35:58.889+0000] {processor.py:830} INFO - Processing file /home/airflow/.local/lib/python3.12/site-packages/airflow/example_dags/example_setup_teardown.py for tasks to queue
[2026-02-10T23:35:58.891+0000] {logging_mixin.py:188} INFO - [2026-02-10T23:35:58.891+0000] {dagbag.py:540} INFO - Filling up the DagBag from /home/airflow/.local/lib/python3.12/site-packages/airflow/example_dags/example_setup_teardown.py
[2026-02-10T23:35:58.899+0000] {processor.py:840} INFO - DAG(s) 'example_setup_teardown' retrieved from /home/airflow/.local/lib/python3.12/site-packages/airflow/example_dags/example_setup_teardown.py
[2026-02-10T23:35:58.921+0000] {logging_mixin.py:188} INFO - [2026-02-10T23:35:58.921+0000] {dag.py:3096} INFO - Sync 1 DAGs
[2026-02-10T23:35:58.949+0000] {logging_mixin.py:188} INFO - [2026-02-10T23:35:58.948+0000] {dag.py:3954} INFO - Setting next_dagrun for example_setup_teardown to 2026-02-09 00:00:00+00:00, run_after=2026-02-10 00:00:00+00:00
[2026-02-10T23:35:58.972+0000] {processor.py:183} INFO - Processing /home/airflow/.local/lib/python3.12/site-packages/airflow/example_dags/example_setup_teardown.py took 0.090 seconds
[2026-02-10T23:36:29.358+0000] {processor.py:161} INFO - Started process (PID=3816) to work on /home/airflow/.local/lib/python3.12/site-packages/airflow/example_dags/example_setup_teardown.py
[2026-02-10T23:36:29.361+0000] {processor.py:830} INFO - Processing file /home/airflow/.local/lib/python3.12/site-packages/airflow/example_dags/example_setup_teardown.py for tasks to queue
[2026-02-10T23:36:29.365+0000] {logging_mixin.py:188} INFO - [2026-02-10T23:36:29.364+0000] {dagbag.py:540} INFO - Filling up the DagBag from /home/airflow/.local/lib/python3.12/site-packages/airflow/example_dags/example_setup_teardown.py
[2026-02-10T23:36:29.385+0000] {processor.py:840} INFO - DAG(s) 'example_setup_teardown' retrieved from /home/airflow/.local/lib/python3.12/site-packages/airflow/example_dags/example_setup_teardown.py
[2026-02-10T23:36:29.455+0000] {logging_mixin.py:188} INFO - [2026-02-10T23:36:29.455+0000] {dag.py:3096} INFO - Sync 1 DAGs
[2026-02-10T23:36:29.517+0000] {logging_mixin.py:188} INFO - [2026-02-10T23:36:29.516+0000] {dag.py:3954} INFO - Setting next_dagrun for example_setup_teardown to 2026-02-09 00:00:00+00:00, run_after=2026-02-10 00:00:00+00:00
[2026-02-10T23:36:29.563+0000] {processor.py:183} INFO - Processing /home/airflow/.local/lib/python3.12/site-packages/airflow/example_dags/example_setup_teardown.py took 0.221 seconds
[2026-02-10T23:36:59.717+0000] {processor.py:161} INFO - Started process (PID=3870) to work on /home/airflow/.local/lib/python3.12/site-packages/airflow/example_dags/example_setup_teardown.py
[2026-02-10T23:36:59.718+0000] {processor.py:830} INFO - Processing file /home/airflow/.local/lib/python3.12/site-packages/airflow/example_dags/example_setup_teardown.py for tasks to queue
[2026-02-10T23:36:59.721+0000] {logging_mixin.py:188} INFO - [2026-02-10T23:36:59.720+0000] {dagbag.py:540} INFO - Filling up the DagBag from /home/airflow/.local/lib/python3.12/site-packages/airflow/example_dags/example_setup_teardown.py
[2026-02-10T23:36:59.731+0000] {processor.py:840} INFO - DAG(s) 'example_setup_teardown' retrieved from /home/airflow/.local/lib/python3.12/site-packages/airflow/example_dags/example_setup_teardown.py
[2026-02-10T23:36:59.760+0000] {logging_mixin.py:188} INFO - [2026-02-10T23:36:59.759+0000] {dag.py:3096} INFO - Sync 1 DAGs
[2026-02-10T23:36:59.787+0000] {logging_mixin.py:188} INFO - [2026-02-10T23:36:59.786+0000] {dag.py:3954} INFO - Setting next_dagrun for example_setup_teardown to 2026-02-09 00:00:00+00:00, run_after=2026-02-10 00:00:00+00:00
[2026-02-10T23:36:59.811+0000] {processor.py:183} INFO - Processing /home/airflow/.local/lib/python3.12/site-packages/airflow/example_dags/example_setup_teardown.py took 0.101 seconds
[2026-02-10T23:37:30.786+0000] {processor.py:161} INFO - Started process (PID=3924) to work on /home/airflow/.local/lib/python3.12/site-packages/airflow/example_dags/example_setup_teardown.py
[2026-02-10T23:37:30.788+0000] {processor.py:830} INFO - Processing file /home/airflow/.local/lib/python3.12/site-packages/airflow/example_dags/example_setup_teardown.py for tasks to queue
[2026-02-10T23:37:30.800+0000] {logging_mixin.py:188} INFO - [2026-02-10T23:37:30.799+0000] {dagbag.py:540} INFO - Filling up the DagBag from /home/airflow/.local/lib/python3.12/site-packages/airflow/example_dags/example_setup_teardown.py
[2026-02-10T23:37:30.825+0000] {processor.py:840} INFO - DAG(s) 'example_setup_teardown' retrieved from /home/airflow/.local/lib/python3.12/site-packages/airflow/example_dags/example_setup_teardown.py
[2026-02-10T23:37:30.896+0000] {logging_mixin.py:188} INFO - [2026-02-10T23:37:30.895+0000] {dag.py:3096} INFO - Sync 1 DAGs
[2026-02-10T23:37:30.975+0000] {logging_mixin.py:188} INFO - [2026-02-10T23:37:30.975+0000] {dag.py:3954} INFO - Setting next_dagrun for example_setup_teardown to 2026-02-09 00:00:00+00:00, run_after=2026-02-10 00:00:00+00:00
[2026-02-10T23:37:31.038+0000] {processor.py:183} INFO - Processing /home/airflow/.local/lib/python3.12/site-packages/airflow/example_dags/example_setup_teardown.py took 0.269 seconds
[2026-02-10T23:38:01.875+0000] {processor.py:161} INFO - Started process (PID=3978) to work on /home/airflow/.local/lib/python3.12/site-packages/airflow/example_dags/example_setup_teardown.py
[2026-02-10T23:38:01.876+0000] {processor.py:830} INFO - Processing file /home/airflow/.local/lib/python3.12/site-packages/airflow/example_dags/example_setup_teardown.py for tasks to queue
[2026-02-10T23:38:01.878+0000] {logging_mixin.py:188} INFO - [2026-02-10T23:38:01.878+0000] {dagbag.py:540} INFO - Filling up the DagBag from /home/airflow/.local/lib/python3.12/site-packages/airflow/example_dags/example_setup_teardown.py
[2026-02-10T23:38:01.888+0000] {processor.py:840} INFO - DAG(s) 'example_setup_teardown' retrieved from /home/airflow/.local/lib/python3.12/site-packages/airflow/example_dags/example_setup_teardown.py
[2026-02-10T23:38:01.920+0000] {logging_mixin.py:188} INFO - [2026-02-10T23:38:01.920+0000] {dag.py:3096} INFO - Sync 1 DAGs
[2026-02-10T23:38:01.958+0000] {logging_mixin.py:188} INFO - [2026-02-10T23:38:01.958+0000] {dag.py:3954} INFO - Setting next_dagrun for example_setup_teardown to 2026-02-09 00:00:00+00:00, run_after=2026-02-10 00:00:00+00:00
[2026-02-10T23:38:01.981+0000] {processor.py:183} INFO - Processing /home/airflow/.local/lib/python3.12/site-packages/airflow/example_dags/example_setup_teardown.py took 0.112 seconds
[2026-02-10T23:38:32.274+0000] {processor.py:161} INFO - Started process (PID=4032) to work on /home/airflow/.local/lib/python3.12/site-packages/airflow/example_dags/example_setup_teardown.py
[2026-02-10T23:38:32.276+0000] {processor.py:830} INFO - Processing file /home/airflow/.local/lib/python3.12/site-packages/airflow/example_dags/example_setup_teardown.py for tasks to queue
[2026-02-10T23:38:32.279+0000] {logging_mixin.py:188} INFO - [2026-02-10T23:38:32.278+0000] {dagbag.py:540} INFO - Filling up the DagBag from /home/airflow/.local/lib/python3.12/site-packages/airflow/example_dags/example_setup_teardown.py
[2026-02-10T23:38:32.287+0000] {processor.py:840} INFO - DAG(s) 'example_setup_teardown' retrieved from /home/airflow/.local/lib/python3.12/site-packages/airflow/example_dags/example_setup_teardown.py
[2026-02-10T23:38:32.314+0000] {logging_mixin.py:188} INFO - [2026-02-10T23:38:32.314+0000] {dag.py:3096} INFO - Sync 1 DAGs
[2026-02-10T23:38:32.339+0000] {logging_mixin.py:188} INFO - [2026-02-10T23:38:32.339+0000] {dag.py:3954} INFO - Setting next_dagrun for example_setup_teardown to 2026-02-09 00:00:00+00:00, run_after=2026-02-10 00:00:00+00:00
[2026-02-10T23:38:32.366+0000] {processor.py:183} INFO - Processing /home/airflow/.local/lib/python3.12/site-packages/airflow/example_dags/example_setup_teardown.py took 0.098 seconds
[2026-02-10T23:39:02.441+0000] {processor.py:161} INFO - Started process (PID=4086) to work on /home/airflow/.local/lib/python3.12/site-packages/airflow/example_dags/example_setup_teardown.py
[2026-02-10T23:39:02.442+0000] {processor.py:830} INFO - Processing file /home/airflow/.local/lib/python3.12/site-packages/airflow/example_dags/example_setup_teardown.py for tasks to queue
[2026-02-10T23:39:02.445+0000] {logging_mixin.py:188} INFO - [2026-02-10T23:39:02.444+0000] {dagbag.py:540} INFO - Filling up the DagBag from /home/airflow/.local/lib/python3.12/site-packages/airflow/example_dags/example_setup_teardown.py
[2026-02-10T23:39:02.454+0000] {processor.py:840} INFO - DAG(s) 'example_setup_teardown' retrieved from /home/airflow/.local/lib/python3.12/site-packages/airflow/example_dags/example_setup_teardown.py
[2026-02-10T23:39:02.479+0000] {logging_mixin.py:188} INFO - [2026-02-10T23:39:02.479+0000] {dag.py:3096} INFO - Sync 1 DAGs
[2026-02-10T23:39:02.505+0000] {logging_mixin.py:188} INFO - [2026-02-10T23:39:02.505+0000] {dag.py:3954} INFO - Setting next_dagrun for example_setup_teardown to 2026-02-09 00:00:00+00:00, run_after=2026-02-10 00:00:00+00:00
[2026-02-10T23:39:02.532+0000] {processor.py:183} INFO - Processing /home/airflow/.local/lib/python3.12/site-packages/airflow/example_dags/example_setup_teardown.py took 0.097 seconds
[2026-02-10T23:39:33.015+0000] {processor.py:161} INFO - Started process (PID=4140) to work on /home/airflow/.local/lib/python3.12/site-packages/airflow/example_dags/example_setup_teardown.py
[2026-02-10T23:39:33.017+0000] {processor.py:830} INFO - Processing file /home/airflow/.local/lib/python3.12/site-packages/airflow/example_dags/example_setup_teardown.py for tasks to queue
[2026-02-10T23:39:33.019+0000] {logging_mixin.py:188} INFO - [2026-02-10T23:39:33.018+0000] {dagbag.py:540} INFO - Filling up the DagBag from /home/airflow/.local/lib/python3.12/site-packages/airflow/example_dags/example_setup_teardown.py
[2026-02-10T23:39:33.025+0000] {processor.py:840} INFO - DAG(s) 'example_setup_teardown' retrieved from /home/airflow/.local/lib/python3.12/site-packages/airflow/example_dags/example_setup_teardown.py
[2026-02-10T23:39:33.046+0000] {logging_mixin.py:188} INFO - [2026-02-10T23:39:33.046+0000] {dag.py:3096} INFO - Sync 1 DAGs
[2026-02-10T23:39:33.067+0000] {logging_mixin.py:188} INFO - [2026-02-10T23:39:33.067+0000] {dag.py:3954} INFO - Setting next_dagrun for example_setup_teardown to 2026-02-09 00:00:00+00:00, run_after=2026-02-10 00:00:00+00:00
[2026-02-10T23:39:33.099+0000] {processor.py:183} INFO - Processing /home/airflow/.local/lib/python3.12/site-packages/airflow/example_dags/example_setup_teardown.py took 0.089 seconds
[2026-02-10T23:40:03.424+0000] {processor.py:161} INFO - Started process (PID=4194) to work on /home/airflow/.local/lib/python3.12/site-packages/airflow/example_dags/example_setup_teardown.py
[2026-02-10T23:40:03.426+0000] {processor.py:830} INFO - Processing file /home/airflow/.local/lib/python3.12/site-packages/airflow/example_dags/example_setup_teardown.py for tasks to queue
[2026-02-10T23:40:03.428+0000] {logging_mixin.py:188} INFO - [2026-02-10T23:40:03.427+0000] {dagbag.py:540} INFO - Filling up the DagBag from /home/airflow/.local/lib/python3.12/site-packages/airflow/example_dags/example_setup_teardown.py
[2026-02-10T23:40:03.435+0000] {processor.py:840} INFO - DAG(s) 'example_setup_teardown' retrieved from /home/airflow/.local/lib/python3.12/site-packages/airflow/example_dags/example_setup_teardown.py
[2026-02-10T23:40:03.460+0000] {logging_mixin.py:188} INFO - [2026-02-10T23:40:03.460+0000] {dag.py:3096} INFO - Sync 1 DAGs
[2026-02-10T23:40:03.480+0000] {logging_mixin.py:188} INFO - [2026-02-10T23:40:03.480+0000] {dag.py:3954} INFO - Setting next_dagrun for example_setup_teardown to 2026-02-09 00:00:00+00:00, run_after=2026-02-10 00:00:00+00:00
[2026-02-10T23:40:03.501+0000] {processor.py:183} INFO - Processing /home/airflow/.local/lib/python3.12/site-packages/airflow/example_dags/example_setup_teardown.py took 0.083 seconds
[2026-02-10T23:40:34.366+0000] {processor.py:161} INFO - Started process (PID=4248) to work on /home/airflow/.local/lib/python3.12/site-packages/airflow/example_dags/example_setup_teardown.py
[2026-02-10T23:40:34.367+0000] {processor.py:830} INFO - Processing file /home/airflow/.local/lib/python3.12/site-packages/airflow/example_dags/example_setup_teardown.py for tasks to queue
[2026-02-10T23:40:34.369+0000] {logging_mixin.py:188} INFO - [2026-02-10T23:40:34.369+0000] {dagbag.py:540} INFO - Filling up the DagBag from /home/airflow/.local/lib/python3.12/site-packages/airflow/example_dags/example_setup_teardown.py
[2026-02-10T23:40:34.376+0000] {processor.py:840} INFO - DAG(s) 'example_setup_teardown' retrieved from /home/airflow/.local/lib/python3.12/site-packages/airflow/example_dags/example_setup_teardown.py
[2026-02-10T23:40:34.399+0000] {logging_mixin.py:188} INFO - [2026-02-10T23:40:34.399+0000] {dag.py:3096} INFO - Sync 1 DAGs
[2026-02-10T23:40:34.419+0000] {logging_mixin.py:188} INFO - [2026-02-10T23:40:34.419+0000] {dag.py:3954} INFO - Setting next_dagrun for example_setup_teardown to 2026-02-09 00:00:00+00:00, run_after=2026-02-10 00:00:00+00:00
[2026-02-10T23:40:34.443+0000] {processor.py:183} INFO - Processing /home/airflow/.local/lib/python3.12/site-packages/airflow/example_dags/example_setup_teardown.py took 0.083 seconds
[2026-02-10T23:41:04.850+0000] {processor.py:161} INFO - Started process (PID=4302) to work on /home/airflow/.local/lib/python3.12/site-packages/airflow/example_dags/example_setup_teardown.py
[2026-02-10T23:41:04.852+0000] {processor.py:830} INFO - Processing file /home/airflow/.local/lib/python3.12/site-packages/airflow/example_dags/example_setup_teardown.py for tasks to queue
[2026-02-10T23:41:04.855+0000] {logging_mixin.py:188} INFO - [2026-02-10T23:41:04.854+0000] {dagbag.py:540} INFO - Filling up the DagBag from /home/airflow/.local/lib/python3.12/site-packages/airflow/example_dags/example_setup_teardown.py
[2026-02-10T23:41:04.864+0000] {processor.py:840} INFO - DAG(s) 'example_setup_teardown' retrieved from /home/airflow/.local/lib/python3.12/site-packages/airflow/example_dags/example_setup_teardown.py
[2026-02-10T23:41:04.885+0000] {logging_mixin.py:188} INFO - [2026-02-10T23:41:04.885+0000] {dag.py:3096} INFO - Sync 1 DAGs
[2026-02-10T23:41:04.909+0000] {logging_mixin.py:188} INFO - [2026-02-10T23:41:04.908+0000] {dag.py:3954} INFO - Setting next_dagrun for example_setup_teardown to 2026-02-09 00:00:00+00:00, run_after=2026-02-10 00:00:00+00:00
[2026-02-10T23:41:04.934+0000] {processor.py:183} INFO - Processing /home/airflow/.local/lib/python3.12/site-packages/airflow/example_dags/example_setup_teardown.py took 0.091 seconds
[2026-02-10T23:41:35.166+0000] {processor.py:161} INFO - Started process (PID=4356) to work on /home/airflow/.local/lib/python3.12/site-packages/airflow/example_dags/example_setup_teardown.py
[2026-02-10T23:41:35.168+0000] {processor.py:830} INFO - Processing file /home/airflow/.local/lib/python3.12/site-packages/airflow/example_dags/example_setup_teardown.py for tasks to queue
[2026-02-10T23:41:35.170+0000] {logging_mixin.py:188} INFO - [2026-02-10T23:41:35.169+0000] {dagbag.py:540} INFO - Filling up the DagBag from /home/airflow/.local/lib/python3.12/site-packages/airflow/example_dags/example_setup_teardown.py
[2026-02-10T23:41:35.176+0000] {processor.py:840} INFO - DAG(s) 'example_setup_teardown' retrieved from /home/airflow/.local/lib/python3.12/site-packages/airflow/example_dags/example_setup_teardown.py
[2026-02-10T23:41:35.199+0000] {logging_mixin.py:188} INFO - [2026-02-10T23:41:35.198+0000] {dag.py:3096} INFO - Sync 1 DAGs
[2026-02-10T23:41:35.220+0000] {logging_mixin.py:188} INFO - [2026-02-10T23:41:35.220+0000] {dag.py:3954} INFO - Setting next_dagrun for example_setup_teardown to 2026-02-09 00:00:00+00:00, run_after=2026-02-10 00:00:00+00:00
[2026-02-10T23:41:35.242+0000] {processor.py:183} INFO - Processing /home/airflow/.local/lib/python3.12/site-packages/airflow/example_dags/example_setup_teardown.py took 0.082 seconds
[2026-02-10T23:42:05.915+0000] {processor.py:161} INFO - Started process (PID=4410) to work on /home/airflow/.local/lib/python3.12/site-packages/airflow/example_dags/example_setup_teardown.py
[2026-02-10T23:42:05.916+0000] {processor.py:830} INFO - Processing file /home/airflow/.local/lib/python3.12/site-packages/airflow/example_dags/example_setup_teardown.py for tasks to queue
[2026-02-10T23:42:05.918+0000] {logging_mixin.py:188} INFO - [2026-02-10T23:42:05.918+0000] {dagbag.py:540} INFO - Filling up the DagBag from /home/airflow/.local/lib/python3.12/site-packages/airflow/example_dags/example_setup_teardown.py
[2026-02-10T23:42:05.925+0000] {processor.py:840} INFO - DAG(s) 'example_setup_teardown' retrieved from /home/airflow/.local/lib/python3.12/site-packages/airflow/example_dags/example_setup_teardown.py
[2026-02-10T23:42:05.948+0000] {logging_mixin.py:188} INFO - [2026-02-10T23:42:05.948+0000] {dag.py:3096} INFO - Sync 1 DAGs
[2026-02-10T23:42:05.975+0000] {logging_mixin.py:188} INFO - [2026-02-10T23:42:05.975+0000] {dag.py:3954} INFO - Setting next_dagrun for example_setup_teardown to 2026-02-09 00:00:00+00:00, run_after=2026-02-10 00:00:00+00:00
[2026-02-10T23:42:05.999+0000] {processor.py:183} INFO - Processing /home/airflow/.local/lib/python3.12/site-packages/airflow/example_dags/example_setup_teardown.py took 0.090 seconds
[2026-02-10T23:42:36.403+0000] {processor.py:161} INFO - Started process (PID=4464) to work on /home/airflow/.local/lib/python3.12/site-packages/airflow/example_dags/example_setup_teardown.py
[2026-02-10T23:42:36.405+0000] {processor.py:830} INFO - Processing file /home/airflow/.local/lib/python3.12/site-packages/airflow/example_dags/example_setup_teardown.py for tasks to queue
[2026-02-10T23:42:36.408+0000] {logging_mixin.py:188} INFO - [2026-02-10T23:42:36.407+0000] {dagbag.py:540} INFO - Filling up the DagBag from /home/airflow/.local/lib/python3.12/site-packages/airflow/example_dags/example_setup_teardown.py
[2026-02-10T23:42:36.414+0000] {processor.py:840} INFO - DAG(s) 'example_setup_teardown' retrieved from /home/airflow/.local/lib/python3.12/site-packages/airflow/example_dags/example_setup_teardown.py
[2026-02-10T23:42:36.436+0000] {logging_mixin.py:188} INFO - [2026-02-10T23:42:36.436+0000] {dag.py:3096} INFO - Sync 1 DAGs
[2026-02-10T23:42:36.457+0000] {logging_mixin.py:188} INFO - [2026-02-10T23:42:36.456+0000] {dag.py:3954} INFO - Setting next_dagrun for example_setup_teardown to 2026-02-09 00:00:00+00:00, run_after=2026-02-10 00:00:00+00:00
[2026-02-10T23:42:36.483+0000] {processor.py:183} INFO - Processing /home/airflow/.local/lib/python3.12/site-packages/airflow/example_dags/example_setup_teardown.py took 0.087 seconds
[2026-02-10T23:43:06.558+0000] {processor.py:161} INFO - Started process (PID=4518) to work on /home/airflow/.local/lib/python3.12/site-packages/airflow/example_dags/example_setup_teardown.py
[2026-02-10T23:43:06.560+0000] {processor.py:830} INFO - Processing file /home/airflow/.local/lib/python3.12/site-packages/airflow/example_dags/example_setup_teardown.py for tasks to queue
[2026-02-10T23:43:06.562+0000] {logging_mixin.py:188} INFO - [2026-02-10T23:43:06.561+0000] {dagbag.py:540} INFO - Filling up the DagBag from /home/airflow/.local/lib/python3.12/site-packages/airflow/example_dags/example_setup_teardown.py
[2026-02-10T23:43:06.569+0000] {processor.py:840} INFO - DAG(s) 'example_setup_teardown' retrieved from /home/airflow/.local/lib/python3.12/site-packages/airflow/example_dags/example_setup_teardown.py
[2026-02-10T23:43:06.594+0000] {logging_mixin.py:188} INFO - [2026-02-10T23:43:06.594+0000] {dag.py:3096} INFO - Sync 1 DAGs
[2026-02-10T23:43:06.617+0000] {logging_mixin.py:188} INFO - [2026-02-10T23:43:06.617+0000] {dag.py:3954} INFO - Setting next_dagrun for example_setup_teardown to 2026-02-09 00:00:00+00:00, run_after=2026-02-10 00:00:00+00:00
[2026-02-10T23:43:06.652+0000] {processor.py:183} INFO - Processing /home/airflow/.local/lib/python3.12/site-packages/airflow/example_dags/example_setup_teardown.py took 0.100 seconds
[2026-02-10T23:43:37.032+0000] {processor.py:161} INFO - Started process (PID=4572) to work on /home/airflow/.local/lib/python3.12/site-packages/airflow/example_dags/example_setup_teardown.py
[2026-02-10T23:43:37.033+0000] {processor.py:830} INFO - Processing file /home/airflow/.local/lib/python3.12/site-packages/airflow/example_dags/example_setup_teardown.py for tasks to queue
[2026-02-10T23:43:37.035+0000] {logging_mixin.py:188} INFO - [2026-02-10T23:43:37.035+0000] {dagbag.py:540} INFO - Filling up the DagBag from /home/airflow/.local/lib/python3.12/site-packages/airflow/example_dags/example_setup_teardown.py
[2026-02-10T23:43:37.043+0000] {processor.py:840} INFO - DAG(s) 'example_setup_teardown' retrieved from /home/airflow/.local/lib/python3.12/site-packages/airflow/example_dags/example_setup_teardown.py
[2026-02-10T23:43:37.066+0000] {logging_mixin.py:188} INFO - [2026-02-10T23:43:37.066+0000] {dag.py:3096} INFO - Sync 1 DAGs
[2026-02-10T23:43:37.089+0000] {logging_mixin.py:188} INFO - [2026-02-10T23:43:37.089+0000] {dag.py:3954} INFO - Setting next_dagrun for example_setup_teardown to 2026-02-09 00:00:00+00:00, run_after=2026-02-10 00:00:00+00:00
[2026-02-10T23:43:37.114+0000] {processor.py:183} INFO - Processing /home/airflow/.local/lib/python3.12/site-packages/airflow/example_dags/example_setup_teardown.py took 0.088 seconds
[2026-02-10T23:44:07.593+0000] {processor.py:161} INFO - Started process (PID=4626) to work on /home/airflow/.local/lib/python3.12/site-packages/airflow/example_dags/example_setup_teardown.py
[2026-02-10T23:44:07.594+0000] {processor.py:830} INFO - Processing file /home/airflow/.local/lib/python3.12/site-packages/airflow/example_dags/example_setup_teardown.py for tasks to queue
[2026-02-10T23:44:07.596+0000] {logging_mixin.py:188} INFO - [2026-02-10T23:44:07.595+0000] {dagbag.py:540} INFO - Filling up the DagBag from /home/airflow/.local/lib/python3.12/site-packages/airflow/example_dags/example_setup_teardown.py
[2026-02-10T23:44:07.602+0000] {processor.py:840} INFO - DAG(s) 'example_setup_teardown' retrieved from /home/airflow/.local/lib/python3.12/site-packages/airflow/example_dags/example_setup_teardown.py
[2026-02-10T23:44:07.622+0000] {logging_mixin.py:188} INFO - [2026-02-10T23:44:07.622+0000] {dag.py:3096} INFO - Sync 1 DAGs
[2026-02-10T23:44:07.644+0000] {logging_mixin.py:188} INFO - [2026-02-10T23:44:07.644+0000] {dag.py:3954} INFO - Setting next_dagrun for example_setup_teardown to 2026-02-09 00:00:00+00:00, run_after=2026-02-10 00:00:00+00:00
[2026-02-10T23:44:07.675+0000] {processor.py:183} INFO - Processing /home/airflow/.local/lib/python3.12/site-packages/airflow/example_dags/example_setup_teardown.py took 0.088 seconds
[2026-02-10T23:44:37.969+0000] {processor.py:161} INFO - Started process (PID=4680) to work on /home/airflow/.local/lib/python3.12/site-packages/airflow/example_dags/example_setup_teardown.py
[2026-02-10T23:44:37.971+0000] {processor.py:830} INFO - Processing file /home/airflow/.local/lib/python3.12/site-packages/airflow/example_dags/example_setup_teardown.py for tasks to queue
[2026-02-10T23:44:37.973+0000] {logging_mixin.py:188} INFO - [2026-02-10T23:44:37.972+0000] {dagbag.py:540} INFO - Filling up the DagBag from /home/airflow/.local/lib/python3.12/site-packages/airflow/example_dags/example_setup_teardown.py
[2026-02-10T23:44:37.980+0000] {processor.py:840} INFO - DAG(s) 'example_setup_teardown' retrieved from /home/airflow/.local/lib/python3.12/site-packages/airflow/example_dags/example_setup_teardown.py
[2026-02-10T23:44:38.001+0000] {logging_mixin.py:188} INFO - [2026-02-10T23:44:38.000+0000] {dag.py:3096} INFO - Sync 1 DAGs
[2026-02-10T23:44:38.022+0000] {logging_mixin.py:188} INFO - [2026-02-10T23:44:38.022+0000] {dag.py:3954} INFO - Setting next_dagrun for example_setup_teardown to 2026-02-09 00:00:00+00:00, run_after=2026-02-10 00:00:00+00:00
[2026-02-10T23:44:38.056+0000] {processor.py:183} INFO - Processing /home/airflow/.local/lib/python3.12/site-packages/airflow/example_dags/example_setup_teardown.py took 0.094 seconds
[2026-02-10T23:45:08.333+0000] {processor.py:161} INFO - Started process (PID=4734) to work on /home/airflow/.local/lib/python3.12/site-packages/airflow/example_dags/example_setup_teardown.py
[2026-02-10T23:45:08.334+0000] {processor.py:830} INFO - Processing file /home/airflow/.local/lib/python3.12/site-packages/airflow/example_dags/example_setup_teardown.py for tasks to queue
[2026-02-10T23:45:08.336+0000] {logging_mixin.py:188} INFO - [2026-02-10T23:45:08.336+0000] {dagbag.py:540} INFO - Filling up the DagBag from /home/airflow/.local/lib/python3.12/site-packages/airflow/example_dags/example_setup_teardown.py
[2026-02-10T23:45:08.342+0000] {processor.py:840} INFO - DAG(s) 'example_setup_teardown' retrieved from /home/airflow/.local/lib/python3.12/site-packages/airflow/example_dags/example_setup_teardown.py
[2026-02-10T23:45:08.364+0000] {logging_mixin.py:188} INFO - [2026-02-10T23:45:08.364+0000] {dag.py:3096} INFO - Sync 1 DAGs
[2026-02-10T23:45:08.385+0000] {logging_mixin.py:188} INFO - [2026-02-10T23:45:08.385+0000] {dag.py:3954} INFO - Setting next_dagrun for example_setup_teardown to 2026-02-09 00:00:00+00:00, run_after=2026-02-10 00:00:00+00:00
[2026-02-10T23:45:08.417+0000] {processor.py:183} INFO - Processing /home/airflow/.local/lib/python3.12/site-packages/airflow/example_dags/example_setup_teardown.py took 0.090 seconds
[2026-02-10T23:45:38.863+0000] {processor.py:161} INFO - Started process (PID=4788) to work on /home/airflow/.local/lib/python3.12/site-packages/airflow/example_dags/example_setup_teardown.py
[2026-02-10T23:45:38.864+0000] {processor.py:830} INFO - Processing file /home/airflow/.local/lib/python3.12/site-packages/airflow/example_dags/example_setup_teardown.py for tasks to queue
[2026-02-10T23:45:38.866+0000] {logging_mixin.py:188} INFO - [2026-02-10T23:45:38.865+0000] {dagbag.py:540} INFO - Filling up the DagBag from /home/airflow/.local/lib/python3.12/site-packages/airflow/example_dags/example_setup_teardown.py
[2026-02-10T23:45:38.872+0000] {processor.py:840} INFO - DAG(s) 'example_setup_teardown' retrieved from /home/airflow/.local/lib/python3.12/site-packages/airflow/example_dags/example_setup_teardown.py
[2026-02-10T23:45:38.894+0000] {logging_mixin.py:188} INFO - [2026-02-10T23:45:38.893+0000] {dag.py:3096} INFO - Sync 1 DAGs
[2026-02-10T23:45:38.916+0000] {logging_mixin.py:188} INFO - [2026-02-10T23:45:38.916+0000] {dag.py:3954} INFO - Setting next_dagrun for example_setup_teardown to 2026-02-09 00:00:00+00:00, run_after=2026-02-10 00:00:00+00:00
[2026-02-10T23:45:38.948+0000] {processor.py:183} INFO - Processing /home/airflow/.local/lib/python3.12/site-packages/airflow/example_dags/example_setup_teardown.py took 0.091 seconds
[2026-02-10T23:46:09.159+0000] {processor.py:161} INFO - Started process (PID=4842) to work on /home/airflow/.local/lib/python3.12/site-packages/airflow/example_dags/example_setup_teardown.py
[2026-02-10T23:46:09.161+0000] {processor.py:830} INFO - Processing file /home/airflow/.local/lib/python3.12/site-packages/airflow/example_dags/example_setup_teardown.py for tasks to queue
[2026-02-10T23:46:09.163+0000] {logging_mixin.py:188} INFO - [2026-02-10T23:46:09.163+0000] {dagbag.py:540} INFO - Filling up the DagBag from /home/airflow/.local/lib/python3.12/site-packages/airflow/example_dags/example_setup_teardown.py
[2026-02-10T23:46:09.176+0000] {processor.py:840} INFO - DAG(s) 'example_setup_teardown' retrieved from /home/airflow/.local/lib/python3.12/site-packages/airflow/example_dags/example_setup_teardown.py
[2026-02-10T23:46:09.201+0000] {logging_mixin.py:188} INFO - [2026-02-10T23:46:09.201+0000] {dag.py:3096} INFO - Sync 1 DAGs
[2026-02-10T23:46:09.226+0000] {logging_mixin.py:188} INFO - [2026-02-10T23:46:09.226+0000] {dag.py:3954} INFO - Setting next_dagrun for example_setup_teardown to 2026-02-09 00:00:00+00:00, run_after=2026-02-10 00:00:00+00:00
[2026-02-10T23:46:09.259+0000] {processor.py:183} INFO - Processing /home/airflow/.local/lib/python3.12/site-packages/airflow/example_dags/example_setup_teardown.py took 0.107 seconds
[2026-02-10T23:46:40.169+0000] {processor.py:161} INFO - Started process (PID=4896) to work on /home/airflow/.local/lib/python3.12/site-packages/airflow/example_dags/example_setup_teardown.py
[2026-02-10T23:46:40.170+0000] {processor.py:830} INFO - Processing file /home/airflow/.local/lib/python3.12/site-packages/airflow/example_dags/example_setup_teardown.py for tasks to queue
[2026-02-10T23:46:40.172+0000] {logging_mixin.py:188} INFO - [2026-02-10T23:46:40.172+0000] {dagbag.py:540} INFO - Filling up the DagBag from /home/airflow/.local/lib/python3.12/site-packages/airflow/example_dags/example_setup_teardown.py
[2026-02-10T23:46:40.186+0000] {processor.py:840} INFO - DAG(s) 'example_setup_teardown' retrieved from /home/airflow/.local/lib/python3.12/site-packages/airflow/example_dags/example_setup_teardown.py
[2026-02-10T23:46:40.206+0000] {logging_mixin.py:188} INFO - [2026-02-10T23:46:40.206+0000] {dag.py:3096} INFO - Sync 1 DAGs
[2026-02-10T23:46:40.229+0000] {logging_mixin.py:188} INFO - [2026-02-10T23:46:40.228+0000] {dag.py:3954} INFO - Setting next_dagrun for example_setup_teardown to 2026-02-09 00:00:00+00:00, run_after=2026-02-10 00:00:00+00:00
[2026-02-10T23:46:40.254+0000] {processor.py:183} INFO - Processing /home/airflow/.local/lib/python3.12/site-packages/airflow/example_dags/example_setup_teardown.py took 0.091 seconds
[2026-02-10T23:47:10.657+0000] {processor.py:161} INFO - Started process (PID=4950) to work on /home/airflow/.local/lib/python3.12/site-packages/airflow/example_dags/example_setup_teardown.py
[2026-02-10T23:47:10.659+0000] {processor.py:830} INFO - Processing file /home/airflow/.local/lib/python3.12/site-packages/airflow/example_dags/example_setup_teardown.py for tasks to queue
[2026-02-10T23:47:10.661+0000] {logging_mixin.py:188} INFO - [2026-02-10T23:47:10.660+0000] {dagbag.py:540} INFO - Filling up the DagBag from /home/airflow/.local/lib/python3.12/site-packages/airflow/example_dags/example_setup_teardown.py
[2026-02-10T23:47:10.667+0000] {processor.py:840} INFO - DAG(s) 'example_setup_teardown' retrieved from /home/airflow/.local/lib/python3.12/site-packages/airflow/example_dags/example_setup_teardown.py
[2026-02-10T23:47:10.688+0000] {logging_mixin.py:188} INFO - [2026-02-10T23:47:10.687+0000] {dag.py:3096} INFO - Sync 1 DAGs
[2026-02-10T23:47:10.708+0000] {logging_mixin.py:188} INFO - [2026-02-10T23:47:10.708+0000] {dag.py:3954} INFO - Setting next_dagrun for example_setup_teardown to 2026-02-09 00:00:00+00:00, run_after=2026-02-10 00:00:00+00:00
[2026-02-10T23:47:10.741+0000] {processor.py:183} INFO - Processing /home/airflow/.local/lib/python3.12/site-packages/airflow/example_dags/example_setup_teardown.py took 0.089 seconds
[2026-02-10T23:47:41.333+0000] {processor.py:161} INFO - Started process (PID=5004) to work on /home/airflow/.local/lib/python3.12/site-packages/airflow/example_dags/example_setup_teardown.py
[2026-02-10T23:47:41.334+0000] {processor.py:830} INFO - Processing file /home/airflow/.local/lib/python3.12/site-packages/airflow/example_dags/example_setup_teardown.py for tasks to queue
[2026-02-10T23:47:41.336+0000] {logging_mixin.py:188} INFO - [2026-02-10T23:47:41.336+0000] {dagbag.py:540} INFO - Filling up the DagBag from /home/airflow/.local/lib/python3.12/site-packages/airflow/example_dags/example_setup_teardown.py
[2026-02-10T23:47:41.343+0000] {processor.py:840} INFO - DAG(s) 'example_setup_teardown' retrieved from /home/airflow/.local/lib/python3.12/site-packages/airflow/example_dags/example_setup_teardown.py
[2026-02-10T23:47:41.364+0000] {logging_mixin.py:188} INFO - [2026-02-10T23:47:41.363+0000] {dag.py:3096} INFO - Sync 1 DAGs
[2026-02-10T23:47:41.384+0000] {logging_mixin.py:188} INFO - [2026-02-10T23:47:41.384+0000] {dag.py:3954} INFO - Setting next_dagrun for example_setup_teardown to 2026-02-09 00:00:00+00:00, run_after=2026-02-10 00:00:00+00:00
[2026-02-10T23:47:41.408+0000] {processor.py:183} INFO - Processing /home/airflow/.local/lib/python3.12/site-packages/airflow/example_dags/example_setup_teardown.py took 0.080 seconds
[2026-02-10T23:48:11.820+0000] {processor.py:161} INFO - Started process (PID=5058) to work on /home/airflow/.local/lib/python3.12/site-packages/airflow/example_dags/example_setup_teardown.py
[2026-02-10T23:48:11.821+0000] {processor.py:830} INFO - Processing file /home/airflow/.local/lib/python3.12/site-packages/airflow/example_dags/example_setup_teardown.py for tasks to queue
[2026-02-10T23:48:11.823+0000] {logging_mixin.py:188} INFO - [2026-02-10T23:48:11.823+0000] {dagbag.py:540} INFO - Filling up the DagBag from /home/airflow/.local/lib/python3.12/site-packages/airflow/example_dags/example_setup_teardown.py
[2026-02-10T23:48:11.837+0000] {processor.py:840} INFO - DAG(s) 'example_setup_teardown' retrieved from /home/airflow/.local/lib/python3.12/site-packages/airflow/example_dags/example_setup_teardown.py
[2026-02-10T23:48:11.867+0000] {logging_mixin.py:188} INFO - [2026-02-10T23:48:11.867+0000] {dag.py:3096} INFO - Sync 1 DAGs
[2026-02-10T23:48:11.889+0000] {logging_mixin.py:188} INFO - [2026-02-10T23:48:11.889+0000] {dag.py:3954} INFO - Setting next_dagrun for example_setup_teardown to 2026-02-09 00:00:00+00:00, run_after=2026-02-10 00:00:00+00:00
[2026-02-10T23:48:11.920+0000] {processor.py:183} INFO - Processing /home/airflow/.local/lib/python3.12/site-packages/airflow/example_dags/example_setup_teardown.py took 0.106 seconds
[2026-02-10T23:48:42.134+0000] {processor.py:161} INFO - Started process (PID=5112) to work on /home/airflow/.local/lib/python3.12/site-packages/airflow/example_dags/example_setup_teardown.py
[2026-02-10T23:48:42.136+0000] {processor.py:830} INFO - Processing file /home/airflow/.local/lib/python3.12/site-packages/airflow/example_dags/example_setup_teardown.py for tasks to queue
[2026-02-10T23:48:42.138+0000] {logging_mixin.py:188} INFO - [2026-02-10T23:48:42.137+0000] {dagbag.py:540} INFO - Filling up the DagBag from /home/airflow/.local/lib/python3.12/site-packages/airflow/example_dags/example_setup_teardown.py
[2026-02-10T23:48:42.145+0000] {processor.py:840} INFO - DAG(s) 'example_setup_teardown' retrieved from /home/airflow/.local/lib/python3.12/site-packages/airflow/example_dags/example_setup_teardown.py
[2026-02-10T23:48:42.166+0000] {logging_mixin.py:188} INFO - [2026-02-10T23:48:42.166+0000] {dag.py:3096} INFO - Sync 1 DAGs
[2026-02-10T23:48:42.190+0000] {logging_mixin.py:188} INFO - [2026-02-10T23:48:42.190+0000] {dag.py:3954} INFO - Setting next_dagrun for example_setup_teardown to 2026-02-09 00:00:00+00:00, run_after=2026-02-10 00:00:00+00:00
[2026-02-10T23:48:42.211+0000] {processor.py:183} INFO - Processing /home/airflow/.local/lib/python3.12/site-packages/airflow/example_dags/example_setup_teardown.py took 0.083 seconds
[2026-02-10T23:49:12.344+0000] {processor.py:161} INFO - Started process (PID=5166) to work on /home/airflow/.local/lib/python3.12/site-packages/airflow/example_dags/example_setup_teardown.py
[2026-02-10T23:49:12.345+0000] {processor.py:830} INFO - Processing file /home/airflow/.local/lib/python3.12/site-packages/airflow/example_dags/example_setup_teardown.py for tasks to queue
[2026-02-10T23:49:12.348+0000] {logging_mixin.py:188} INFO - [2026-02-10T23:49:12.347+0000] {dagbag.py:540} INFO - Filling up the DagBag from /home/airflow/.local/lib/python3.12/site-packages/airflow/example_dags/example_setup_teardown.py
[2026-02-10T23:49:12.355+0000] {processor.py:840} INFO - DAG(s) 'example_setup_teardown' retrieved from /home/airflow/.local/lib/python3.12/site-packages/airflow/example_dags/example_setup_teardown.py
[2026-02-10T23:49:12.377+0000] {logging_mixin.py:188} INFO - [2026-02-10T23:49:12.377+0000] {dag.py:3096} INFO - Sync 1 DAGs
[2026-02-10T23:49:12.401+0000] {logging_mixin.py:188} INFO - [2026-02-10T23:49:12.401+0000] {dag.py:3954} INFO - Setting next_dagrun for example_setup_teardown to 2026-02-09 00:00:00+00:00, run_after=2026-02-10 00:00:00+00:00
[2026-02-10T23:49:12.431+0000] {processor.py:183} INFO - Processing /home/airflow/.local/lib/python3.12/site-packages/airflow/example_dags/example_setup_teardown.py took 0.093 seconds
[2026-02-10T23:49:42.566+0000] {processor.py:161} INFO - Started process (PID=5220) to work on /home/airflow/.local/lib/python3.12/site-packages/airflow/example_dags/example_setup_teardown.py
[2026-02-10T23:49:42.568+0000] {processor.py:830} INFO - Processing file /home/airflow/.local/lib/python3.12/site-packages/airflow/example_dags/example_setup_teardown.py for tasks to queue
[2026-02-10T23:49:42.570+0000] {logging_mixin.py:188} INFO - [2026-02-10T23:49:42.569+0000] {dagbag.py:540} INFO - Filling up the DagBag from /home/airflow/.local/lib/python3.12/site-packages/airflow/example_dags/example_setup_teardown.py
[2026-02-10T23:49:42.578+0000] {processor.py:840} INFO - DAG(s) 'example_setup_teardown' retrieved from /home/airflow/.local/lib/python3.12/site-packages/airflow/example_dags/example_setup_teardown.py
[2026-02-10T23:49:42.610+0000] {logging_mixin.py:188} INFO - [2026-02-10T23:49:42.610+0000] {dag.py:3096} INFO - Sync 1 DAGs
[2026-02-10T23:49:42.640+0000] {logging_mixin.py:188} INFO - [2026-02-10T23:49:42.640+0000] {dag.py:3954} INFO - Setting next_dagrun for example_setup_teardown to 2026-02-09 00:00:00+00:00, run_after=2026-02-10 00:00:00+00:00
[2026-02-10T23:49:42.660+0000] {processor.py:183} INFO - Processing /home/airflow/.local/lib/python3.12/site-packages/airflow/example_dags/example_setup_teardown.py took 0.102 seconds
[2026-02-10T23:50:12.832+0000] {processor.py:161} INFO - Started process (PID=5274) to work on /home/airflow/.local/lib/python3.12/site-packages/airflow/example_dags/example_setup_teardown.py
[2026-02-10T23:50:12.833+0000] {processor.py:830} INFO - Processing file /home/airflow/.local/lib/python3.12/site-packages/airflow/example_dags/example_setup_teardown.py for tasks to queue
[2026-02-10T23:50:12.835+0000] {logging_mixin.py:188} INFO - [2026-02-10T23:50:12.834+0000] {dagbag.py:540} INFO - Filling up the DagBag from /home/airflow/.local/lib/python3.12/site-packages/airflow/example_dags/example_setup_teardown.py
[2026-02-10T23:50:12.841+0000] {processor.py:840} INFO - DAG(s) 'example_setup_teardown' retrieved from /home/airflow/.local/lib/python3.12/site-packages/airflow/example_dags/example_setup_teardown.py
[2026-02-10T23:50:12.863+0000] {logging_mixin.py:188} INFO - [2026-02-10T23:50:12.862+0000] {dag.py:3096} INFO - Sync 1 DAGs
[2026-02-10T23:50:12.885+0000] {logging_mixin.py:188} INFO - [2026-02-10T23:50:12.884+0000] {dag.py:3954} INFO - Setting next_dagrun for example_setup_teardown to 2026-02-09 00:00:00+00:00, run_after=2026-02-10 00:00:00+00:00
[2026-02-10T23:50:12.904+0000] {processor.py:183} INFO - Processing /home/airflow/.local/lib/python3.12/site-packages/airflow/example_dags/example_setup_teardown.py took 0.078 seconds
[2026-02-10T23:50:43.164+0000] {processor.py:161} INFO - Started process (PID=5328) to work on /home/airflow/.local/lib/python3.12/site-packages/airflow/example_dags/example_setup_teardown.py
[2026-02-10T23:50:43.166+0000] {processor.py:830} INFO - Processing file /home/airflow/.local/lib/python3.12/site-packages/airflow/example_dags/example_setup_teardown.py for tasks to queue
[2026-02-10T23:50:43.167+0000] {logging_mixin.py:188} INFO - [2026-02-10T23:50:43.167+0000] {dagbag.py:540} INFO - Filling up the DagBag from /home/airflow/.local/lib/python3.12/site-packages/airflow/example_dags/example_setup_teardown.py
[2026-02-10T23:50:43.176+0000] {processor.py:840} INFO - DAG(s) 'example_setup_teardown' retrieved from /home/airflow/.local/lib/python3.12/site-packages/airflow/example_dags/example_setup_teardown.py
[2026-02-10T23:50:43.198+0000] {logging_mixin.py:188} INFO - [2026-02-10T23:50:43.198+0000] {dag.py:3096} INFO - Sync 1 DAGs
[2026-02-10T23:50:43.218+0000] {logging_mixin.py:188} INFO - [2026-02-10T23:50:43.218+0000] {dag.py:3954} INFO - Setting next_dagrun for example_setup_teardown to 2026-02-09 00:00:00+00:00, run_after=2026-02-10 00:00:00+00:00
[2026-02-10T23:50:43.237+0000] {processor.py:183} INFO - Processing /home/airflow/.local/lib/python3.12/site-packages/airflow/example_dags/example_setup_teardown.py took 0.079 seconds
[2026-02-10T23:51:13.531+0000] {processor.py:161} INFO - Started process (PID=5382) to work on /home/airflow/.local/lib/python3.12/site-packages/airflow/example_dags/example_setup_teardown.py
[2026-02-10T23:51:13.532+0000] {processor.py:830} INFO - Processing file /home/airflow/.local/lib/python3.12/site-packages/airflow/example_dags/example_setup_teardown.py for tasks to queue
[2026-02-10T23:51:13.534+0000] {logging_mixin.py:188} INFO - [2026-02-10T23:51:13.534+0000] {dagbag.py:540} INFO - Filling up the DagBag from /home/airflow/.local/lib/python3.12/site-packages/airflow/example_dags/example_setup_teardown.py
[2026-02-10T23:51:13.541+0000] {processor.py:840} INFO - DAG(s) 'example_setup_teardown' retrieved from /home/airflow/.local/lib/python3.12/site-packages/airflow/example_dags/example_setup_teardown.py
[2026-02-10T23:51:13.562+0000] {logging_mixin.py:188} INFO - [2026-02-10T23:51:13.562+0000] {dag.py:3096} INFO - Sync 1 DAGs
[2026-02-10T23:51:13.582+0000] {logging_mixin.py:188} INFO - [2026-02-10T23:51:13.582+0000] {dag.py:3954} INFO - Setting next_dagrun for example_setup_teardown to 2026-02-09 00:00:00+00:00, run_after=2026-02-10 00:00:00+00:00
[2026-02-10T23:51:13.601+0000] {processor.py:183} INFO - Processing /home/airflow/.local/lib/python3.12/site-packages/airflow/example_dags/example_setup_teardown.py took 0.076 seconds
[2026-02-10T23:51:43.959+0000] {processor.py:161} INFO - Started process (PID=5436) to work on /home/airflow/.local/lib/python3.12/site-packages/airflow/example_dags/example_setup_teardown.py
[2026-02-10T23:51:43.961+0000] {processor.py:830} INFO - Processing file /home/airflow/.local/lib/python3.12/site-packages/airflow/example_dags/example_setup_teardown.py for tasks to queue
[2026-02-10T23:51:43.963+0000] {logging_mixin.py:188} INFO - [2026-02-10T23:51:43.963+0000] {dagbag.py:540} INFO - Filling up the DagBag from /home/airflow/.local/lib/python3.12/site-packages/airflow/example_dags/example_setup_teardown.py
[2026-02-10T23:51:43.971+0000] {processor.py:840} INFO - DAG(s) 'example_setup_teardown' retrieved from /home/airflow/.local/lib/python3.12/site-packages/airflow/example_dags/example_setup_teardown.py
[2026-02-10T23:51:43.995+0000] {logging_mixin.py:188} INFO - [2026-02-10T23:51:43.995+0000] {dag.py:3096} INFO - Sync 1 DAGs
[2026-02-10T23:51:44.021+0000] {logging_mixin.py:188} INFO - [2026-02-10T23:51:44.021+0000] {dag.py:3954} INFO - Setting next_dagrun for example_setup_teardown to 2026-02-09 00:00:00+00:00, run_after=2026-02-10 00:00:00+00:00
[2026-02-10T23:51:44.046+0000] {processor.py:183} INFO - Processing /home/airflow/.local/lib/python3.12/site-packages/airflow/example_dags/example_setup_teardown.py took 0.094 seconds
[2026-02-10T23:52:14.095+0000] {processor.py:161} INFO - Started process (PID=5490) to work on /home/airflow/.local/lib/python3.12/site-packages/airflow/example_dags/example_setup_teardown.py
[2026-02-10T23:52:14.097+0000] {processor.py:830} INFO - Processing file /home/airflow/.local/lib/python3.12/site-packages/airflow/example_dags/example_setup_teardown.py for tasks to queue
[2026-02-10T23:52:14.099+0000] {logging_mixin.py:188} INFO - [2026-02-10T23:52:14.099+0000] {dagbag.py:540} INFO - Filling up the DagBag from /home/airflow/.local/lib/python3.12/site-packages/airflow/example_dags/example_setup_teardown.py
[2026-02-10T23:52:14.107+0000] {processor.py:840} INFO - DAG(s) 'example_setup_teardown' retrieved from /home/airflow/.local/lib/python3.12/site-packages/airflow/example_dags/example_setup_teardown.py
[2026-02-10T23:52:14.134+0000] {logging_mixin.py:188} INFO - [2026-02-10T23:52:14.133+0000] {dag.py:3096} INFO - Sync 1 DAGs
[2026-02-10T23:52:14.158+0000] {logging_mixin.py:188} INFO - [2026-02-10T23:52:14.158+0000] {dag.py:3954} INFO - Setting next_dagrun for example_setup_teardown to 2026-02-09 00:00:00+00:00, run_after=2026-02-10 00:00:00+00:00
[2026-02-10T23:52:14.178+0000] {processor.py:183} INFO - Processing /home/airflow/.local/lib/python3.12/site-packages/airflow/example_dags/example_setup_teardown.py took 0.090 seconds
[2026-02-10T23:52:44.267+0000] {processor.py:161} INFO - Started process (PID=5544) to work on /home/airflow/.local/lib/python3.12/site-packages/airflow/example_dags/example_setup_teardown.py
[2026-02-10T23:52:44.268+0000] {processor.py:830} INFO - Processing file /home/airflow/.local/lib/python3.12/site-packages/airflow/example_dags/example_setup_teardown.py for tasks to queue
[2026-02-10T23:52:44.270+0000] {logging_mixin.py:188} INFO - [2026-02-10T23:52:44.270+0000] {dagbag.py:540} INFO - Filling up the DagBag from /home/airflow/.local/lib/python3.12/site-packages/airflow/example_dags/example_setup_teardown.py
[2026-02-10T23:52:44.280+0000] {processor.py:840} INFO - DAG(s) 'example_setup_teardown' retrieved from /home/airflow/.local/lib/python3.12/site-packages/airflow/example_dags/example_setup_teardown.py
[2026-02-10T23:52:44.303+0000] {logging_mixin.py:188} INFO - [2026-02-10T23:52:44.303+0000] {dag.py:3096} INFO - Sync 1 DAGs
[2026-02-10T23:52:44.334+0000] {logging_mixin.py:188} INFO - [2026-02-10T23:52:44.334+0000] {dag.py:3954} INFO - Setting next_dagrun for example_setup_teardown to 2026-02-09 00:00:00+00:00, run_after=2026-02-10 00:00:00+00:00
[2026-02-10T23:52:44.355+0000] {processor.py:183} INFO - Processing /home/airflow/.local/lib/python3.12/site-packages/airflow/example_dags/example_setup_teardown.py took 0.096 seconds
[2026-02-10T23:53:14.642+0000] {processor.py:161} INFO - Started process (PID=5598) to work on /home/airflow/.local/lib/python3.12/site-packages/airflow/example_dags/example_setup_teardown.py
[2026-02-10T23:53:14.644+0000] {processor.py:830} INFO - Processing file /home/airflow/.local/lib/python3.12/site-packages/airflow/example_dags/example_setup_teardown.py for tasks to queue
[2026-02-10T23:53:14.646+0000] {logging_mixin.py:188} INFO - [2026-02-10T23:53:14.645+0000] {dagbag.py:540} INFO - Filling up the DagBag from /home/airflow/.local/lib/python3.12/site-packages/airflow/example_dags/example_setup_teardown.py
[2026-02-10T23:53:14.653+0000] {processor.py:840} INFO - DAG(s) 'example_setup_teardown' retrieved from /home/airflow/.local/lib/python3.12/site-packages/airflow/example_dags/example_setup_teardown.py
[2026-02-10T23:53:14.676+0000] {logging_mixin.py:188} INFO - [2026-02-10T23:53:14.676+0000] {dag.py:3096} INFO - Sync 1 DAGs
[2026-02-10T23:53:14.702+0000] {logging_mixin.py:188} INFO - [2026-02-10T23:53:14.701+0000] {dag.py:3954} INFO - Setting next_dagrun for example_setup_teardown to 2026-02-09 00:00:00+00:00, run_after=2026-02-10 00:00:00+00:00
[2026-02-10T23:53:14.730+0000] {processor.py:183} INFO - Processing /home/airflow/.local/lib/python3.12/site-packages/airflow/example_dags/example_setup_teardown.py took 0.095 seconds
[2026-02-10T23:53:44.935+0000] {processor.py:161} INFO - Started process (PID=5652) to work on /home/airflow/.local/lib/python3.12/site-packages/airflow/example_dags/example_setup_teardown.py
[2026-02-10T23:53:44.937+0000] {processor.py:830} INFO - Processing file /home/airflow/.local/lib/python3.12/site-packages/airflow/example_dags/example_setup_teardown.py for tasks to queue
[2026-02-10T23:53:44.940+0000] {logging_mixin.py:188} INFO - [2026-02-10T23:53:44.939+0000] {dagbag.py:540} INFO - Filling up the DagBag from /home/airflow/.local/lib/python3.12/site-packages/airflow/example_dags/example_setup_teardown.py
[2026-02-10T23:53:44.949+0000] {processor.py:840} INFO - DAG(s) 'example_setup_teardown' retrieved from /home/airflow/.local/lib/python3.12/site-packages/airflow/example_dags/example_setup_teardown.py
[2026-02-10T23:53:44.977+0000] {logging_mixin.py:188} INFO - [2026-02-10T23:53:44.977+0000] {dag.py:3096} INFO - Sync 1 DAGs
[2026-02-10T23:53:45.004+0000] {logging_mixin.py:188} INFO - [2026-02-10T23:53:45.003+0000] {dag.py:3954} INFO - Setting next_dagrun for example_setup_teardown to 2026-02-09 00:00:00+00:00, run_after=2026-02-10 00:00:00+00:00
[2026-02-10T23:53:45.027+0000] {processor.py:183} INFO - Processing /home/airflow/.local/lib/python3.12/site-packages/airflow/example_dags/example_setup_teardown.py took 0.100 seconds
[2026-02-10T23:54:15.416+0000] {processor.py:161} INFO - Started process (PID=5706) to work on /home/airflow/.local/lib/python3.12/site-packages/airflow/example_dags/example_setup_teardown.py
[2026-02-10T23:54:15.417+0000] {processor.py:830} INFO - Processing file /home/airflow/.local/lib/python3.12/site-packages/airflow/example_dags/example_setup_teardown.py for tasks to queue
[2026-02-10T23:54:15.419+0000] {logging_mixin.py:188} INFO - [2026-02-10T23:54:15.419+0000] {dagbag.py:540} INFO - Filling up the DagBag from /home/airflow/.local/lib/python3.12/site-packages/airflow/example_dags/example_setup_teardown.py
[2026-02-10T23:54:15.427+0000] {processor.py:840} INFO - DAG(s) 'example_setup_teardown' retrieved from /home/airflow/.local/lib/python3.12/site-packages/airflow/example_dags/example_setup_teardown.py
[2026-02-10T23:54:15.448+0000] {logging_mixin.py:188} INFO - [2026-02-10T23:54:15.448+0000] {dag.py:3096} INFO - Sync 1 DAGs
[2026-02-10T23:54:15.469+0000] {logging_mixin.py:188} INFO - [2026-02-10T23:54:15.468+0000] {dag.py:3954} INFO - Setting next_dagrun for example_setup_teardown to 2026-02-09 00:00:00+00:00, run_after=2026-02-10 00:00:00+00:00
[2026-02-10T23:54:15.488+0000] {processor.py:183} INFO - Processing /home/airflow/.local/lib/python3.12/site-packages/airflow/example_dags/example_setup_teardown.py took 0.078 seconds
[2026-02-10T23:54:45.677+0000] {processor.py:161} INFO - Started process (PID=5760) to work on /home/airflow/.local/lib/python3.12/site-packages/airflow/example_dags/example_setup_teardown.py
[2026-02-10T23:54:45.678+0000] {processor.py:830} INFO - Processing file /home/airflow/.local/lib/python3.12/site-packages/airflow/example_dags/example_setup_teardown.py for tasks to queue
[2026-02-10T23:54:45.680+0000] {logging_mixin.py:188} INFO - [2026-02-10T23:54:45.680+0000] {dagbag.py:540} INFO - Filling up the DagBag from /home/airflow/.local/lib/python3.12/site-packages/airflow/example_dags/example_setup_teardown.py
[2026-02-10T23:54:45.687+0000] {processor.py:840} INFO - DAG(s) 'example_setup_teardown' retrieved from /home/airflow/.local/lib/python3.12/site-packages/airflow/example_dags/example_setup_teardown.py
[2026-02-10T23:54:45.708+0000] {logging_mixin.py:188} INFO - [2026-02-10T23:54:45.708+0000] {dag.py:3096} INFO - Sync 1 DAGs
[2026-02-10T23:54:45.728+0000] {logging_mixin.py:188} INFO - [2026-02-10T23:54:45.728+0000] {dag.py:3954} INFO - Setting next_dagrun for example_setup_teardown to 2026-02-09 00:00:00+00:00, run_after=2026-02-10 00:00:00+00:00
[2026-02-10T23:54:45.749+0000] {processor.py:183} INFO - Processing /home/airflow/.local/lib/python3.12/site-packages/airflow/example_dags/example_setup_teardown.py took 0.079 seconds
[2026-02-10T23:55:15.864+0000] {processor.py:161} INFO - Started process (PID=5812) to work on /home/airflow/.local/lib/python3.12/site-packages/airflow/example_dags/example_setup_teardown.py
[2026-02-10T23:55:15.865+0000] {processor.py:830} INFO - Processing file /home/airflow/.local/lib/python3.12/site-packages/airflow/example_dags/example_setup_teardown.py for tasks to queue
[2026-02-10T23:55:15.867+0000] {logging_mixin.py:188} INFO - [2026-02-10T23:55:15.867+0000] {dagbag.py:540} INFO - Filling up the DagBag from /home/airflow/.local/lib/python3.12/site-packages/airflow/example_dags/example_setup_teardown.py
[2026-02-10T23:55:15.874+0000] {processor.py:840} INFO - DAG(s) 'example_setup_teardown' retrieved from /home/airflow/.local/lib/python3.12/site-packages/airflow/example_dags/example_setup_teardown.py
[2026-02-10T23:55:15.895+0000] {logging_mixin.py:188} INFO - [2026-02-10T23:55:15.895+0000] {dag.py:3096} INFO - Sync 1 DAGs
[2026-02-10T23:55:15.917+0000] {logging_mixin.py:188} INFO - [2026-02-10T23:55:15.916+0000] {dag.py:3954} INFO - Setting next_dagrun for example_setup_teardown to 2026-02-09 00:00:00+00:00, run_after=2026-02-10 00:00:00+00:00
[2026-02-10T23:55:15.937+0000] {processor.py:183} INFO - Processing /home/airflow/.local/lib/python3.12/site-packages/airflow/example_dags/example_setup_teardown.py took 0.080 seconds
[2026-02-10T23:55:46.198+0000] {processor.py:161} INFO - Started process (PID=5866) to work on /home/airflow/.local/lib/python3.12/site-packages/airflow/example_dags/example_setup_teardown.py
[2026-02-10T23:55:46.199+0000] {processor.py:830} INFO - Processing file /home/airflow/.local/lib/python3.12/site-packages/airflow/example_dags/example_setup_teardown.py for tasks to queue
[2026-02-10T23:55:46.200+0000] {logging_mixin.py:188} INFO - [2026-02-10T23:55:46.200+0000] {dagbag.py:540} INFO - Filling up the DagBag from /home/airflow/.local/lib/python3.12/site-packages/airflow/example_dags/example_setup_teardown.py
[2026-02-10T23:55:46.207+0000] {processor.py:840} INFO - DAG(s) 'example_setup_teardown' retrieved from /home/airflow/.local/lib/python3.12/site-packages/airflow/example_dags/example_setup_teardown.py
[2026-02-10T23:55:46.230+0000] {logging_mixin.py:188} INFO - [2026-02-10T23:55:46.230+0000] {dag.py:3096} INFO - Sync 1 DAGs
[2026-02-10T23:55:46.251+0000] {logging_mixin.py:188} INFO - [2026-02-10T23:55:46.251+0000] {dag.py:3954} INFO - Setting next_dagrun for example_setup_teardown to 2026-02-09 00:00:00+00:00, run_after=2026-02-10 00:00:00+00:00
[2026-02-10T23:55:46.271+0000] {processor.py:183} INFO - Processing /home/airflow/.local/lib/python3.12/site-packages/airflow/example_dags/example_setup_teardown.py took 0.079 seconds
[2026-02-10T23:56:16.594+0000] {processor.py:161} INFO - Started process (PID=5920) to work on /home/airflow/.local/lib/python3.12/site-packages/airflow/example_dags/example_setup_teardown.py
[2026-02-10T23:56:16.596+0000] {processor.py:830} INFO - Processing file /home/airflow/.local/lib/python3.12/site-packages/airflow/example_dags/example_setup_teardown.py for tasks to queue
[2026-02-10T23:56:16.597+0000] {logging_mixin.py:188} INFO - [2026-02-10T23:56:16.597+0000] {dagbag.py:540} INFO - Filling up the DagBag from /home/airflow/.local/lib/python3.12/site-packages/airflow/example_dags/example_setup_teardown.py
[2026-02-10T23:56:16.603+0000] {processor.py:840} INFO - DAG(s) 'example_setup_teardown' retrieved from /home/airflow/.local/lib/python3.12/site-packages/airflow/example_dags/example_setup_teardown.py
[2026-02-10T23:56:16.626+0000] {logging_mixin.py:188} INFO - [2026-02-10T23:56:16.626+0000] {dag.py:3096} INFO - Sync 1 DAGs
[2026-02-10T23:56:16.647+0000] {logging_mixin.py:188} INFO - [2026-02-10T23:56:16.646+0000] {dag.py:3954} INFO - Setting next_dagrun for example_setup_teardown to 2026-02-09 00:00:00+00:00, run_after=2026-02-10 00:00:00+00:00
[2026-02-10T23:56:16.677+0000] {processor.py:183} INFO - Processing /home/airflow/.local/lib/python3.12/site-packages/airflow/example_dags/example_setup_teardown.py took 0.088 seconds
[2026-02-10T23:56:47.004+0000] {processor.py:161} INFO - Started process (PID=5974) to work on /home/airflow/.local/lib/python3.12/site-packages/airflow/example_dags/example_setup_teardown.py
[2026-02-10T23:56:47.005+0000] {processor.py:830} INFO - Processing file /home/airflow/.local/lib/python3.12/site-packages/airflow/example_dags/example_setup_teardown.py for tasks to queue
[2026-02-10T23:56:47.007+0000] {logging_mixin.py:188} INFO - [2026-02-10T23:56:47.007+0000] {dagbag.py:540} INFO - Filling up the DagBag from /home/airflow/.local/lib/python3.12/site-packages/airflow/example_dags/example_setup_teardown.py
[2026-02-10T23:56:47.013+0000] {processor.py:840} INFO - DAG(s) 'example_setup_teardown' retrieved from /home/airflow/.local/lib/python3.12/site-packages/airflow/example_dags/example_setup_teardown.py
[2026-02-10T23:56:47.033+0000] {logging_mixin.py:188} INFO - [2026-02-10T23:56:47.033+0000] {dag.py:3096} INFO - Sync 1 DAGs
[2026-02-10T23:56:47.054+0000] {logging_mixin.py:188} INFO - [2026-02-10T23:56:47.054+0000] {dag.py:3954} INFO - Setting next_dagrun for example_setup_teardown to 2026-02-09 00:00:00+00:00, run_after=2026-02-10 00:00:00+00:00
[2026-02-10T23:56:47.076+0000] {processor.py:183} INFO - Processing /home/airflow/.local/lib/python3.12/site-packages/airflow/example_dags/example_setup_teardown.py took 0.077 seconds
[2026-02-10T23:57:17.516+0000] {processor.py:161} INFO - Started process (PID=6028) to work on /home/airflow/.local/lib/python3.12/site-packages/airflow/example_dags/example_setup_teardown.py
[2026-02-10T23:57:17.517+0000] {processor.py:830} INFO - Processing file /home/airflow/.local/lib/python3.12/site-packages/airflow/example_dags/example_setup_teardown.py for tasks to queue
[2026-02-10T23:57:17.519+0000] {logging_mixin.py:188} INFO - [2026-02-10T23:57:17.519+0000] {dagbag.py:540} INFO - Filling up the DagBag from /home/airflow/.local/lib/python3.12/site-packages/airflow/example_dags/example_setup_teardown.py
[2026-02-10T23:57:17.526+0000] {processor.py:840} INFO - DAG(s) 'example_setup_teardown' retrieved from /home/airflow/.local/lib/python3.12/site-packages/airflow/example_dags/example_setup_teardown.py
[2026-02-10T23:57:17.548+0000] {logging_mixin.py:188} INFO - [2026-02-10T23:57:17.548+0000] {dag.py:3096} INFO - Sync 1 DAGs
[2026-02-10T23:57:17.569+0000] {logging_mixin.py:188} INFO - [2026-02-10T23:57:17.568+0000] {dag.py:3954} INFO - Setting next_dagrun for example_setup_teardown to 2026-02-09 00:00:00+00:00, run_after=2026-02-10 00:00:00+00:00
[2026-02-10T23:57:17.599+0000] {processor.py:183} INFO - Processing /home/airflow/.local/lib/python3.12/site-packages/airflow/example_dags/example_setup_teardown.py took 0.089 seconds
[2026-02-10T23:57:47.756+0000] {processor.py:161} INFO - Started process (PID=6082) to work on /home/airflow/.local/lib/python3.12/site-packages/airflow/example_dags/example_setup_teardown.py
[2026-02-10T23:57:47.757+0000] {processor.py:830} INFO - Processing file /home/airflow/.local/lib/python3.12/site-packages/airflow/example_dags/example_setup_teardown.py for tasks to queue
[2026-02-10T23:57:47.759+0000] {logging_mixin.py:188} INFO - [2026-02-10T23:57:47.759+0000] {dagbag.py:540} INFO - Filling up the DagBag from /home/airflow/.local/lib/python3.12/site-packages/airflow/example_dags/example_setup_teardown.py
[2026-02-10T23:57:47.768+0000] {processor.py:840} INFO - DAG(s) 'example_setup_teardown' retrieved from /home/airflow/.local/lib/python3.12/site-packages/airflow/example_dags/example_setup_teardown.py
[2026-02-10T23:57:47.788+0000] {logging_mixin.py:188} INFO - [2026-02-10T23:57:47.788+0000] {dag.py:3096} INFO - Sync 1 DAGs
[2026-02-10T23:57:47.809+0000] {logging_mixin.py:188} INFO - [2026-02-10T23:57:47.808+0000] {dag.py:3954} INFO - Setting next_dagrun for example_setup_teardown to 2026-02-09 00:00:00+00:00, run_after=2026-02-10 00:00:00+00:00
[2026-02-10T23:57:47.833+0000] {processor.py:183} INFO - Processing /home/airflow/.local/lib/python3.12/site-packages/airflow/example_dags/example_setup_teardown.py took 0.084 seconds
[2026-02-10T23:58:17.915+0000] {processor.py:161} INFO - Started process (PID=6136) to work on /home/airflow/.local/lib/python3.12/site-packages/airflow/example_dags/example_setup_teardown.py
[2026-02-10T23:58:17.916+0000] {processor.py:830} INFO - Processing file /home/airflow/.local/lib/python3.12/site-packages/airflow/example_dags/example_setup_teardown.py for tasks to queue
[2026-02-10T23:58:17.918+0000] {logging_mixin.py:188} INFO - [2026-02-10T23:58:17.918+0000] {dagbag.py:540} INFO - Filling up the DagBag from /home/airflow/.local/lib/python3.12/site-packages/airflow/example_dags/example_setup_teardown.py
[2026-02-10T23:58:17.927+0000] {processor.py:840} INFO - DAG(s) 'example_setup_teardown' retrieved from /home/airflow/.local/lib/python3.12/site-packages/airflow/example_dags/example_setup_teardown.py
[2026-02-10T23:58:17.949+0000] {logging_mixin.py:188} INFO - [2026-02-10T23:58:17.949+0000] {dag.py:3096} INFO - Sync 1 DAGs
[2026-02-10T23:58:17.970+0000] {logging_mixin.py:188} INFO - [2026-02-10T23:58:17.970+0000] {dag.py:3954} INFO - Setting next_dagrun for example_setup_teardown to 2026-02-09 00:00:00+00:00, run_after=2026-02-10 00:00:00+00:00
[2026-02-10T23:58:17.991+0000] {processor.py:183} INFO - Processing /home/airflow/.local/lib/python3.12/site-packages/airflow/example_dags/example_setup_teardown.py took 0.085 seconds
[2026-02-10T23:58:48.514+0000] {processor.py:161} INFO - Started process (PID=6190) to work on /home/airflow/.local/lib/python3.12/site-packages/airflow/example_dags/example_setup_teardown.py
[2026-02-10T23:58:48.515+0000] {processor.py:830} INFO - Processing file /home/airflow/.local/lib/python3.12/site-packages/airflow/example_dags/example_setup_teardown.py for tasks to queue
[2026-02-10T23:58:48.517+0000] {logging_mixin.py:188} INFO - [2026-02-10T23:58:48.517+0000] {dagbag.py:540} INFO - Filling up the DagBag from /home/airflow/.local/lib/python3.12/site-packages/airflow/example_dags/example_setup_teardown.py
[2026-02-10T23:58:48.525+0000] {processor.py:840} INFO - DAG(s) 'example_setup_teardown' retrieved from /home/airflow/.local/lib/python3.12/site-packages/airflow/example_dags/example_setup_teardown.py
[2026-02-10T23:58:48.548+0000] {logging_mixin.py:188} INFO - [2026-02-10T23:58:48.548+0000] {dag.py:3096} INFO - Sync 1 DAGs
[2026-02-10T23:58:48.732+0000] {logging_mixin.py:188} INFO - [2026-02-10T23:58:48.732+0000] {dag.py:3954} INFO - Setting next_dagrun for example_setup_teardown to 2026-02-09 00:00:00+00:00, run_after=2026-02-10 00:00:00+00:00
[2026-02-10T23:58:48.750+0000] {processor.py:183} INFO - Processing /home/airflow/.local/lib/python3.12/site-packages/airflow/example_dags/example_setup_teardown.py took 0.243 seconds
[2026-02-10T23:59:18.949+0000] {processor.py:161} INFO - Started process (PID=6244) to work on /home/airflow/.local/lib/python3.12/site-packages/airflow/example_dags/example_setup_teardown.py
[2026-02-10T23:59:18.950+0000] {processor.py:830} INFO - Processing file /home/airflow/.local/lib/python3.12/site-packages/airflow/example_dags/example_setup_teardown.py for tasks to queue
[2026-02-10T23:59:18.952+0000] {logging_mixin.py:188} INFO - [2026-02-10T23:59:18.951+0000] {dagbag.py:540} INFO - Filling up the DagBag from /home/airflow/.local/lib/python3.12/site-packages/airflow/example_dags/example_setup_teardown.py
[2026-02-10T23:59:18.958+0000] {processor.py:840} INFO - DAG(s) 'example_setup_teardown' retrieved from /home/airflow/.local/lib/python3.12/site-packages/airflow/example_dags/example_setup_teardown.py
[2026-02-10T23:59:18.979+0000] {logging_mixin.py:188} INFO - [2026-02-10T23:59:18.979+0000] {dag.py:3096} INFO - Sync 1 DAGs
[2026-02-10T23:59:18.999+0000] {logging_mixin.py:188} INFO - [2026-02-10T23:59:18.999+0000] {dag.py:3954} INFO - Setting next_dagrun for example_setup_teardown to 2026-02-09 00:00:00+00:00, run_after=2026-02-10 00:00:00+00:00
[2026-02-10T23:59:19.159+0000] {processor.py:183} INFO - Processing /home/airflow/.local/lib/python3.12/site-packages/airflow/example_dags/example_setup_teardown.py took 0.216 seconds
[2026-02-10T23:59:49.495+0000] {processor.py:161} INFO - Started process (PID=6298) to work on /home/airflow/.local/lib/python3.12/site-packages/airflow/example_dags/example_setup_teardown.py
[2026-02-10T23:59:49.496+0000] {processor.py:830} INFO - Processing file /home/airflow/.local/lib/python3.12/site-packages/airflow/example_dags/example_setup_teardown.py for tasks to queue
[2026-02-10T23:59:49.498+0000] {logging_mixin.py:188} INFO - [2026-02-10T23:59:49.497+0000] {dagbag.py:540} INFO - Filling up the DagBag from /home/airflow/.local/lib/python3.12/site-packages/airflow/example_dags/example_setup_teardown.py
[2026-02-10T23:59:49.507+0000] {processor.py:840} INFO - DAG(s) 'example_setup_teardown' retrieved from /home/airflow/.local/lib/python3.12/site-packages/airflow/example_dags/example_setup_teardown.py
[2026-02-10T23:59:49.530+0000] {logging_mixin.py:188} INFO - [2026-02-10T23:59:49.530+0000] {dag.py:3096} INFO - Sync 1 DAGs
[2026-02-10T23:59:49.552+0000] {logging_mixin.py:188} INFO - [2026-02-10T23:59:49.551+0000] {dag.py:3954} INFO - Setting next_dagrun for example_setup_teardown to 2026-02-09 00:00:00+00:00, run_after=2026-02-10 00:00:00+00:00
[2026-02-10T23:59:49.583+0000] {processor.py:183} INFO - Processing /home/airflow/.local/lib/python3.12/site-packages/airflow/example_dags/example_setup_teardown.py took 0.094 seconds
