[2026-02-10T01:19:05.596+0000] {processor.py:161} INFO - Started process (PID=58) to work on /home/airflow/.local/lib/python3.12/site-packages/airflow/example_dags/example_branch_operator_decorator.py
[2026-02-10T01:19:05.598+0000] {processor.py:830} INFO - Processing file /home/airflow/.local/lib/python3.12/site-packages/airflow/example_dags/example_branch_operator_decorator.py for tasks to queue
[2026-02-10T01:19:05.601+0000] {logging_mixin.py:188} INFO - [2026-02-10T01:19:05.600+0000] {dagbag.py:540} INFO - Filling up the DagBag from /home/airflow/.local/lib/python3.12/site-packages/airflow/example_dags/example_branch_operator_decorator.py
[2026-02-10T01:19:05.635+0000] {processor.py:840} INFO - DAG(s) 'example_branch_python_operator_decorator' retrieved from /home/airflow/.local/lib/python3.12/site-packages/airflow/example_dags/example_branch_operator_decorator.py
[2026-02-10T01:19:05.822+0000] {logging_mixin.py:188} INFO - [2026-02-10T01:19:05.821+0000] {dag.py:3096} INFO - Sync 1 DAGs
[2026-02-10T01:19:05.859+0000] {logging_mixin.py:188} INFO - [2026-02-10T01:19:05.859+0000] {dag.py:3954} INFO - Setting next_dagrun for example_branch_python_operator_decorator to 2026-02-09 00:00:00+00:00, run_after=2026-02-10 00:00:00+00:00
[2026-02-10T01:19:05.897+0000] {processor.py:183} INFO - Processing /home/airflow/.local/lib/python3.12/site-packages/airflow/example_dags/example_branch_operator_decorator.py took 0.308 seconds
[2026-02-10T01:30:09.195+0000] {processor.py:161} INFO - Started process (PID=59) to work on /home/airflow/.local/lib/python3.12/site-packages/airflow/example_dags/example_branch_operator_decorator.py
[2026-02-10T01:30:09.198+0000] {processor.py:830} INFO - Processing file /home/airflow/.local/lib/python3.12/site-packages/airflow/example_dags/example_branch_operator_decorator.py for tasks to queue
[2026-02-10T01:30:09.202+0000] {logging_mixin.py:188} INFO - [2026-02-10T01:30:09.202+0000] {dagbag.py:540} INFO - Filling up the DagBag from /home/airflow/.local/lib/python3.12/site-packages/airflow/example_dags/example_branch_operator_decorator.py
[2026-02-10T01:30:09.261+0000] {processor.py:840} INFO - DAG(s) 'example_branch_python_operator_decorator' retrieved from /home/airflow/.local/lib/python3.12/site-packages/airflow/example_dags/example_branch_operator_decorator.py
[2026-02-10T01:30:09.289+0000] {logging_mixin.py:188} INFO - [2026-02-10T01:30:09.287+0000] {dag.py:3096} INFO - Sync 1 DAGs
[2026-02-10T01:30:09.348+0000] {logging_mixin.py:188} INFO - [2026-02-10T01:30:09.348+0000] {dag.py:3954} INFO - Setting next_dagrun for example_branch_python_operator_decorator to 2026-02-09 00:00:00+00:00, run_after=2026-02-10 00:00:00+00:00
[2026-02-10T01:30:09.404+0000] {processor.py:183} INFO - Processing /home/airflow/.local/lib/python3.12/site-packages/airflow/example_dags/example_branch_operator_decorator.py took 0.225 seconds
[2026-02-10T01:30:39.549+0000] {processor.py:161} INFO - Started process (PID=113) to work on /home/airflow/.local/lib/python3.12/site-packages/airflow/example_dags/example_branch_operator_decorator.py
[2026-02-10T01:30:39.551+0000] {processor.py:830} INFO - Processing file /home/airflow/.local/lib/python3.12/site-packages/airflow/example_dags/example_branch_operator_decorator.py for tasks to queue
[2026-02-10T01:30:39.555+0000] {logging_mixin.py:188} INFO - [2026-02-10T01:30:39.554+0000] {dagbag.py:540} INFO - Filling up the DagBag from /home/airflow/.local/lib/python3.12/site-packages/airflow/example_dags/example_branch_operator_decorator.py
[2026-02-10T01:30:39.585+0000] {processor.py:840} INFO - DAG(s) 'example_branch_python_operator_decorator' retrieved from /home/airflow/.local/lib/python3.12/site-packages/airflow/example_dags/example_branch_operator_decorator.py
[2026-02-10T01:30:39.775+0000] {logging_mixin.py:188} INFO - [2026-02-10T01:30:39.774+0000] {dag.py:3096} INFO - Sync 1 DAGs
[2026-02-10T01:30:39.806+0000] {logging_mixin.py:188} INFO - [2026-02-10T01:30:39.805+0000] {dag.py:3954} INFO - Setting next_dagrun for example_branch_python_operator_decorator to 2026-02-09 00:00:00+00:00, run_after=2026-02-10 00:00:00+00:00
[2026-02-10T01:30:39.832+0000] {processor.py:183} INFO - Processing /home/airflow/.local/lib/python3.12/site-packages/airflow/example_dags/example_branch_operator_decorator.py took 0.293 seconds
[2026-02-10T01:31:10.671+0000] {processor.py:161} INFO - Started process (PID=167) to work on /home/airflow/.local/lib/python3.12/site-packages/airflow/example_dags/example_branch_operator_decorator.py
[2026-02-10T01:31:10.672+0000] {processor.py:830} INFO - Processing file /home/airflow/.local/lib/python3.12/site-packages/airflow/example_dags/example_branch_operator_decorator.py for tasks to queue
[2026-02-10T01:31:10.674+0000] {logging_mixin.py:188} INFO - [2026-02-10T01:31:10.673+0000] {dagbag.py:540} INFO - Filling up the DagBag from /home/airflow/.local/lib/python3.12/site-packages/airflow/example_dags/example_branch_operator_decorator.py
[2026-02-10T01:31:10.691+0000] {processor.py:840} INFO - DAG(s) 'example_branch_python_operator_decorator' retrieved from /home/airflow/.local/lib/python3.12/site-packages/airflow/example_dags/example_branch_operator_decorator.py
[2026-02-10T01:31:10.718+0000] {logging_mixin.py:188} INFO - [2026-02-10T01:31:10.718+0000] {dag.py:3096} INFO - Sync 1 DAGs
[2026-02-10T01:31:10.738+0000] {logging_mixin.py:188} INFO - [2026-02-10T01:31:10.738+0000] {dag.py:3954} INFO - Setting next_dagrun for example_branch_python_operator_decorator to 2026-02-09 00:00:00+00:00, run_after=2026-02-10 00:00:00+00:00
[2026-02-10T01:31:10.757+0000] {processor.py:183} INFO - Processing /home/airflow/.local/lib/python3.12/site-packages/airflow/example_dags/example_branch_operator_decorator.py took 0.092 seconds
[2026-02-10T01:31:41.425+0000] {processor.py:161} INFO - Started process (PID=221) to work on /home/airflow/.local/lib/python3.12/site-packages/airflow/example_dags/example_branch_operator_decorator.py
[2026-02-10T01:31:41.426+0000] {processor.py:830} INFO - Processing file /home/airflow/.local/lib/python3.12/site-packages/airflow/example_dags/example_branch_operator_decorator.py for tasks to queue
[2026-02-10T01:31:41.429+0000] {logging_mixin.py:188} INFO - [2026-02-10T01:31:41.429+0000] {dagbag.py:540} INFO - Filling up the DagBag from /home/airflow/.local/lib/python3.12/site-packages/airflow/example_dags/example_branch_operator_decorator.py
[2026-02-10T01:31:41.458+0000] {processor.py:840} INFO - DAG(s) 'example_branch_python_operator_decorator' retrieved from /home/airflow/.local/lib/python3.12/site-packages/airflow/example_dags/example_branch_operator_decorator.py
[2026-02-10T01:31:41.506+0000] {logging_mixin.py:188} INFO - [2026-02-10T01:31:41.506+0000] {dag.py:3096} INFO - Sync 1 DAGs
[2026-02-10T01:31:41.539+0000] {logging_mixin.py:188} INFO - [2026-02-10T01:31:41.538+0000] {dag.py:3954} INFO - Setting next_dagrun for example_branch_python_operator_decorator to 2026-02-09 00:00:00+00:00, run_after=2026-02-10 00:00:00+00:00
[2026-02-10T01:31:41.570+0000] {processor.py:183} INFO - Processing /home/airflow/.local/lib/python3.12/site-packages/airflow/example_dags/example_branch_operator_decorator.py took 0.162 seconds
[2026-02-10T01:32:12.436+0000] {processor.py:161} INFO - Started process (PID=275) to work on /home/airflow/.local/lib/python3.12/site-packages/airflow/example_dags/example_branch_operator_decorator.py
[2026-02-10T01:32:12.437+0000] {processor.py:830} INFO - Processing file /home/airflow/.local/lib/python3.12/site-packages/airflow/example_dags/example_branch_operator_decorator.py for tasks to queue
[2026-02-10T01:32:12.439+0000] {logging_mixin.py:188} INFO - [2026-02-10T01:32:12.439+0000] {dagbag.py:540} INFO - Filling up the DagBag from /home/airflow/.local/lib/python3.12/site-packages/airflow/example_dags/example_branch_operator_decorator.py
[2026-02-10T01:32:12.457+0000] {processor.py:840} INFO - DAG(s) 'example_branch_python_operator_decorator' retrieved from /home/airflow/.local/lib/python3.12/site-packages/airflow/example_dags/example_branch_operator_decorator.py
[2026-02-10T01:32:12.484+0000] {logging_mixin.py:188} INFO - [2026-02-10T01:32:12.484+0000] {dag.py:3096} INFO - Sync 1 DAGs
[2026-02-10T01:32:12.504+0000] {logging_mixin.py:188} INFO - [2026-02-10T01:32:12.503+0000] {dag.py:3954} INFO - Setting next_dagrun for example_branch_python_operator_decorator to 2026-02-09 00:00:00+00:00, run_after=2026-02-10 00:00:00+00:00
[2026-02-10T01:32:12.528+0000] {processor.py:183} INFO - Processing /home/airflow/.local/lib/python3.12/site-packages/airflow/example_dags/example_branch_operator_decorator.py took 0.098 seconds
[2026-02-10T01:32:42.577+0000] {processor.py:161} INFO - Started process (PID=329) to work on /home/airflow/.local/lib/python3.12/site-packages/airflow/example_dags/example_branch_operator_decorator.py
[2026-02-10T01:32:42.578+0000] {processor.py:830} INFO - Processing file /home/airflow/.local/lib/python3.12/site-packages/airflow/example_dags/example_branch_operator_decorator.py for tasks to queue
[2026-02-10T01:32:42.580+0000] {logging_mixin.py:188} INFO - [2026-02-10T01:32:42.580+0000] {dagbag.py:540} INFO - Filling up the DagBag from /home/airflow/.local/lib/python3.12/site-packages/airflow/example_dags/example_branch_operator_decorator.py
[2026-02-10T01:32:42.598+0000] {processor.py:840} INFO - DAG(s) 'example_branch_python_operator_decorator' retrieved from /home/airflow/.local/lib/python3.12/site-packages/airflow/example_dags/example_branch_operator_decorator.py
[2026-02-10T01:32:42.623+0000] {logging_mixin.py:188} INFO - [2026-02-10T01:32:42.623+0000] {dag.py:3096} INFO - Sync 1 DAGs
[2026-02-10T01:32:42.644+0000] {logging_mixin.py:188} INFO - [2026-02-10T01:32:42.644+0000] {dag.py:3954} INFO - Setting next_dagrun for example_branch_python_operator_decorator to 2026-02-09 00:00:00+00:00, run_after=2026-02-10 00:00:00+00:00
[2026-02-10T01:32:42.663+0000] {processor.py:183} INFO - Processing /home/airflow/.local/lib/python3.12/site-packages/airflow/example_dags/example_branch_operator_decorator.py took 0.091 seconds
[2026-02-10T01:33:12.810+0000] {processor.py:161} INFO - Started process (PID=384) to work on /home/airflow/.local/lib/python3.12/site-packages/airflow/example_dags/example_branch_operator_decorator.py
[2026-02-10T01:33:12.811+0000] {processor.py:830} INFO - Processing file /home/airflow/.local/lib/python3.12/site-packages/airflow/example_dags/example_branch_operator_decorator.py for tasks to queue
[2026-02-10T01:33:12.813+0000] {logging_mixin.py:188} INFO - [2026-02-10T01:33:12.813+0000] {dagbag.py:540} INFO - Filling up the DagBag from /home/airflow/.local/lib/python3.12/site-packages/airflow/example_dags/example_branch_operator_decorator.py
[2026-02-10T01:33:12.832+0000] {processor.py:840} INFO - DAG(s) 'example_branch_python_operator_decorator' retrieved from /home/airflow/.local/lib/python3.12/site-packages/airflow/example_dags/example_branch_operator_decorator.py
[2026-02-10T01:33:12.858+0000] {logging_mixin.py:188} INFO - [2026-02-10T01:33:12.857+0000] {dag.py:3096} INFO - Sync 1 DAGs
[2026-02-10T01:33:12.878+0000] {logging_mixin.py:188} INFO - [2026-02-10T01:33:12.877+0000] {dag.py:3954} INFO - Setting next_dagrun for example_branch_python_operator_decorator to 2026-02-09 00:00:00+00:00, run_after=2026-02-10 00:00:00+00:00
[2026-02-10T01:33:12.897+0000] {processor.py:183} INFO - Processing /home/airflow/.local/lib/python3.12/site-packages/airflow/example_dags/example_branch_operator_decorator.py took 0.093 seconds
[2026-02-10T01:33:42.998+0000] {processor.py:161} INFO - Started process (PID=438) to work on /home/airflow/.local/lib/python3.12/site-packages/airflow/example_dags/example_branch_operator_decorator.py
[2026-02-10T01:33:42.999+0000] {processor.py:830} INFO - Processing file /home/airflow/.local/lib/python3.12/site-packages/airflow/example_dags/example_branch_operator_decorator.py for tasks to queue
[2026-02-10T01:33:43.001+0000] {logging_mixin.py:188} INFO - [2026-02-10T01:33:43.001+0000] {dagbag.py:540} INFO - Filling up the DagBag from /home/airflow/.local/lib/python3.12/site-packages/airflow/example_dags/example_branch_operator_decorator.py
[2026-02-10T01:33:43.020+0000] {processor.py:840} INFO - DAG(s) 'example_branch_python_operator_decorator' retrieved from /home/airflow/.local/lib/python3.12/site-packages/airflow/example_dags/example_branch_operator_decorator.py
[2026-02-10T01:33:43.048+0000] {logging_mixin.py:188} INFO - [2026-02-10T01:33:43.048+0000] {dag.py:3096} INFO - Sync 1 DAGs
[2026-02-10T01:33:43.075+0000] {logging_mixin.py:188} INFO - [2026-02-10T01:33:43.074+0000] {dag.py:3954} INFO - Setting next_dagrun for example_branch_python_operator_decorator to 2026-02-09 00:00:00+00:00, run_after=2026-02-10 00:00:00+00:00
[2026-02-10T01:33:43.144+0000] {processor.py:183} INFO - Processing /home/airflow/.local/lib/python3.12/site-packages/airflow/example_dags/example_branch_operator_decorator.py took 0.153 seconds
[2026-02-10T01:34:13.369+0000] {processor.py:161} INFO - Started process (PID=490) to work on /home/airflow/.local/lib/python3.12/site-packages/airflow/example_dags/example_branch_operator_decorator.py
[2026-02-10T01:34:13.371+0000] {processor.py:830} INFO - Processing file /home/airflow/.local/lib/python3.12/site-packages/airflow/example_dags/example_branch_operator_decorator.py for tasks to queue
[2026-02-10T01:34:13.374+0000] {logging_mixin.py:188} INFO - [2026-02-10T01:34:13.373+0000] {dagbag.py:540} INFO - Filling up the DagBag from /home/airflow/.local/lib/python3.12/site-packages/airflow/example_dags/example_branch_operator_decorator.py
[2026-02-10T01:34:13.397+0000] {processor.py:840} INFO - DAG(s) 'example_branch_python_operator_decorator' retrieved from /home/airflow/.local/lib/python3.12/site-packages/airflow/example_dags/example_branch_operator_decorator.py
[2026-02-10T01:34:13.440+0000] {logging_mixin.py:188} INFO - [2026-02-10T01:34:13.440+0000] {dag.py:3096} INFO - Sync 1 DAGs
[2026-02-10T01:34:13.475+0000] {logging_mixin.py:188} INFO - [2026-02-10T01:34:13.474+0000] {dag.py:3954} INFO - Setting next_dagrun for example_branch_python_operator_decorator to 2026-02-09 00:00:00+00:00, run_after=2026-02-10 00:00:00+00:00
[2026-02-10T01:34:13.500+0000] {processor.py:183} INFO - Processing /home/airflow/.local/lib/python3.12/site-packages/airflow/example_dags/example_branch_operator_decorator.py took 0.138 seconds
[2026-02-10T01:34:43.634+0000] {processor.py:161} INFO - Started process (PID=544) to work on /home/airflow/.local/lib/python3.12/site-packages/airflow/example_dags/example_branch_operator_decorator.py
[2026-02-10T01:34:43.635+0000] {processor.py:830} INFO - Processing file /home/airflow/.local/lib/python3.12/site-packages/airflow/example_dags/example_branch_operator_decorator.py for tasks to queue
[2026-02-10T01:34:43.637+0000] {logging_mixin.py:188} INFO - [2026-02-10T01:34:43.636+0000] {dagbag.py:540} INFO - Filling up the DagBag from /home/airflow/.local/lib/python3.12/site-packages/airflow/example_dags/example_branch_operator_decorator.py
[2026-02-10T01:34:43.653+0000] {processor.py:840} INFO - DAG(s) 'example_branch_python_operator_decorator' retrieved from /home/airflow/.local/lib/python3.12/site-packages/airflow/example_dags/example_branch_operator_decorator.py
[2026-02-10T01:34:43.678+0000] {logging_mixin.py:188} INFO - [2026-02-10T01:34:43.678+0000] {dag.py:3096} INFO - Sync 1 DAGs
[2026-02-10T01:34:43.699+0000] {logging_mixin.py:188} INFO - [2026-02-10T01:34:43.698+0000] {dag.py:3954} INFO - Setting next_dagrun for example_branch_python_operator_decorator to 2026-02-09 00:00:00+00:00, run_after=2026-02-10 00:00:00+00:00
[2026-02-10T01:34:43.717+0000] {processor.py:183} INFO - Processing /home/airflow/.local/lib/python3.12/site-packages/airflow/example_dags/example_branch_operator_decorator.py took 0.089 seconds
[2026-02-10T01:35:14.100+0000] {processor.py:161} INFO - Started process (PID=598) to work on /home/airflow/.local/lib/python3.12/site-packages/airflow/example_dags/example_branch_operator_decorator.py
[2026-02-10T01:35:14.102+0000] {processor.py:830} INFO - Processing file /home/airflow/.local/lib/python3.12/site-packages/airflow/example_dags/example_branch_operator_decorator.py for tasks to queue
[2026-02-10T01:35:14.104+0000] {logging_mixin.py:188} INFO - [2026-02-10T01:35:14.103+0000] {dagbag.py:540} INFO - Filling up the DagBag from /home/airflow/.local/lib/python3.12/site-packages/airflow/example_dags/example_branch_operator_decorator.py
[2026-02-10T01:35:14.121+0000] {processor.py:840} INFO - DAG(s) 'example_branch_python_operator_decorator' retrieved from /home/airflow/.local/lib/python3.12/site-packages/airflow/example_dags/example_branch_operator_decorator.py
[2026-02-10T01:35:14.150+0000] {logging_mixin.py:188} INFO - [2026-02-10T01:35:14.150+0000] {dag.py:3096} INFO - Sync 1 DAGs
[2026-02-10T01:35:14.172+0000] {logging_mixin.py:188} INFO - [2026-02-10T01:35:14.171+0000] {dag.py:3954} INFO - Setting next_dagrun for example_branch_python_operator_decorator to 2026-02-09 00:00:00+00:00, run_after=2026-02-10 00:00:00+00:00
[2026-02-10T01:35:14.192+0000] {processor.py:183} INFO - Processing /home/airflow/.local/lib/python3.12/site-packages/airflow/example_dags/example_branch_operator_decorator.py took 0.100 seconds
[2026-02-10T01:35:44.236+0000] {processor.py:161} INFO - Started process (PID=652) to work on /home/airflow/.local/lib/python3.12/site-packages/airflow/example_dags/example_branch_operator_decorator.py
[2026-02-10T01:35:44.240+0000] {processor.py:830} INFO - Processing file /home/airflow/.local/lib/python3.12/site-packages/airflow/example_dags/example_branch_operator_decorator.py for tasks to queue
[2026-02-10T01:35:44.243+0000] {logging_mixin.py:188} INFO - [2026-02-10T01:35:44.242+0000] {dagbag.py:540} INFO - Filling up the DagBag from /home/airflow/.local/lib/python3.12/site-packages/airflow/example_dags/example_branch_operator_decorator.py
[2026-02-10T01:35:44.270+0000] {processor.py:840} INFO - DAG(s) 'example_branch_python_operator_decorator' retrieved from /home/airflow/.local/lib/python3.12/site-packages/airflow/example_dags/example_branch_operator_decorator.py
[2026-02-10T01:35:44.304+0000] {logging_mixin.py:188} INFO - [2026-02-10T01:35:44.303+0000] {dag.py:3096} INFO - Sync 1 DAGs
[2026-02-10T01:35:44.330+0000] {logging_mixin.py:188} INFO - [2026-02-10T01:35:44.329+0000] {dag.py:3954} INFO - Setting next_dagrun for example_branch_python_operator_decorator to 2026-02-09 00:00:00+00:00, run_after=2026-02-10 00:00:00+00:00
[2026-02-10T01:35:44.348+0000] {processor.py:183} INFO - Processing /home/airflow/.local/lib/python3.12/site-packages/airflow/example_dags/example_branch_operator_decorator.py took 0.118 seconds
[2026-02-10T01:36:14.537+0000] {processor.py:161} INFO - Started process (PID=706) to work on /home/airflow/.local/lib/python3.12/site-packages/airflow/example_dags/example_branch_operator_decorator.py
[2026-02-10T01:36:14.539+0000] {processor.py:830} INFO - Processing file /home/airflow/.local/lib/python3.12/site-packages/airflow/example_dags/example_branch_operator_decorator.py for tasks to queue
[2026-02-10T01:36:14.541+0000] {logging_mixin.py:188} INFO - [2026-02-10T01:36:14.540+0000] {dagbag.py:540} INFO - Filling up the DagBag from /home/airflow/.local/lib/python3.12/site-packages/airflow/example_dags/example_branch_operator_decorator.py
[2026-02-10T01:36:14.562+0000] {processor.py:840} INFO - DAG(s) 'example_branch_python_operator_decorator' retrieved from /home/airflow/.local/lib/python3.12/site-packages/airflow/example_dags/example_branch_operator_decorator.py
[2026-02-10T01:36:14.589+0000] {logging_mixin.py:188} INFO - [2026-02-10T01:36:14.589+0000] {dag.py:3096} INFO - Sync 1 DAGs
[2026-02-10T01:36:14.609+0000] {logging_mixin.py:188} INFO - [2026-02-10T01:36:14.609+0000] {dag.py:3954} INFO - Setting next_dagrun for example_branch_python_operator_decorator to 2026-02-09 00:00:00+00:00, run_after=2026-02-10 00:00:00+00:00
[2026-02-10T01:36:14.626+0000] {processor.py:183} INFO - Processing /home/airflow/.local/lib/python3.12/site-packages/airflow/example_dags/example_branch_operator_decorator.py took 0.096 seconds
[2026-02-10T01:36:44.986+0000] {processor.py:161} INFO - Started process (PID=760) to work on /home/airflow/.local/lib/python3.12/site-packages/airflow/example_dags/example_branch_operator_decorator.py
[2026-02-10T01:36:44.987+0000] {processor.py:830} INFO - Processing file /home/airflow/.local/lib/python3.12/site-packages/airflow/example_dags/example_branch_operator_decorator.py for tasks to queue
[2026-02-10T01:36:44.989+0000] {logging_mixin.py:188} INFO - [2026-02-10T01:36:44.989+0000] {dagbag.py:540} INFO - Filling up the DagBag from /home/airflow/.local/lib/python3.12/site-packages/airflow/example_dags/example_branch_operator_decorator.py
[2026-02-10T01:36:45.007+0000] {processor.py:840} INFO - DAG(s) 'example_branch_python_operator_decorator' retrieved from /home/airflow/.local/lib/python3.12/site-packages/airflow/example_dags/example_branch_operator_decorator.py
[2026-02-10T01:36:45.035+0000] {logging_mixin.py:188} INFO - [2026-02-10T01:36:45.034+0000] {dag.py:3096} INFO - Sync 1 DAGs
[2026-02-10T01:36:45.055+0000] {logging_mixin.py:188} INFO - [2026-02-10T01:36:45.055+0000] {dag.py:3954} INFO - Setting next_dagrun for example_branch_python_operator_decorator to 2026-02-09 00:00:00+00:00, run_after=2026-02-10 00:00:00+00:00
[2026-02-10T01:36:45.077+0000] {processor.py:183} INFO - Processing /home/airflow/.local/lib/python3.12/site-packages/airflow/example_dags/example_branch_operator_decorator.py took 0.096 seconds
[2026-02-10T01:39:37.163+0000] {processor.py:161} INFO - Started process (PID=58) to work on /home/airflow/.local/lib/python3.12/site-packages/airflow/example_dags/example_branch_operator_decorator.py
[2026-02-10T01:39:37.165+0000] {processor.py:830} INFO - Processing file /home/airflow/.local/lib/python3.12/site-packages/airflow/example_dags/example_branch_operator_decorator.py for tasks to queue
[2026-02-10T01:39:37.169+0000] {logging_mixin.py:188} INFO - [2026-02-10T01:39:37.169+0000] {dagbag.py:540} INFO - Filling up the DagBag from /home/airflow/.local/lib/python3.12/site-packages/airflow/example_dags/example_branch_operator_decorator.py
[2026-02-10T01:39:37.229+0000] {processor.py:840} INFO - DAG(s) 'example_branch_python_operator_decorator' retrieved from /home/airflow/.local/lib/python3.12/site-packages/airflow/example_dags/example_branch_operator_decorator.py
[2026-02-10T01:39:37.262+0000] {logging_mixin.py:188} INFO - [2026-02-10T01:39:37.261+0000] {dag.py:3096} INFO - Sync 1 DAGs
[2026-02-10T01:39:37.328+0000] {logging_mixin.py:188} INFO - [2026-02-10T01:39:37.327+0000] {dag.py:3954} INFO - Setting next_dagrun for example_branch_python_operator_decorator to 2026-02-09 00:00:00+00:00, run_after=2026-02-10 00:00:00+00:00
[2026-02-10T01:39:37.380+0000] {processor.py:183} INFO - Processing /home/airflow/.local/lib/python3.12/site-packages/airflow/example_dags/example_branch_operator_decorator.py took 0.230 seconds
[2026-02-10T01:40:07.718+0000] {processor.py:161} INFO - Started process (PID=112) to work on /home/airflow/.local/lib/python3.12/site-packages/airflow/example_dags/example_branch_operator_decorator.py
[2026-02-10T01:40:07.720+0000] {processor.py:830} INFO - Processing file /home/airflow/.local/lib/python3.12/site-packages/airflow/example_dags/example_branch_operator_decorator.py for tasks to queue
[2026-02-10T01:40:07.724+0000] {logging_mixin.py:188} INFO - [2026-02-10T01:40:07.723+0000] {dagbag.py:540} INFO - Filling up the DagBag from /home/airflow/.local/lib/python3.12/site-packages/airflow/example_dags/example_branch_operator_decorator.py
[2026-02-10T01:40:07.761+0000] {processor.py:840} INFO - DAG(s) 'example_branch_python_operator_decorator' retrieved from /home/airflow/.local/lib/python3.12/site-packages/airflow/example_dags/example_branch_operator_decorator.py
[2026-02-10T01:40:07.984+0000] {logging_mixin.py:188} INFO - [2026-02-10T01:40:07.983+0000] {dag.py:3096} INFO - Sync 1 DAGs
[2026-02-10T01:40:08.028+0000] {logging_mixin.py:188} INFO - [2026-02-10T01:40:08.027+0000] {dag.py:3954} INFO - Setting next_dagrun for example_branch_python_operator_decorator to 2026-02-09 00:00:00+00:00, run_after=2026-02-10 00:00:00+00:00
[2026-02-10T01:40:08.071+0000] {processor.py:183} INFO - Processing /home/airflow/.local/lib/python3.12/site-packages/airflow/example_dags/example_branch_operator_decorator.py took 0.365 seconds
[2026-02-10T01:40:38.169+0000] {processor.py:161} INFO - Started process (PID=166) to work on /home/airflow/.local/lib/python3.12/site-packages/airflow/example_dags/example_branch_operator_decorator.py
[2026-02-10T01:40:38.171+0000] {processor.py:830} INFO - Processing file /home/airflow/.local/lib/python3.12/site-packages/airflow/example_dags/example_branch_operator_decorator.py for tasks to queue
[2026-02-10T01:40:38.173+0000] {logging_mixin.py:188} INFO - [2026-02-10T01:40:38.173+0000] {dagbag.py:540} INFO - Filling up the DagBag from /home/airflow/.local/lib/python3.12/site-packages/airflow/example_dags/example_branch_operator_decorator.py
[2026-02-10T01:40:38.196+0000] {processor.py:840} INFO - DAG(s) 'example_branch_python_operator_decorator' retrieved from /home/airflow/.local/lib/python3.12/site-packages/airflow/example_dags/example_branch_operator_decorator.py
[2026-02-10T01:40:38.228+0000] {logging_mixin.py:188} INFO - [2026-02-10T01:40:38.228+0000] {dag.py:3096} INFO - Sync 1 DAGs
[2026-02-10T01:40:38.253+0000] {logging_mixin.py:188} INFO - [2026-02-10T01:40:38.253+0000] {dag.py:3954} INFO - Setting next_dagrun for example_branch_python_operator_decorator to 2026-02-09 00:00:00+00:00, run_after=2026-02-10 00:00:00+00:00
[2026-02-10T01:40:38.277+0000] {processor.py:183} INFO - Processing /home/airflow/.local/lib/python3.12/site-packages/airflow/example_dags/example_branch_operator_decorator.py took 0.114 seconds
[2026-02-10T01:41:08.419+0000] {processor.py:161} INFO - Started process (PID=220) to work on /home/airflow/.local/lib/python3.12/site-packages/airflow/example_dags/example_branch_operator_decorator.py
[2026-02-10T01:41:08.422+0000] {processor.py:830} INFO - Processing file /home/airflow/.local/lib/python3.12/site-packages/airflow/example_dags/example_branch_operator_decorator.py for tasks to queue
[2026-02-10T01:41:08.427+0000] {logging_mixin.py:188} INFO - [2026-02-10T01:41:08.427+0000] {dagbag.py:540} INFO - Filling up the DagBag from /home/airflow/.local/lib/python3.12/site-packages/airflow/example_dags/example_branch_operator_decorator.py
[2026-02-10T01:41:08.447+0000] {processor.py:840} INFO - DAG(s) 'example_branch_python_operator_decorator' retrieved from /home/airflow/.local/lib/python3.12/site-packages/airflow/example_dags/example_branch_operator_decorator.py
[2026-02-10T01:41:08.476+0000] {logging_mixin.py:188} INFO - [2026-02-10T01:41:08.475+0000] {dag.py:3096} INFO - Sync 1 DAGs
[2026-02-10T01:41:08.499+0000] {logging_mixin.py:188} INFO - [2026-02-10T01:41:08.499+0000] {dag.py:3954} INFO - Setting next_dagrun for example_branch_python_operator_decorator to 2026-02-09 00:00:00+00:00, run_after=2026-02-10 00:00:00+00:00
[2026-02-10T01:41:08.521+0000] {processor.py:183} INFO - Processing /home/airflow/.local/lib/python3.12/site-packages/airflow/example_dags/example_branch_operator_decorator.py took 0.109 seconds
[2026-02-10T01:41:39.298+0000] {processor.py:161} INFO - Started process (PID=274) to work on /home/airflow/.local/lib/python3.12/site-packages/airflow/example_dags/example_branch_operator_decorator.py
[2026-02-10T01:41:39.299+0000] {processor.py:830} INFO - Processing file /home/airflow/.local/lib/python3.12/site-packages/airflow/example_dags/example_branch_operator_decorator.py for tasks to queue
[2026-02-10T01:41:39.301+0000] {logging_mixin.py:188} INFO - [2026-02-10T01:41:39.301+0000] {dagbag.py:540} INFO - Filling up the DagBag from /home/airflow/.local/lib/python3.12/site-packages/airflow/example_dags/example_branch_operator_decorator.py
[2026-02-10T01:41:39.319+0000] {processor.py:840} INFO - DAG(s) 'example_branch_python_operator_decorator' retrieved from /home/airflow/.local/lib/python3.12/site-packages/airflow/example_dags/example_branch_operator_decorator.py
[2026-02-10T01:41:39.345+0000] {logging_mixin.py:188} INFO - [2026-02-10T01:41:39.344+0000] {dag.py:3096} INFO - Sync 1 DAGs
[2026-02-10T01:41:39.364+0000] {logging_mixin.py:188} INFO - [2026-02-10T01:41:39.363+0000] {dag.py:3954} INFO - Setting next_dagrun for example_branch_python_operator_decorator to 2026-02-09 00:00:00+00:00, run_after=2026-02-10 00:00:00+00:00
[2026-02-10T01:41:39.382+0000] {processor.py:183} INFO - Processing /home/airflow/.local/lib/python3.12/site-packages/airflow/example_dags/example_branch_operator_decorator.py took 0.090 seconds
[2026-02-10T01:42:10.400+0000] {processor.py:161} INFO - Started process (PID=328) to work on /home/airflow/.local/lib/python3.12/site-packages/airflow/example_dags/example_branch_operator_decorator.py
[2026-02-10T01:42:10.402+0000] {processor.py:830} INFO - Processing file /home/airflow/.local/lib/python3.12/site-packages/airflow/example_dags/example_branch_operator_decorator.py for tasks to queue
[2026-02-10T01:42:10.405+0000] {logging_mixin.py:188} INFO - [2026-02-10T01:42:10.405+0000] {dagbag.py:540} INFO - Filling up the DagBag from /home/airflow/.local/lib/python3.12/site-packages/airflow/example_dags/example_branch_operator_decorator.py
[2026-02-10T01:42:10.432+0000] {processor.py:840} INFO - DAG(s) 'example_branch_python_operator_decorator' retrieved from /home/airflow/.local/lib/python3.12/site-packages/airflow/example_dags/example_branch_operator_decorator.py
[2026-02-10T01:42:10.474+0000] {logging_mixin.py:188} INFO - [2026-02-10T01:42:10.473+0000] {dag.py:3096} INFO - Sync 1 DAGs
[2026-02-10T01:42:10.502+0000] {logging_mixin.py:188} INFO - [2026-02-10T01:42:10.502+0000] {dag.py:3954} INFO - Setting next_dagrun for example_branch_python_operator_decorator to 2026-02-09 00:00:00+00:00, run_after=2026-02-10 00:00:00+00:00
[2026-02-10T01:42:10.521+0000] {processor.py:183} INFO - Processing /home/airflow/.local/lib/python3.12/site-packages/airflow/example_dags/example_branch_operator_decorator.py took 0.128 seconds
[2026-02-10T01:42:40.665+0000] {processor.py:161} INFO - Started process (PID=381) to work on /home/airflow/.local/lib/python3.12/site-packages/airflow/example_dags/example_branch_operator_decorator.py
[2026-02-10T01:42:40.666+0000] {processor.py:830} INFO - Processing file /home/airflow/.local/lib/python3.12/site-packages/airflow/example_dags/example_branch_operator_decorator.py for tasks to queue
[2026-02-10T01:42:40.669+0000] {logging_mixin.py:188} INFO - [2026-02-10T01:42:40.669+0000] {dagbag.py:540} INFO - Filling up the DagBag from /home/airflow/.local/lib/python3.12/site-packages/airflow/example_dags/example_branch_operator_decorator.py
[2026-02-10T01:42:40.704+0000] {processor.py:840} INFO - DAG(s) 'example_branch_python_operator_decorator' retrieved from /home/airflow/.local/lib/python3.12/site-packages/airflow/example_dags/example_branch_operator_decorator.py
[2026-02-10T01:42:40.742+0000] {logging_mixin.py:188} INFO - [2026-02-10T01:42:40.741+0000] {dag.py:3096} INFO - Sync 1 DAGs
[2026-02-10T01:42:40.765+0000] {logging_mixin.py:188} INFO - [2026-02-10T01:42:40.765+0000] {dag.py:3954} INFO - Setting next_dagrun for example_branch_python_operator_decorator to 2026-02-09 00:00:00+00:00, run_after=2026-02-10 00:00:00+00:00
[2026-02-10T01:42:40.788+0000] {processor.py:183} INFO - Processing /home/airflow/.local/lib/python3.12/site-packages/airflow/example_dags/example_branch_operator_decorator.py took 0.132 seconds
[2026-02-10T01:44:08.422+0000] {processor.py:161} INFO - Started process (PID=58) to work on /home/airflow/.local/lib/python3.12/site-packages/airflow/example_dags/example_branch_operator_decorator.py
[2026-02-10T01:44:08.424+0000] {processor.py:830} INFO - Processing file /home/airflow/.local/lib/python3.12/site-packages/airflow/example_dags/example_branch_operator_decorator.py for tasks to queue
[2026-02-10T01:44:08.428+0000] {logging_mixin.py:188} INFO - [2026-02-10T01:44:08.427+0000] {dagbag.py:540} INFO - Filling up the DagBag from /home/airflow/.local/lib/python3.12/site-packages/airflow/example_dags/example_branch_operator_decorator.py
[2026-02-10T01:44:08.508+0000] {processor.py:840} INFO - DAG(s) 'example_branch_python_operator_decorator' retrieved from /home/airflow/.local/lib/python3.12/site-packages/airflow/example_dags/example_branch_operator_decorator.py
[2026-02-10T01:44:08.541+0000] {logging_mixin.py:188} INFO - [2026-02-10T01:44:08.540+0000] {dag.py:3096} INFO - Sync 1 DAGs
[2026-02-10T01:44:08.645+0000] {logging_mixin.py:188} INFO - [2026-02-10T01:44:08.645+0000] {dag.py:3954} INFO - Setting next_dagrun for example_branch_python_operator_decorator to 2026-02-09 00:00:00+00:00, run_after=2026-02-10 00:00:00+00:00
[2026-02-10T01:44:08.705+0000] {processor.py:183} INFO - Processing /home/airflow/.local/lib/python3.12/site-packages/airflow/example_dags/example_branch_operator_decorator.py took 0.299 seconds
[2026-02-10T01:44:39.306+0000] {processor.py:161} INFO - Started process (PID=112) to work on /home/airflow/.local/lib/python3.12/site-packages/airflow/example_dags/example_branch_operator_decorator.py
[2026-02-10T01:44:39.307+0000] {processor.py:830} INFO - Processing file /home/airflow/.local/lib/python3.12/site-packages/airflow/example_dags/example_branch_operator_decorator.py for tasks to queue
[2026-02-10T01:44:39.310+0000] {logging_mixin.py:188} INFO - [2026-02-10T01:44:39.310+0000] {dagbag.py:540} INFO - Filling up the DagBag from /home/airflow/.local/lib/python3.12/site-packages/airflow/example_dags/example_branch_operator_decorator.py
[2026-02-10T01:44:39.334+0000] {processor.py:840} INFO - DAG(s) 'example_branch_python_operator_decorator' retrieved from /home/airflow/.local/lib/python3.12/site-packages/airflow/example_dags/example_branch_operator_decorator.py
[2026-02-10T01:44:39.468+0000] {logging_mixin.py:188} INFO - [2026-02-10T01:44:39.468+0000] {dag.py:3096} INFO - Sync 1 DAGs
[2026-02-10T01:44:39.492+0000] {logging_mixin.py:188} INFO - [2026-02-10T01:44:39.492+0000] {dag.py:3954} INFO - Setting next_dagrun for example_branch_python_operator_decorator to 2026-02-09 00:00:00+00:00, run_after=2026-02-10 00:00:00+00:00
[2026-02-10T01:44:39.514+0000] {processor.py:183} INFO - Processing /home/airflow/.local/lib/python3.12/site-packages/airflow/example_dags/example_branch_operator_decorator.py took 0.216 seconds
[2026-02-10T01:46:57.281+0000] {processor.py:161} INFO - Started process (PID=58) to work on /home/airflow/.local/lib/python3.12/site-packages/airflow/example_dags/example_branch_operator_decorator.py
[2026-02-10T01:46:57.283+0000] {processor.py:830} INFO - Processing file /home/airflow/.local/lib/python3.12/site-packages/airflow/example_dags/example_branch_operator_decorator.py for tasks to queue
[2026-02-10T01:46:57.287+0000] {logging_mixin.py:188} INFO - [2026-02-10T01:46:57.287+0000] {dagbag.py:540} INFO - Filling up the DagBag from /home/airflow/.local/lib/python3.12/site-packages/airflow/example_dags/example_branch_operator_decorator.py
[2026-02-10T01:46:57.360+0000] {processor.py:840} INFO - DAG(s) 'example_branch_python_operator_decorator' retrieved from /home/airflow/.local/lib/python3.12/site-packages/airflow/example_dags/example_branch_operator_decorator.py
[2026-02-10T01:46:57.398+0000] {logging_mixin.py:188} INFO - [2026-02-10T01:46:57.398+0000] {dag.py:3096} INFO - Sync 1 DAGs
[2026-02-10T01:46:57.475+0000] {logging_mixin.py:188} INFO - [2026-02-10T01:46:57.475+0000] {dag.py:3954} INFO - Setting next_dagrun for example_branch_python_operator_decorator to 2026-02-09 00:00:00+00:00, run_after=2026-02-10 00:00:00+00:00
[2026-02-10T01:46:57.534+0000] {processor.py:183} INFO - Processing /home/airflow/.local/lib/python3.12/site-packages/airflow/example_dags/example_branch_operator_decorator.py took 0.267 seconds
[2026-02-10T01:47:27.835+0000] {processor.py:161} INFO - Started process (PID=112) to work on /home/airflow/.local/lib/python3.12/site-packages/airflow/example_dags/example_branch_operator_decorator.py
[2026-02-10T01:47:27.836+0000] {processor.py:830} INFO - Processing file /home/airflow/.local/lib/python3.12/site-packages/airflow/example_dags/example_branch_operator_decorator.py for tasks to queue
[2026-02-10T01:47:27.838+0000] {logging_mixin.py:188} INFO - [2026-02-10T01:47:27.837+0000] {dagbag.py:540} INFO - Filling up the DagBag from /home/airflow/.local/lib/python3.12/site-packages/airflow/example_dags/example_branch_operator_decorator.py
[2026-02-10T01:47:27.855+0000] {processor.py:840} INFO - DAG(s) 'example_branch_python_operator_decorator' retrieved from /home/airflow/.local/lib/python3.12/site-packages/airflow/example_dags/example_branch_operator_decorator.py
[2026-02-10T01:47:27.972+0000] {logging_mixin.py:188} INFO - [2026-02-10T01:47:27.972+0000] {dag.py:3096} INFO - Sync 1 DAGs
[2026-02-10T01:47:27.993+0000] {logging_mixin.py:188} INFO - [2026-02-10T01:47:27.993+0000] {dag.py:3954} INFO - Setting next_dagrun for example_branch_python_operator_decorator to 2026-02-09 00:00:00+00:00, run_after=2026-02-10 00:00:00+00:00
[2026-02-10T01:47:28.014+0000] {processor.py:183} INFO - Processing /home/airflow/.local/lib/python3.12/site-packages/airflow/example_dags/example_branch_operator_decorator.py took 0.185 seconds
[2026-02-10T01:47:58.881+0000] {processor.py:161} INFO - Started process (PID=166) to work on /home/airflow/.local/lib/python3.12/site-packages/airflow/example_dags/example_branch_operator_decorator.py
[2026-02-10T01:47:58.882+0000] {processor.py:830} INFO - Processing file /home/airflow/.local/lib/python3.12/site-packages/airflow/example_dags/example_branch_operator_decorator.py for tasks to queue
[2026-02-10T01:47:58.884+0000] {logging_mixin.py:188} INFO - [2026-02-10T01:47:58.884+0000] {dagbag.py:540} INFO - Filling up the DagBag from /home/airflow/.local/lib/python3.12/site-packages/airflow/example_dags/example_branch_operator_decorator.py
[2026-02-10T01:47:58.901+0000] {processor.py:840} INFO - DAG(s) 'example_branch_python_operator_decorator' retrieved from /home/airflow/.local/lib/python3.12/site-packages/airflow/example_dags/example_branch_operator_decorator.py
[2026-02-10T01:47:58.935+0000] {logging_mixin.py:188} INFO - [2026-02-10T01:47:58.934+0000] {dag.py:3096} INFO - Sync 1 DAGs
[2026-02-10T01:47:58.958+0000] {logging_mixin.py:188} INFO - [2026-02-10T01:47:58.958+0000] {dag.py:3954} INFO - Setting next_dagrun for example_branch_python_operator_decorator to 2026-02-09 00:00:00+00:00, run_after=2026-02-10 00:00:00+00:00
[2026-02-10T01:47:58.979+0000] {processor.py:183} INFO - Processing /home/airflow/.local/lib/python3.12/site-packages/airflow/example_dags/example_branch_operator_decorator.py took 0.104 seconds
[2026-02-10T01:48:29.377+0000] {processor.py:161} INFO - Started process (PID=220) to work on /home/airflow/.local/lib/python3.12/site-packages/airflow/example_dags/example_branch_operator_decorator.py
[2026-02-10T01:48:29.378+0000] {processor.py:830} INFO - Processing file /home/airflow/.local/lib/python3.12/site-packages/airflow/example_dags/example_branch_operator_decorator.py for tasks to queue
[2026-02-10T01:48:29.382+0000] {logging_mixin.py:188} INFO - [2026-02-10T01:48:29.382+0000] {dagbag.py:540} INFO - Filling up the DagBag from /home/airflow/.local/lib/python3.12/site-packages/airflow/example_dags/example_branch_operator_decorator.py
[2026-02-10T01:48:29.405+0000] {processor.py:840} INFO - DAG(s) 'example_branch_python_operator_decorator' retrieved from /home/airflow/.local/lib/python3.12/site-packages/airflow/example_dags/example_branch_operator_decorator.py
[2026-02-10T01:48:29.433+0000] {logging_mixin.py:188} INFO - [2026-02-10T01:48:29.433+0000] {dag.py:3096} INFO - Sync 1 DAGs
[2026-02-10T01:48:29.456+0000] {logging_mixin.py:188} INFO - [2026-02-10T01:48:29.456+0000] {dag.py:3954} INFO - Setting next_dagrun for example_branch_python_operator_decorator to 2026-02-09 00:00:00+00:00, run_after=2026-02-10 00:00:00+00:00
[2026-02-10T01:48:29.479+0000] {processor.py:183} INFO - Processing /home/airflow/.local/lib/python3.12/site-packages/airflow/example_dags/example_branch_operator_decorator.py took 0.109 seconds
[2026-02-10T01:48:59.875+0000] {processor.py:161} INFO - Started process (PID=274) to work on /home/airflow/.local/lib/python3.12/site-packages/airflow/example_dags/example_branch_operator_decorator.py
[2026-02-10T01:48:59.876+0000] {processor.py:830} INFO - Processing file /home/airflow/.local/lib/python3.12/site-packages/airflow/example_dags/example_branch_operator_decorator.py for tasks to queue
[2026-02-10T01:48:59.879+0000] {logging_mixin.py:188} INFO - [2026-02-10T01:48:59.879+0000] {dagbag.py:540} INFO - Filling up the DagBag from /home/airflow/.local/lib/python3.12/site-packages/airflow/example_dags/example_branch_operator_decorator.py
[2026-02-10T01:48:59.904+0000] {processor.py:840} INFO - DAG(s) 'example_branch_python_operator_decorator' retrieved from /home/airflow/.local/lib/python3.12/site-packages/airflow/example_dags/example_branch_operator_decorator.py
[2026-02-10T01:48:59.941+0000] {logging_mixin.py:188} INFO - [2026-02-10T01:48:59.940+0000] {dag.py:3096} INFO - Sync 1 DAGs
[2026-02-10T01:48:59.967+0000] {logging_mixin.py:188} INFO - [2026-02-10T01:48:59.967+0000] {dag.py:3954} INFO - Setting next_dagrun for example_branch_python_operator_decorator to 2026-02-09 00:00:00+00:00, run_after=2026-02-10 00:00:00+00:00
[2026-02-10T01:48:59.986+0000] {processor.py:183} INFO - Processing /home/airflow/.local/lib/python3.12/site-packages/airflow/example_dags/example_branch_operator_decorator.py took 0.119 seconds
[2026-02-10T01:49:30.155+0000] {processor.py:161} INFO - Started process (PID=328) to work on /home/airflow/.local/lib/python3.12/site-packages/airflow/example_dags/example_branch_operator_decorator.py
[2026-02-10T01:49:30.158+0000] {processor.py:830} INFO - Processing file /home/airflow/.local/lib/python3.12/site-packages/airflow/example_dags/example_branch_operator_decorator.py for tasks to queue
[2026-02-10T01:49:30.162+0000] {logging_mixin.py:188} INFO - [2026-02-10T01:49:30.161+0000] {dagbag.py:540} INFO - Filling up the DagBag from /home/airflow/.local/lib/python3.12/site-packages/airflow/example_dags/example_branch_operator_decorator.py
[2026-02-10T01:49:30.239+0000] {processor.py:840} INFO - DAG(s) 'example_branch_python_operator_decorator' retrieved from /home/airflow/.local/lib/python3.12/site-packages/airflow/example_dags/example_branch_operator_decorator.py
[2026-02-10T01:49:30.304+0000] {logging_mixin.py:188} INFO - [2026-02-10T01:49:30.303+0000] {dag.py:3096} INFO - Sync 1 DAGs
[2026-02-10T01:49:30.356+0000] {logging_mixin.py:188} INFO - [2026-02-10T01:49:30.355+0000] {dag.py:3954} INFO - Setting next_dagrun for example_branch_python_operator_decorator to 2026-02-09 00:00:00+00:00, run_after=2026-02-10 00:00:00+00:00
[2026-02-10T01:49:30.391+0000] {processor.py:183} INFO - Processing /home/airflow/.local/lib/python3.12/site-packages/airflow/example_dags/example_branch_operator_decorator.py took 0.255 seconds
[2026-02-10T01:50:01.128+0000] {processor.py:161} INFO - Started process (PID=382) to work on /home/airflow/.local/lib/python3.12/site-packages/airflow/example_dags/example_branch_operator_decorator.py
[2026-02-10T01:50:01.129+0000] {processor.py:830} INFO - Processing file /home/airflow/.local/lib/python3.12/site-packages/airflow/example_dags/example_branch_operator_decorator.py for tasks to queue
[2026-02-10T01:50:01.131+0000] {logging_mixin.py:188} INFO - [2026-02-10T01:50:01.131+0000] {dagbag.py:540} INFO - Filling up the DagBag from /home/airflow/.local/lib/python3.12/site-packages/airflow/example_dags/example_branch_operator_decorator.py
[2026-02-10T01:50:01.151+0000] {processor.py:840} INFO - DAG(s) 'example_branch_python_operator_decorator' retrieved from /home/airflow/.local/lib/python3.12/site-packages/airflow/example_dags/example_branch_operator_decorator.py
[2026-02-10T01:50:01.181+0000] {logging_mixin.py:188} INFO - [2026-02-10T01:50:01.181+0000] {dag.py:3096} INFO - Sync 1 DAGs
[2026-02-10T01:50:01.209+0000] {logging_mixin.py:188} INFO - [2026-02-10T01:50:01.209+0000] {dag.py:3954} INFO - Setting next_dagrun for example_branch_python_operator_decorator to 2026-02-09 00:00:00+00:00, run_after=2026-02-10 00:00:00+00:00
[2026-02-10T01:50:01.232+0000] {processor.py:183} INFO - Processing /home/airflow/.local/lib/python3.12/site-packages/airflow/example_dags/example_branch_operator_decorator.py took 0.110 seconds
[2026-02-10T01:50:31.566+0000] {processor.py:161} INFO - Started process (PID=436) to work on /home/airflow/.local/lib/python3.12/site-packages/airflow/example_dags/example_branch_operator_decorator.py
[2026-02-10T01:50:31.567+0000] {processor.py:830} INFO - Processing file /home/airflow/.local/lib/python3.12/site-packages/airflow/example_dags/example_branch_operator_decorator.py for tasks to queue
[2026-02-10T01:50:31.570+0000] {logging_mixin.py:188} INFO - [2026-02-10T01:50:31.569+0000] {dagbag.py:540} INFO - Filling up the DagBag from /home/airflow/.local/lib/python3.12/site-packages/airflow/example_dags/example_branch_operator_decorator.py
[2026-02-10T01:50:31.589+0000] {processor.py:840} INFO - DAG(s) 'example_branch_python_operator_decorator' retrieved from /home/airflow/.local/lib/python3.12/site-packages/airflow/example_dags/example_branch_operator_decorator.py
[2026-02-10T01:50:31.616+0000] {logging_mixin.py:188} INFO - [2026-02-10T01:50:31.616+0000] {dag.py:3096} INFO - Sync 1 DAGs
[2026-02-10T01:50:31.642+0000] {logging_mixin.py:188} INFO - [2026-02-10T01:50:31.641+0000] {dag.py:3954} INFO - Setting next_dagrun for example_branch_python_operator_decorator to 2026-02-09 00:00:00+00:00, run_after=2026-02-10 00:00:00+00:00
[2026-02-10T01:50:31.668+0000] {processor.py:183} INFO - Processing /home/airflow/.local/lib/python3.12/site-packages/airflow/example_dags/example_branch_operator_decorator.py took 0.108 seconds
[2026-02-10T01:51:01.808+0000] {processor.py:161} INFO - Started process (PID=489) to work on /home/airflow/.local/lib/python3.12/site-packages/airflow/example_dags/example_branch_operator_decorator.py
[2026-02-10T01:51:01.809+0000] {processor.py:830} INFO - Processing file /home/airflow/.local/lib/python3.12/site-packages/airflow/example_dags/example_branch_operator_decorator.py for tasks to queue
[2026-02-10T01:51:01.811+0000] {logging_mixin.py:188} INFO - [2026-02-10T01:51:01.810+0000] {dagbag.py:540} INFO - Filling up the DagBag from /home/airflow/.local/lib/python3.12/site-packages/airflow/example_dags/example_branch_operator_decorator.py
[2026-02-10T01:51:01.827+0000] {processor.py:840} INFO - DAG(s) 'example_branch_python_operator_decorator' retrieved from /home/airflow/.local/lib/python3.12/site-packages/airflow/example_dags/example_branch_operator_decorator.py
[2026-02-10T01:51:01.855+0000] {logging_mixin.py:188} INFO - [2026-02-10T01:51:01.855+0000] {dag.py:3096} INFO - Sync 1 DAGs
[2026-02-10T01:51:01.876+0000] {logging_mixin.py:188} INFO - [2026-02-10T01:51:01.876+0000] {dag.py:3954} INFO - Setting next_dagrun for example_branch_python_operator_decorator to 2026-02-09 00:00:00+00:00, run_after=2026-02-10 00:00:00+00:00
[2026-02-10T01:51:01.896+0000] {processor.py:183} INFO - Processing /home/airflow/.local/lib/python3.12/site-packages/airflow/example_dags/example_branch_operator_decorator.py took 0.094 seconds
[2026-02-10T01:51:32.303+0000] {processor.py:161} INFO - Started process (PID=543) to work on /home/airflow/.local/lib/python3.12/site-packages/airflow/example_dags/example_branch_operator_decorator.py
[2026-02-10T01:51:32.304+0000] {processor.py:830} INFO - Processing file /home/airflow/.local/lib/python3.12/site-packages/airflow/example_dags/example_branch_operator_decorator.py for tasks to queue
[2026-02-10T01:51:32.306+0000] {logging_mixin.py:188} INFO - [2026-02-10T01:51:32.306+0000] {dagbag.py:540} INFO - Filling up the DagBag from /home/airflow/.local/lib/python3.12/site-packages/airflow/example_dags/example_branch_operator_decorator.py
[2026-02-10T01:51:32.327+0000] {processor.py:840} INFO - DAG(s) 'example_branch_python_operator_decorator' retrieved from /home/airflow/.local/lib/python3.12/site-packages/airflow/example_dags/example_branch_operator_decorator.py
[2026-02-10T01:51:32.355+0000] {logging_mixin.py:188} INFO - [2026-02-10T01:51:32.355+0000] {dag.py:3096} INFO - Sync 1 DAGs
[2026-02-10T01:51:32.381+0000] {logging_mixin.py:188} INFO - [2026-02-10T01:51:32.381+0000] {dag.py:3954} INFO - Setting next_dagrun for example_branch_python_operator_decorator to 2026-02-09 00:00:00+00:00, run_after=2026-02-10 00:00:00+00:00
[2026-02-10T01:51:32.402+0000] {processor.py:183} INFO - Processing /home/airflow/.local/lib/python3.12/site-packages/airflow/example_dags/example_branch_operator_decorator.py took 0.105 seconds
[2026-02-10T01:52:02.701+0000] {processor.py:161} INFO - Started process (PID=597) to work on /home/airflow/.local/lib/python3.12/site-packages/airflow/example_dags/example_branch_operator_decorator.py
[2026-02-10T01:52:02.701+0000] {processor.py:830} INFO - Processing file /home/airflow/.local/lib/python3.12/site-packages/airflow/example_dags/example_branch_operator_decorator.py for tasks to queue
[2026-02-10T01:52:02.703+0000] {logging_mixin.py:188} INFO - [2026-02-10T01:52:02.703+0000] {dagbag.py:540} INFO - Filling up the DagBag from /home/airflow/.local/lib/python3.12/site-packages/airflow/example_dags/example_branch_operator_decorator.py
[2026-02-10T01:52:02.720+0000] {processor.py:840} INFO - DAG(s) 'example_branch_python_operator_decorator' retrieved from /home/airflow/.local/lib/python3.12/site-packages/airflow/example_dags/example_branch_operator_decorator.py
[2026-02-10T01:52:02.744+0000] {logging_mixin.py:188} INFO - [2026-02-10T01:52:02.744+0000] {dag.py:3096} INFO - Sync 1 DAGs
[2026-02-10T01:52:02.764+0000] {logging_mixin.py:188} INFO - [2026-02-10T01:52:02.764+0000] {dag.py:3954} INFO - Setting next_dagrun for example_branch_python_operator_decorator to 2026-02-09 00:00:00+00:00, run_after=2026-02-10 00:00:00+00:00
[2026-02-10T01:52:02.783+0000] {processor.py:183} INFO - Processing /home/airflow/.local/lib/python3.12/site-packages/airflow/example_dags/example_branch_operator_decorator.py took 0.087 seconds
[2026-02-10T01:52:33.134+0000] {processor.py:161} INFO - Started process (PID=651) to work on /home/airflow/.local/lib/python3.12/site-packages/airflow/example_dags/example_branch_operator_decorator.py
[2026-02-10T01:52:33.136+0000] {processor.py:830} INFO - Processing file /home/airflow/.local/lib/python3.12/site-packages/airflow/example_dags/example_branch_operator_decorator.py for tasks to queue
[2026-02-10T01:52:33.138+0000] {logging_mixin.py:188} INFO - [2026-02-10T01:52:33.138+0000] {dagbag.py:540} INFO - Filling up the DagBag from /home/airflow/.local/lib/python3.12/site-packages/airflow/example_dags/example_branch_operator_decorator.py
[2026-02-10T01:52:33.156+0000] {processor.py:840} INFO - DAG(s) 'example_branch_python_operator_decorator' retrieved from /home/airflow/.local/lib/python3.12/site-packages/airflow/example_dags/example_branch_operator_decorator.py
[2026-02-10T01:52:33.189+0000] {logging_mixin.py:188} INFO - [2026-02-10T01:52:33.189+0000] {dag.py:3096} INFO - Sync 1 DAGs
[2026-02-10T01:52:33.215+0000] {logging_mixin.py:188} INFO - [2026-02-10T01:52:33.214+0000] {dag.py:3954} INFO - Setting next_dagrun for example_branch_python_operator_decorator to 2026-02-09 00:00:00+00:00, run_after=2026-02-10 00:00:00+00:00
[2026-02-10T01:52:33.235+0000] {processor.py:183} INFO - Processing /home/airflow/.local/lib/python3.12/site-packages/airflow/example_dags/example_branch_operator_decorator.py took 0.106 seconds
[2026-02-10T01:53:03.697+0000] {processor.py:161} INFO - Started process (PID=705) to work on /home/airflow/.local/lib/python3.12/site-packages/airflow/example_dags/example_branch_operator_decorator.py
[2026-02-10T01:53:03.698+0000] {processor.py:830} INFO - Processing file /home/airflow/.local/lib/python3.12/site-packages/airflow/example_dags/example_branch_operator_decorator.py for tasks to queue
[2026-02-10T01:53:03.699+0000] {logging_mixin.py:188} INFO - [2026-02-10T01:53:03.699+0000] {dagbag.py:540} INFO - Filling up the DagBag from /home/airflow/.local/lib/python3.12/site-packages/airflow/example_dags/example_branch_operator_decorator.py
[2026-02-10T01:53:03.718+0000] {processor.py:840} INFO - DAG(s) 'example_branch_python_operator_decorator' retrieved from /home/airflow/.local/lib/python3.12/site-packages/airflow/example_dags/example_branch_operator_decorator.py
[2026-02-10T01:53:03.746+0000] {logging_mixin.py:188} INFO - [2026-02-10T01:53:03.746+0000] {dag.py:3096} INFO - Sync 1 DAGs
[2026-02-10T01:53:03.771+0000] {logging_mixin.py:188} INFO - [2026-02-10T01:53:03.771+0000] {dag.py:3954} INFO - Setting next_dagrun for example_branch_python_operator_decorator to 2026-02-09 00:00:00+00:00, run_after=2026-02-10 00:00:00+00:00
[2026-02-10T01:53:03.791+0000] {processor.py:183} INFO - Processing /home/airflow/.local/lib/python3.12/site-packages/airflow/example_dags/example_branch_operator_decorator.py took 0.099 seconds
[2026-02-10T01:53:34.293+0000] {processor.py:161} INFO - Started process (PID=759) to work on /home/airflow/.local/lib/python3.12/site-packages/airflow/example_dags/example_branch_operator_decorator.py
[2026-02-10T01:53:34.294+0000] {processor.py:830} INFO - Processing file /home/airflow/.local/lib/python3.12/site-packages/airflow/example_dags/example_branch_operator_decorator.py for tasks to queue
[2026-02-10T01:53:34.297+0000] {logging_mixin.py:188} INFO - [2026-02-10T01:53:34.297+0000] {dagbag.py:540} INFO - Filling up the DagBag from /home/airflow/.local/lib/python3.12/site-packages/airflow/example_dags/example_branch_operator_decorator.py
[2026-02-10T01:53:34.322+0000] {processor.py:840} INFO - DAG(s) 'example_branch_python_operator_decorator' retrieved from /home/airflow/.local/lib/python3.12/site-packages/airflow/example_dags/example_branch_operator_decorator.py
[2026-02-10T01:53:34.357+0000] {logging_mixin.py:188} INFO - [2026-02-10T01:53:34.357+0000] {dag.py:3096} INFO - Sync 1 DAGs
[2026-02-10T01:53:34.386+0000] {logging_mixin.py:188} INFO - [2026-02-10T01:53:34.386+0000] {dag.py:3954} INFO - Setting next_dagrun for example_branch_python_operator_decorator to 2026-02-09 00:00:00+00:00, run_after=2026-02-10 00:00:00+00:00
[2026-02-10T01:53:34.412+0000] {processor.py:183} INFO - Processing /home/airflow/.local/lib/python3.12/site-packages/airflow/example_dags/example_branch_operator_decorator.py took 0.127 seconds
[2026-02-10T01:54:05.421+0000] {processor.py:161} INFO - Started process (PID=814) to work on /home/airflow/.local/lib/python3.12/site-packages/airflow/example_dags/example_branch_operator_decorator.py
[2026-02-10T01:54:05.422+0000] {processor.py:830} INFO - Processing file /home/airflow/.local/lib/python3.12/site-packages/airflow/example_dags/example_branch_operator_decorator.py for tasks to queue
[2026-02-10T01:54:05.425+0000] {logging_mixin.py:188} INFO - [2026-02-10T01:54:05.424+0000] {dagbag.py:540} INFO - Filling up the DagBag from /home/airflow/.local/lib/python3.12/site-packages/airflow/example_dags/example_branch_operator_decorator.py
[2026-02-10T01:54:05.447+0000] {processor.py:840} INFO - DAG(s) 'example_branch_python_operator_decorator' retrieved from /home/airflow/.local/lib/python3.12/site-packages/airflow/example_dags/example_branch_operator_decorator.py
[2026-02-10T01:54:05.475+0000] {logging_mixin.py:188} INFO - [2026-02-10T01:54:05.475+0000] {dag.py:3096} INFO - Sync 1 DAGs
[2026-02-10T01:54:05.497+0000] {logging_mixin.py:188} INFO - [2026-02-10T01:54:05.496+0000] {dag.py:3954} INFO - Setting next_dagrun for example_branch_python_operator_decorator to 2026-02-09 00:00:00+00:00, run_after=2026-02-10 00:00:00+00:00
[2026-02-10T01:54:05.519+0000] {processor.py:183} INFO - Processing /home/airflow/.local/lib/python3.12/site-packages/airflow/example_dags/example_branch_operator_decorator.py took 0.105 seconds
[2026-02-10T01:54:35.561+0000] {processor.py:161} INFO - Started process (PID=867) to work on /home/airflow/.local/lib/python3.12/site-packages/airflow/example_dags/example_branch_operator_decorator.py
[2026-02-10T01:54:35.563+0000] {processor.py:830} INFO - Processing file /home/airflow/.local/lib/python3.12/site-packages/airflow/example_dags/example_branch_operator_decorator.py for tasks to queue
[2026-02-10T01:54:35.565+0000] {logging_mixin.py:188} INFO - [2026-02-10T01:54:35.565+0000] {dagbag.py:540} INFO - Filling up the DagBag from /home/airflow/.local/lib/python3.12/site-packages/airflow/example_dags/example_branch_operator_decorator.py
[2026-02-10T01:54:35.591+0000] {processor.py:840} INFO - DAG(s) 'example_branch_python_operator_decorator' retrieved from /home/airflow/.local/lib/python3.12/site-packages/airflow/example_dags/example_branch_operator_decorator.py
[2026-02-10T01:54:35.624+0000] {logging_mixin.py:188} INFO - [2026-02-10T01:54:35.623+0000] {dag.py:3096} INFO - Sync 1 DAGs
[2026-02-10T01:54:35.896+0000] {logging_mixin.py:188} INFO - [2026-02-10T01:54:35.896+0000] {dag.py:3954} INFO - Setting next_dagrun for example_branch_python_operator_decorator to 2026-02-09 00:00:00+00:00, run_after=2026-02-10 00:00:00+00:00
[2026-02-10T01:54:35.927+0000] {processor.py:183} INFO - Processing /home/airflow/.local/lib/python3.12/site-packages/airflow/example_dags/example_branch_operator_decorator.py took 0.372 seconds
[2026-02-10T01:55:06.774+0000] {processor.py:161} INFO - Started process (PID=922) to work on /home/airflow/.local/lib/python3.12/site-packages/airflow/example_dags/example_branch_operator_decorator.py
[2026-02-10T01:55:06.776+0000] {processor.py:830} INFO - Processing file /home/airflow/.local/lib/python3.12/site-packages/airflow/example_dags/example_branch_operator_decorator.py for tasks to queue
[2026-02-10T01:55:06.778+0000] {logging_mixin.py:188} INFO - [2026-02-10T01:55:06.778+0000] {dagbag.py:540} INFO - Filling up the DagBag from /home/airflow/.local/lib/python3.12/site-packages/airflow/example_dags/example_branch_operator_decorator.py
[2026-02-10T01:55:06.804+0000] {processor.py:840} INFO - DAG(s) 'example_branch_python_operator_decorator' retrieved from /home/airflow/.local/lib/python3.12/site-packages/airflow/example_dags/example_branch_operator_decorator.py
[2026-02-10T01:55:06.836+0000] {logging_mixin.py:188} INFO - [2026-02-10T01:55:06.836+0000] {dag.py:3096} INFO - Sync 1 DAGs
[2026-02-10T01:55:06.860+0000] {logging_mixin.py:188} INFO - [2026-02-10T01:55:06.860+0000] {dag.py:3954} INFO - Setting next_dagrun for example_branch_python_operator_decorator to 2026-02-09 00:00:00+00:00, run_after=2026-02-10 00:00:00+00:00
[2026-02-10T01:55:06.894+0000] {processor.py:183} INFO - Processing /home/airflow/.local/lib/python3.12/site-packages/airflow/example_dags/example_branch_operator_decorator.py took 0.128 seconds
[2026-02-10T01:55:37.325+0000] {processor.py:161} INFO - Started process (PID=976) to work on /home/airflow/.local/lib/python3.12/site-packages/airflow/example_dags/example_branch_operator_decorator.py
[2026-02-10T01:55:37.326+0000] {processor.py:830} INFO - Processing file /home/airflow/.local/lib/python3.12/site-packages/airflow/example_dags/example_branch_operator_decorator.py for tasks to queue
[2026-02-10T01:55:37.328+0000] {logging_mixin.py:188} INFO - [2026-02-10T01:55:37.327+0000] {dagbag.py:540} INFO - Filling up the DagBag from /home/airflow/.local/lib/python3.12/site-packages/airflow/example_dags/example_branch_operator_decorator.py
[2026-02-10T01:55:37.346+0000] {processor.py:840} INFO - DAG(s) 'example_branch_python_operator_decorator' retrieved from /home/airflow/.local/lib/python3.12/site-packages/airflow/example_dags/example_branch_operator_decorator.py
[2026-02-10T01:55:37.374+0000] {logging_mixin.py:188} INFO - [2026-02-10T01:55:37.374+0000] {dag.py:3096} INFO - Sync 1 DAGs
[2026-02-10T01:55:37.396+0000] {logging_mixin.py:188} INFO - [2026-02-10T01:55:37.396+0000] {dag.py:3954} INFO - Setting next_dagrun for example_branch_python_operator_decorator to 2026-02-09 00:00:00+00:00, run_after=2026-02-10 00:00:00+00:00
[2026-02-10T01:55:37.427+0000] {processor.py:183} INFO - Processing /home/airflow/.local/lib/python3.12/site-packages/airflow/example_dags/example_branch_operator_decorator.py took 0.108 seconds
[2026-02-10T01:56:08.064+0000] {processor.py:161} INFO - Started process (PID=1030) to work on /home/airflow/.local/lib/python3.12/site-packages/airflow/example_dags/example_branch_operator_decorator.py
[2026-02-10T01:56:08.065+0000] {processor.py:830} INFO - Processing file /home/airflow/.local/lib/python3.12/site-packages/airflow/example_dags/example_branch_operator_decorator.py for tasks to queue
[2026-02-10T01:56:08.067+0000] {logging_mixin.py:188} INFO - [2026-02-10T01:56:08.066+0000] {dagbag.py:540} INFO - Filling up the DagBag from /home/airflow/.local/lib/python3.12/site-packages/airflow/example_dags/example_branch_operator_decorator.py
[2026-02-10T01:56:08.086+0000] {processor.py:840} INFO - DAG(s) 'example_branch_python_operator_decorator' retrieved from /home/airflow/.local/lib/python3.12/site-packages/airflow/example_dags/example_branch_operator_decorator.py
[2026-02-10T01:56:08.240+0000] {logging_mixin.py:188} INFO - [2026-02-10T01:56:08.240+0000] {dag.py:3096} INFO - Sync 1 DAGs
[2026-02-10T01:56:08.256+0000] {logging_mixin.py:188} INFO - [2026-02-10T01:56:08.256+0000] {dag.py:3954} INFO - Setting next_dagrun for example_branch_python_operator_decorator to 2026-02-09 00:00:00+00:00, run_after=2026-02-10 00:00:00+00:00
[2026-02-10T01:56:08.274+0000] {processor.py:183} INFO - Processing /home/airflow/.local/lib/python3.12/site-packages/airflow/example_dags/example_branch_operator_decorator.py took 0.216 seconds
[2026-02-10T01:56:39.189+0000] {processor.py:161} INFO - Started process (PID=1084) to work on /home/airflow/.local/lib/python3.12/site-packages/airflow/example_dags/example_branch_operator_decorator.py
[2026-02-10T01:56:39.190+0000] {processor.py:830} INFO - Processing file /home/airflow/.local/lib/python3.12/site-packages/airflow/example_dags/example_branch_operator_decorator.py for tasks to queue
[2026-02-10T01:56:39.192+0000] {logging_mixin.py:188} INFO - [2026-02-10T01:56:39.192+0000] {dagbag.py:540} INFO - Filling up the DagBag from /home/airflow/.local/lib/python3.12/site-packages/airflow/example_dags/example_branch_operator_decorator.py
[2026-02-10T01:56:39.213+0000] {processor.py:840} INFO - DAG(s) 'example_branch_python_operator_decorator' retrieved from /home/airflow/.local/lib/python3.12/site-packages/airflow/example_dags/example_branch_operator_decorator.py
[2026-02-10T01:56:39.244+0000] {logging_mixin.py:188} INFO - [2026-02-10T01:56:39.244+0000] {dag.py:3096} INFO - Sync 1 DAGs
[2026-02-10T01:56:39.414+0000] {logging_mixin.py:188} INFO - [2026-02-10T01:56:39.414+0000] {dag.py:3954} INFO - Setting next_dagrun for example_branch_python_operator_decorator to 2026-02-09 00:00:00+00:00, run_after=2026-02-10 00:00:00+00:00
[2026-02-10T01:56:39.432+0000] {processor.py:183} INFO - Processing /home/airflow/.local/lib/python3.12/site-packages/airflow/example_dags/example_branch_operator_decorator.py took 0.249 seconds
[2026-02-10T01:57:09.480+0000] {processor.py:161} INFO - Started process (PID=1137) to work on /home/airflow/.local/lib/python3.12/site-packages/airflow/example_dags/example_branch_operator_decorator.py
[2026-02-10T01:57:09.481+0000] {processor.py:830} INFO - Processing file /home/airflow/.local/lib/python3.12/site-packages/airflow/example_dags/example_branch_operator_decorator.py for tasks to queue
[2026-02-10T01:57:09.483+0000] {logging_mixin.py:188} INFO - [2026-02-10T01:57:09.483+0000] {dagbag.py:540} INFO - Filling up the DagBag from /home/airflow/.local/lib/python3.12/site-packages/airflow/example_dags/example_branch_operator_decorator.py
[2026-02-10T01:57:09.500+0000] {processor.py:840} INFO - DAG(s) 'example_branch_python_operator_decorator' retrieved from /home/airflow/.local/lib/python3.12/site-packages/airflow/example_dags/example_branch_operator_decorator.py
[2026-02-10T01:57:09.524+0000] {logging_mixin.py:188} INFO - [2026-02-10T01:57:09.524+0000] {dag.py:3096} INFO - Sync 1 DAGs
[2026-02-10T01:57:09.542+0000] {logging_mixin.py:188} INFO - [2026-02-10T01:57:09.542+0000] {dag.py:3954} INFO - Setting next_dagrun for example_branch_python_operator_decorator to 2026-02-09 00:00:00+00:00, run_after=2026-02-10 00:00:00+00:00
[2026-02-10T01:57:09.562+0000] {processor.py:183} INFO - Processing /home/airflow/.local/lib/python3.12/site-packages/airflow/example_dags/example_branch_operator_decorator.py took 0.088 seconds
[2026-02-10T02:00:07.143+0000] {processor.py:161} INFO - Started process (PID=57) to work on /home/airflow/.local/lib/python3.12/site-packages/airflow/example_dags/example_branch_operator_decorator.py
[2026-02-10T02:00:07.145+0000] {processor.py:830} INFO - Processing file /home/airflow/.local/lib/python3.12/site-packages/airflow/example_dags/example_branch_operator_decorator.py for tasks to queue
[2026-02-10T02:00:07.156+0000] {logging_mixin.py:188} INFO - [2026-02-10T02:00:07.155+0000] {dagbag.py:540} INFO - Filling up the DagBag from /home/airflow/.local/lib/python3.12/site-packages/airflow/example_dags/example_branch_operator_decorator.py
[2026-02-10T02:00:07.220+0000] {processor.py:840} INFO - DAG(s) 'example_branch_python_operator_decorator' retrieved from /home/airflow/.local/lib/python3.12/site-packages/airflow/example_dags/example_branch_operator_decorator.py
[2026-02-10T02:00:07.245+0000] {logging_mixin.py:188} INFO - [2026-02-10T02:00:07.245+0000] {dag.py:3096} INFO - Sync 1 DAGs
[2026-02-10T02:00:07.292+0000] {logging_mixin.py:188} INFO - [2026-02-10T02:00:07.291+0000] {dag.py:3954} INFO - Setting next_dagrun for example_branch_python_operator_decorator to 2026-02-09 00:00:00+00:00, run_after=2026-02-10 00:00:00+00:00
[2026-02-10T02:00:07.333+0000] {processor.py:183} INFO - Processing /home/airflow/.local/lib/python3.12/site-packages/airflow/example_dags/example_branch_operator_decorator.py took 0.207 seconds
[2026-02-10T02:00:37.753+0000] {processor.py:161} INFO - Started process (PID=111) to work on /home/airflow/.local/lib/python3.12/site-packages/airflow/example_dags/example_branch_operator_decorator.py
[2026-02-10T02:00:37.754+0000] {processor.py:830} INFO - Processing file /home/airflow/.local/lib/python3.12/site-packages/airflow/example_dags/example_branch_operator_decorator.py for tasks to queue
[2026-02-10T02:00:37.756+0000] {logging_mixin.py:188} INFO - [2026-02-10T02:00:37.756+0000] {dagbag.py:540} INFO - Filling up the DagBag from /home/airflow/.local/lib/python3.12/site-packages/airflow/example_dags/example_branch_operator_decorator.py
[2026-02-10T02:00:37.783+0000] {processor.py:840} INFO - DAG(s) 'example_branch_python_operator_decorator' retrieved from /home/airflow/.local/lib/python3.12/site-packages/airflow/example_dags/example_branch_operator_decorator.py
[2026-02-10T02:00:37.885+0000] {logging_mixin.py:188} INFO - [2026-02-10T02:00:37.885+0000] {dag.py:3096} INFO - Sync 1 DAGs
[2026-02-10T02:00:37.903+0000] {logging_mixin.py:188} INFO - [2026-02-10T02:00:37.903+0000] {dag.py:3954} INFO - Setting next_dagrun for example_branch_python_operator_decorator to 2026-02-09 00:00:00+00:00, run_after=2026-02-10 00:00:00+00:00
[2026-02-10T02:00:37.923+0000] {processor.py:183} INFO - Processing /home/airflow/.local/lib/python3.12/site-packages/airflow/example_dags/example_branch_operator_decorator.py took 0.176 seconds
[2026-02-10T02:01:08.328+0000] {processor.py:161} INFO - Started process (PID=165) to work on /home/airflow/.local/lib/python3.12/site-packages/airflow/example_dags/example_branch_operator_decorator.py
[2026-02-10T02:01:08.329+0000] {processor.py:830} INFO - Processing file /home/airflow/.local/lib/python3.12/site-packages/airflow/example_dags/example_branch_operator_decorator.py for tasks to queue
[2026-02-10T02:01:08.331+0000] {logging_mixin.py:188} INFO - [2026-02-10T02:01:08.331+0000] {dagbag.py:540} INFO - Filling up the DagBag from /home/airflow/.local/lib/python3.12/site-packages/airflow/example_dags/example_branch_operator_decorator.py
[2026-02-10T02:01:08.349+0000] {processor.py:840} INFO - DAG(s) 'example_branch_python_operator_decorator' retrieved from /home/airflow/.local/lib/python3.12/site-packages/airflow/example_dags/example_branch_operator_decorator.py
[2026-02-10T02:01:08.375+0000] {logging_mixin.py:188} INFO - [2026-02-10T02:01:08.374+0000] {dag.py:3096} INFO - Sync 1 DAGs
[2026-02-10T02:01:08.397+0000] {logging_mixin.py:188} INFO - [2026-02-10T02:01:08.396+0000] {dag.py:3954} INFO - Setting next_dagrun for example_branch_python_operator_decorator to 2026-02-09 00:00:00+00:00, run_after=2026-02-10 00:00:00+00:00
[2026-02-10T02:01:08.417+0000] {processor.py:183} INFO - Processing /home/airflow/.local/lib/python3.12/site-packages/airflow/example_dags/example_branch_operator_decorator.py took 0.098 seconds
[2026-02-10T02:01:38.692+0000] {processor.py:161} INFO - Started process (PID=219) to work on /home/airflow/.local/lib/python3.12/site-packages/airflow/example_dags/example_branch_operator_decorator.py
[2026-02-10T02:01:38.693+0000] {processor.py:830} INFO - Processing file /home/airflow/.local/lib/python3.12/site-packages/airflow/example_dags/example_branch_operator_decorator.py for tasks to queue
[2026-02-10T02:01:38.695+0000] {logging_mixin.py:188} INFO - [2026-02-10T02:01:38.695+0000] {dagbag.py:540} INFO - Filling up the DagBag from /home/airflow/.local/lib/python3.12/site-packages/airflow/example_dags/example_branch_operator_decorator.py
[2026-02-10T02:01:38.717+0000] {processor.py:840} INFO - DAG(s) 'example_branch_python_operator_decorator' retrieved from /home/airflow/.local/lib/python3.12/site-packages/airflow/example_dags/example_branch_operator_decorator.py
[2026-02-10T02:01:38.744+0000] {logging_mixin.py:188} INFO - [2026-02-10T02:01:38.744+0000] {dag.py:3096} INFO - Sync 1 DAGs
[2026-02-10T02:01:38.767+0000] {logging_mixin.py:188} INFO - [2026-02-10T02:01:38.767+0000] {dag.py:3954} INFO - Setting next_dagrun for example_branch_python_operator_decorator to 2026-02-09 00:00:00+00:00, run_after=2026-02-10 00:00:00+00:00
[2026-02-10T02:01:38.785+0000] {processor.py:183} INFO - Processing /home/airflow/.local/lib/python3.12/site-packages/airflow/example_dags/example_branch_operator_decorator.py took 0.099 seconds
[2026-02-10T02:02:09.118+0000] {processor.py:161} INFO - Started process (PID=273) to work on /home/airflow/.local/lib/python3.12/site-packages/airflow/example_dags/example_branch_operator_decorator.py
[2026-02-10T02:02:09.120+0000] {processor.py:830} INFO - Processing file /home/airflow/.local/lib/python3.12/site-packages/airflow/example_dags/example_branch_operator_decorator.py for tasks to queue
[2026-02-10T02:02:09.122+0000] {logging_mixin.py:188} INFO - [2026-02-10T02:02:09.122+0000] {dagbag.py:540} INFO - Filling up the DagBag from /home/airflow/.local/lib/python3.12/site-packages/airflow/example_dags/example_branch_operator_decorator.py
[2026-02-10T02:02:09.145+0000] {processor.py:840} INFO - DAG(s) 'example_branch_python_operator_decorator' retrieved from /home/airflow/.local/lib/python3.12/site-packages/airflow/example_dags/example_branch_operator_decorator.py
[2026-02-10T02:02:09.172+0000] {logging_mixin.py:188} INFO - [2026-02-10T02:02:09.172+0000] {dag.py:3096} INFO - Sync 1 DAGs
[2026-02-10T02:02:09.199+0000] {logging_mixin.py:188} INFO - [2026-02-10T02:02:09.198+0000] {dag.py:3954} INFO - Setting next_dagrun for example_branch_python_operator_decorator to 2026-02-09 00:00:00+00:00, run_after=2026-02-10 00:00:00+00:00
[2026-02-10T02:02:09.221+0000] {processor.py:183} INFO - Processing /home/airflow/.local/lib/python3.12/site-packages/airflow/example_dags/example_branch_operator_decorator.py took 0.109 seconds
[2026-02-10T02:02:39.596+0000] {processor.py:161} INFO - Started process (PID=327) to work on /home/airflow/.local/lib/python3.12/site-packages/airflow/example_dags/example_branch_operator_decorator.py
[2026-02-10T02:02:39.598+0000] {processor.py:830} INFO - Processing file /home/airflow/.local/lib/python3.12/site-packages/airflow/example_dags/example_branch_operator_decorator.py for tasks to queue
[2026-02-10T02:02:39.600+0000] {logging_mixin.py:188} INFO - [2026-02-10T02:02:39.599+0000] {dagbag.py:540} INFO - Filling up the DagBag from /home/airflow/.local/lib/python3.12/site-packages/airflow/example_dags/example_branch_operator_decorator.py
[2026-02-10T02:02:39.619+0000] {processor.py:840} INFO - DAG(s) 'example_branch_python_operator_decorator' retrieved from /home/airflow/.local/lib/python3.12/site-packages/airflow/example_dags/example_branch_operator_decorator.py
[2026-02-10T02:02:39.651+0000] {logging_mixin.py:188} INFO - [2026-02-10T02:02:39.650+0000] {dag.py:3096} INFO - Sync 1 DAGs
[2026-02-10T02:02:39.673+0000] {logging_mixin.py:188} INFO - [2026-02-10T02:02:39.673+0000] {dag.py:3954} INFO - Setting next_dagrun for example_branch_python_operator_decorator to 2026-02-09 00:00:00+00:00, run_after=2026-02-10 00:00:00+00:00
[2026-02-10T02:02:39.697+0000] {processor.py:183} INFO - Processing /home/airflow/.local/lib/python3.12/site-packages/airflow/example_dags/example_branch_operator_decorator.py took 0.107 seconds
[2026-02-10T02:03:10.031+0000] {processor.py:161} INFO - Started process (PID=381) to work on /home/airflow/.local/lib/python3.12/site-packages/airflow/example_dags/example_branch_operator_decorator.py
[2026-02-10T02:03:10.032+0000] {processor.py:830} INFO - Processing file /home/airflow/.local/lib/python3.12/site-packages/airflow/example_dags/example_branch_operator_decorator.py for tasks to queue
[2026-02-10T02:03:10.034+0000] {logging_mixin.py:188} INFO - [2026-02-10T02:03:10.034+0000] {dagbag.py:540} INFO - Filling up the DagBag from /home/airflow/.local/lib/python3.12/site-packages/airflow/example_dags/example_branch_operator_decorator.py
[2026-02-10T02:03:10.057+0000] {processor.py:840} INFO - DAG(s) 'example_branch_python_operator_decorator' retrieved from /home/airflow/.local/lib/python3.12/site-packages/airflow/example_dags/example_branch_operator_decorator.py
[2026-02-10T02:03:10.089+0000] {logging_mixin.py:188} INFO - [2026-02-10T02:03:10.088+0000] {dag.py:3096} INFO - Sync 1 DAGs
[2026-02-10T02:03:10.114+0000] {logging_mixin.py:188} INFO - [2026-02-10T02:03:10.114+0000] {dag.py:3954} INFO - Setting next_dagrun for example_branch_python_operator_decorator to 2026-02-09 00:00:00+00:00, run_after=2026-02-10 00:00:00+00:00
[2026-02-10T02:03:10.139+0000] {processor.py:183} INFO - Processing /home/airflow/.local/lib/python3.12/site-packages/airflow/example_dags/example_branch_operator_decorator.py took 0.114 seconds
[2026-02-10T02:03:40.650+0000] {processor.py:161} INFO - Started process (PID=435) to work on /home/airflow/.local/lib/python3.12/site-packages/airflow/example_dags/example_branch_operator_decorator.py
[2026-02-10T02:03:40.651+0000] {processor.py:830} INFO - Processing file /home/airflow/.local/lib/python3.12/site-packages/airflow/example_dags/example_branch_operator_decorator.py for tasks to queue
[2026-02-10T02:03:40.654+0000] {logging_mixin.py:188} INFO - [2026-02-10T02:03:40.653+0000] {dagbag.py:540} INFO - Filling up the DagBag from /home/airflow/.local/lib/python3.12/site-packages/airflow/example_dags/example_branch_operator_decorator.py
[2026-02-10T02:03:40.677+0000] {processor.py:840} INFO - DAG(s) 'example_branch_python_operator_decorator' retrieved from /home/airflow/.local/lib/python3.12/site-packages/airflow/example_dags/example_branch_operator_decorator.py
[2026-02-10T02:03:40.706+0000] {logging_mixin.py:188} INFO - [2026-02-10T02:03:40.706+0000] {dag.py:3096} INFO - Sync 1 DAGs
[2026-02-10T02:03:40.733+0000] {logging_mixin.py:188} INFO - [2026-02-10T02:03:40.732+0000] {dag.py:3954} INFO - Setting next_dagrun for example_branch_python_operator_decorator to 2026-02-09 00:00:00+00:00, run_after=2026-02-10 00:00:00+00:00
[2026-02-10T02:03:40.750+0000] {processor.py:183} INFO - Processing /home/airflow/.local/lib/python3.12/site-packages/airflow/example_dags/example_branch_operator_decorator.py took 0.107 seconds
[2026-02-10T02:04:11.141+0000] {processor.py:161} INFO - Started process (PID=489) to work on /home/airflow/.local/lib/python3.12/site-packages/airflow/example_dags/example_branch_operator_decorator.py
[2026-02-10T02:04:11.143+0000] {processor.py:830} INFO - Processing file /home/airflow/.local/lib/python3.12/site-packages/airflow/example_dags/example_branch_operator_decorator.py for tasks to queue
[2026-02-10T02:04:11.145+0000] {logging_mixin.py:188} INFO - [2026-02-10T02:04:11.144+0000] {dagbag.py:540} INFO - Filling up the DagBag from /home/airflow/.local/lib/python3.12/site-packages/airflow/example_dags/example_branch_operator_decorator.py
[2026-02-10T02:04:11.163+0000] {processor.py:840} INFO - DAG(s) 'example_branch_python_operator_decorator' retrieved from /home/airflow/.local/lib/python3.12/site-packages/airflow/example_dags/example_branch_operator_decorator.py
[2026-02-10T02:04:11.192+0000] {logging_mixin.py:188} INFO - [2026-02-10T02:04:11.192+0000] {dag.py:3096} INFO - Sync 1 DAGs
[2026-02-10T02:04:11.212+0000] {logging_mixin.py:188} INFO - [2026-02-10T02:04:11.212+0000] {dag.py:3954} INFO - Setting next_dagrun for example_branch_python_operator_decorator to 2026-02-09 00:00:00+00:00, run_after=2026-02-10 00:00:00+00:00
[2026-02-10T02:04:11.233+0000] {processor.py:183} INFO - Processing /home/airflow/.local/lib/python3.12/site-packages/airflow/example_dags/example_branch_operator_decorator.py took 0.097 seconds
[2026-02-10T02:07:49.134+0000] {processor.py:161} INFO - Started process (PID=58) to work on /home/airflow/.local/lib/python3.12/site-packages/airflow/example_dags/example_branch_operator_decorator.py
[2026-02-10T02:07:49.150+0000] {processor.py:830} INFO - Processing file /home/airflow/.local/lib/python3.12/site-packages/airflow/example_dags/example_branch_operator_decorator.py for tasks to queue
[2026-02-10T02:07:49.173+0000] {logging_mixin.py:188} INFO - [2026-02-10T02:07:49.172+0000] {dagbag.py:540} INFO - Filling up the DagBag from /home/airflow/.local/lib/python3.12/site-packages/airflow/example_dags/example_branch_operator_decorator.py
[2026-02-10T02:07:49.298+0000] {processor.py:840} INFO - DAG(s) 'example_branch_python_operator_decorator' retrieved from /home/airflow/.local/lib/python3.12/site-packages/airflow/example_dags/example_branch_operator_decorator.py
[2026-02-10T02:07:49.348+0000] {logging_mixin.py:188} INFO - [2026-02-10T02:07:49.346+0000] {dag.py:3096} INFO - Sync 1 DAGs
[2026-02-10T02:07:49.442+0000] {logging_mixin.py:188} INFO - [2026-02-10T02:07:49.441+0000] {dag.py:3954} INFO - Setting next_dagrun for example_branch_python_operator_decorator to 2026-02-09 00:00:00+00:00, run_after=2026-02-10 00:00:00+00:00
[2026-02-10T02:07:49.566+0000] {processor.py:183} INFO - Processing /home/airflow/.local/lib/python3.12/site-packages/airflow/example_dags/example_branch_operator_decorator.py took 0.491 seconds
[2026-02-10T02:08:20.230+0000] {processor.py:161} INFO - Started process (PID=112) to work on /home/airflow/.local/lib/python3.12/site-packages/airflow/example_dags/example_branch_operator_decorator.py
[2026-02-10T02:08:20.232+0000] {processor.py:830} INFO - Processing file /home/airflow/.local/lib/python3.12/site-packages/airflow/example_dags/example_branch_operator_decorator.py for tasks to queue
[2026-02-10T02:08:20.235+0000] {logging_mixin.py:188} INFO - [2026-02-10T02:08:20.234+0000] {dagbag.py:540} INFO - Filling up the DagBag from /home/airflow/.local/lib/python3.12/site-packages/airflow/example_dags/example_branch_operator_decorator.py
[2026-02-10T02:08:20.264+0000] {processor.py:840} INFO - DAG(s) 'example_branch_python_operator_decorator' retrieved from /home/airflow/.local/lib/python3.12/site-packages/airflow/example_dags/example_branch_operator_decorator.py
[2026-02-10T02:08:20.402+0000] {logging_mixin.py:188} INFO - [2026-02-10T02:08:20.402+0000] {dag.py:3096} INFO - Sync 1 DAGs
[2026-02-10T02:08:20.428+0000] {logging_mixin.py:188} INFO - [2026-02-10T02:08:20.427+0000] {dag.py:3954} INFO - Setting next_dagrun for example_branch_python_operator_decorator to 2026-02-09 00:00:00+00:00, run_after=2026-02-10 00:00:00+00:00
[2026-02-10T02:08:20.454+0000] {processor.py:183} INFO - Processing /home/airflow/.local/lib/python3.12/site-packages/airflow/example_dags/example_branch_operator_decorator.py took 0.231 seconds
[2026-02-10T02:08:51.361+0000] {processor.py:161} INFO - Started process (PID=166) to work on /home/airflow/.local/lib/python3.12/site-packages/airflow/example_dags/example_branch_operator_decorator.py
[2026-02-10T02:08:51.362+0000] {processor.py:830} INFO - Processing file /home/airflow/.local/lib/python3.12/site-packages/airflow/example_dags/example_branch_operator_decorator.py for tasks to queue
[2026-02-10T02:08:51.364+0000] {logging_mixin.py:188} INFO - [2026-02-10T02:08:51.363+0000] {dagbag.py:540} INFO - Filling up the DagBag from /home/airflow/.local/lib/python3.12/site-packages/airflow/example_dags/example_branch_operator_decorator.py
[2026-02-10T02:08:51.383+0000] {processor.py:840} INFO - DAG(s) 'example_branch_python_operator_decorator' retrieved from /home/airflow/.local/lib/python3.12/site-packages/airflow/example_dags/example_branch_operator_decorator.py
[2026-02-10T02:08:51.417+0000] {logging_mixin.py:188} INFO - [2026-02-10T02:08:51.416+0000] {dag.py:3096} INFO - Sync 1 DAGs
[2026-02-10T02:08:51.443+0000] {logging_mixin.py:188} INFO - [2026-02-10T02:08:51.443+0000] {dag.py:3954} INFO - Setting next_dagrun for example_branch_python_operator_decorator to 2026-02-09 00:00:00+00:00, run_after=2026-02-10 00:00:00+00:00
[2026-02-10T02:08:51.468+0000] {processor.py:183} INFO - Processing /home/airflow/.local/lib/python3.12/site-packages/airflow/example_dags/example_branch_operator_decorator.py took 0.112 seconds
[2026-02-10T02:09:21.684+0000] {processor.py:161} INFO - Started process (PID=220) to work on /home/airflow/.local/lib/python3.12/site-packages/airflow/example_dags/example_branch_operator_decorator.py
[2026-02-10T02:09:21.687+0000] {processor.py:830} INFO - Processing file /home/airflow/.local/lib/python3.12/site-packages/airflow/example_dags/example_branch_operator_decorator.py for tasks to queue
[2026-02-10T02:09:21.689+0000] {logging_mixin.py:188} INFO - [2026-02-10T02:09:21.688+0000] {dagbag.py:540} INFO - Filling up the DagBag from /home/airflow/.local/lib/python3.12/site-packages/airflow/example_dags/example_branch_operator_decorator.py
[2026-02-10T02:09:21.712+0000] {processor.py:840} INFO - DAG(s) 'example_branch_python_operator_decorator' retrieved from /home/airflow/.local/lib/python3.12/site-packages/airflow/example_dags/example_branch_operator_decorator.py
[2026-02-10T02:09:21.749+0000] {logging_mixin.py:188} INFO - [2026-02-10T02:09:21.749+0000] {dag.py:3096} INFO - Sync 1 DAGs
[2026-02-10T02:09:21.775+0000] {logging_mixin.py:188} INFO - [2026-02-10T02:09:21.774+0000] {dag.py:3954} INFO - Setting next_dagrun for example_branch_python_operator_decorator to 2026-02-09 00:00:00+00:00, run_after=2026-02-10 00:00:00+00:00
[2026-02-10T02:09:21.795+0000] {processor.py:183} INFO - Processing /home/airflow/.local/lib/python3.12/site-packages/airflow/example_dags/example_branch_operator_decorator.py took 0.116 seconds
[2026-02-10T02:09:52.105+0000] {processor.py:161} INFO - Started process (PID=274) to work on /home/airflow/.local/lib/python3.12/site-packages/airflow/example_dags/example_branch_operator_decorator.py
[2026-02-10T02:09:52.106+0000] {processor.py:830} INFO - Processing file /home/airflow/.local/lib/python3.12/site-packages/airflow/example_dags/example_branch_operator_decorator.py for tasks to queue
[2026-02-10T02:09:52.108+0000] {logging_mixin.py:188} INFO - [2026-02-10T02:09:52.108+0000] {dagbag.py:540} INFO - Filling up the DagBag from /home/airflow/.local/lib/python3.12/site-packages/airflow/example_dags/example_branch_operator_decorator.py
[2026-02-10T02:09:52.133+0000] {processor.py:840} INFO - DAG(s) 'example_branch_python_operator_decorator' retrieved from /home/airflow/.local/lib/python3.12/site-packages/airflow/example_dags/example_branch_operator_decorator.py
[2026-02-10T02:09:52.163+0000] {logging_mixin.py:188} INFO - [2026-02-10T02:09:52.162+0000] {dag.py:3096} INFO - Sync 1 DAGs
[2026-02-10T02:09:52.186+0000] {logging_mixin.py:188} INFO - [2026-02-10T02:09:52.185+0000] {dag.py:3954} INFO - Setting next_dagrun for example_branch_python_operator_decorator to 2026-02-09 00:00:00+00:00, run_after=2026-02-10 00:00:00+00:00
[2026-02-10T02:09:52.220+0000] {processor.py:183} INFO - Processing /home/airflow/.local/lib/python3.12/site-packages/airflow/example_dags/example_branch_operator_decorator.py took 0.120 seconds
[2026-02-10T02:10:22.740+0000] {processor.py:161} INFO - Started process (PID=328) to work on /home/airflow/.local/lib/python3.12/site-packages/airflow/example_dags/example_branch_operator_decorator.py
[2026-02-10T02:10:22.741+0000] {processor.py:830} INFO - Processing file /home/airflow/.local/lib/python3.12/site-packages/airflow/example_dags/example_branch_operator_decorator.py for tasks to queue
[2026-02-10T02:10:22.743+0000] {logging_mixin.py:188} INFO - [2026-02-10T02:10:22.743+0000] {dagbag.py:540} INFO - Filling up the DagBag from /home/airflow/.local/lib/python3.12/site-packages/airflow/example_dags/example_branch_operator_decorator.py
[2026-02-10T02:10:22.761+0000] {processor.py:840} INFO - DAG(s) 'example_branch_python_operator_decorator' retrieved from /home/airflow/.local/lib/python3.12/site-packages/airflow/example_dags/example_branch_operator_decorator.py
[2026-02-10T02:10:22.788+0000] {logging_mixin.py:188} INFO - [2026-02-10T02:10:22.788+0000] {dag.py:3096} INFO - Sync 1 DAGs
[2026-02-10T02:10:22.814+0000] {logging_mixin.py:188} INFO - [2026-02-10T02:10:22.814+0000] {dag.py:3954} INFO - Setting next_dagrun for example_branch_python_operator_decorator to 2026-02-09 00:00:00+00:00, run_after=2026-02-10 00:00:00+00:00
[2026-02-10T02:10:22.834+0000] {processor.py:183} INFO - Processing /home/airflow/.local/lib/python3.12/site-packages/airflow/example_dags/example_branch_operator_decorator.py took 0.100 seconds
[2026-02-10T02:10:52.983+0000] {processor.py:161} INFO - Started process (PID=382) to work on /home/airflow/.local/lib/python3.12/site-packages/airflow/example_dags/example_branch_operator_decorator.py
[2026-02-10T02:10:52.984+0000] {processor.py:830} INFO - Processing file /home/airflow/.local/lib/python3.12/site-packages/airflow/example_dags/example_branch_operator_decorator.py for tasks to queue
[2026-02-10T02:10:52.986+0000] {logging_mixin.py:188} INFO - [2026-02-10T02:10:52.985+0000] {dagbag.py:540} INFO - Filling up the DagBag from /home/airflow/.local/lib/python3.12/site-packages/airflow/example_dags/example_branch_operator_decorator.py
[2026-02-10T02:10:53.003+0000] {processor.py:840} INFO - DAG(s) 'example_branch_python_operator_decorator' retrieved from /home/airflow/.local/lib/python3.12/site-packages/airflow/example_dags/example_branch_operator_decorator.py
[2026-02-10T02:10:53.031+0000] {logging_mixin.py:188} INFO - [2026-02-10T02:10:53.031+0000] {dag.py:3096} INFO - Sync 1 DAGs
[2026-02-10T02:10:53.051+0000] {logging_mixin.py:188} INFO - [2026-02-10T02:10:53.051+0000] {dag.py:3954} INFO - Setting next_dagrun for example_branch_python_operator_decorator to 2026-02-09 00:00:00+00:00, run_after=2026-02-10 00:00:00+00:00
[2026-02-10T02:10:53.072+0000] {processor.py:183} INFO - Processing /home/airflow/.local/lib/python3.12/site-packages/airflow/example_dags/example_branch_operator_decorator.py took 0.094 seconds
[2026-02-10T02:16:24.328+0000] {processor.py:161} INFO - Started process (PID=58) to work on /home/airflow/.local/lib/python3.12/site-packages/airflow/example_dags/example_branch_operator_decorator.py
[2026-02-10T02:16:24.331+0000] {processor.py:830} INFO - Processing file /home/airflow/.local/lib/python3.12/site-packages/airflow/example_dags/example_branch_operator_decorator.py for tasks to queue
[2026-02-10T02:16:24.355+0000] {logging_mixin.py:188} INFO - [2026-02-10T02:16:24.354+0000] {dagbag.py:540} INFO - Filling up the DagBag from /home/airflow/.local/lib/python3.12/site-packages/airflow/example_dags/example_branch_operator_decorator.py
[2026-02-10T02:16:24.442+0000] {processor.py:840} INFO - DAG(s) 'example_branch_python_operator_decorator' retrieved from /home/airflow/.local/lib/python3.12/site-packages/airflow/example_dags/example_branch_operator_decorator.py
[2026-02-10T02:16:24.486+0000] {logging_mixin.py:188} INFO - [2026-02-10T02:16:24.486+0000] {dag.py:3096} INFO - Sync 1 DAGs
[2026-02-10T02:16:24.582+0000] {logging_mixin.py:188} INFO - [2026-02-10T02:16:24.578+0000] {dag.py:3954} INFO - Setting next_dagrun for example_branch_python_operator_decorator to 2026-02-09 00:00:00+00:00, run_after=2026-02-10 00:00:00+00:00
[2026-02-10T02:16:24.630+0000] {processor.py:183} INFO - Processing /home/airflow/.local/lib/python3.12/site-packages/airflow/example_dags/example_branch_operator_decorator.py took 0.357 seconds
[2026-02-10T02:16:55.707+0000] {processor.py:161} INFO - Started process (PID=112) to work on /home/airflow/.local/lib/python3.12/site-packages/airflow/example_dags/example_branch_operator_decorator.py
[2026-02-10T02:16:55.708+0000] {processor.py:830} INFO - Processing file /home/airflow/.local/lib/python3.12/site-packages/airflow/example_dags/example_branch_operator_decorator.py for tasks to queue
[2026-02-10T02:16:55.712+0000] {logging_mixin.py:188} INFO - [2026-02-10T02:16:55.711+0000] {dagbag.py:540} INFO - Filling up the DagBag from /home/airflow/.local/lib/python3.12/site-packages/airflow/example_dags/example_branch_operator_decorator.py
[2026-02-10T02:16:55.744+0000] {processor.py:840} INFO - DAG(s) 'example_branch_python_operator_decorator' retrieved from /home/airflow/.local/lib/python3.12/site-packages/airflow/example_dags/example_branch_operator_decorator.py
[2026-02-10T02:16:55.874+0000] {logging_mixin.py:188} INFO - [2026-02-10T02:16:55.874+0000] {dag.py:3096} INFO - Sync 1 DAGs
[2026-02-10T02:16:55.903+0000] {logging_mixin.py:188} INFO - [2026-02-10T02:16:55.903+0000] {dag.py:3954} INFO - Setting next_dagrun for example_branch_python_operator_decorator to 2026-02-09 00:00:00+00:00, run_after=2026-02-10 00:00:00+00:00
[2026-02-10T02:16:55.929+0000] {processor.py:183} INFO - Processing /home/airflow/.local/lib/python3.12/site-packages/airflow/example_dags/example_branch_operator_decorator.py took 0.233 seconds
[2026-02-10T02:17:26.413+0000] {processor.py:161} INFO - Started process (PID=166) to work on /home/airflow/.local/lib/python3.12/site-packages/airflow/example_dags/example_branch_operator_decorator.py
[2026-02-10T02:17:26.414+0000] {processor.py:830} INFO - Processing file /home/airflow/.local/lib/python3.12/site-packages/airflow/example_dags/example_branch_operator_decorator.py for tasks to queue
[2026-02-10T02:17:26.417+0000] {logging_mixin.py:188} INFO - [2026-02-10T02:17:26.416+0000] {dagbag.py:540} INFO - Filling up the DagBag from /home/airflow/.local/lib/python3.12/site-packages/airflow/example_dags/example_branch_operator_decorator.py
[2026-02-10T02:17:26.435+0000] {processor.py:840} INFO - DAG(s) 'example_branch_python_operator_decorator' retrieved from /home/airflow/.local/lib/python3.12/site-packages/airflow/example_dags/example_branch_operator_decorator.py
[2026-02-10T02:17:26.463+0000] {logging_mixin.py:188} INFO - [2026-02-10T02:17:26.462+0000] {dag.py:3096} INFO - Sync 1 DAGs
[2026-02-10T02:17:26.485+0000] {logging_mixin.py:188} INFO - [2026-02-10T02:17:26.485+0000] {dag.py:3954} INFO - Setting next_dagrun for example_branch_python_operator_decorator to 2026-02-09 00:00:00+00:00, run_after=2026-02-10 00:00:00+00:00
[2026-02-10T02:17:26.505+0000] {processor.py:183} INFO - Processing /home/airflow/.local/lib/python3.12/site-packages/airflow/example_dags/example_branch_operator_decorator.py took 0.098 seconds
[2026-02-10T02:17:56.899+0000] {processor.py:161} INFO - Started process (PID=220) to work on /home/airflow/.local/lib/python3.12/site-packages/airflow/example_dags/example_branch_operator_decorator.py
[2026-02-10T02:17:56.900+0000] {processor.py:830} INFO - Processing file /home/airflow/.local/lib/python3.12/site-packages/airflow/example_dags/example_branch_operator_decorator.py for tasks to queue
[2026-02-10T02:17:56.903+0000] {logging_mixin.py:188} INFO - [2026-02-10T02:17:56.902+0000] {dagbag.py:540} INFO - Filling up the DagBag from /home/airflow/.local/lib/python3.12/site-packages/airflow/example_dags/example_branch_operator_decorator.py
[2026-02-10T02:17:56.923+0000] {processor.py:840} INFO - DAG(s) 'example_branch_python_operator_decorator' retrieved from /home/airflow/.local/lib/python3.12/site-packages/airflow/example_dags/example_branch_operator_decorator.py
[2026-02-10T02:17:56.952+0000] {logging_mixin.py:188} INFO - [2026-02-10T02:17:56.951+0000] {dag.py:3096} INFO - Sync 1 DAGs
[2026-02-10T02:17:56.975+0000] {logging_mixin.py:188} INFO - [2026-02-10T02:17:56.975+0000] {dag.py:3954} INFO - Setting next_dagrun for example_branch_python_operator_decorator to 2026-02-09 00:00:00+00:00, run_after=2026-02-10 00:00:00+00:00
[2026-02-10T02:17:56.996+0000] {processor.py:183} INFO - Processing /home/airflow/.local/lib/python3.12/site-packages/airflow/example_dags/example_branch_operator_decorator.py took 0.103 seconds
[2026-02-10T02:18:27.302+0000] {processor.py:161} INFO - Started process (PID=274) to work on /home/airflow/.local/lib/python3.12/site-packages/airflow/example_dags/example_branch_operator_decorator.py
[2026-02-10T02:18:27.303+0000] {processor.py:830} INFO - Processing file /home/airflow/.local/lib/python3.12/site-packages/airflow/example_dags/example_branch_operator_decorator.py for tasks to queue
[2026-02-10T02:18:27.307+0000] {logging_mixin.py:188} INFO - [2026-02-10T02:18:27.306+0000] {dagbag.py:540} INFO - Filling up the DagBag from /home/airflow/.local/lib/python3.12/site-packages/airflow/example_dags/example_branch_operator_decorator.py
[2026-02-10T02:18:27.329+0000] {processor.py:840} INFO - DAG(s) 'example_branch_python_operator_decorator' retrieved from /home/airflow/.local/lib/python3.12/site-packages/airflow/example_dags/example_branch_operator_decorator.py
[2026-02-10T02:18:27.357+0000] {logging_mixin.py:188} INFO - [2026-02-10T02:18:27.357+0000] {dag.py:3096} INFO - Sync 1 DAGs
[2026-02-10T02:18:27.380+0000] {logging_mixin.py:188} INFO - [2026-02-10T02:18:27.380+0000] {dag.py:3954} INFO - Setting next_dagrun for example_branch_python_operator_decorator to 2026-02-09 00:00:00+00:00, run_after=2026-02-10 00:00:00+00:00
[2026-02-10T02:18:27.399+0000] {processor.py:183} INFO - Processing /home/airflow/.local/lib/python3.12/site-packages/airflow/example_dags/example_branch_operator_decorator.py took 0.104 seconds
[2026-02-10T02:18:57.565+0000] {processor.py:161} INFO - Started process (PID=328) to work on /home/airflow/.local/lib/python3.12/site-packages/airflow/example_dags/example_branch_operator_decorator.py
[2026-02-10T02:18:57.567+0000] {processor.py:830} INFO - Processing file /home/airflow/.local/lib/python3.12/site-packages/airflow/example_dags/example_branch_operator_decorator.py for tasks to queue
[2026-02-10T02:18:57.569+0000] {logging_mixin.py:188} INFO - [2026-02-10T02:18:57.569+0000] {dagbag.py:540} INFO - Filling up the DagBag from /home/airflow/.local/lib/python3.12/site-packages/airflow/example_dags/example_branch_operator_decorator.py
[2026-02-10T02:18:57.596+0000] {processor.py:840} INFO - DAG(s) 'example_branch_python_operator_decorator' retrieved from /home/airflow/.local/lib/python3.12/site-packages/airflow/example_dags/example_branch_operator_decorator.py
[2026-02-10T02:18:57.636+0000] {logging_mixin.py:188} INFO - [2026-02-10T02:18:57.635+0000] {dag.py:3096} INFO - Sync 1 DAGs
[2026-02-10T02:18:57.665+0000] {logging_mixin.py:188} INFO - [2026-02-10T02:18:57.664+0000] {dag.py:3954} INFO - Setting next_dagrun for example_branch_python_operator_decorator to 2026-02-09 00:00:00+00:00, run_after=2026-02-10 00:00:00+00:00
[2026-02-10T02:18:57.693+0000] {processor.py:183} INFO - Processing /home/airflow/.local/lib/python3.12/site-packages/airflow/example_dags/example_branch_operator_decorator.py took 0.134 seconds
[2026-02-10T02:19:27.986+0000] {processor.py:161} INFO - Started process (PID=382) to work on /home/airflow/.local/lib/python3.12/site-packages/airflow/example_dags/example_branch_operator_decorator.py
[2026-02-10T02:19:27.988+0000] {processor.py:830} INFO - Processing file /home/airflow/.local/lib/python3.12/site-packages/airflow/example_dags/example_branch_operator_decorator.py for tasks to queue
[2026-02-10T02:19:27.990+0000] {logging_mixin.py:188} INFO - [2026-02-10T02:19:27.990+0000] {dagbag.py:540} INFO - Filling up the DagBag from /home/airflow/.local/lib/python3.12/site-packages/airflow/example_dags/example_branch_operator_decorator.py
[2026-02-10T02:19:28.010+0000] {processor.py:840} INFO - DAG(s) 'example_branch_python_operator_decorator' retrieved from /home/airflow/.local/lib/python3.12/site-packages/airflow/example_dags/example_branch_operator_decorator.py
[2026-02-10T02:19:28.046+0000] {logging_mixin.py:188} INFO - [2026-02-10T02:19:28.046+0000] {dag.py:3096} INFO - Sync 1 DAGs
[2026-02-10T02:19:28.074+0000] {logging_mixin.py:188} INFO - [2026-02-10T02:19:28.074+0000] {dag.py:3954} INFO - Setting next_dagrun for example_branch_python_operator_decorator to 2026-02-09 00:00:00+00:00, run_after=2026-02-10 00:00:00+00:00
[2026-02-10T02:19:28.103+0000] {processor.py:183} INFO - Processing /home/airflow/.local/lib/python3.12/site-packages/airflow/example_dags/example_branch_operator_decorator.py took 0.124 seconds
[2026-02-10T02:19:58.880+0000] {processor.py:161} INFO - Started process (PID=436) to work on /home/airflow/.local/lib/python3.12/site-packages/airflow/example_dags/example_branch_operator_decorator.py
[2026-02-10T02:19:58.881+0000] {processor.py:830} INFO - Processing file /home/airflow/.local/lib/python3.12/site-packages/airflow/example_dags/example_branch_operator_decorator.py for tasks to queue
[2026-02-10T02:19:58.883+0000] {logging_mixin.py:188} INFO - [2026-02-10T02:19:58.883+0000] {dagbag.py:540} INFO - Filling up the DagBag from /home/airflow/.local/lib/python3.12/site-packages/airflow/example_dags/example_branch_operator_decorator.py
[2026-02-10T02:19:58.900+0000] {processor.py:840} INFO - DAG(s) 'example_branch_python_operator_decorator' retrieved from /home/airflow/.local/lib/python3.12/site-packages/airflow/example_dags/example_branch_operator_decorator.py
[2026-02-10T02:19:58.928+0000] {logging_mixin.py:188} INFO - [2026-02-10T02:19:58.928+0000] {dag.py:3096} INFO - Sync 1 DAGs
[2026-02-10T02:19:58.947+0000] {logging_mixin.py:188} INFO - [2026-02-10T02:19:58.947+0000] {dag.py:3954} INFO - Setting next_dagrun for example_branch_python_operator_decorator to 2026-02-09 00:00:00+00:00, run_after=2026-02-10 00:00:00+00:00
[2026-02-10T02:19:58.966+0000] {processor.py:183} INFO - Processing /home/airflow/.local/lib/python3.12/site-packages/airflow/example_dags/example_branch_operator_decorator.py took 0.092 seconds
[2026-02-10T02:20:29.932+0000] {processor.py:161} INFO - Started process (PID=490) to work on /home/airflow/.local/lib/python3.12/site-packages/airflow/example_dags/example_branch_operator_decorator.py
[2026-02-10T02:20:29.933+0000] {processor.py:830} INFO - Processing file /home/airflow/.local/lib/python3.12/site-packages/airflow/example_dags/example_branch_operator_decorator.py for tasks to queue
[2026-02-10T02:20:29.935+0000] {logging_mixin.py:188} INFO - [2026-02-10T02:20:29.935+0000] {dagbag.py:540} INFO - Filling up the DagBag from /home/airflow/.local/lib/python3.12/site-packages/airflow/example_dags/example_branch_operator_decorator.py
[2026-02-10T02:20:29.953+0000] {processor.py:840} INFO - DAG(s) 'example_branch_python_operator_decorator' retrieved from /home/airflow/.local/lib/python3.12/site-packages/airflow/example_dags/example_branch_operator_decorator.py
[2026-02-10T02:20:29.979+0000] {logging_mixin.py:188} INFO - [2026-02-10T02:20:29.979+0000] {dag.py:3096} INFO - Sync 1 DAGs
[2026-02-10T02:20:29.999+0000] {logging_mixin.py:188} INFO - [2026-02-10T02:20:29.999+0000] {dag.py:3954} INFO - Setting next_dagrun for example_branch_python_operator_decorator to 2026-02-09 00:00:00+00:00, run_after=2026-02-10 00:00:00+00:00
[2026-02-10T02:20:30.018+0000] {processor.py:183} INFO - Processing /home/airflow/.local/lib/python3.12/site-packages/airflow/example_dags/example_branch_operator_decorator.py took 0.093 seconds
[2026-02-10T02:21:00.984+0000] {processor.py:161} INFO - Started process (PID=544) to work on /home/airflow/.local/lib/python3.12/site-packages/airflow/example_dags/example_branch_operator_decorator.py
[2026-02-10T02:21:00.985+0000] {processor.py:830} INFO - Processing file /home/airflow/.local/lib/python3.12/site-packages/airflow/example_dags/example_branch_operator_decorator.py for tasks to queue
[2026-02-10T02:21:00.988+0000] {logging_mixin.py:188} INFO - [2026-02-10T02:21:00.988+0000] {dagbag.py:540} INFO - Filling up the DagBag from /home/airflow/.local/lib/python3.12/site-packages/airflow/example_dags/example_branch_operator_decorator.py
[2026-02-10T02:21:01.011+0000] {processor.py:840} INFO - DAG(s) 'example_branch_python_operator_decorator' retrieved from /home/airflow/.local/lib/python3.12/site-packages/airflow/example_dags/example_branch_operator_decorator.py
[2026-02-10T02:21:01.041+0000] {logging_mixin.py:188} INFO - [2026-02-10T02:21:01.040+0000] {dag.py:3096} INFO - Sync 1 DAGs
[2026-02-10T02:21:01.066+0000] {logging_mixin.py:188} INFO - [2026-02-10T02:21:01.066+0000] {dag.py:3954} INFO - Setting next_dagrun for example_branch_python_operator_decorator to 2026-02-09 00:00:00+00:00, run_after=2026-02-10 00:00:00+00:00
[2026-02-10T02:21:01.090+0000] {processor.py:183} INFO - Processing /home/airflow/.local/lib/python3.12/site-packages/airflow/example_dags/example_branch_operator_decorator.py took 0.112 seconds
[2026-02-10T02:21:31.160+0000] {processor.py:161} INFO - Started process (PID=597) to work on /home/airflow/.local/lib/python3.12/site-packages/airflow/example_dags/example_branch_operator_decorator.py
[2026-02-10T02:21:31.161+0000] {processor.py:830} INFO - Processing file /home/airflow/.local/lib/python3.12/site-packages/airflow/example_dags/example_branch_operator_decorator.py for tasks to queue
[2026-02-10T02:21:31.163+0000] {logging_mixin.py:188} INFO - [2026-02-10T02:21:31.163+0000] {dagbag.py:540} INFO - Filling up the DagBag from /home/airflow/.local/lib/python3.12/site-packages/airflow/example_dags/example_branch_operator_decorator.py
[2026-02-10T02:21:31.179+0000] {processor.py:840} INFO - DAG(s) 'example_branch_python_operator_decorator' retrieved from /home/airflow/.local/lib/python3.12/site-packages/airflow/example_dags/example_branch_operator_decorator.py
[2026-02-10T02:21:31.206+0000] {logging_mixin.py:188} INFO - [2026-02-10T02:21:31.205+0000] {dag.py:3096} INFO - Sync 1 DAGs
[2026-02-10T02:21:31.225+0000] {logging_mixin.py:188} INFO - [2026-02-10T02:21:31.225+0000] {dag.py:3954} INFO - Setting next_dagrun for example_branch_python_operator_decorator to 2026-02-09 00:00:00+00:00, run_after=2026-02-10 00:00:00+00:00
[2026-02-10T02:21:31.244+0000] {processor.py:183} INFO - Processing /home/airflow/.local/lib/python3.12/site-packages/airflow/example_dags/example_branch_operator_decorator.py took 0.091 seconds
[2026-02-10T02:22:01.387+0000] {processor.py:161} INFO - Started process (PID=651) to work on /home/airflow/.local/lib/python3.12/site-packages/airflow/example_dags/example_branch_operator_decorator.py
[2026-02-10T02:22:01.388+0000] {processor.py:830} INFO - Processing file /home/airflow/.local/lib/python3.12/site-packages/airflow/example_dags/example_branch_operator_decorator.py for tasks to queue
[2026-02-10T02:22:01.390+0000] {logging_mixin.py:188} INFO - [2026-02-10T02:22:01.389+0000] {dagbag.py:540} INFO - Filling up the DagBag from /home/airflow/.local/lib/python3.12/site-packages/airflow/example_dags/example_branch_operator_decorator.py
[2026-02-10T02:22:01.407+0000] {processor.py:840} INFO - DAG(s) 'example_branch_python_operator_decorator' retrieved from /home/airflow/.local/lib/python3.12/site-packages/airflow/example_dags/example_branch_operator_decorator.py
[2026-02-10T02:22:01.432+0000] {logging_mixin.py:188} INFO - [2026-02-10T02:22:01.432+0000] {dag.py:3096} INFO - Sync 1 DAGs
[2026-02-10T02:22:01.452+0000] {logging_mixin.py:188} INFO - [2026-02-10T02:22:01.452+0000] {dag.py:3954} INFO - Setting next_dagrun for example_branch_python_operator_decorator to 2026-02-09 00:00:00+00:00, run_after=2026-02-10 00:00:00+00:00
[2026-02-10T02:22:01.471+0000] {processor.py:183} INFO - Processing /home/airflow/.local/lib/python3.12/site-packages/airflow/example_dags/example_branch_operator_decorator.py took 0.089 seconds
[2026-02-10T02:22:32.012+0000] {processor.py:161} INFO - Started process (PID=705) to work on /home/airflow/.local/lib/python3.12/site-packages/airflow/example_dags/example_branch_operator_decorator.py
[2026-02-10T02:22:32.013+0000] {processor.py:830} INFO - Processing file /home/airflow/.local/lib/python3.12/site-packages/airflow/example_dags/example_branch_operator_decorator.py for tasks to queue
[2026-02-10T02:22:32.015+0000] {logging_mixin.py:188} INFO - [2026-02-10T02:22:32.015+0000] {dagbag.py:540} INFO - Filling up the DagBag from /home/airflow/.local/lib/python3.12/site-packages/airflow/example_dags/example_branch_operator_decorator.py
[2026-02-10T02:22:32.039+0000] {processor.py:840} INFO - DAG(s) 'example_branch_python_operator_decorator' retrieved from /home/airflow/.local/lib/python3.12/site-packages/airflow/example_dags/example_branch_operator_decorator.py
[2026-02-10T02:22:32.080+0000] {logging_mixin.py:188} INFO - [2026-02-10T02:22:32.079+0000] {dag.py:3096} INFO - Sync 1 DAGs
[2026-02-10T02:22:32.128+0000] {logging_mixin.py:188} INFO - [2026-02-10T02:22:32.128+0000] {dag.py:3954} INFO - Setting next_dagrun for example_branch_python_operator_decorator to 2026-02-09 00:00:00+00:00, run_after=2026-02-10 00:00:00+00:00
[2026-02-10T02:22:32.155+0000] {processor.py:183} INFO - Processing /home/airflow/.local/lib/python3.12/site-packages/airflow/example_dags/example_branch_operator_decorator.py took 0.149 seconds
[2026-02-10T02:23:02.623+0000] {processor.py:161} INFO - Started process (PID=759) to work on /home/airflow/.local/lib/python3.12/site-packages/airflow/example_dags/example_branch_operator_decorator.py
[2026-02-10T02:23:02.624+0000] {processor.py:830} INFO - Processing file /home/airflow/.local/lib/python3.12/site-packages/airflow/example_dags/example_branch_operator_decorator.py for tasks to queue
[2026-02-10T02:23:02.626+0000] {logging_mixin.py:188} INFO - [2026-02-10T02:23:02.626+0000] {dagbag.py:540} INFO - Filling up the DagBag from /home/airflow/.local/lib/python3.12/site-packages/airflow/example_dags/example_branch_operator_decorator.py
[2026-02-10T02:23:02.651+0000] {processor.py:840} INFO - DAG(s) 'example_branch_python_operator_decorator' retrieved from /home/airflow/.local/lib/python3.12/site-packages/airflow/example_dags/example_branch_operator_decorator.py
[2026-02-10T02:23:02.678+0000] {logging_mixin.py:188} INFO - [2026-02-10T02:23:02.678+0000] {dag.py:3096} INFO - Sync 1 DAGs
[2026-02-10T02:23:02.704+0000] {logging_mixin.py:188} INFO - [2026-02-10T02:23:02.703+0000] {dag.py:3954} INFO - Setting next_dagrun for example_branch_python_operator_decorator to 2026-02-09 00:00:00+00:00, run_after=2026-02-10 00:00:00+00:00
[2026-02-10T02:23:02.728+0000] {processor.py:183} INFO - Processing /home/airflow/.local/lib/python3.12/site-packages/airflow/example_dags/example_branch_operator_decorator.py took 0.111 seconds
[2026-02-10T02:23:33.172+0000] {processor.py:161} INFO - Started process (PID=813) to work on /home/airflow/.local/lib/python3.12/site-packages/airflow/example_dags/example_branch_operator_decorator.py
[2026-02-10T02:23:33.173+0000] {processor.py:830} INFO - Processing file /home/airflow/.local/lib/python3.12/site-packages/airflow/example_dags/example_branch_operator_decorator.py for tasks to queue
[2026-02-10T02:23:33.175+0000] {logging_mixin.py:188} INFO - [2026-02-10T02:23:33.175+0000] {dagbag.py:540} INFO - Filling up the DagBag from /home/airflow/.local/lib/python3.12/site-packages/airflow/example_dags/example_branch_operator_decorator.py
[2026-02-10T02:23:33.193+0000] {processor.py:840} INFO - DAG(s) 'example_branch_python_operator_decorator' retrieved from /home/airflow/.local/lib/python3.12/site-packages/airflow/example_dags/example_branch_operator_decorator.py
[2026-02-10T02:23:33.225+0000] {logging_mixin.py:188} INFO - [2026-02-10T02:23:33.225+0000] {dag.py:3096} INFO - Sync 1 DAGs
[2026-02-10T02:23:33.246+0000] {logging_mixin.py:188} INFO - [2026-02-10T02:23:33.246+0000] {dag.py:3954} INFO - Setting next_dagrun for example_branch_python_operator_decorator to 2026-02-09 00:00:00+00:00, run_after=2026-02-10 00:00:00+00:00
[2026-02-10T02:23:33.266+0000] {processor.py:183} INFO - Processing /home/airflow/.local/lib/python3.12/site-packages/airflow/example_dags/example_branch_operator_decorator.py took 0.099 seconds
[2026-02-10T02:24:03.460+0000] {processor.py:161} INFO - Started process (PID=867) to work on /home/airflow/.local/lib/python3.12/site-packages/airflow/example_dags/example_branch_operator_decorator.py
[2026-02-10T02:24:03.462+0000] {processor.py:830} INFO - Processing file /home/airflow/.local/lib/python3.12/site-packages/airflow/example_dags/example_branch_operator_decorator.py for tasks to queue
[2026-02-10T02:24:03.463+0000] {logging_mixin.py:188} INFO - [2026-02-10T02:24:03.463+0000] {dagbag.py:540} INFO - Filling up the DagBag from /home/airflow/.local/lib/python3.12/site-packages/airflow/example_dags/example_branch_operator_decorator.py
[2026-02-10T02:24:03.484+0000] {processor.py:840} INFO - DAG(s) 'example_branch_python_operator_decorator' retrieved from /home/airflow/.local/lib/python3.12/site-packages/airflow/example_dags/example_branch_operator_decorator.py
[2026-02-10T02:24:03.512+0000] {logging_mixin.py:188} INFO - [2026-02-10T02:24:03.511+0000] {dag.py:3096} INFO - Sync 1 DAGs
[2026-02-10T02:24:03.537+0000] {logging_mixin.py:188} INFO - [2026-02-10T02:24:03.537+0000] {dag.py:3954} INFO - Setting next_dagrun for example_branch_python_operator_decorator to 2026-02-09 00:00:00+00:00, run_after=2026-02-10 00:00:00+00:00
[2026-02-10T02:24:03.557+0000] {processor.py:183} INFO - Processing /home/airflow/.local/lib/python3.12/site-packages/airflow/example_dags/example_branch_operator_decorator.py took 0.102 seconds
[2026-02-10T02:24:34.035+0000] {processor.py:161} INFO - Started process (PID=921) to work on /home/airflow/.local/lib/python3.12/site-packages/airflow/example_dags/example_branch_operator_decorator.py
[2026-02-10T02:24:34.036+0000] {processor.py:830} INFO - Processing file /home/airflow/.local/lib/python3.12/site-packages/airflow/example_dags/example_branch_operator_decorator.py for tasks to queue
[2026-02-10T02:24:34.039+0000] {logging_mixin.py:188} INFO - [2026-02-10T02:24:34.039+0000] {dagbag.py:540} INFO - Filling up the DagBag from /home/airflow/.local/lib/python3.12/site-packages/airflow/example_dags/example_branch_operator_decorator.py
[2026-02-10T02:24:34.058+0000] {processor.py:840} INFO - DAG(s) 'example_branch_python_operator_decorator' retrieved from /home/airflow/.local/lib/python3.12/site-packages/airflow/example_dags/example_branch_operator_decorator.py
[2026-02-10T02:24:34.083+0000] {logging_mixin.py:188} INFO - [2026-02-10T02:24:34.083+0000] {dag.py:3096} INFO - Sync 1 DAGs
[2026-02-10T02:24:34.104+0000] {logging_mixin.py:188} INFO - [2026-02-10T02:24:34.104+0000] {dag.py:3954} INFO - Setting next_dagrun for example_branch_python_operator_decorator to 2026-02-09 00:00:00+00:00, run_after=2026-02-10 00:00:00+00:00
[2026-02-10T02:24:34.134+0000] {processor.py:183} INFO - Processing /home/airflow/.local/lib/python3.12/site-packages/airflow/example_dags/example_branch_operator_decorator.py took 0.106 seconds
[2026-02-10T02:25:04.474+0000] {processor.py:161} INFO - Started process (PID=975) to work on /home/airflow/.local/lib/python3.12/site-packages/airflow/example_dags/example_branch_operator_decorator.py
[2026-02-10T02:25:04.475+0000] {processor.py:830} INFO - Processing file /home/airflow/.local/lib/python3.12/site-packages/airflow/example_dags/example_branch_operator_decorator.py for tasks to queue
[2026-02-10T02:25:04.477+0000] {logging_mixin.py:188} INFO - [2026-02-10T02:25:04.477+0000] {dagbag.py:540} INFO - Filling up the DagBag from /home/airflow/.local/lib/python3.12/site-packages/airflow/example_dags/example_branch_operator_decorator.py
[2026-02-10T02:25:04.498+0000] {processor.py:840} INFO - DAG(s) 'example_branch_python_operator_decorator' retrieved from /home/airflow/.local/lib/python3.12/site-packages/airflow/example_dags/example_branch_operator_decorator.py
[2026-02-10T02:25:04.524+0000] {logging_mixin.py:188} INFO - [2026-02-10T02:25:04.524+0000] {dag.py:3096} INFO - Sync 1 DAGs
[2026-02-10T02:25:04.544+0000] {logging_mixin.py:188} INFO - [2026-02-10T02:25:04.544+0000] {dag.py:3954} INFO - Setting next_dagrun for example_branch_python_operator_decorator to 2026-02-09 00:00:00+00:00, run_after=2026-02-10 00:00:00+00:00
[2026-02-10T02:25:04.564+0000] {processor.py:183} INFO - Processing /home/airflow/.local/lib/python3.12/site-packages/airflow/example_dags/example_branch_operator_decorator.py took 0.096 seconds
[2026-02-10T02:25:35.014+0000] {processor.py:161} INFO - Started process (PID=1029) to work on /home/airflow/.local/lib/python3.12/site-packages/airflow/example_dags/example_branch_operator_decorator.py
[2026-02-10T02:25:35.015+0000] {processor.py:830} INFO - Processing file /home/airflow/.local/lib/python3.12/site-packages/airflow/example_dags/example_branch_operator_decorator.py for tasks to queue
[2026-02-10T02:25:35.017+0000] {logging_mixin.py:188} INFO - [2026-02-10T02:25:35.017+0000] {dagbag.py:540} INFO - Filling up the DagBag from /home/airflow/.local/lib/python3.12/site-packages/airflow/example_dags/example_branch_operator_decorator.py
[2026-02-10T02:25:35.036+0000] {processor.py:840} INFO - DAG(s) 'example_branch_python_operator_decorator' retrieved from /home/airflow/.local/lib/python3.12/site-packages/airflow/example_dags/example_branch_operator_decorator.py
[2026-02-10T02:25:35.065+0000] {logging_mixin.py:188} INFO - [2026-02-10T02:25:35.065+0000] {dag.py:3096} INFO - Sync 1 DAGs
[2026-02-10T02:25:35.228+0000] {logging_mixin.py:188} INFO - [2026-02-10T02:25:35.228+0000] {dag.py:3954} INFO - Setting next_dagrun for example_branch_python_operator_decorator to 2026-02-09 00:00:00+00:00, run_after=2026-02-10 00:00:00+00:00
[2026-02-10T02:25:35.248+0000] {processor.py:183} INFO - Processing /home/airflow/.local/lib/python3.12/site-packages/airflow/example_dags/example_branch_operator_decorator.py took 0.241 seconds
[2026-02-10T02:26:05.418+0000] {processor.py:161} INFO - Started process (PID=1083) to work on /home/airflow/.local/lib/python3.12/site-packages/airflow/example_dags/example_branch_operator_decorator.py
[2026-02-10T02:26:05.419+0000] {processor.py:830} INFO - Processing file /home/airflow/.local/lib/python3.12/site-packages/airflow/example_dags/example_branch_operator_decorator.py for tasks to queue
[2026-02-10T02:26:05.422+0000] {logging_mixin.py:188} INFO - [2026-02-10T02:26:05.421+0000] {dagbag.py:540} INFO - Filling up the DagBag from /home/airflow/.local/lib/python3.12/site-packages/airflow/example_dags/example_branch_operator_decorator.py
[2026-02-10T02:26:05.443+0000] {processor.py:840} INFO - DAG(s) 'example_branch_python_operator_decorator' retrieved from /home/airflow/.local/lib/python3.12/site-packages/airflow/example_dags/example_branch_operator_decorator.py
[2026-02-10T02:26:05.471+0000] {logging_mixin.py:188} INFO - [2026-02-10T02:26:05.471+0000] {dag.py:3096} INFO - Sync 1 DAGs
[2026-02-10T02:26:05.494+0000] {logging_mixin.py:188} INFO - [2026-02-10T02:26:05.493+0000] {dag.py:3954} INFO - Setting next_dagrun for example_branch_python_operator_decorator to 2026-02-09 00:00:00+00:00, run_after=2026-02-10 00:00:00+00:00
[2026-02-10T02:26:05.517+0000] {processor.py:183} INFO - Processing /home/airflow/.local/lib/python3.12/site-packages/airflow/example_dags/example_branch_operator_decorator.py took 0.105 seconds
[2026-02-10T02:26:35.934+0000] {processor.py:161} INFO - Started process (PID=1137) to work on /home/airflow/.local/lib/python3.12/site-packages/airflow/example_dags/example_branch_operator_decorator.py
[2026-02-10T02:26:35.935+0000] {processor.py:830} INFO - Processing file /home/airflow/.local/lib/python3.12/site-packages/airflow/example_dags/example_branch_operator_decorator.py for tasks to queue
[2026-02-10T02:26:35.937+0000] {logging_mixin.py:188} INFO - [2026-02-10T02:26:35.936+0000] {dagbag.py:540} INFO - Filling up the DagBag from /home/airflow/.local/lib/python3.12/site-packages/airflow/example_dags/example_branch_operator_decorator.py
[2026-02-10T02:26:35.956+0000] {processor.py:840} INFO - DAG(s) 'example_branch_python_operator_decorator' retrieved from /home/airflow/.local/lib/python3.12/site-packages/airflow/example_dags/example_branch_operator_decorator.py
[2026-02-10T02:26:35.981+0000] {logging_mixin.py:188} INFO - [2026-02-10T02:26:35.981+0000] {dag.py:3096} INFO - Sync 1 DAGs
[2026-02-10T02:26:36.004+0000] {logging_mixin.py:188} INFO - [2026-02-10T02:26:36.004+0000] {dag.py:3954} INFO - Setting next_dagrun for example_branch_python_operator_decorator to 2026-02-09 00:00:00+00:00, run_after=2026-02-10 00:00:00+00:00
[2026-02-10T02:26:36.026+0000] {processor.py:183} INFO - Processing /home/airflow/.local/lib/python3.12/site-packages/airflow/example_dags/example_branch_operator_decorator.py took 0.098 seconds
[2026-02-10T02:27:06.410+0000] {processor.py:161} INFO - Started process (PID=1191) to work on /home/airflow/.local/lib/python3.12/site-packages/airflow/example_dags/example_branch_operator_decorator.py
[2026-02-10T02:27:06.411+0000] {processor.py:830} INFO - Processing file /home/airflow/.local/lib/python3.12/site-packages/airflow/example_dags/example_branch_operator_decorator.py for tasks to queue
[2026-02-10T02:27:06.414+0000] {logging_mixin.py:188} INFO - [2026-02-10T02:27:06.413+0000] {dagbag.py:540} INFO - Filling up the DagBag from /home/airflow/.local/lib/python3.12/site-packages/airflow/example_dags/example_branch_operator_decorator.py
[2026-02-10T02:27:06.431+0000] {processor.py:840} INFO - DAG(s) 'example_branch_python_operator_decorator' retrieved from /home/airflow/.local/lib/python3.12/site-packages/airflow/example_dags/example_branch_operator_decorator.py
[2026-02-10T02:27:06.599+0000] {logging_mixin.py:188} INFO - [2026-02-10T02:27:06.599+0000] {dag.py:3096} INFO - Sync 1 DAGs
[2026-02-10T02:27:06.617+0000] {logging_mixin.py:188} INFO - [2026-02-10T02:27:06.616+0000] {dag.py:3954} INFO - Setting next_dagrun for example_branch_python_operator_decorator to 2026-02-09 00:00:00+00:00, run_after=2026-02-10 00:00:00+00:00
[2026-02-10T02:27:06.634+0000] {processor.py:183} INFO - Processing /home/airflow/.local/lib/python3.12/site-packages/airflow/example_dags/example_branch_operator_decorator.py took 0.230 seconds
[2026-02-10T02:27:37.010+0000] {processor.py:161} INFO - Started process (PID=1245) to work on /home/airflow/.local/lib/python3.12/site-packages/airflow/example_dags/example_branch_operator_decorator.py
[2026-02-10T02:27:37.012+0000] {processor.py:830} INFO - Processing file /home/airflow/.local/lib/python3.12/site-packages/airflow/example_dags/example_branch_operator_decorator.py for tasks to queue
[2026-02-10T02:27:37.014+0000] {logging_mixin.py:188} INFO - [2026-02-10T02:27:37.014+0000] {dagbag.py:540} INFO - Filling up the DagBag from /home/airflow/.local/lib/python3.12/site-packages/airflow/example_dags/example_branch_operator_decorator.py
[2026-02-10T02:27:37.043+0000] {processor.py:840} INFO - DAG(s) 'example_branch_python_operator_decorator' retrieved from /home/airflow/.local/lib/python3.12/site-packages/airflow/example_dags/example_branch_operator_decorator.py
[2026-02-10T02:27:37.079+0000] {logging_mixin.py:188} INFO - [2026-02-10T02:27:37.078+0000] {dag.py:3096} INFO - Sync 1 DAGs
[2026-02-10T02:27:37.273+0000] {logging_mixin.py:188} INFO - [2026-02-10T02:27:37.273+0000] {dag.py:3954} INFO - Setting next_dagrun for example_branch_python_operator_decorator to 2026-02-09 00:00:00+00:00, run_after=2026-02-10 00:00:00+00:00
[2026-02-10T02:27:37.297+0000] {processor.py:183} INFO - Processing /home/airflow/.local/lib/python3.12/site-packages/airflow/example_dags/example_branch_operator_decorator.py took 0.296 seconds
[2026-02-10T02:28:08.119+0000] {processor.py:161} INFO - Started process (PID=1299) to work on /home/airflow/.local/lib/python3.12/site-packages/airflow/example_dags/example_branch_operator_decorator.py
[2026-02-10T02:28:08.119+0000] {processor.py:830} INFO - Processing file /home/airflow/.local/lib/python3.12/site-packages/airflow/example_dags/example_branch_operator_decorator.py for tasks to queue
[2026-02-10T02:28:08.121+0000] {logging_mixin.py:188} INFO - [2026-02-10T02:28:08.121+0000] {dagbag.py:540} INFO - Filling up the DagBag from /home/airflow/.local/lib/python3.12/site-packages/airflow/example_dags/example_branch_operator_decorator.py
[2026-02-10T02:28:08.141+0000] {processor.py:840} INFO - DAG(s) 'example_branch_python_operator_decorator' retrieved from /home/airflow/.local/lib/python3.12/site-packages/airflow/example_dags/example_branch_operator_decorator.py
[2026-02-10T02:28:08.173+0000] {logging_mixin.py:188} INFO - [2026-02-10T02:28:08.173+0000] {dag.py:3096} INFO - Sync 1 DAGs
[2026-02-10T02:28:08.200+0000] {logging_mixin.py:188} INFO - [2026-02-10T02:28:08.199+0000] {dag.py:3954} INFO - Setting next_dagrun for example_branch_python_operator_decorator to 2026-02-09 00:00:00+00:00, run_after=2026-02-10 00:00:00+00:00
[2026-02-10T02:28:08.219+0000] {processor.py:183} INFO - Processing /home/airflow/.local/lib/python3.12/site-packages/airflow/example_dags/example_branch_operator_decorator.py took 0.107 seconds
[2026-02-10T02:28:39.030+0000] {processor.py:161} INFO - Started process (PID=1353) to work on /home/airflow/.local/lib/python3.12/site-packages/airflow/example_dags/example_branch_operator_decorator.py
[2026-02-10T02:28:39.031+0000] {processor.py:830} INFO - Processing file /home/airflow/.local/lib/python3.12/site-packages/airflow/example_dags/example_branch_operator_decorator.py for tasks to queue
[2026-02-10T02:28:39.033+0000] {logging_mixin.py:188} INFO - [2026-02-10T02:28:39.033+0000] {dagbag.py:540} INFO - Filling up the DagBag from /home/airflow/.local/lib/python3.12/site-packages/airflow/example_dags/example_branch_operator_decorator.py
[2026-02-10T02:28:39.059+0000] {processor.py:840} INFO - DAG(s) 'example_branch_python_operator_decorator' retrieved from /home/airflow/.local/lib/python3.12/site-packages/airflow/example_dags/example_branch_operator_decorator.py
[2026-02-10T02:28:39.098+0000] {logging_mixin.py:188} INFO - [2026-02-10T02:28:39.098+0000] {dag.py:3096} INFO - Sync 1 DAGs
[2026-02-10T02:28:39.119+0000] {logging_mixin.py:188} INFO - [2026-02-10T02:28:39.119+0000] {dag.py:3954} INFO - Setting next_dagrun for example_branch_python_operator_decorator to 2026-02-09 00:00:00+00:00, run_after=2026-02-10 00:00:00+00:00
[2026-02-10T02:28:39.137+0000] {processor.py:183} INFO - Processing /home/airflow/.local/lib/python3.12/site-packages/airflow/example_dags/example_branch_operator_decorator.py took 0.112 seconds
[2026-02-10T02:29:09.529+0000] {processor.py:161} INFO - Started process (PID=1407) to work on /home/airflow/.local/lib/python3.12/site-packages/airflow/example_dags/example_branch_operator_decorator.py
[2026-02-10T02:29:09.530+0000] {processor.py:830} INFO - Processing file /home/airflow/.local/lib/python3.12/site-packages/airflow/example_dags/example_branch_operator_decorator.py for tasks to queue
[2026-02-10T02:29:09.533+0000] {logging_mixin.py:188} INFO - [2026-02-10T02:29:09.532+0000] {dagbag.py:540} INFO - Filling up the DagBag from /home/airflow/.local/lib/python3.12/site-packages/airflow/example_dags/example_branch_operator_decorator.py
[2026-02-10T02:29:09.560+0000] {processor.py:840} INFO - DAG(s) 'example_branch_python_operator_decorator' retrieved from /home/airflow/.local/lib/python3.12/site-packages/airflow/example_dags/example_branch_operator_decorator.py
[2026-02-10T02:29:09.596+0000] {logging_mixin.py:188} INFO - [2026-02-10T02:29:09.596+0000] {dag.py:3096} INFO - Sync 1 DAGs
[2026-02-10T02:29:09.624+0000] {logging_mixin.py:188} INFO - [2026-02-10T02:29:09.623+0000] {dag.py:3954} INFO - Setting next_dagrun for example_branch_python_operator_decorator to 2026-02-09 00:00:00+00:00, run_after=2026-02-10 00:00:00+00:00
[2026-02-10T02:29:09.649+0000] {processor.py:183} INFO - Processing /home/airflow/.local/lib/python3.12/site-packages/airflow/example_dags/example_branch_operator_decorator.py took 0.129 seconds
[2026-02-10T02:29:40.241+0000] {processor.py:161} INFO - Started process (PID=1461) to work on /home/airflow/.local/lib/python3.12/site-packages/airflow/example_dags/example_branch_operator_decorator.py
[2026-02-10T02:29:40.242+0000] {processor.py:830} INFO - Processing file /home/airflow/.local/lib/python3.12/site-packages/airflow/example_dags/example_branch_operator_decorator.py for tasks to queue
[2026-02-10T02:29:40.244+0000] {logging_mixin.py:188} INFO - [2026-02-10T02:29:40.244+0000] {dagbag.py:540} INFO - Filling up the DagBag from /home/airflow/.local/lib/python3.12/site-packages/airflow/example_dags/example_branch_operator_decorator.py
[2026-02-10T02:29:40.262+0000] {processor.py:840} INFO - DAG(s) 'example_branch_python_operator_decorator' retrieved from /home/airflow/.local/lib/python3.12/site-packages/airflow/example_dags/example_branch_operator_decorator.py
[2026-02-10T02:29:40.293+0000] {logging_mixin.py:188} INFO - [2026-02-10T02:29:40.292+0000] {dag.py:3096} INFO - Sync 1 DAGs
[2026-02-10T02:29:40.318+0000] {logging_mixin.py:188} INFO - [2026-02-10T02:29:40.318+0000] {dag.py:3954} INFO - Setting next_dagrun for example_branch_python_operator_decorator to 2026-02-09 00:00:00+00:00, run_after=2026-02-10 00:00:00+00:00
[2026-02-10T02:29:40.343+0000] {processor.py:183} INFO - Processing /home/airflow/.local/lib/python3.12/site-packages/airflow/example_dags/example_branch_operator_decorator.py took 0.107 seconds
[2026-02-10T02:30:10.459+0000] {processor.py:161} INFO - Started process (PID=1515) to work on /home/airflow/.local/lib/python3.12/site-packages/airflow/example_dags/example_branch_operator_decorator.py
[2026-02-10T02:30:10.460+0000] {processor.py:830} INFO - Processing file /home/airflow/.local/lib/python3.12/site-packages/airflow/example_dags/example_branch_operator_decorator.py for tasks to queue
[2026-02-10T02:30:10.461+0000] {logging_mixin.py:188} INFO - [2026-02-10T02:30:10.461+0000] {dagbag.py:540} INFO - Filling up the DagBag from /home/airflow/.local/lib/python3.12/site-packages/airflow/example_dags/example_branch_operator_decorator.py
[2026-02-10T02:30:10.480+0000] {processor.py:840} INFO - DAG(s) 'example_branch_python_operator_decorator' retrieved from /home/airflow/.local/lib/python3.12/site-packages/airflow/example_dags/example_branch_operator_decorator.py
[2026-02-10T02:30:10.506+0000] {logging_mixin.py:188} INFO - [2026-02-10T02:30:10.506+0000] {dag.py:3096} INFO - Sync 1 DAGs
[2026-02-10T02:30:10.527+0000] {logging_mixin.py:188} INFO - [2026-02-10T02:30:10.527+0000] {dag.py:3954} INFO - Setting next_dagrun for example_branch_python_operator_decorator to 2026-02-09 00:00:00+00:00, run_after=2026-02-10 00:00:00+00:00
[2026-02-10T02:30:10.557+0000] {processor.py:183} INFO - Processing /home/airflow/.local/lib/python3.12/site-packages/airflow/example_dags/example_branch_operator_decorator.py took 0.104 seconds
[2026-02-10T02:30:40.962+0000] {processor.py:161} INFO - Started process (PID=1569) to work on /home/airflow/.local/lib/python3.12/site-packages/airflow/example_dags/example_branch_operator_decorator.py
[2026-02-10T02:30:40.963+0000] {processor.py:830} INFO - Processing file /home/airflow/.local/lib/python3.12/site-packages/airflow/example_dags/example_branch_operator_decorator.py for tasks to queue
[2026-02-10T02:30:40.965+0000] {logging_mixin.py:188} INFO - [2026-02-10T02:30:40.965+0000] {dagbag.py:540} INFO - Filling up the DagBag from /home/airflow/.local/lib/python3.12/site-packages/airflow/example_dags/example_branch_operator_decorator.py
[2026-02-10T02:30:40.986+0000] {processor.py:840} INFO - DAG(s) 'example_branch_python_operator_decorator' retrieved from /home/airflow/.local/lib/python3.12/site-packages/airflow/example_dags/example_branch_operator_decorator.py
[2026-02-10T02:30:41.014+0000] {logging_mixin.py:188} INFO - [2026-02-10T02:30:41.013+0000] {dag.py:3096} INFO - Sync 1 DAGs
[2026-02-10T02:30:41.038+0000] {logging_mixin.py:188} INFO - [2026-02-10T02:30:41.038+0000] {dag.py:3954} INFO - Setting next_dagrun for example_branch_python_operator_decorator to 2026-02-09 00:00:00+00:00, run_after=2026-02-10 00:00:00+00:00
[2026-02-10T02:30:41.058+0000] {processor.py:183} INFO - Processing /home/airflow/.local/lib/python3.12/site-packages/airflow/example_dags/example_branch_operator_decorator.py took 0.102 seconds
[2026-02-10T02:31:11.317+0000] {processor.py:161} INFO - Started process (PID=1623) to work on /home/airflow/.local/lib/python3.12/site-packages/airflow/example_dags/example_branch_operator_decorator.py
[2026-02-10T02:31:11.318+0000] {processor.py:830} INFO - Processing file /home/airflow/.local/lib/python3.12/site-packages/airflow/example_dags/example_branch_operator_decorator.py for tasks to queue
[2026-02-10T02:31:11.320+0000] {logging_mixin.py:188} INFO - [2026-02-10T02:31:11.320+0000] {dagbag.py:540} INFO - Filling up the DagBag from /home/airflow/.local/lib/python3.12/site-packages/airflow/example_dags/example_branch_operator_decorator.py
[2026-02-10T02:31:11.338+0000] {processor.py:840} INFO - DAG(s) 'example_branch_python_operator_decorator' retrieved from /home/airflow/.local/lib/python3.12/site-packages/airflow/example_dags/example_branch_operator_decorator.py
[2026-02-10T02:31:11.364+0000] {logging_mixin.py:188} INFO - [2026-02-10T02:31:11.364+0000] {dag.py:3096} INFO - Sync 1 DAGs
[2026-02-10T02:31:11.386+0000] {logging_mixin.py:188} INFO - [2026-02-10T02:31:11.386+0000] {dag.py:3954} INFO - Setting next_dagrun for example_branch_python_operator_decorator to 2026-02-09 00:00:00+00:00, run_after=2026-02-10 00:00:00+00:00
[2026-02-10T02:31:11.407+0000] {processor.py:183} INFO - Processing /home/airflow/.local/lib/python3.12/site-packages/airflow/example_dags/example_branch_operator_decorator.py took 0.097 seconds
[2026-02-10T02:31:41.816+0000] {processor.py:161} INFO - Started process (PID=1677) to work on /home/airflow/.local/lib/python3.12/site-packages/airflow/example_dags/example_branch_operator_decorator.py
[2026-02-10T02:31:41.817+0000] {processor.py:830} INFO - Processing file /home/airflow/.local/lib/python3.12/site-packages/airflow/example_dags/example_branch_operator_decorator.py for tasks to queue
[2026-02-10T02:31:41.819+0000] {logging_mixin.py:188} INFO - [2026-02-10T02:31:41.819+0000] {dagbag.py:540} INFO - Filling up the DagBag from /home/airflow/.local/lib/python3.12/site-packages/airflow/example_dags/example_branch_operator_decorator.py
[2026-02-10T02:31:41.838+0000] {processor.py:840} INFO - DAG(s) 'example_branch_python_operator_decorator' retrieved from /home/airflow/.local/lib/python3.12/site-packages/airflow/example_dags/example_branch_operator_decorator.py
[2026-02-10T02:31:41.864+0000] {logging_mixin.py:188} INFO - [2026-02-10T02:31:41.864+0000] {dag.py:3096} INFO - Sync 1 DAGs
[2026-02-10T02:31:41.886+0000] {logging_mixin.py:188} INFO - [2026-02-10T02:31:41.886+0000] {dag.py:3954} INFO - Setting next_dagrun for example_branch_python_operator_decorator to 2026-02-09 00:00:00+00:00, run_after=2026-02-10 00:00:00+00:00
[2026-02-10T02:31:41.909+0000] {processor.py:183} INFO - Processing /home/airflow/.local/lib/python3.12/site-packages/airflow/example_dags/example_branch_operator_decorator.py took 0.099 seconds
[2026-02-10T02:32:12.096+0000] {processor.py:161} INFO - Started process (PID=1731) to work on /home/airflow/.local/lib/python3.12/site-packages/airflow/example_dags/example_branch_operator_decorator.py
[2026-02-10T02:32:12.097+0000] {processor.py:830} INFO - Processing file /home/airflow/.local/lib/python3.12/site-packages/airflow/example_dags/example_branch_operator_decorator.py for tasks to queue
[2026-02-10T02:32:12.099+0000] {logging_mixin.py:188} INFO - [2026-02-10T02:32:12.098+0000] {dagbag.py:540} INFO - Filling up the DagBag from /home/airflow/.local/lib/python3.12/site-packages/airflow/example_dags/example_branch_operator_decorator.py
[2026-02-10T02:32:12.119+0000] {processor.py:840} INFO - DAG(s) 'example_branch_python_operator_decorator' retrieved from /home/airflow/.local/lib/python3.12/site-packages/airflow/example_dags/example_branch_operator_decorator.py
[2026-02-10T02:32:12.145+0000] {logging_mixin.py:188} INFO - [2026-02-10T02:32:12.145+0000] {dag.py:3096} INFO - Sync 1 DAGs
[2026-02-10T02:32:12.165+0000] {logging_mixin.py:188} INFO - [2026-02-10T02:32:12.165+0000] {dag.py:3954} INFO - Setting next_dagrun for example_branch_python_operator_decorator to 2026-02-09 00:00:00+00:00, run_after=2026-02-10 00:00:00+00:00
[2026-02-10T02:32:12.185+0000] {processor.py:183} INFO - Processing /home/airflow/.local/lib/python3.12/site-packages/airflow/example_dags/example_branch_operator_decorator.py took 0.095 seconds
[2026-02-10T02:32:42.367+0000] {processor.py:161} INFO - Started process (PID=1785) to work on /home/airflow/.local/lib/python3.12/site-packages/airflow/example_dags/example_branch_operator_decorator.py
[2026-02-10T02:32:42.368+0000] {processor.py:830} INFO - Processing file /home/airflow/.local/lib/python3.12/site-packages/airflow/example_dags/example_branch_operator_decorator.py for tasks to queue
[2026-02-10T02:32:42.370+0000] {logging_mixin.py:188} INFO - [2026-02-10T02:32:42.369+0000] {dagbag.py:540} INFO - Filling up the DagBag from /home/airflow/.local/lib/python3.12/site-packages/airflow/example_dags/example_branch_operator_decorator.py
[2026-02-10T02:32:42.390+0000] {processor.py:840} INFO - DAG(s) 'example_branch_python_operator_decorator' retrieved from /home/airflow/.local/lib/python3.12/site-packages/airflow/example_dags/example_branch_operator_decorator.py
[2026-02-10T02:32:42.421+0000] {logging_mixin.py:188} INFO - [2026-02-10T02:32:42.420+0000] {dag.py:3096} INFO - Sync 1 DAGs
[2026-02-10T02:32:42.449+0000] {logging_mixin.py:188} INFO - [2026-02-10T02:32:42.448+0000] {dag.py:3954} INFO - Setting next_dagrun for example_branch_python_operator_decorator to 2026-02-09 00:00:00+00:00, run_after=2026-02-10 00:00:00+00:00
[2026-02-10T02:32:42.481+0000] {processor.py:183} INFO - Processing /home/airflow/.local/lib/python3.12/site-packages/airflow/example_dags/example_branch_operator_decorator.py took 0.122 seconds
[2026-02-10T02:34:52.351+0000] {processor.py:161} INFO - Started process (PID=58) to work on /home/airflow/.local/lib/python3.12/site-packages/airflow/example_dags/example_branch_operator_decorator.py
[2026-02-10T02:34:52.361+0000] {processor.py:830} INFO - Processing file /home/airflow/.local/lib/python3.12/site-packages/airflow/example_dags/example_branch_operator_decorator.py for tasks to queue
[2026-02-10T02:34:52.371+0000] {logging_mixin.py:188} INFO - [2026-02-10T02:34:52.370+0000] {dagbag.py:540} INFO - Filling up the DagBag from /home/airflow/.local/lib/python3.12/site-packages/airflow/example_dags/example_branch_operator_decorator.py
[2026-02-10T02:34:52.484+0000] {processor.py:840} INFO - DAG(s) 'example_branch_python_operator_decorator' retrieved from /home/airflow/.local/lib/python3.12/site-packages/airflow/example_dags/example_branch_operator_decorator.py
[2026-02-10T02:34:52.519+0000] {logging_mixin.py:188} INFO - [2026-02-10T02:34:52.518+0000] {dag.py:3096} INFO - Sync 1 DAGs
[2026-02-10T02:34:52.691+0000] {logging_mixin.py:188} INFO - [2026-02-10T02:34:52.691+0000] {dag.py:3954} INFO - Setting next_dagrun for example_branch_python_operator_decorator to 2026-02-09 00:00:00+00:00, run_after=2026-02-10 00:00:00+00:00
[2026-02-10T02:34:52.798+0000] {processor.py:183} INFO - Processing /home/airflow/.local/lib/python3.12/site-packages/airflow/example_dags/example_branch_operator_decorator.py took 0.474 seconds
[2026-02-10T02:35:22.981+0000] {processor.py:161} INFO - Started process (PID=112) to work on /home/airflow/.local/lib/python3.12/site-packages/airflow/example_dags/example_branch_operator_decorator.py
[2026-02-10T02:35:22.982+0000] {processor.py:830} INFO - Processing file /home/airflow/.local/lib/python3.12/site-packages/airflow/example_dags/example_branch_operator_decorator.py for tasks to queue
[2026-02-10T02:35:22.985+0000] {logging_mixin.py:188} INFO - [2026-02-10T02:35:22.984+0000] {dagbag.py:540} INFO - Filling up the DagBag from /home/airflow/.local/lib/python3.12/site-packages/airflow/example_dags/example_branch_operator_decorator.py
[2026-02-10T02:35:23.004+0000] {processor.py:840} INFO - DAG(s) 'example_branch_python_operator_decorator' retrieved from /home/airflow/.local/lib/python3.12/site-packages/airflow/example_dags/example_branch_operator_decorator.py
[2026-02-10T02:35:23.123+0000] {logging_mixin.py:188} INFO - [2026-02-10T02:35:23.123+0000] {dag.py:3096} INFO - Sync 1 DAGs
[2026-02-10T02:35:23.145+0000] {logging_mixin.py:188} INFO - [2026-02-10T02:35:23.144+0000] {dag.py:3954} INFO - Setting next_dagrun for example_branch_python_operator_decorator to 2026-02-09 00:00:00+00:00, run_after=2026-02-10 00:00:00+00:00
[2026-02-10T02:35:23.166+0000] {processor.py:183} INFO - Processing /home/airflow/.local/lib/python3.12/site-packages/airflow/example_dags/example_branch_operator_decorator.py took 0.193 seconds
[2026-02-10T02:38:42.173+0000] {processor.py:161} INFO - Started process (PID=58) to work on /home/airflow/.local/lib/python3.12/site-packages/airflow/example_dags/example_branch_operator_decorator.py
[2026-02-10T02:38:42.176+0000] {processor.py:830} INFO - Processing file /home/airflow/.local/lib/python3.12/site-packages/airflow/example_dags/example_branch_operator_decorator.py for tasks to queue
[2026-02-10T02:38:42.184+0000] {logging_mixin.py:188} INFO - [2026-02-10T02:38:42.184+0000] {dagbag.py:540} INFO - Filling up the DagBag from /home/airflow/.local/lib/python3.12/site-packages/airflow/example_dags/example_branch_operator_decorator.py
[2026-02-10T02:38:42.253+0000] {processor.py:840} INFO - DAG(s) 'example_branch_python_operator_decorator' retrieved from /home/airflow/.local/lib/python3.12/site-packages/airflow/example_dags/example_branch_operator_decorator.py
[2026-02-10T02:38:42.290+0000] {logging_mixin.py:188} INFO - [2026-02-10T02:38:42.290+0000] {dag.py:3096} INFO - Sync 1 DAGs
[2026-02-10T02:38:42.335+0000] {logging_mixin.py:188} INFO - [2026-02-10T02:38:42.335+0000] {dag.py:3954} INFO - Setting next_dagrun for example_branch_python_operator_decorator to 2026-02-09 00:00:00+00:00, run_after=2026-02-10 00:00:00+00:00
[2026-02-10T02:38:42.411+0000] {processor.py:183} INFO - Processing /home/airflow/.local/lib/python3.12/site-packages/airflow/example_dags/example_branch_operator_decorator.py took 0.254 seconds
[2026-02-10T02:39:13.431+0000] {processor.py:161} INFO - Started process (PID=112) to work on /home/airflow/.local/lib/python3.12/site-packages/airflow/example_dags/example_branch_operator_decorator.py
[2026-02-10T02:39:13.433+0000] {processor.py:830} INFO - Processing file /home/airflow/.local/lib/python3.12/site-packages/airflow/example_dags/example_branch_operator_decorator.py for tasks to queue
[2026-02-10T02:39:13.435+0000] {logging_mixin.py:188} INFO - [2026-02-10T02:39:13.434+0000] {dagbag.py:540} INFO - Filling up the DagBag from /home/airflow/.local/lib/python3.12/site-packages/airflow/example_dags/example_branch_operator_decorator.py
[2026-02-10T02:39:13.453+0000] {processor.py:840} INFO - DAG(s) 'example_branch_python_operator_decorator' retrieved from /home/airflow/.local/lib/python3.12/site-packages/airflow/example_dags/example_branch_operator_decorator.py
[2026-02-10T02:39:13.554+0000] {logging_mixin.py:188} INFO - [2026-02-10T02:39:13.553+0000] {dag.py:3096} INFO - Sync 1 DAGs
[2026-02-10T02:39:13.573+0000] {logging_mixin.py:188} INFO - [2026-02-10T02:39:13.573+0000] {dag.py:3954} INFO - Setting next_dagrun for example_branch_python_operator_decorator to 2026-02-09 00:00:00+00:00, run_after=2026-02-10 00:00:00+00:00
[2026-02-10T02:39:13.595+0000] {processor.py:183} INFO - Processing /home/airflow/.local/lib/python3.12/site-packages/airflow/example_dags/example_branch_operator_decorator.py took 0.168 seconds
[2026-02-10T02:39:43.718+0000] {processor.py:161} INFO - Started process (PID=166) to work on /home/airflow/.local/lib/python3.12/site-packages/airflow/example_dags/example_branch_operator_decorator.py
[2026-02-10T02:39:43.720+0000] {processor.py:830} INFO - Processing file /home/airflow/.local/lib/python3.12/site-packages/airflow/example_dags/example_branch_operator_decorator.py for tasks to queue
[2026-02-10T02:39:43.722+0000] {logging_mixin.py:188} INFO - [2026-02-10T02:39:43.721+0000] {dagbag.py:540} INFO - Filling up the DagBag from /home/airflow/.local/lib/python3.12/site-packages/airflow/example_dags/example_branch_operator_decorator.py
[2026-02-10T02:39:43.749+0000] {processor.py:840} INFO - DAG(s) 'example_branch_python_operator_decorator' retrieved from /home/airflow/.local/lib/python3.12/site-packages/airflow/example_dags/example_branch_operator_decorator.py
[2026-02-10T02:39:43.787+0000] {logging_mixin.py:188} INFO - [2026-02-10T02:39:43.786+0000] {dag.py:3096} INFO - Sync 1 DAGs
[2026-02-10T02:39:43.814+0000] {logging_mixin.py:188} INFO - [2026-02-10T02:39:43.813+0000] {dag.py:3954} INFO - Setting next_dagrun for example_branch_python_operator_decorator to 2026-02-09 00:00:00+00:00, run_after=2026-02-10 00:00:00+00:00
[2026-02-10T02:39:43.841+0000] {processor.py:183} INFO - Processing /home/airflow/.local/lib/python3.12/site-packages/airflow/example_dags/example_branch_operator_decorator.py took 0.130 seconds
[2026-02-10T02:40:13.959+0000] {processor.py:161} INFO - Started process (PID=220) to work on /home/airflow/.local/lib/python3.12/site-packages/airflow/example_dags/example_branch_operator_decorator.py
[2026-02-10T02:40:13.961+0000] {processor.py:830} INFO - Processing file /home/airflow/.local/lib/python3.12/site-packages/airflow/example_dags/example_branch_operator_decorator.py for tasks to queue
[2026-02-10T02:40:13.964+0000] {logging_mixin.py:188} INFO - [2026-02-10T02:40:13.963+0000] {dagbag.py:540} INFO - Filling up the DagBag from /home/airflow/.local/lib/python3.12/site-packages/airflow/example_dags/example_branch_operator_decorator.py
[2026-02-10T02:40:13.985+0000] {processor.py:840} INFO - DAG(s) 'example_branch_python_operator_decorator' retrieved from /home/airflow/.local/lib/python3.12/site-packages/airflow/example_dags/example_branch_operator_decorator.py
[2026-02-10T02:40:14.013+0000] {logging_mixin.py:188} INFO - [2026-02-10T02:40:14.013+0000] {dag.py:3096} INFO - Sync 1 DAGs
[2026-02-10T02:40:14.038+0000] {logging_mixin.py:188} INFO - [2026-02-10T02:40:14.038+0000] {dag.py:3954} INFO - Setting next_dagrun for example_branch_python_operator_decorator to 2026-02-09 00:00:00+00:00, run_after=2026-02-10 00:00:00+00:00
[2026-02-10T02:40:14.061+0000] {processor.py:183} INFO - Processing /home/airflow/.local/lib/python3.12/site-packages/airflow/example_dags/example_branch_operator_decorator.py took 0.108 seconds
[2026-02-10T02:40:44.453+0000] {processor.py:161} INFO - Started process (PID=274) to work on /home/airflow/.local/lib/python3.12/site-packages/airflow/example_dags/example_branch_operator_decorator.py
[2026-02-10T02:40:44.454+0000] {processor.py:830} INFO - Processing file /home/airflow/.local/lib/python3.12/site-packages/airflow/example_dags/example_branch_operator_decorator.py for tasks to queue
[2026-02-10T02:40:44.457+0000] {logging_mixin.py:188} INFO - [2026-02-10T02:40:44.457+0000] {dagbag.py:540} INFO - Filling up the DagBag from /home/airflow/.local/lib/python3.12/site-packages/airflow/example_dags/example_branch_operator_decorator.py
[2026-02-10T02:40:44.482+0000] {processor.py:840} INFO - DAG(s) 'example_branch_python_operator_decorator' retrieved from /home/airflow/.local/lib/python3.12/site-packages/airflow/example_dags/example_branch_operator_decorator.py
[2026-02-10T02:40:44.510+0000] {logging_mixin.py:188} INFO - [2026-02-10T02:40:44.509+0000] {dag.py:3096} INFO - Sync 1 DAGs
[2026-02-10T02:40:44.530+0000] {logging_mixin.py:188} INFO - [2026-02-10T02:40:44.530+0000] {dag.py:3954} INFO - Setting next_dagrun for example_branch_python_operator_decorator to 2026-02-09 00:00:00+00:00, run_after=2026-02-10 00:00:00+00:00
[2026-02-10T02:40:44.550+0000] {processor.py:183} INFO - Processing /home/airflow/.local/lib/python3.12/site-packages/airflow/example_dags/example_branch_operator_decorator.py took 0.105 seconds
[2026-02-10T02:41:14.693+0000] {processor.py:161} INFO - Started process (PID=328) to work on /home/airflow/.local/lib/python3.12/site-packages/airflow/example_dags/example_branch_operator_decorator.py
[2026-02-10T02:41:14.694+0000] {processor.py:830} INFO - Processing file /home/airflow/.local/lib/python3.12/site-packages/airflow/example_dags/example_branch_operator_decorator.py for tasks to queue
[2026-02-10T02:41:14.696+0000] {logging_mixin.py:188} INFO - [2026-02-10T02:41:14.696+0000] {dagbag.py:540} INFO - Filling up the DagBag from /home/airflow/.local/lib/python3.12/site-packages/airflow/example_dags/example_branch_operator_decorator.py
[2026-02-10T02:41:14.714+0000] {processor.py:840} INFO - DAG(s) 'example_branch_python_operator_decorator' retrieved from /home/airflow/.local/lib/python3.12/site-packages/airflow/example_dags/example_branch_operator_decorator.py
[2026-02-10T02:41:14.740+0000] {logging_mixin.py:188} INFO - [2026-02-10T02:41:14.740+0000] {dag.py:3096} INFO - Sync 1 DAGs
[2026-02-10T02:41:14.760+0000] {logging_mixin.py:188} INFO - [2026-02-10T02:41:14.760+0000] {dag.py:3954} INFO - Setting next_dagrun for example_branch_python_operator_decorator to 2026-02-09 00:00:00+00:00, run_after=2026-02-10 00:00:00+00:00
[2026-02-10T02:41:14.779+0000] {processor.py:183} INFO - Processing /home/airflow/.local/lib/python3.12/site-packages/airflow/example_dags/example_branch_operator_decorator.py took 0.092 seconds
[2026-02-10T02:44:45.725+0000] {processor.py:161} INFO - Started process (PID=58) to work on /home/airflow/.local/lib/python3.12/site-packages/airflow/example_dags/example_branch_operator_decorator.py
[2026-02-10T02:44:45.736+0000] {processor.py:830} INFO - Processing file /home/airflow/.local/lib/python3.12/site-packages/airflow/example_dags/example_branch_operator_decorator.py for tasks to queue
[2026-02-10T02:44:45.758+0000] {logging_mixin.py:188} INFO - [2026-02-10T02:44:45.757+0000] {dagbag.py:540} INFO - Filling up the DagBag from /home/airflow/.local/lib/python3.12/site-packages/airflow/example_dags/example_branch_operator_decorator.py
[2026-02-10T02:44:45.878+0000] {processor.py:840} INFO - DAG(s) 'example_branch_python_operator_decorator' retrieved from /home/airflow/.local/lib/python3.12/site-packages/airflow/example_dags/example_branch_operator_decorator.py
[2026-02-10T02:44:45.955+0000] {logging_mixin.py:188} INFO - [2026-02-10T02:44:45.954+0000] {dag.py:3096} INFO - Sync 1 DAGs
[2026-02-10T02:44:46.096+0000] {logging_mixin.py:188} INFO - [2026-02-10T02:44:46.096+0000] {dag.py:3954} INFO - Setting next_dagrun for example_branch_python_operator_decorator to 2026-02-09 00:00:00+00:00, run_after=2026-02-10 00:00:00+00:00
[2026-02-10T02:44:46.165+0000] {processor.py:183} INFO - Processing /home/airflow/.local/lib/python3.12/site-packages/airflow/example_dags/example_branch_operator_decorator.py took 0.513 seconds
[2026-02-10T02:45:16.320+0000] {processor.py:161} INFO - Started process (PID=112) to work on /home/airflow/.local/lib/python3.12/site-packages/airflow/example_dags/example_branch_operator_decorator.py
[2026-02-10T02:45:16.322+0000] {processor.py:830} INFO - Processing file /home/airflow/.local/lib/python3.12/site-packages/airflow/example_dags/example_branch_operator_decorator.py for tasks to queue
[2026-02-10T02:45:16.327+0000] {logging_mixin.py:188} INFO - [2026-02-10T02:45:16.326+0000] {dagbag.py:540} INFO - Filling up the DagBag from /home/airflow/.local/lib/python3.12/site-packages/airflow/example_dags/example_branch_operator_decorator.py
[2026-02-10T02:45:16.374+0000] {processor.py:840} INFO - DAG(s) 'example_branch_python_operator_decorator' retrieved from /home/airflow/.local/lib/python3.12/site-packages/airflow/example_dags/example_branch_operator_decorator.py
[2026-02-10T02:45:16.620+0000] {logging_mixin.py:188} INFO - [2026-02-10T02:45:16.620+0000] {dag.py:3096} INFO - Sync 1 DAGs
[2026-02-10T02:45:16.683+0000] {logging_mixin.py:188} INFO - [2026-02-10T02:45:16.682+0000] {dag.py:3954} INFO - Setting next_dagrun for example_branch_python_operator_decorator to 2026-02-09 00:00:00+00:00, run_after=2026-02-10 00:00:00+00:00
[2026-02-10T02:45:16.724+0000] {processor.py:183} INFO - Processing /home/airflow/.local/lib/python3.12/site-packages/airflow/example_dags/example_branch_operator_decorator.py took 0.414 seconds
[2026-02-10T02:45:47.398+0000] {processor.py:161} INFO - Started process (PID=166) to work on /home/airflow/.local/lib/python3.12/site-packages/airflow/example_dags/example_branch_operator_decorator.py
[2026-02-10T02:45:47.399+0000] {processor.py:830} INFO - Processing file /home/airflow/.local/lib/python3.12/site-packages/airflow/example_dags/example_branch_operator_decorator.py for tasks to queue
[2026-02-10T02:45:47.401+0000] {logging_mixin.py:188} INFO - [2026-02-10T02:45:47.401+0000] {dagbag.py:540} INFO - Filling up the DagBag from /home/airflow/.local/lib/python3.12/site-packages/airflow/example_dags/example_branch_operator_decorator.py
[2026-02-10T02:45:47.419+0000] {processor.py:840} INFO - DAG(s) 'example_branch_python_operator_decorator' retrieved from /home/airflow/.local/lib/python3.12/site-packages/airflow/example_dags/example_branch_operator_decorator.py
[2026-02-10T02:45:47.444+0000] {logging_mixin.py:188} INFO - [2026-02-10T02:45:47.444+0000] {dag.py:3096} INFO - Sync 1 DAGs
[2026-02-10T02:45:47.465+0000] {logging_mixin.py:188} INFO - [2026-02-10T02:45:47.465+0000] {dag.py:3954} INFO - Setting next_dagrun for example_branch_python_operator_decorator to 2026-02-09 00:00:00+00:00, run_after=2026-02-10 00:00:00+00:00
[2026-02-10T02:45:47.485+0000] {processor.py:183} INFO - Processing /home/airflow/.local/lib/python3.12/site-packages/airflow/example_dags/example_branch_operator_decorator.py took 0.092 seconds
[2026-02-10T02:46:17.702+0000] {processor.py:161} INFO - Started process (PID=220) to work on /home/airflow/.local/lib/python3.12/site-packages/airflow/example_dags/example_branch_operator_decorator.py
[2026-02-10T02:46:17.703+0000] {processor.py:830} INFO - Processing file /home/airflow/.local/lib/python3.12/site-packages/airflow/example_dags/example_branch_operator_decorator.py for tasks to queue
[2026-02-10T02:46:17.707+0000] {logging_mixin.py:188} INFO - [2026-02-10T02:46:17.707+0000] {dagbag.py:540} INFO - Filling up the DagBag from /home/airflow/.local/lib/python3.12/site-packages/airflow/example_dags/example_branch_operator_decorator.py
[2026-02-10T02:46:17.735+0000] {processor.py:840} INFO - DAG(s) 'example_branch_python_operator_decorator' retrieved from /home/airflow/.local/lib/python3.12/site-packages/airflow/example_dags/example_branch_operator_decorator.py
[2026-02-10T02:46:17.781+0000] {logging_mixin.py:188} INFO - [2026-02-10T02:46:17.781+0000] {dag.py:3096} INFO - Sync 1 DAGs
[2026-02-10T02:46:17.813+0000] {logging_mixin.py:188} INFO - [2026-02-10T02:46:17.813+0000] {dag.py:3954} INFO - Setting next_dagrun for example_branch_python_operator_decorator to 2026-02-09 00:00:00+00:00, run_after=2026-02-10 00:00:00+00:00
[2026-02-10T02:46:17.838+0000] {processor.py:183} INFO - Processing /home/airflow/.local/lib/python3.12/site-packages/airflow/example_dags/example_branch_operator_decorator.py took 0.145 seconds
[2026-02-10T02:46:48.504+0000] {processor.py:161} INFO - Started process (PID=274) to work on /home/airflow/.local/lib/python3.12/site-packages/airflow/example_dags/example_branch_operator_decorator.py
[2026-02-10T02:46:48.505+0000] {processor.py:830} INFO - Processing file /home/airflow/.local/lib/python3.12/site-packages/airflow/example_dags/example_branch_operator_decorator.py for tasks to queue
[2026-02-10T02:46:48.507+0000] {logging_mixin.py:188} INFO - [2026-02-10T02:46:48.506+0000] {dagbag.py:540} INFO - Filling up the DagBag from /home/airflow/.local/lib/python3.12/site-packages/airflow/example_dags/example_branch_operator_decorator.py
[2026-02-10T02:46:48.524+0000] {processor.py:840} INFO - DAG(s) 'example_branch_python_operator_decorator' retrieved from /home/airflow/.local/lib/python3.12/site-packages/airflow/example_dags/example_branch_operator_decorator.py
[2026-02-10T02:46:48.549+0000] {logging_mixin.py:188} INFO - [2026-02-10T02:46:48.549+0000] {dag.py:3096} INFO - Sync 1 DAGs
[2026-02-10T02:46:48.570+0000] {logging_mixin.py:188} INFO - [2026-02-10T02:46:48.570+0000] {dag.py:3954} INFO - Setting next_dagrun for example_branch_python_operator_decorator to 2026-02-09 00:00:00+00:00, run_after=2026-02-10 00:00:00+00:00
[2026-02-10T02:46:48.587+0000] {processor.py:183} INFO - Processing /home/airflow/.local/lib/python3.12/site-packages/airflow/example_dags/example_branch_operator_decorator.py took 0.091 seconds
[2026-02-10T02:47:19.546+0000] {processor.py:161} INFO - Started process (PID=328) to work on /home/airflow/.local/lib/python3.12/site-packages/airflow/example_dags/example_branch_operator_decorator.py
[2026-02-10T02:47:19.547+0000] {processor.py:830} INFO - Processing file /home/airflow/.local/lib/python3.12/site-packages/airflow/example_dags/example_branch_operator_decorator.py for tasks to queue
[2026-02-10T02:47:19.549+0000] {logging_mixin.py:188} INFO - [2026-02-10T02:47:19.549+0000] {dagbag.py:540} INFO - Filling up the DagBag from /home/airflow/.local/lib/python3.12/site-packages/airflow/example_dags/example_branch_operator_decorator.py
[2026-02-10T02:47:19.572+0000] {processor.py:840} INFO - DAG(s) 'example_branch_python_operator_decorator' retrieved from /home/airflow/.local/lib/python3.12/site-packages/airflow/example_dags/example_branch_operator_decorator.py
[2026-02-10T02:47:19.603+0000] {logging_mixin.py:188} INFO - [2026-02-10T02:47:19.602+0000] {dag.py:3096} INFO - Sync 1 DAGs
[2026-02-10T02:47:19.629+0000] {logging_mixin.py:188} INFO - [2026-02-10T02:47:19.629+0000] {dag.py:3954} INFO - Setting next_dagrun for example_branch_python_operator_decorator to 2026-02-09 00:00:00+00:00, run_after=2026-02-10 00:00:00+00:00
[2026-02-10T02:47:19.653+0000] {processor.py:183} INFO - Processing /home/airflow/.local/lib/python3.12/site-packages/airflow/example_dags/example_branch_operator_decorator.py took 0.114 seconds
[2026-02-10T02:47:49.771+0000] {processor.py:161} INFO - Started process (PID=381) to work on /home/airflow/.local/lib/python3.12/site-packages/airflow/example_dags/example_branch_operator_decorator.py
[2026-02-10T02:47:49.772+0000] {processor.py:830} INFO - Processing file /home/airflow/.local/lib/python3.12/site-packages/airflow/example_dags/example_branch_operator_decorator.py for tasks to queue
[2026-02-10T02:47:49.775+0000] {logging_mixin.py:188} INFO - [2026-02-10T02:47:49.774+0000] {dagbag.py:540} INFO - Filling up the DagBag from /home/airflow/.local/lib/python3.12/site-packages/airflow/example_dags/example_branch_operator_decorator.py
[2026-02-10T02:47:49.802+0000] {processor.py:840} INFO - DAG(s) 'example_branch_python_operator_decorator' retrieved from /home/airflow/.local/lib/python3.12/site-packages/airflow/example_dags/example_branch_operator_decorator.py
[2026-02-10T02:47:49.838+0000] {logging_mixin.py:188} INFO - [2026-02-10T02:47:49.838+0000] {dag.py:3096} INFO - Sync 1 DAGs
[2026-02-10T02:47:49.864+0000] {logging_mixin.py:188} INFO - [2026-02-10T02:47:49.863+0000] {dag.py:3954} INFO - Setting next_dagrun for example_branch_python_operator_decorator to 2026-02-09 00:00:00+00:00, run_after=2026-02-10 00:00:00+00:00
[2026-02-10T02:47:49.885+0000] {processor.py:183} INFO - Processing /home/airflow/.local/lib/python3.12/site-packages/airflow/example_dags/example_branch_operator_decorator.py took 0.125 seconds
[2026-02-10T02:48:20.626+0000] {processor.py:161} INFO - Started process (PID=436) to work on /home/airflow/.local/lib/python3.12/site-packages/airflow/example_dags/example_branch_operator_decorator.py
[2026-02-10T02:48:20.627+0000] {processor.py:830} INFO - Processing file /home/airflow/.local/lib/python3.12/site-packages/airflow/example_dags/example_branch_operator_decorator.py for tasks to queue
[2026-02-10T02:48:20.629+0000] {logging_mixin.py:188} INFO - [2026-02-10T02:48:20.629+0000] {dagbag.py:540} INFO - Filling up the DagBag from /home/airflow/.local/lib/python3.12/site-packages/airflow/example_dags/example_branch_operator_decorator.py
[2026-02-10T02:48:20.654+0000] {processor.py:840} INFO - DAG(s) 'example_branch_python_operator_decorator' retrieved from /home/airflow/.local/lib/python3.12/site-packages/airflow/example_dags/example_branch_operator_decorator.py
[2026-02-10T02:48:20.688+0000] {logging_mixin.py:188} INFO - [2026-02-10T02:48:20.688+0000] {dag.py:3096} INFO - Sync 1 DAGs
[2026-02-10T02:48:20.710+0000] {logging_mixin.py:188} INFO - [2026-02-10T02:48:20.710+0000] {dag.py:3954} INFO - Setting next_dagrun for example_branch_python_operator_decorator to 2026-02-09 00:00:00+00:00, run_after=2026-02-10 00:00:00+00:00
[2026-02-10T02:48:20.732+0000] {processor.py:183} INFO - Processing /home/airflow/.local/lib/python3.12/site-packages/airflow/example_dags/example_branch_operator_decorator.py took 0.113 seconds
[2026-02-10T02:48:50.782+0000] {processor.py:161} INFO - Started process (PID=489) to work on /home/airflow/.local/lib/python3.12/site-packages/airflow/example_dags/example_branch_operator_decorator.py
[2026-02-10T02:48:50.784+0000] {processor.py:830} INFO - Processing file /home/airflow/.local/lib/python3.12/site-packages/airflow/example_dags/example_branch_operator_decorator.py for tasks to queue
[2026-02-10T02:48:50.786+0000] {logging_mixin.py:188} INFO - [2026-02-10T02:48:50.786+0000] {dagbag.py:540} INFO - Filling up the DagBag from /home/airflow/.local/lib/python3.12/site-packages/airflow/example_dags/example_branch_operator_decorator.py
[2026-02-10T02:48:50.806+0000] {processor.py:840} INFO - DAG(s) 'example_branch_python_operator_decorator' retrieved from /home/airflow/.local/lib/python3.12/site-packages/airflow/example_dags/example_branch_operator_decorator.py
[2026-02-10T02:48:50.829+0000] {logging_mixin.py:188} INFO - [2026-02-10T02:48:50.829+0000] {dag.py:3096} INFO - Sync 1 DAGs
[2026-02-10T02:48:50.848+0000] {logging_mixin.py:188} INFO - [2026-02-10T02:48:50.848+0000] {dag.py:3954} INFO - Setting next_dagrun for example_branch_python_operator_decorator to 2026-02-09 00:00:00+00:00, run_after=2026-02-10 00:00:00+00:00
[2026-02-10T02:48:50.867+0000] {processor.py:183} INFO - Processing /home/airflow/.local/lib/python3.12/site-packages/airflow/example_dags/example_branch_operator_decorator.py took 0.090 seconds
[2026-02-10T02:49:20.989+0000] {processor.py:161} INFO - Started process (PID=543) to work on /home/airflow/.local/lib/python3.12/site-packages/airflow/example_dags/example_branch_operator_decorator.py
[2026-02-10T02:49:20.990+0000] {processor.py:830} INFO - Processing file /home/airflow/.local/lib/python3.12/site-packages/airflow/example_dags/example_branch_operator_decorator.py for tasks to queue
[2026-02-10T02:49:20.992+0000] {logging_mixin.py:188} INFO - [2026-02-10T02:49:20.992+0000] {dagbag.py:540} INFO - Filling up the DagBag from /home/airflow/.local/lib/python3.12/site-packages/airflow/example_dags/example_branch_operator_decorator.py
[2026-02-10T02:49:21.010+0000] {processor.py:840} INFO - DAG(s) 'example_branch_python_operator_decorator' retrieved from /home/airflow/.local/lib/python3.12/site-packages/airflow/example_dags/example_branch_operator_decorator.py
[2026-02-10T02:49:21.035+0000] {logging_mixin.py:188} INFO - [2026-02-10T02:49:21.035+0000] {dag.py:3096} INFO - Sync 1 DAGs
[2026-02-10T02:49:21.057+0000] {logging_mixin.py:188} INFO - [2026-02-10T02:49:21.057+0000] {dag.py:3954} INFO - Setting next_dagrun for example_branch_python_operator_decorator to 2026-02-09 00:00:00+00:00, run_after=2026-02-10 00:00:00+00:00
[2026-02-10T02:49:21.077+0000] {processor.py:183} INFO - Processing /home/airflow/.local/lib/python3.12/site-packages/airflow/example_dags/example_branch_operator_decorator.py took 0.094 seconds
[2026-02-10T02:49:51.378+0000] {processor.py:161} INFO - Started process (PID=597) to work on /home/airflow/.local/lib/python3.12/site-packages/airflow/example_dags/example_branch_operator_decorator.py
[2026-02-10T02:49:51.379+0000] {processor.py:830} INFO - Processing file /home/airflow/.local/lib/python3.12/site-packages/airflow/example_dags/example_branch_operator_decorator.py for tasks to queue
[2026-02-10T02:49:51.382+0000] {logging_mixin.py:188} INFO - [2026-02-10T02:49:51.382+0000] {dagbag.py:540} INFO - Filling up the DagBag from /home/airflow/.local/lib/python3.12/site-packages/airflow/example_dags/example_branch_operator_decorator.py
[2026-02-10T02:49:51.403+0000] {processor.py:840} INFO - DAG(s) 'example_branch_python_operator_decorator' retrieved from /home/airflow/.local/lib/python3.12/site-packages/airflow/example_dags/example_branch_operator_decorator.py
[2026-02-10T02:49:51.431+0000] {logging_mixin.py:188} INFO - [2026-02-10T02:49:51.430+0000] {dag.py:3096} INFO - Sync 1 DAGs
[2026-02-10T02:49:51.455+0000] {logging_mixin.py:188} INFO - [2026-02-10T02:49:51.454+0000] {dag.py:3954} INFO - Setting next_dagrun for example_branch_python_operator_decorator to 2026-02-09 00:00:00+00:00, run_after=2026-02-10 00:00:00+00:00
[2026-02-10T02:49:51.475+0000] {processor.py:183} INFO - Processing /home/airflow/.local/lib/python3.12/site-packages/airflow/example_dags/example_branch_operator_decorator.py took 0.103 seconds
[2026-02-10T02:50:21.621+0000] {processor.py:161} INFO - Started process (PID=651) to work on /home/airflow/.local/lib/python3.12/site-packages/airflow/example_dags/example_branch_operator_decorator.py
[2026-02-10T02:50:21.622+0000] {processor.py:830} INFO - Processing file /home/airflow/.local/lib/python3.12/site-packages/airflow/example_dags/example_branch_operator_decorator.py for tasks to queue
[2026-02-10T02:50:21.624+0000] {logging_mixin.py:188} INFO - [2026-02-10T02:50:21.624+0000] {dagbag.py:540} INFO - Filling up the DagBag from /home/airflow/.local/lib/python3.12/site-packages/airflow/example_dags/example_branch_operator_decorator.py
[2026-02-10T02:50:21.642+0000] {processor.py:840} INFO - DAG(s) 'example_branch_python_operator_decorator' retrieved from /home/airflow/.local/lib/python3.12/site-packages/airflow/example_dags/example_branch_operator_decorator.py
[2026-02-10T02:50:21.674+0000] {logging_mixin.py:188} INFO - [2026-02-10T02:50:21.674+0000] {dag.py:3096} INFO - Sync 1 DAGs
[2026-02-10T02:50:21.703+0000] {logging_mixin.py:188} INFO - [2026-02-10T02:50:21.703+0000] {dag.py:3954} INFO - Setting next_dagrun for example_branch_python_operator_decorator to 2026-02-09 00:00:00+00:00, run_after=2026-02-10 00:00:00+00:00
[2026-02-10T02:50:21.729+0000] {processor.py:183} INFO - Processing /home/airflow/.local/lib/python3.12/site-packages/airflow/example_dags/example_branch_operator_decorator.py took 0.113 seconds
[2026-02-10T02:50:52.112+0000] {processor.py:161} INFO - Started process (PID=705) to work on /home/airflow/.local/lib/python3.12/site-packages/airflow/example_dags/example_branch_operator_decorator.py
[2026-02-10T02:50:52.113+0000] {processor.py:830} INFO - Processing file /home/airflow/.local/lib/python3.12/site-packages/airflow/example_dags/example_branch_operator_decorator.py for tasks to queue
[2026-02-10T02:50:52.115+0000] {logging_mixin.py:188} INFO - [2026-02-10T02:50:52.115+0000] {dagbag.py:540} INFO - Filling up the DagBag from /home/airflow/.local/lib/python3.12/site-packages/airflow/example_dags/example_branch_operator_decorator.py
[2026-02-10T02:50:52.132+0000] {processor.py:840} INFO - DAG(s) 'example_branch_python_operator_decorator' retrieved from /home/airflow/.local/lib/python3.12/site-packages/airflow/example_dags/example_branch_operator_decorator.py
[2026-02-10T02:50:52.162+0000] {logging_mixin.py:188} INFO - [2026-02-10T02:50:52.162+0000] {dag.py:3096} INFO - Sync 1 DAGs
[2026-02-10T02:50:52.188+0000] {logging_mixin.py:188} INFO - [2026-02-10T02:50:52.188+0000] {dag.py:3954} INFO - Setting next_dagrun for example_branch_python_operator_decorator to 2026-02-09 00:00:00+00:00, run_after=2026-02-10 00:00:00+00:00
[2026-02-10T02:50:52.209+0000] {processor.py:183} INFO - Processing /home/airflow/.local/lib/python3.12/site-packages/airflow/example_dags/example_branch_operator_decorator.py took 0.102 seconds
[2026-02-10T02:51:22.543+0000] {processor.py:161} INFO - Started process (PID=759) to work on /home/airflow/.local/lib/python3.12/site-packages/airflow/example_dags/example_branch_operator_decorator.py
[2026-02-10T02:51:22.544+0000] {processor.py:830} INFO - Processing file /home/airflow/.local/lib/python3.12/site-packages/airflow/example_dags/example_branch_operator_decorator.py for tasks to queue
[2026-02-10T02:51:22.546+0000] {logging_mixin.py:188} INFO - [2026-02-10T02:51:22.546+0000] {dagbag.py:540} INFO - Filling up the DagBag from /home/airflow/.local/lib/python3.12/site-packages/airflow/example_dags/example_branch_operator_decorator.py
[2026-02-10T02:51:22.564+0000] {processor.py:840} INFO - DAG(s) 'example_branch_python_operator_decorator' retrieved from /home/airflow/.local/lib/python3.12/site-packages/airflow/example_dags/example_branch_operator_decorator.py
[2026-02-10T02:51:22.600+0000] {logging_mixin.py:188} INFO - [2026-02-10T02:51:22.600+0000] {dag.py:3096} INFO - Sync 1 DAGs
[2026-02-10T02:51:22.624+0000] {logging_mixin.py:188} INFO - [2026-02-10T02:51:22.623+0000] {dag.py:3954} INFO - Setting next_dagrun for example_branch_python_operator_decorator to 2026-02-09 00:00:00+00:00, run_after=2026-02-10 00:00:00+00:00
[2026-02-10T02:51:22.645+0000] {processor.py:183} INFO - Processing /home/airflow/.local/lib/python3.12/site-packages/airflow/example_dags/example_branch_operator_decorator.py took 0.108 seconds
[2026-02-10T22:01:11.719+0000] {processor.py:161} INFO - Started process (PID=58) to work on /home/airflow/.local/lib/python3.12/site-packages/airflow/example_dags/example_branch_operator_decorator.py
[2026-02-10T22:01:11.723+0000] {processor.py:830} INFO - Processing file /home/airflow/.local/lib/python3.12/site-packages/airflow/example_dags/example_branch_operator_decorator.py for tasks to queue
[2026-02-10T22:01:11.738+0000] {logging_mixin.py:188} INFO - [2026-02-10T22:01:11.737+0000] {dagbag.py:540} INFO - Filling up the DagBag from /home/airflow/.local/lib/python3.12/site-packages/airflow/example_dags/example_branch_operator_decorator.py
[2026-02-10T22:01:11.845+0000] {processor.py:840} INFO - DAG(s) 'example_branch_python_operator_decorator' retrieved from /home/airflow/.local/lib/python3.12/site-packages/airflow/example_dags/example_branch_operator_decorator.py
[2026-02-10T22:01:11.894+0000] {logging_mixin.py:188} INFO - [2026-02-10T22:01:11.893+0000] {dag.py:3096} INFO - Sync 1 DAGs
[2026-02-10T22:01:12.015+0000] {logging_mixin.py:188} INFO - [2026-02-10T22:01:12.014+0000] {dag.py:3954} INFO - Setting next_dagrun for example_branch_python_operator_decorator to 2026-02-09 00:00:00+00:00, run_after=2026-02-10 00:00:00+00:00
[2026-02-10T22:01:12.067+0000] {processor.py:183} INFO - Processing /home/airflow/.local/lib/python3.12/site-packages/airflow/example_dags/example_branch_operator_decorator.py took 0.395 seconds
[2026-02-10T22:01:45.797+0000] {processor.py:161} INFO - Started process (PID=112) to work on /home/airflow/.local/lib/python3.12/site-packages/airflow/example_dags/example_branch_operator_decorator.py
[2026-02-10T22:01:45.799+0000] {processor.py:830} INFO - Processing file /home/airflow/.local/lib/python3.12/site-packages/airflow/example_dags/example_branch_operator_decorator.py for tasks to queue
[2026-02-10T22:01:45.803+0000] {logging_mixin.py:188} INFO - [2026-02-10T22:01:45.803+0000] {dagbag.py:540} INFO - Filling up the DagBag from /home/airflow/.local/lib/python3.12/site-packages/airflow/example_dags/example_branch_operator_decorator.py
[2026-02-10T22:01:45.854+0000] {processor.py:840} INFO - DAG(s) 'example_branch_python_operator_decorator' retrieved from /home/airflow/.local/lib/python3.12/site-packages/airflow/example_dags/example_branch_operator_decorator.py
[2026-02-10T22:01:46.125+0000] {logging_mixin.py:188} INFO - [2026-02-10T22:01:46.124+0000] {dag.py:3096} INFO - Sync 1 DAGs
[2026-02-10T22:01:46.182+0000] {logging_mixin.py:188} INFO - [2026-02-10T22:01:46.182+0000] {dag.py:3954} INFO - Setting next_dagrun for example_branch_python_operator_decorator to 2026-02-09 00:00:00+00:00, run_after=2026-02-10 00:00:00+00:00
[2026-02-10T22:01:46.225+0000] {processor.py:183} INFO - Processing /home/airflow/.local/lib/python3.12/site-packages/airflow/example_dags/example_branch_operator_decorator.py took 0.442 seconds
[2026-02-10T22:02:16.896+0000] {processor.py:161} INFO - Started process (PID=166) to work on /home/airflow/.local/lib/python3.12/site-packages/airflow/example_dags/example_branch_operator_decorator.py
[2026-02-10T22:02:16.897+0000] {processor.py:830} INFO - Processing file /home/airflow/.local/lib/python3.12/site-packages/airflow/example_dags/example_branch_operator_decorator.py for tasks to queue
[2026-02-10T22:02:16.899+0000] {logging_mixin.py:188} INFO - [2026-02-10T22:02:16.899+0000] {dagbag.py:540} INFO - Filling up the DagBag from /home/airflow/.local/lib/python3.12/site-packages/airflow/example_dags/example_branch_operator_decorator.py
[2026-02-10T22:02:16.917+0000] {processor.py:840} INFO - DAG(s) 'example_branch_python_operator_decorator' retrieved from /home/airflow/.local/lib/python3.12/site-packages/airflow/example_dags/example_branch_operator_decorator.py
[2026-02-10T22:02:16.942+0000] {logging_mixin.py:188} INFO - [2026-02-10T22:02:16.942+0000] {dag.py:3096} INFO - Sync 1 DAGs
[2026-02-10T22:02:16.963+0000] {logging_mixin.py:188} INFO - [2026-02-10T22:02:16.963+0000] {dag.py:3954} INFO - Setting next_dagrun for example_branch_python_operator_decorator to 2026-02-09 00:00:00+00:00, run_after=2026-02-10 00:00:00+00:00
[2026-02-10T22:02:16.986+0000] {processor.py:183} INFO - Processing /home/airflow/.local/lib/python3.12/site-packages/airflow/example_dags/example_branch_operator_decorator.py took 0.095 seconds
[2026-02-10T22:02:47.623+0000] {processor.py:161} INFO - Started process (PID=220) to work on /home/airflow/.local/lib/python3.12/site-packages/airflow/example_dags/example_branch_operator_decorator.py
[2026-02-10T22:02:47.625+0000] {processor.py:830} INFO - Processing file /home/airflow/.local/lib/python3.12/site-packages/airflow/example_dags/example_branch_operator_decorator.py for tasks to queue
[2026-02-10T22:02:47.627+0000] {logging_mixin.py:188} INFO - [2026-02-10T22:02:47.627+0000] {dagbag.py:540} INFO - Filling up the DagBag from /home/airflow/.local/lib/python3.12/site-packages/airflow/example_dags/example_branch_operator_decorator.py
[2026-02-10T22:02:47.647+0000] {processor.py:840} INFO - DAG(s) 'example_branch_python_operator_decorator' retrieved from /home/airflow/.local/lib/python3.12/site-packages/airflow/example_dags/example_branch_operator_decorator.py
[2026-02-10T22:02:47.678+0000] {logging_mixin.py:188} INFO - [2026-02-10T22:02:47.678+0000] {dag.py:3096} INFO - Sync 1 DAGs
[2026-02-10T22:02:47.702+0000] {logging_mixin.py:188} INFO - [2026-02-10T22:02:47.702+0000] {dag.py:3954} INFO - Setting next_dagrun for example_branch_python_operator_decorator to 2026-02-09 00:00:00+00:00, run_after=2026-02-10 00:00:00+00:00
[2026-02-10T22:02:47.725+0000] {processor.py:183} INFO - Processing /home/airflow/.local/lib/python3.12/site-packages/airflow/example_dags/example_branch_operator_decorator.py took 0.107 seconds
[2026-02-10T22:03:18.111+0000] {processor.py:161} INFO - Started process (PID=274) to work on /home/airflow/.local/lib/python3.12/site-packages/airflow/example_dags/example_branch_operator_decorator.py
[2026-02-10T22:03:18.112+0000] {processor.py:830} INFO - Processing file /home/airflow/.local/lib/python3.12/site-packages/airflow/example_dags/example_branch_operator_decorator.py for tasks to queue
[2026-02-10T22:03:18.114+0000] {logging_mixin.py:188} INFO - [2026-02-10T22:03:18.114+0000] {dagbag.py:540} INFO - Filling up the DagBag from /home/airflow/.local/lib/python3.12/site-packages/airflow/example_dags/example_branch_operator_decorator.py
[2026-02-10T22:03:18.134+0000] {processor.py:840} INFO - DAG(s) 'example_branch_python_operator_decorator' retrieved from /home/airflow/.local/lib/python3.12/site-packages/airflow/example_dags/example_branch_operator_decorator.py
[2026-02-10T22:03:18.162+0000] {logging_mixin.py:188} INFO - [2026-02-10T22:03:18.161+0000] {dag.py:3096} INFO - Sync 1 DAGs
[2026-02-10T22:03:18.183+0000] {logging_mixin.py:188} INFO - [2026-02-10T22:03:18.183+0000] {dag.py:3954} INFO - Setting next_dagrun for example_branch_python_operator_decorator to 2026-02-09 00:00:00+00:00, run_after=2026-02-10 00:00:00+00:00
[2026-02-10T22:03:18.204+0000] {processor.py:183} INFO - Processing /home/airflow/.local/lib/python3.12/site-packages/airflow/example_dags/example_branch_operator_decorator.py took 0.098 seconds
[2026-02-10T22:03:48.524+0000] {processor.py:161} INFO - Started process (PID=328) to work on /home/airflow/.local/lib/python3.12/site-packages/airflow/example_dags/example_branch_operator_decorator.py
[2026-02-10T22:03:48.526+0000] {processor.py:830} INFO - Processing file /home/airflow/.local/lib/python3.12/site-packages/airflow/example_dags/example_branch_operator_decorator.py for tasks to queue
[2026-02-10T22:03:48.528+0000] {logging_mixin.py:188} INFO - [2026-02-10T22:03:48.528+0000] {dagbag.py:540} INFO - Filling up the DagBag from /home/airflow/.local/lib/python3.12/site-packages/airflow/example_dags/example_branch_operator_decorator.py
[2026-02-10T22:03:48.553+0000] {processor.py:840} INFO - DAG(s) 'example_branch_python_operator_decorator' retrieved from /home/airflow/.local/lib/python3.12/site-packages/airflow/example_dags/example_branch_operator_decorator.py
[2026-02-10T22:03:48.577+0000] {logging_mixin.py:188} INFO - [2026-02-10T22:03:48.577+0000] {dag.py:3096} INFO - Sync 1 DAGs
[2026-02-10T22:03:48.598+0000] {logging_mixin.py:188} INFO - [2026-02-10T22:03:48.597+0000] {dag.py:3954} INFO - Setting next_dagrun for example_branch_python_operator_decorator to 2026-02-09 00:00:00+00:00, run_after=2026-02-10 00:00:00+00:00
[2026-02-10T22:03:48.617+0000] {processor.py:183} INFO - Processing /home/airflow/.local/lib/python3.12/site-packages/airflow/example_dags/example_branch_operator_decorator.py took 0.104 seconds
[2026-02-10T22:04:19.301+0000] {processor.py:161} INFO - Started process (PID=382) to work on /home/airflow/.local/lib/python3.12/site-packages/airflow/example_dags/example_branch_operator_decorator.py
[2026-02-10T22:04:19.302+0000] {processor.py:830} INFO - Processing file /home/airflow/.local/lib/python3.12/site-packages/airflow/example_dags/example_branch_operator_decorator.py for tasks to queue
[2026-02-10T22:04:19.305+0000] {logging_mixin.py:188} INFO - [2026-02-10T22:04:19.304+0000] {dagbag.py:540} INFO - Filling up the DagBag from /home/airflow/.local/lib/python3.12/site-packages/airflow/example_dags/example_branch_operator_decorator.py
[2026-02-10T22:04:19.330+0000] {processor.py:840} INFO - DAG(s) 'example_branch_python_operator_decorator' retrieved from /home/airflow/.local/lib/python3.12/site-packages/airflow/example_dags/example_branch_operator_decorator.py
[2026-02-10T22:04:19.370+0000] {logging_mixin.py:188} INFO - [2026-02-10T22:04:19.370+0000] {dag.py:3096} INFO - Sync 1 DAGs
[2026-02-10T22:04:19.398+0000] {logging_mixin.py:188} INFO - [2026-02-10T22:04:19.397+0000] {dag.py:3954} INFO - Setting next_dagrun for example_branch_python_operator_decorator to 2026-02-09 00:00:00+00:00, run_after=2026-02-10 00:00:00+00:00
[2026-02-10T22:04:19.420+0000] {processor.py:183} INFO - Processing /home/airflow/.local/lib/python3.12/site-packages/airflow/example_dags/example_branch_operator_decorator.py took 0.128 seconds
[2026-02-10T22:04:50.047+0000] {processor.py:161} INFO - Started process (PID=436) to work on /home/airflow/.local/lib/python3.12/site-packages/airflow/example_dags/example_branch_operator_decorator.py
[2026-02-10T22:04:50.048+0000] {processor.py:830} INFO - Processing file /home/airflow/.local/lib/python3.12/site-packages/airflow/example_dags/example_branch_operator_decorator.py for tasks to queue
[2026-02-10T22:04:50.050+0000] {logging_mixin.py:188} INFO - [2026-02-10T22:04:50.050+0000] {dagbag.py:540} INFO - Filling up the DagBag from /home/airflow/.local/lib/python3.12/site-packages/airflow/example_dags/example_branch_operator_decorator.py
[2026-02-10T22:04:50.076+0000] {processor.py:840} INFO - DAG(s) 'example_branch_python_operator_decorator' retrieved from /home/airflow/.local/lib/python3.12/site-packages/airflow/example_dags/example_branch_operator_decorator.py
[2026-02-10T22:04:50.104+0000] {logging_mixin.py:188} INFO - [2026-02-10T22:04:50.104+0000] {dag.py:3096} INFO - Sync 1 DAGs
[2026-02-10T22:04:50.127+0000] {logging_mixin.py:188} INFO - [2026-02-10T22:04:50.127+0000] {dag.py:3954} INFO - Setting next_dagrun for example_branch_python_operator_decorator to 2026-02-09 00:00:00+00:00, run_after=2026-02-10 00:00:00+00:00
[2026-02-10T22:04:50.147+0000] {processor.py:183} INFO - Processing /home/airflow/.local/lib/python3.12/site-packages/airflow/example_dags/example_branch_operator_decorator.py took 0.107 seconds
[2026-02-10T22:05:20.415+0000] {processor.py:161} INFO - Started process (PID=490) to work on /home/airflow/.local/lib/python3.12/site-packages/airflow/example_dags/example_branch_operator_decorator.py
[2026-02-10T22:05:20.416+0000] {processor.py:830} INFO - Processing file /home/airflow/.local/lib/python3.12/site-packages/airflow/example_dags/example_branch_operator_decorator.py for tasks to queue
[2026-02-10T22:05:20.418+0000] {logging_mixin.py:188} INFO - [2026-02-10T22:05:20.418+0000] {dagbag.py:540} INFO - Filling up the DagBag from /home/airflow/.local/lib/python3.12/site-packages/airflow/example_dags/example_branch_operator_decorator.py
[2026-02-10T22:05:20.436+0000] {processor.py:840} INFO - DAG(s) 'example_branch_python_operator_decorator' retrieved from /home/airflow/.local/lib/python3.12/site-packages/airflow/example_dags/example_branch_operator_decorator.py
[2026-02-10T22:05:20.462+0000] {logging_mixin.py:188} INFO - [2026-02-10T22:05:20.462+0000] {dag.py:3096} INFO - Sync 1 DAGs
[2026-02-10T22:05:20.482+0000] {logging_mixin.py:188} INFO - [2026-02-10T22:05:20.482+0000] {dag.py:3954} INFO - Setting next_dagrun for example_branch_python_operator_decorator to 2026-02-09 00:00:00+00:00, run_after=2026-02-10 00:00:00+00:00
[2026-02-10T22:05:20.502+0000] {processor.py:183} INFO - Processing /home/airflow/.local/lib/python3.12/site-packages/airflow/example_dags/example_branch_operator_decorator.py took 0.092 seconds
[2026-02-10T22:05:50.602+0000] {processor.py:161} INFO - Started process (PID=544) to work on /home/airflow/.local/lib/python3.12/site-packages/airflow/example_dags/example_branch_operator_decorator.py
[2026-02-10T22:05:50.603+0000] {processor.py:830} INFO - Processing file /home/airflow/.local/lib/python3.12/site-packages/airflow/example_dags/example_branch_operator_decorator.py for tasks to queue
[2026-02-10T22:05:50.605+0000] {logging_mixin.py:188} INFO - [2026-02-10T22:05:50.605+0000] {dagbag.py:540} INFO - Filling up the DagBag from /home/airflow/.local/lib/python3.12/site-packages/airflow/example_dags/example_branch_operator_decorator.py
[2026-02-10T22:05:50.622+0000] {processor.py:840} INFO - DAG(s) 'example_branch_python_operator_decorator' retrieved from /home/airflow/.local/lib/python3.12/site-packages/airflow/example_dags/example_branch_operator_decorator.py
[2026-02-10T22:05:50.648+0000] {logging_mixin.py:188} INFO - [2026-02-10T22:05:50.648+0000] {dag.py:3096} INFO - Sync 1 DAGs
[2026-02-10T22:05:50.669+0000] {logging_mixin.py:188} INFO - [2026-02-10T22:05:50.669+0000] {dag.py:3954} INFO - Setting next_dagrun for example_branch_python_operator_decorator to 2026-02-09 00:00:00+00:00, run_after=2026-02-10 00:00:00+00:00
[2026-02-10T22:05:50.693+0000] {processor.py:183} INFO - Processing /home/airflow/.local/lib/python3.12/site-packages/airflow/example_dags/example_branch_operator_decorator.py took 0.096 seconds
[2026-02-10T22:06:21.160+0000] {processor.py:161} INFO - Started process (PID=598) to work on /home/airflow/.local/lib/python3.12/site-packages/airflow/example_dags/example_branch_operator_decorator.py
[2026-02-10T22:06:21.161+0000] {processor.py:830} INFO - Processing file /home/airflow/.local/lib/python3.12/site-packages/airflow/example_dags/example_branch_operator_decorator.py for tasks to queue
[2026-02-10T22:06:21.163+0000] {logging_mixin.py:188} INFO - [2026-02-10T22:06:21.163+0000] {dagbag.py:540} INFO - Filling up the DagBag from /home/airflow/.local/lib/python3.12/site-packages/airflow/example_dags/example_branch_operator_decorator.py
[2026-02-10T22:06:21.184+0000] {processor.py:840} INFO - DAG(s) 'example_branch_python_operator_decorator' retrieved from /home/airflow/.local/lib/python3.12/site-packages/airflow/example_dags/example_branch_operator_decorator.py
[2026-02-10T22:06:21.215+0000] {logging_mixin.py:188} INFO - [2026-02-10T22:06:21.215+0000] {dag.py:3096} INFO - Sync 1 DAGs
[2026-02-10T22:06:21.240+0000] {logging_mixin.py:188} INFO - [2026-02-10T22:06:21.240+0000] {dag.py:3954} INFO - Setting next_dagrun for example_branch_python_operator_decorator to 2026-02-09 00:00:00+00:00, run_after=2026-02-10 00:00:00+00:00
[2026-02-10T22:06:21.263+0000] {processor.py:183} INFO - Processing /home/airflow/.local/lib/python3.12/site-packages/airflow/example_dags/example_branch_operator_decorator.py took 0.109 seconds
[2026-02-10T22:06:51.709+0000] {processor.py:161} INFO - Started process (PID=652) to work on /home/airflow/.local/lib/python3.12/site-packages/airflow/example_dags/example_branch_operator_decorator.py
[2026-02-10T22:06:51.711+0000] {processor.py:830} INFO - Processing file /home/airflow/.local/lib/python3.12/site-packages/airflow/example_dags/example_branch_operator_decorator.py for tasks to queue
[2026-02-10T22:06:51.714+0000] {logging_mixin.py:188} INFO - [2026-02-10T22:06:51.713+0000] {dagbag.py:540} INFO - Filling up the DagBag from /home/airflow/.local/lib/python3.12/site-packages/airflow/example_dags/example_branch_operator_decorator.py
[2026-02-10T22:06:51.742+0000] {processor.py:840} INFO - DAG(s) 'example_branch_python_operator_decorator' retrieved from /home/airflow/.local/lib/python3.12/site-packages/airflow/example_dags/example_branch_operator_decorator.py
[2026-02-10T22:06:51.787+0000] {logging_mixin.py:188} INFO - [2026-02-10T22:06:51.787+0000] {dag.py:3096} INFO - Sync 1 DAGs
[2026-02-10T22:06:51.819+0000] {logging_mixin.py:188} INFO - [2026-02-10T22:06:51.819+0000] {dag.py:3954} INFO - Setting next_dagrun for example_branch_python_operator_decorator to 2026-02-09 00:00:00+00:00, run_after=2026-02-10 00:00:00+00:00
[2026-02-10T22:06:51.846+0000] {processor.py:183} INFO - Processing /home/airflow/.local/lib/python3.12/site-packages/airflow/example_dags/example_branch_operator_decorator.py took 0.146 seconds
[2026-02-10T22:07:22.474+0000] {processor.py:161} INFO - Started process (PID=706) to work on /home/airflow/.local/lib/python3.12/site-packages/airflow/example_dags/example_branch_operator_decorator.py
[2026-02-10T22:07:22.475+0000] {processor.py:830} INFO - Processing file /home/airflow/.local/lib/python3.12/site-packages/airflow/example_dags/example_branch_operator_decorator.py for tasks to queue
[2026-02-10T22:07:22.477+0000] {logging_mixin.py:188} INFO - [2026-02-10T22:07:22.476+0000] {dagbag.py:540} INFO - Filling up the DagBag from /home/airflow/.local/lib/python3.12/site-packages/airflow/example_dags/example_branch_operator_decorator.py
[2026-02-10T22:07:22.498+0000] {processor.py:840} INFO - DAG(s) 'example_branch_python_operator_decorator' retrieved from /home/airflow/.local/lib/python3.12/site-packages/airflow/example_dags/example_branch_operator_decorator.py
[2026-02-10T22:07:22.524+0000] {logging_mixin.py:188} INFO - [2026-02-10T22:07:22.523+0000] {dag.py:3096} INFO - Sync 1 DAGs
[2026-02-10T22:07:22.546+0000] {logging_mixin.py:188} INFO - [2026-02-10T22:07:22.546+0000] {dag.py:3954} INFO - Setting next_dagrun for example_branch_python_operator_decorator to 2026-02-09 00:00:00+00:00, run_after=2026-02-10 00:00:00+00:00
[2026-02-10T22:07:22.567+0000] {processor.py:183} INFO - Processing /home/airflow/.local/lib/python3.12/site-packages/airflow/example_dags/example_branch_operator_decorator.py took 0.098 seconds
[2026-02-10T22:07:52.858+0000] {processor.py:161} INFO - Started process (PID=760) to work on /home/airflow/.local/lib/python3.12/site-packages/airflow/example_dags/example_branch_operator_decorator.py
[2026-02-10T22:07:52.861+0000] {processor.py:830} INFO - Processing file /home/airflow/.local/lib/python3.12/site-packages/airflow/example_dags/example_branch_operator_decorator.py for tasks to queue
[2026-02-10T22:07:52.865+0000] {logging_mixin.py:188} INFO - [2026-02-10T22:07:52.865+0000] {dagbag.py:540} INFO - Filling up the DagBag from /home/airflow/.local/lib/python3.12/site-packages/airflow/example_dags/example_branch_operator_decorator.py
[2026-02-10T22:07:52.930+0000] {processor.py:840} INFO - DAG(s) 'example_branch_python_operator_decorator' retrieved from /home/airflow/.local/lib/python3.12/site-packages/airflow/example_dags/example_branch_operator_decorator.py
[2026-02-10T22:07:53.018+0000] {logging_mixin.py:188} INFO - [2026-02-10T22:07:53.016+0000] {dag.py:3096} INFO - Sync 1 DAGs
[2026-02-10T22:07:53.070+0000] {logging_mixin.py:188} INFO - [2026-02-10T22:07:53.070+0000] {dag.py:3954} INFO - Setting next_dagrun for example_branch_python_operator_decorator to 2026-02-09 00:00:00+00:00, run_after=2026-02-10 00:00:00+00:00
[2026-02-10T22:07:53.110+0000] {processor.py:183} INFO - Processing /home/airflow/.local/lib/python3.12/site-packages/airflow/example_dags/example_branch_operator_decorator.py took 0.265 seconds
[2026-02-10T22:08:24.003+0000] {processor.py:161} INFO - Started process (PID=814) to work on /home/airflow/.local/lib/python3.12/site-packages/airflow/example_dags/example_branch_operator_decorator.py
[2026-02-10T22:08:24.014+0000] {processor.py:830} INFO - Processing file /home/airflow/.local/lib/python3.12/site-packages/airflow/example_dags/example_branch_operator_decorator.py for tasks to queue
[2026-02-10T22:08:24.029+0000] {logging_mixin.py:188} INFO - [2026-02-10T22:08:24.028+0000] {dagbag.py:540} INFO - Filling up the DagBag from /home/airflow/.local/lib/python3.12/site-packages/airflow/example_dags/example_branch_operator_decorator.py
[2026-02-10T22:08:24.123+0000] {processor.py:840} INFO - DAG(s) 'example_branch_python_operator_decorator' retrieved from /home/airflow/.local/lib/python3.12/site-packages/airflow/example_dags/example_branch_operator_decorator.py
[2026-02-10T22:08:24.282+0000] {logging_mixin.py:188} INFO - [2026-02-10T22:08:24.281+0000] {dag.py:3096} INFO - Sync 1 DAGs
[2026-02-10T22:08:24.380+0000] {logging_mixin.py:188} INFO - [2026-02-10T22:08:24.380+0000] {dag.py:3954} INFO - Setting next_dagrun for example_branch_python_operator_decorator to 2026-02-09 00:00:00+00:00, run_after=2026-02-10 00:00:00+00:00
[2026-02-10T22:08:24.453+0000] {processor.py:183} INFO - Processing /home/airflow/.local/lib/python3.12/site-packages/airflow/example_dags/example_branch_operator_decorator.py took 0.476 seconds
[2026-02-10T22:13:53.427+0000] {processor.py:161} INFO - Started process (PID=58) to work on /home/airflow/.local/lib/python3.12/site-packages/airflow/example_dags/example_branch_operator_decorator.py
[2026-02-10T22:13:53.430+0000] {processor.py:830} INFO - Processing file /home/airflow/.local/lib/python3.12/site-packages/airflow/example_dags/example_branch_operator_decorator.py for tasks to queue
[2026-02-10T22:13:53.436+0000] {logging_mixin.py:188} INFO - [2026-02-10T22:13:53.435+0000] {dagbag.py:540} INFO - Filling up the DagBag from /home/airflow/.local/lib/python3.12/site-packages/airflow/example_dags/example_branch_operator_decorator.py
[2026-02-10T22:13:53.753+0000] {processor.py:840} INFO - DAG(s) 'example_branch_python_operator_decorator' retrieved from /home/airflow/.local/lib/python3.12/site-packages/airflow/example_dags/example_branch_operator_decorator.py
[2026-02-10T22:13:53.824+0000] {logging_mixin.py:188} INFO - [2026-02-10T22:13:53.823+0000] {dag.py:3096} INFO - Sync 1 DAGs
[2026-02-10T22:13:53.970+0000] {logging_mixin.py:188} INFO - [2026-02-10T22:13:53.969+0000] {dag.py:3954} INFO - Setting next_dagrun for example_branch_python_operator_decorator to 2026-02-09 00:00:00+00:00, run_after=2026-02-10 00:00:00+00:00
[2026-02-10T22:13:54.052+0000] {processor.py:183} INFO - Processing /home/airflow/.local/lib/python3.12/site-packages/airflow/example_dags/example_branch_operator_decorator.py took 0.646 seconds
[2026-02-10T22:14:24.664+0000] {processor.py:161} INFO - Started process (PID=112) to work on /home/airflow/.local/lib/python3.12/site-packages/airflow/example_dags/example_branch_operator_decorator.py
[2026-02-10T22:14:24.667+0000] {processor.py:830} INFO - Processing file /home/airflow/.local/lib/python3.12/site-packages/airflow/example_dags/example_branch_operator_decorator.py for tasks to queue
[2026-02-10T22:14:24.674+0000] {logging_mixin.py:188} INFO - [2026-02-10T22:14:24.672+0000] {dagbag.py:540} INFO - Filling up the DagBag from /home/airflow/.local/lib/python3.12/site-packages/airflow/example_dags/example_branch_operator_decorator.py
[2026-02-10T22:14:24.744+0000] {processor.py:840} INFO - DAG(s) 'example_branch_python_operator_decorator' retrieved from /home/airflow/.local/lib/python3.12/site-packages/airflow/example_dags/example_branch_operator_decorator.py
[2026-02-10T22:14:25.181+0000] {logging_mixin.py:188} INFO - [2026-02-10T22:14:25.180+0000] {dag.py:3096} INFO - Sync 1 DAGs
[2026-02-10T22:14:25.261+0000] {logging_mixin.py:188} INFO - [2026-02-10T22:14:25.260+0000] {dag.py:3954} INFO - Setting next_dagrun for example_branch_python_operator_decorator to 2026-02-09 00:00:00+00:00, run_after=2026-02-10 00:00:00+00:00
[2026-02-10T22:14:25.335+0000] {processor.py:183} INFO - Processing /home/airflow/.local/lib/python3.12/site-packages/airflow/example_dags/example_branch_operator_decorator.py took 0.692 seconds
[2026-02-10T22:14:55.617+0000] {processor.py:161} INFO - Started process (PID=166) to work on /home/airflow/.local/lib/python3.12/site-packages/airflow/example_dags/example_branch_operator_decorator.py
[2026-02-10T22:14:55.619+0000] {processor.py:830} INFO - Processing file /home/airflow/.local/lib/python3.12/site-packages/airflow/example_dags/example_branch_operator_decorator.py for tasks to queue
[2026-02-10T22:14:55.622+0000] {logging_mixin.py:188} INFO - [2026-02-10T22:14:55.622+0000] {dagbag.py:540} INFO - Filling up the DagBag from /home/airflow/.local/lib/python3.12/site-packages/airflow/example_dags/example_branch_operator_decorator.py
[2026-02-10T22:14:55.654+0000] {processor.py:840} INFO - DAG(s) 'example_branch_python_operator_decorator' retrieved from /home/airflow/.local/lib/python3.12/site-packages/airflow/example_dags/example_branch_operator_decorator.py
[2026-02-10T22:14:55.698+0000] {logging_mixin.py:188} INFO - [2026-02-10T22:14:55.698+0000] {dag.py:3096} INFO - Sync 1 DAGs
[2026-02-10T22:14:55.734+0000] {logging_mixin.py:188} INFO - [2026-02-10T22:14:55.733+0000] {dag.py:3954} INFO - Setting next_dagrun for example_branch_python_operator_decorator to 2026-02-09 00:00:00+00:00, run_after=2026-02-10 00:00:00+00:00
[2026-02-10T22:14:55.763+0000] {processor.py:183} INFO - Processing /home/airflow/.local/lib/python3.12/site-packages/airflow/example_dags/example_branch_operator_decorator.py took 0.157 seconds
[2026-02-10T22:15:26.169+0000] {processor.py:161} INFO - Started process (PID=220) to work on /home/airflow/.local/lib/python3.12/site-packages/airflow/example_dags/example_branch_operator_decorator.py
[2026-02-10T22:15:26.171+0000] {processor.py:830} INFO - Processing file /home/airflow/.local/lib/python3.12/site-packages/airflow/example_dags/example_branch_operator_decorator.py for tasks to queue
[2026-02-10T22:15:26.174+0000] {logging_mixin.py:188} INFO - [2026-02-10T22:15:26.173+0000] {dagbag.py:540} INFO - Filling up the DagBag from /home/airflow/.local/lib/python3.12/site-packages/airflow/example_dags/example_branch_operator_decorator.py
[2026-02-10T22:15:26.200+0000] {processor.py:840} INFO - DAG(s) 'example_branch_python_operator_decorator' retrieved from /home/airflow/.local/lib/python3.12/site-packages/airflow/example_dags/example_branch_operator_decorator.py
[2026-02-10T22:15:26.237+0000] {logging_mixin.py:188} INFO - [2026-02-10T22:15:26.237+0000] {dag.py:3096} INFO - Sync 1 DAGs
[2026-02-10T22:15:26.270+0000] {logging_mixin.py:188} INFO - [2026-02-10T22:15:26.270+0000] {dag.py:3954} INFO - Setting next_dagrun for example_branch_python_operator_decorator to 2026-02-09 00:00:00+00:00, run_after=2026-02-10 00:00:00+00:00
[2026-02-10T22:15:26.300+0000] {processor.py:183} INFO - Processing /home/airflow/.local/lib/python3.12/site-packages/airflow/example_dags/example_branch_operator_decorator.py took 0.138 seconds
[2026-02-10T22:15:56.675+0000] {processor.py:161} INFO - Started process (PID=274) to work on /home/airflow/.local/lib/python3.12/site-packages/airflow/example_dags/example_branch_operator_decorator.py
[2026-02-10T22:15:56.676+0000] {processor.py:830} INFO - Processing file /home/airflow/.local/lib/python3.12/site-packages/airflow/example_dags/example_branch_operator_decorator.py for tasks to queue
[2026-02-10T22:15:56.678+0000] {logging_mixin.py:188} INFO - [2026-02-10T22:15:56.678+0000] {dagbag.py:540} INFO - Filling up the DagBag from /home/airflow/.local/lib/python3.12/site-packages/airflow/example_dags/example_branch_operator_decorator.py
[2026-02-10T22:15:56.703+0000] {processor.py:840} INFO - DAG(s) 'example_branch_python_operator_decorator' retrieved from /home/airflow/.local/lib/python3.12/site-packages/airflow/example_dags/example_branch_operator_decorator.py
[2026-02-10T22:15:56.732+0000] {logging_mixin.py:188} INFO - [2026-02-10T22:15:56.731+0000] {dag.py:3096} INFO - Sync 1 DAGs
[2026-02-10T22:15:56.754+0000] {logging_mixin.py:188} INFO - [2026-02-10T22:15:56.754+0000] {dag.py:3954} INFO - Setting next_dagrun for example_branch_python_operator_decorator to 2026-02-09 00:00:00+00:00, run_after=2026-02-10 00:00:00+00:00
[2026-02-10T22:15:56.777+0000] {processor.py:183} INFO - Processing /home/airflow/.local/lib/python3.12/site-packages/airflow/example_dags/example_branch_operator_decorator.py took 0.108 seconds
[2026-02-10T22:16:27.196+0000] {processor.py:161} INFO - Started process (PID=328) to work on /home/airflow/.local/lib/python3.12/site-packages/airflow/example_dags/example_branch_operator_decorator.py
[2026-02-10T22:16:27.197+0000] {processor.py:830} INFO - Processing file /home/airflow/.local/lib/python3.12/site-packages/airflow/example_dags/example_branch_operator_decorator.py for tasks to queue
[2026-02-10T22:16:27.200+0000] {logging_mixin.py:188} INFO - [2026-02-10T22:16:27.200+0000] {dagbag.py:540} INFO - Filling up the DagBag from /home/airflow/.local/lib/python3.12/site-packages/airflow/example_dags/example_branch_operator_decorator.py
[2026-02-10T22:16:27.231+0000] {processor.py:840} INFO - DAG(s) 'example_branch_python_operator_decorator' retrieved from /home/airflow/.local/lib/python3.12/site-packages/airflow/example_dags/example_branch_operator_decorator.py
[2026-02-10T22:16:27.278+0000] {logging_mixin.py:188} INFO - [2026-02-10T22:16:27.278+0000] {dag.py:3096} INFO - Sync 1 DAGs
[2026-02-10T22:16:27.318+0000] {logging_mixin.py:188} INFO - [2026-02-10T22:16:27.318+0000] {dag.py:3954} INFO - Setting next_dagrun for example_branch_python_operator_decorator to 2026-02-09 00:00:00+00:00, run_after=2026-02-10 00:00:00+00:00
[2026-02-10T22:16:27.354+0000] {processor.py:183} INFO - Processing /home/airflow/.local/lib/python3.12/site-packages/airflow/example_dags/example_branch_operator_decorator.py took 0.167 seconds
[2026-02-10T22:16:58.446+0000] {processor.py:161} INFO - Started process (PID=382) to work on /home/airflow/.local/lib/python3.12/site-packages/airflow/example_dags/example_branch_operator_decorator.py
[2026-02-10T22:16:58.448+0000] {processor.py:830} INFO - Processing file /home/airflow/.local/lib/python3.12/site-packages/airflow/example_dags/example_branch_operator_decorator.py for tasks to queue
[2026-02-10T22:16:58.454+0000] {logging_mixin.py:188} INFO - [2026-02-10T22:16:58.453+0000] {dagbag.py:540} INFO - Filling up the DagBag from /home/airflow/.local/lib/python3.12/site-packages/airflow/example_dags/example_branch_operator_decorator.py
[2026-02-10T22:16:58.509+0000] {processor.py:840} INFO - DAG(s) 'example_branch_python_operator_decorator' retrieved from /home/airflow/.local/lib/python3.12/site-packages/airflow/example_dags/example_branch_operator_decorator.py
[2026-02-10T22:16:58.589+0000] {logging_mixin.py:188} INFO - [2026-02-10T22:16:58.588+0000] {dag.py:3096} INFO - Sync 1 DAGs
[2026-02-10T22:16:58.651+0000] {logging_mixin.py:188} INFO - [2026-02-10T22:16:58.650+0000] {dag.py:3954} INFO - Setting next_dagrun for example_branch_python_operator_decorator to 2026-02-09 00:00:00+00:00, run_after=2026-02-10 00:00:00+00:00
[2026-02-10T22:16:58.685+0000] {processor.py:183} INFO - Processing /home/airflow/.local/lib/python3.12/site-packages/airflow/example_dags/example_branch_operator_decorator.py took 0.254 seconds
[2026-02-10T22:17:29.533+0000] {processor.py:161} INFO - Started process (PID=436) to work on /home/airflow/.local/lib/python3.12/site-packages/airflow/example_dags/example_branch_operator_decorator.py
[2026-02-10T22:17:29.534+0000] {processor.py:830} INFO - Processing file /home/airflow/.local/lib/python3.12/site-packages/airflow/example_dags/example_branch_operator_decorator.py for tasks to queue
[2026-02-10T22:17:29.536+0000] {logging_mixin.py:188} INFO - [2026-02-10T22:17:29.535+0000] {dagbag.py:540} INFO - Filling up the DagBag from /home/airflow/.local/lib/python3.12/site-packages/airflow/example_dags/example_branch_operator_decorator.py
[2026-02-10T22:17:29.554+0000] {processor.py:840} INFO - DAG(s) 'example_branch_python_operator_decorator' retrieved from /home/airflow/.local/lib/python3.12/site-packages/airflow/example_dags/example_branch_operator_decorator.py
[2026-02-10T22:17:29.583+0000] {logging_mixin.py:188} INFO - [2026-02-10T22:17:29.583+0000] {dag.py:3096} INFO - Sync 1 DAGs
[2026-02-10T22:17:29.606+0000] {logging_mixin.py:188} INFO - [2026-02-10T22:17:29.606+0000] {dag.py:3954} INFO - Setting next_dagrun for example_branch_python_operator_decorator to 2026-02-09 00:00:00+00:00, run_after=2026-02-10 00:00:00+00:00
[2026-02-10T22:17:29.627+0000] {processor.py:183} INFO - Processing /home/airflow/.local/lib/python3.12/site-packages/airflow/example_dags/example_branch_operator_decorator.py took 0.100 seconds
[2026-02-10T22:17:59.685+0000] {processor.py:161} INFO - Started process (PID=489) to work on /home/airflow/.local/lib/python3.12/site-packages/airflow/example_dags/example_branch_operator_decorator.py
[2026-02-10T22:17:59.686+0000] {processor.py:830} INFO - Processing file /home/airflow/.local/lib/python3.12/site-packages/airflow/example_dags/example_branch_operator_decorator.py for tasks to queue
[2026-02-10T22:17:59.688+0000] {logging_mixin.py:188} INFO - [2026-02-10T22:17:59.688+0000] {dagbag.py:540} INFO - Filling up the DagBag from /home/airflow/.local/lib/python3.12/site-packages/airflow/example_dags/example_branch_operator_decorator.py
[2026-02-10T22:17:59.705+0000] {processor.py:840} INFO - DAG(s) 'example_branch_python_operator_decorator' retrieved from /home/airflow/.local/lib/python3.12/site-packages/airflow/example_dags/example_branch_operator_decorator.py
[2026-02-10T22:17:59.732+0000] {logging_mixin.py:188} INFO - [2026-02-10T22:17:59.732+0000] {dag.py:3096} INFO - Sync 1 DAGs
[2026-02-10T22:17:59.752+0000] {logging_mixin.py:188} INFO - [2026-02-10T22:17:59.752+0000] {dag.py:3954} INFO - Setting next_dagrun for example_branch_python_operator_decorator to 2026-02-09 00:00:00+00:00, run_after=2026-02-10 00:00:00+00:00
[2026-02-10T22:17:59.771+0000] {processor.py:183} INFO - Processing /home/airflow/.local/lib/python3.12/site-packages/airflow/example_dags/example_branch_operator_decorator.py took 0.092 seconds
[2026-02-10T22:18:30.656+0000] {processor.py:161} INFO - Started process (PID=543) to work on /home/airflow/.local/lib/python3.12/site-packages/airflow/example_dags/example_branch_operator_decorator.py
[2026-02-10T22:18:30.659+0000] {processor.py:830} INFO - Processing file /home/airflow/.local/lib/python3.12/site-packages/airflow/example_dags/example_branch_operator_decorator.py for tasks to queue
[2026-02-10T22:18:30.664+0000] {logging_mixin.py:188} INFO - [2026-02-10T22:18:30.663+0000] {dagbag.py:540} INFO - Filling up the DagBag from /home/airflow/.local/lib/python3.12/site-packages/airflow/example_dags/example_branch_operator_decorator.py
[2026-02-10T22:18:30.709+0000] {processor.py:840} INFO - DAG(s) 'example_branch_python_operator_decorator' retrieved from /home/airflow/.local/lib/python3.12/site-packages/airflow/example_dags/example_branch_operator_decorator.py
[2026-02-10T22:18:30.846+0000] {logging_mixin.py:188} INFO - [2026-02-10T22:18:30.846+0000] {dag.py:3096} INFO - Sync 1 DAGs
[2026-02-10T22:18:30.923+0000] {logging_mixin.py:188} INFO - [2026-02-10T22:18:30.922+0000] {dag.py:3954} INFO - Setting next_dagrun for example_branch_python_operator_decorator to 2026-02-09 00:00:00+00:00, run_after=2026-02-10 00:00:00+00:00
[2026-02-10T22:18:30.989+0000] {processor.py:183} INFO - Processing /home/airflow/.local/lib/python3.12/site-packages/airflow/example_dags/example_branch_operator_decorator.py took 0.347 seconds
[2026-02-10T22:19:01.726+0000] {processor.py:161} INFO - Started process (PID=597) to work on /home/airflow/.local/lib/python3.12/site-packages/airflow/example_dags/example_branch_operator_decorator.py
[2026-02-10T22:19:01.729+0000] {processor.py:830} INFO - Processing file /home/airflow/.local/lib/python3.12/site-packages/airflow/example_dags/example_branch_operator_decorator.py for tasks to queue
[2026-02-10T22:19:01.735+0000] {logging_mixin.py:188} INFO - [2026-02-10T22:19:01.734+0000] {dagbag.py:540} INFO - Filling up the DagBag from /home/airflow/.local/lib/python3.12/site-packages/airflow/example_dags/example_branch_operator_decorator.py
[2026-02-10T22:19:01.860+0000] {processor.py:840} INFO - DAG(s) 'example_branch_python_operator_decorator' retrieved from /home/airflow/.local/lib/python3.12/site-packages/airflow/example_dags/example_branch_operator_decorator.py
[2026-02-10T22:19:01.957+0000] {logging_mixin.py:188} INFO - [2026-02-10T22:19:01.956+0000] {dag.py:3096} INFO - Sync 1 DAGs
[2026-02-10T22:19:02.017+0000] {logging_mixin.py:188} INFO - [2026-02-10T22:19:02.017+0000] {dag.py:3954} INFO - Setting next_dagrun for example_branch_python_operator_decorator to 2026-02-09 00:00:00+00:00, run_after=2026-02-10 00:00:00+00:00
[2026-02-10T22:19:02.065+0000] {processor.py:183} INFO - Processing /home/airflow/.local/lib/python3.12/site-packages/airflow/example_dags/example_branch_operator_decorator.py took 0.357 seconds
[2026-02-10T22:19:32.956+0000] {processor.py:161} INFO - Started process (PID=651) to work on /home/airflow/.local/lib/python3.12/site-packages/airflow/example_dags/example_branch_operator_decorator.py
[2026-02-10T22:19:32.957+0000] {processor.py:830} INFO - Processing file /home/airflow/.local/lib/python3.12/site-packages/airflow/example_dags/example_branch_operator_decorator.py for tasks to queue
[2026-02-10T22:19:32.959+0000] {logging_mixin.py:188} INFO - [2026-02-10T22:19:32.959+0000] {dagbag.py:540} INFO - Filling up the DagBag from /home/airflow/.local/lib/python3.12/site-packages/airflow/example_dags/example_branch_operator_decorator.py
[2026-02-10T22:19:32.978+0000] {processor.py:840} INFO - DAG(s) 'example_branch_python_operator_decorator' retrieved from /home/airflow/.local/lib/python3.12/site-packages/airflow/example_dags/example_branch_operator_decorator.py
[2026-02-10T22:19:33.009+0000] {logging_mixin.py:188} INFO - [2026-02-10T22:19:33.009+0000] {dag.py:3096} INFO - Sync 1 DAGs
[2026-02-10T22:19:33.037+0000] {logging_mixin.py:188} INFO - [2026-02-10T22:19:33.036+0000] {dag.py:3954} INFO - Setting next_dagrun for example_branch_python_operator_decorator to 2026-02-09 00:00:00+00:00, run_after=2026-02-10 00:00:00+00:00
[2026-02-10T22:19:33.063+0000] {processor.py:183} INFO - Processing /home/airflow/.local/lib/python3.12/site-packages/airflow/example_dags/example_branch_operator_decorator.py took 0.113 seconds
[2026-02-10T22:20:03.436+0000] {processor.py:161} INFO - Started process (PID=705) to work on /home/airflow/.local/lib/python3.12/site-packages/airflow/example_dags/example_branch_operator_decorator.py
[2026-02-10T22:20:03.438+0000] {processor.py:830} INFO - Processing file /home/airflow/.local/lib/python3.12/site-packages/airflow/example_dags/example_branch_operator_decorator.py for tasks to queue
[2026-02-10T22:20:03.440+0000] {logging_mixin.py:188} INFO - [2026-02-10T22:20:03.440+0000] {dagbag.py:540} INFO - Filling up the DagBag from /home/airflow/.local/lib/python3.12/site-packages/airflow/example_dags/example_branch_operator_decorator.py
[2026-02-10T22:20:03.462+0000] {processor.py:840} INFO - DAG(s) 'example_branch_python_operator_decorator' retrieved from /home/airflow/.local/lib/python3.12/site-packages/airflow/example_dags/example_branch_operator_decorator.py
[2026-02-10T22:20:03.500+0000] {logging_mixin.py:188} INFO - [2026-02-10T22:20:03.500+0000] {dag.py:3096} INFO - Sync 1 DAGs
[2026-02-10T22:20:03.527+0000] {logging_mixin.py:188} INFO - [2026-02-10T22:20:03.526+0000] {dag.py:3954} INFO - Setting next_dagrun for example_branch_python_operator_decorator to 2026-02-09 00:00:00+00:00, run_after=2026-02-10 00:00:00+00:00
[2026-02-10T22:20:03.550+0000] {processor.py:183} INFO - Processing /home/airflow/.local/lib/python3.12/site-packages/airflow/example_dags/example_branch_operator_decorator.py took 0.121 seconds
[2026-02-10T22:20:33.861+0000] {processor.py:161} INFO - Started process (PID=759) to work on /home/airflow/.local/lib/python3.12/site-packages/airflow/example_dags/example_branch_operator_decorator.py
[2026-02-10T22:20:33.862+0000] {processor.py:830} INFO - Processing file /home/airflow/.local/lib/python3.12/site-packages/airflow/example_dags/example_branch_operator_decorator.py for tasks to queue
[2026-02-10T22:20:33.865+0000] {logging_mixin.py:188} INFO - [2026-02-10T22:20:33.864+0000] {dagbag.py:540} INFO - Filling up the DagBag from /home/airflow/.local/lib/python3.12/site-packages/airflow/example_dags/example_branch_operator_decorator.py
[2026-02-10T22:20:33.885+0000] {processor.py:840} INFO - DAG(s) 'example_branch_python_operator_decorator' retrieved from /home/airflow/.local/lib/python3.12/site-packages/airflow/example_dags/example_branch_operator_decorator.py
[2026-02-10T22:20:33.915+0000] {logging_mixin.py:188} INFO - [2026-02-10T22:20:33.915+0000] {dag.py:3096} INFO - Sync 1 DAGs
[2026-02-10T22:20:33.942+0000] {logging_mixin.py:188} INFO - [2026-02-10T22:20:33.942+0000] {dag.py:3954} INFO - Setting next_dagrun for example_branch_python_operator_decorator to 2026-02-09 00:00:00+00:00, run_after=2026-02-10 00:00:00+00:00
[2026-02-10T22:20:33.966+0000] {processor.py:183} INFO - Processing /home/airflow/.local/lib/python3.12/site-packages/airflow/example_dags/example_branch_operator_decorator.py took 0.110 seconds
[2026-02-10T22:21:04.443+0000] {processor.py:161} INFO - Started process (PID=813) to work on /home/airflow/.local/lib/python3.12/site-packages/airflow/example_dags/example_branch_operator_decorator.py
[2026-02-10T22:21:04.446+0000] {processor.py:830} INFO - Processing file /home/airflow/.local/lib/python3.12/site-packages/airflow/example_dags/example_branch_operator_decorator.py for tasks to queue
[2026-02-10T22:21:04.455+0000] {logging_mixin.py:188} INFO - [2026-02-10T22:21:04.453+0000] {dagbag.py:540} INFO - Filling up the DagBag from /home/airflow/.local/lib/python3.12/site-packages/airflow/example_dags/example_branch_operator_decorator.py
[2026-02-10T22:21:04.510+0000] {processor.py:840} INFO - DAG(s) 'example_branch_python_operator_decorator' retrieved from /home/airflow/.local/lib/python3.12/site-packages/airflow/example_dags/example_branch_operator_decorator.py
[2026-02-10T22:21:04.574+0000] {logging_mixin.py:188} INFO - [2026-02-10T22:21:04.574+0000] {dag.py:3096} INFO - Sync 1 DAGs
[2026-02-10T22:21:04.645+0000] {logging_mixin.py:188} INFO - [2026-02-10T22:21:04.644+0000] {dag.py:3954} INFO - Setting next_dagrun for example_branch_python_operator_decorator to 2026-02-09 00:00:00+00:00, run_after=2026-02-10 00:00:00+00:00
[2026-02-10T22:21:04.723+0000] {processor.py:183} INFO - Processing /home/airflow/.local/lib/python3.12/site-packages/airflow/example_dags/example_branch_operator_decorator.py took 0.294 seconds
[2026-02-10T22:21:35.644+0000] {processor.py:161} INFO - Started process (PID=867) to work on /home/airflow/.local/lib/python3.12/site-packages/airflow/example_dags/example_branch_operator_decorator.py
[2026-02-10T22:21:35.645+0000] {processor.py:830} INFO - Processing file /home/airflow/.local/lib/python3.12/site-packages/airflow/example_dags/example_branch_operator_decorator.py for tasks to queue
[2026-02-10T22:21:35.647+0000] {logging_mixin.py:188} INFO - [2026-02-10T22:21:35.647+0000] {dagbag.py:540} INFO - Filling up the DagBag from /home/airflow/.local/lib/python3.12/site-packages/airflow/example_dags/example_branch_operator_decorator.py
[2026-02-10T22:21:35.667+0000] {processor.py:840} INFO - DAG(s) 'example_branch_python_operator_decorator' retrieved from /home/airflow/.local/lib/python3.12/site-packages/airflow/example_dags/example_branch_operator_decorator.py
[2026-02-10T22:21:35.696+0000] {logging_mixin.py:188} INFO - [2026-02-10T22:21:35.696+0000] {dag.py:3096} INFO - Sync 1 DAGs
[2026-02-10T22:21:35.720+0000] {logging_mixin.py:188} INFO - [2026-02-10T22:21:35.719+0000] {dag.py:3954} INFO - Setting next_dagrun for example_branch_python_operator_decorator to 2026-02-09 00:00:00+00:00, run_after=2026-02-10 00:00:00+00:00
[2026-02-10T22:21:35.741+0000] {processor.py:183} INFO - Processing /home/airflow/.local/lib/python3.12/site-packages/airflow/example_dags/example_branch_operator_decorator.py took 0.104 seconds
[2026-02-10T22:22:05.831+0000] {processor.py:161} INFO - Started process (PID=921) to work on /home/airflow/.local/lib/python3.12/site-packages/airflow/example_dags/example_branch_operator_decorator.py
[2026-02-10T22:22:05.832+0000] {processor.py:830} INFO - Processing file /home/airflow/.local/lib/python3.12/site-packages/airflow/example_dags/example_branch_operator_decorator.py for tasks to queue
[2026-02-10T22:22:05.834+0000] {logging_mixin.py:188} INFO - [2026-02-10T22:22:05.834+0000] {dagbag.py:540} INFO - Filling up the DagBag from /home/airflow/.local/lib/python3.12/site-packages/airflow/example_dags/example_branch_operator_decorator.py
[2026-02-10T22:22:05.854+0000] {processor.py:840} INFO - DAG(s) 'example_branch_python_operator_decorator' retrieved from /home/airflow/.local/lib/python3.12/site-packages/airflow/example_dags/example_branch_operator_decorator.py
[2026-02-10T22:22:05.881+0000] {logging_mixin.py:188} INFO - [2026-02-10T22:22:05.881+0000] {dag.py:3096} INFO - Sync 1 DAGs
[2026-02-10T22:22:05.905+0000] {logging_mixin.py:188} INFO - [2026-02-10T22:22:05.905+0000] {dag.py:3954} INFO - Setting next_dagrun for example_branch_python_operator_decorator to 2026-02-09 00:00:00+00:00, run_after=2026-02-10 00:00:00+00:00
[2026-02-10T22:22:05.925+0000] {processor.py:183} INFO - Processing /home/airflow/.local/lib/python3.12/site-packages/airflow/example_dags/example_branch_operator_decorator.py took 0.099 seconds
[2026-02-10T22:22:36.833+0000] {processor.py:161} INFO - Started process (PID=975) to work on /home/airflow/.local/lib/python3.12/site-packages/airflow/example_dags/example_branch_operator_decorator.py
[2026-02-10T22:22:36.834+0000] {processor.py:830} INFO - Processing file /home/airflow/.local/lib/python3.12/site-packages/airflow/example_dags/example_branch_operator_decorator.py for tasks to queue
[2026-02-10T22:22:36.837+0000] {logging_mixin.py:188} INFO - [2026-02-10T22:22:36.836+0000] {dagbag.py:540} INFO - Filling up the DagBag from /home/airflow/.local/lib/python3.12/site-packages/airflow/example_dags/example_branch_operator_decorator.py
[2026-02-10T22:22:36.869+0000] {processor.py:840} INFO - DAG(s) 'example_branch_python_operator_decorator' retrieved from /home/airflow/.local/lib/python3.12/site-packages/airflow/example_dags/example_branch_operator_decorator.py
[2026-02-10T22:22:36.911+0000] {logging_mixin.py:188} INFO - [2026-02-10T22:22:36.911+0000] {dag.py:3096} INFO - Sync 1 DAGs
[2026-02-10T22:22:36.959+0000] {logging_mixin.py:188} INFO - [2026-02-10T22:22:36.959+0000] {dag.py:3954} INFO - Setting next_dagrun for example_branch_python_operator_decorator to 2026-02-09 00:00:00+00:00, run_after=2026-02-10 00:00:00+00:00
[2026-02-10T22:22:36.988+0000] {processor.py:183} INFO - Processing /home/airflow/.local/lib/python3.12/site-packages/airflow/example_dags/example_branch_operator_decorator.py took 0.164 seconds
[2026-02-10T22:23:07.567+0000] {processor.py:161} INFO - Started process (PID=1029) to work on /home/airflow/.local/lib/python3.12/site-packages/airflow/example_dags/example_branch_operator_decorator.py
[2026-02-10T22:23:07.568+0000] {processor.py:830} INFO - Processing file /home/airflow/.local/lib/python3.12/site-packages/airflow/example_dags/example_branch_operator_decorator.py for tasks to queue
[2026-02-10T22:23:07.570+0000] {logging_mixin.py:188} INFO - [2026-02-10T22:23:07.570+0000] {dagbag.py:540} INFO - Filling up the DagBag from /home/airflow/.local/lib/python3.12/site-packages/airflow/example_dags/example_branch_operator_decorator.py
[2026-02-10T22:23:07.592+0000] {processor.py:840} INFO - DAG(s) 'example_branch_python_operator_decorator' retrieved from /home/airflow/.local/lib/python3.12/site-packages/airflow/example_dags/example_branch_operator_decorator.py
[2026-02-10T22:23:07.624+0000] {logging_mixin.py:188} INFO - [2026-02-10T22:23:07.624+0000] {dag.py:3096} INFO - Sync 1 DAGs
[2026-02-10T22:23:07.658+0000] {logging_mixin.py:188} INFO - [2026-02-10T22:23:07.658+0000] {dag.py:3954} INFO - Setting next_dagrun for example_branch_python_operator_decorator to 2026-02-09 00:00:00+00:00, run_after=2026-02-10 00:00:00+00:00
[2026-02-10T22:23:07.681+0000] {processor.py:183} INFO - Processing /home/airflow/.local/lib/python3.12/site-packages/airflow/example_dags/example_branch_operator_decorator.py took 0.120 seconds
[2026-02-10T22:23:37.813+0000] {processor.py:161} INFO - Started process (PID=1083) to work on /home/airflow/.local/lib/python3.12/site-packages/airflow/example_dags/example_branch_operator_decorator.py
[2026-02-10T22:23:37.815+0000] {processor.py:830} INFO - Processing file /home/airflow/.local/lib/python3.12/site-packages/airflow/example_dags/example_branch_operator_decorator.py for tasks to queue
[2026-02-10T22:23:37.817+0000] {logging_mixin.py:188} INFO - [2026-02-10T22:23:37.817+0000] {dagbag.py:540} INFO - Filling up the DagBag from /home/airflow/.local/lib/python3.12/site-packages/airflow/example_dags/example_branch_operator_decorator.py
[2026-02-10T22:23:37.840+0000] {processor.py:840} INFO - DAG(s) 'example_branch_python_operator_decorator' retrieved from /home/airflow/.local/lib/python3.12/site-packages/airflow/example_dags/example_branch_operator_decorator.py
[2026-02-10T22:23:37.883+0000] {logging_mixin.py:188} INFO - [2026-02-10T22:23:37.883+0000] {dag.py:3096} INFO - Sync 1 DAGs
[2026-02-10T22:23:37.914+0000] {logging_mixin.py:188} INFO - [2026-02-10T22:23:37.914+0000] {dag.py:3954} INFO - Setting next_dagrun for example_branch_python_operator_decorator to 2026-02-09 00:00:00+00:00, run_after=2026-02-10 00:00:00+00:00
[2026-02-10T22:23:37.939+0000] {processor.py:183} INFO - Processing /home/airflow/.local/lib/python3.12/site-packages/airflow/example_dags/example_branch_operator_decorator.py took 0.135 seconds
[2026-02-10T22:24:08.450+0000] {processor.py:161} INFO - Started process (PID=1137) to work on /home/airflow/.local/lib/python3.12/site-packages/airflow/example_dags/example_branch_operator_decorator.py
[2026-02-10T22:24:08.451+0000] {processor.py:830} INFO - Processing file /home/airflow/.local/lib/python3.12/site-packages/airflow/example_dags/example_branch_operator_decorator.py for tasks to queue
[2026-02-10T22:24:08.454+0000] {logging_mixin.py:188} INFO - [2026-02-10T22:24:08.453+0000] {dagbag.py:540} INFO - Filling up the DagBag from /home/airflow/.local/lib/python3.12/site-packages/airflow/example_dags/example_branch_operator_decorator.py
[2026-02-10T22:24:08.479+0000] {processor.py:840} INFO - DAG(s) 'example_branch_python_operator_decorator' retrieved from /home/airflow/.local/lib/python3.12/site-packages/airflow/example_dags/example_branch_operator_decorator.py
[2026-02-10T22:24:08.524+0000] {logging_mixin.py:188} INFO - [2026-02-10T22:24:08.523+0000] {dag.py:3096} INFO - Sync 1 DAGs
[2026-02-10T22:24:08.757+0000] {logging_mixin.py:188} INFO - [2026-02-10T22:24:08.757+0000] {dag.py:3954} INFO - Setting next_dagrun for example_branch_python_operator_decorator to 2026-02-09 00:00:00+00:00, run_after=2026-02-10 00:00:00+00:00
[2026-02-10T22:24:08.798+0000] {processor.py:183} INFO - Processing /home/airflow/.local/lib/python3.12/site-packages/airflow/example_dags/example_branch_operator_decorator.py took 0.354 seconds
[2026-02-10T22:24:39.594+0000] {processor.py:161} INFO - Started process (PID=1191) to work on /home/airflow/.local/lib/python3.12/site-packages/airflow/example_dags/example_branch_operator_decorator.py
[2026-02-10T22:24:39.595+0000] {processor.py:830} INFO - Processing file /home/airflow/.local/lib/python3.12/site-packages/airflow/example_dags/example_branch_operator_decorator.py for tasks to queue
[2026-02-10T22:24:39.597+0000] {logging_mixin.py:188} INFO - [2026-02-10T22:24:39.597+0000] {dagbag.py:540} INFO - Filling up the DagBag from /home/airflow/.local/lib/python3.12/site-packages/airflow/example_dags/example_branch_operator_decorator.py
[2026-02-10T22:24:39.615+0000] {processor.py:840} INFO - DAG(s) 'example_branch_python_operator_decorator' retrieved from /home/airflow/.local/lib/python3.12/site-packages/airflow/example_dags/example_branch_operator_decorator.py
[2026-02-10T22:24:39.642+0000] {logging_mixin.py:188} INFO - [2026-02-10T22:24:39.642+0000] {dag.py:3096} INFO - Sync 1 DAGs
[2026-02-10T22:24:39.667+0000] {logging_mixin.py:188} INFO - [2026-02-10T22:24:39.667+0000] {dag.py:3954} INFO - Setting next_dagrun for example_branch_python_operator_decorator to 2026-02-09 00:00:00+00:00, run_after=2026-02-10 00:00:00+00:00
[2026-02-10T22:24:39.688+0000] {processor.py:183} INFO - Processing /home/airflow/.local/lib/python3.12/site-packages/airflow/example_dags/example_branch_operator_decorator.py took 0.100 seconds
[2026-02-10T22:25:10.143+0000] {processor.py:161} INFO - Started process (PID=1245) to work on /home/airflow/.local/lib/python3.12/site-packages/airflow/example_dags/example_branch_operator_decorator.py
[2026-02-10T22:25:10.144+0000] {processor.py:830} INFO - Processing file /home/airflow/.local/lib/python3.12/site-packages/airflow/example_dags/example_branch_operator_decorator.py for tasks to queue
[2026-02-10T22:25:10.147+0000] {logging_mixin.py:188} INFO - [2026-02-10T22:25:10.147+0000] {dagbag.py:540} INFO - Filling up the DagBag from /home/airflow/.local/lib/python3.12/site-packages/airflow/example_dags/example_branch_operator_decorator.py
[2026-02-10T22:25:10.170+0000] {processor.py:840} INFO - DAG(s) 'example_branch_python_operator_decorator' retrieved from /home/airflow/.local/lib/python3.12/site-packages/airflow/example_dags/example_branch_operator_decorator.py
[2026-02-10T22:25:10.201+0000] {logging_mixin.py:188} INFO - [2026-02-10T22:25:10.200+0000] {dag.py:3096} INFO - Sync 1 DAGs
[2026-02-10T22:25:10.226+0000] {logging_mixin.py:188} INFO - [2026-02-10T22:25:10.225+0000] {dag.py:3954} INFO - Setting next_dagrun for example_branch_python_operator_decorator to 2026-02-09 00:00:00+00:00, run_after=2026-02-10 00:00:00+00:00
[2026-02-10T22:25:10.251+0000] {processor.py:183} INFO - Processing /home/airflow/.local/lib/python3.12/site-packages/airflow/example_dags/example_branch_operator_decorator.py took 0.116 seconds
[2026-02-10T22:25:41.503+0000] {processor.py:161} INFO - Started process (PID=1299) to work on /home/airflow/.local/lib/python3.12/site-packages/airflow/example_dags/example_branch_operator_decorator.py
[2026-02-10T22:25:41.512+0000] {processor.py:830} INFO - Processing file /home/airflow/.local/lib/python3.12/site-packages/airflow/example_dags/example_branch_operator_decorator.py for tasks to queue
[2026-02-10T22:25:41.546+0000] {logging_mixin.py:188} INFO - [2026-02-10T22:25:41.545+0000] {dagbag.py:540} INFO - Filling up the DagBag from /home/airflow/.local/lib/python3.12/site-packages/airflow/example_dags/example_branch_operator_decorator.py
[2026-02-10T22:25:41.794+0000] {processor.py:840} INFO - DAG(s) 'example_branch_python_operator_decorator' retrieved from /home/airflow/.local/lib/python3.12/site-packages/airflow/example_dags/example_branch_operator_decorator.py
[2026-02-10T22:25:43.116+0000] {logging_mixin.py:188} INFO - [2026-02-10T22:25:43.115+0000] {dag.py:3096} INFO - Sync 1 DAGs
[2026-02-10T22:25:43.305+0000] {logging_mixin.py:188} INFO - [2026-02-10T22:25:43.304+0000] {dag.py:3954} INFO - Setting next_dagrun for example_branch_python_operator_decorator to 2026-02-09 00:00:00+00:00, run_after=2026-02-10 00:00:00+00:00
[2026-02-10T22:25:43.441+0000] {processor.py:183} INFO - Processing /home/airflow/.local/lib/python3.12/site-packages/airflow/example_dags/example_branch_operator_decorator.py took 2.077 seconds
[2026-02-10T22:26:14.403+0000] {processor.py:161} INFO - Started process (PID=1354) to work on /home/airflow/.local/lib/python3.12/site-packages/airflow/example_dags/example_branch_operator_decorator.py
[2026-02-10T22:26:14.406+0000] {processor.py:830} INFO - Processing file /home/airflow/.local/lib/python3.12/site-packages/airflow/example_dags/example_branch_operator_decorator.py for tasks to queue
[2026-02-10T22:26:14.417+0000] {logging_mixin.py:188} INFO - [2026-02-10T22:26:14.415+0000] {dagbag.py:540} INFO - Filling up the DagBag from /home/airflow/.local/lib/python3.12/site-packages/airflow/example_dags/example_branch_operator_decorator.py
[2026-02-10T22:26:14.494+0000] {processor.py:840} INFO - DAG(s) 'example_branch_python_operator_decorator' retrieved from /home/airflow/.local/lib/python3.12/site-packages/airflow/example_dags/example_branch_operator_decorator.py
[2026-02-10T22:26:14.597+0000] {logging_mixin.py:188} INFO - [2026-02-10T22:26:14.596+0000] {dag.py:3096} INFO - Sync 1 DAGs
[2026-02-10T22:26:14.687+0000] {logging_mixin.py:188} INFO - [2026-02-10T22:26:14.686+0000] {dag.py:3954} INFO - Setting next_dagrun for example_branch_python_operator_decorator to 2026-02-09 00:00:00+00:00, run_after=2026-02-10 00:00:00+00:00
[2026-02-10T22:26:14.737+0000] {processor.py:183} INFO - Processing /home/airflow/.local/lib/python3.12/site-packages/airflow/example_dags/example_branch_operator_decorator.py took 0.349 seconds
[2026-02-10T22:26:45.709+0000] {processor.py:161} INFO - Started process (PID=1408) to work on /home/airflow/.local/lib/python3.12/site-packages/airflow/example_dags/example_branch_operator_decorator.py
[2026-02-10T22:26:45.711+0000] {processor.py:830} INFO - Processing file /home/airflow/.local/lib/python3.12/site-packages/airflow/example_dags/example_branch_operator_decorator.py for tasks to queue
[2026-02-10T22:26:45.714+0000] {logging_mixin.py:188} INFO - [2026-02-10T22:26:45.714+0000] {dagbag.py:540} INFO - Filling up the DagBag from /home/airflow/.local/lib/python3.12/site-packages/airflow/example_dags/example_branch_operator_decorator.py
[2026-02-10T22:26:45.732+0000] {processor.py:840} INFO - DAG(s) 'example_branch_python_operator_decorator' retrieved from /home/airflow/.local/lib/python3.12/site-packages/airflow/example_dags/example_branch_operator_decorator.py
[2026-02-10T22:26:45.759+0000] {logging_mixin.py:188} INFO - [2026-02-10T22:26:45.759+0000] {dag.py:3096} INFO - Sync 1 DAGs
[2026-02-10T22:26:45.785+0000] {logging_mixin.py:188} INFO - [2026-02-10T22:26:45.784+0000] {dag.py:3954} INFO - Setting next_dagrun for example_branch_python_operator_decorator to 2026-02-09 00:00:00+00:00, run_after=2026-02-10 00:00:00+00:00
[2026-02-10T22:26:45.806+0000] {processor.py:183} INFO - Processing /home/airflow/.local/lib/python3.12/site-packages/airflow/example_dags/example_branch_operator_decorator.py took 0.103 seconds
[2026-02-10T22:27:15.937+0000] {processor.py:161} INFO - Started process (PID=1462) to work on /home/airflow/.local/lib/python3.12/site-packages/airflow/example_dags/example_branch_operator_decorator.py
[2026-02-10T22:27:15.938+0000] {processor.py:830} INFO - Processing file /home/airflow/.local/lib/python3.12/site-packages/airflow/example_dags/example_branch_operator_decorator.py for tasks to queue
[2026-02-10T22:27:15.940+0000] {logging_mixin.py:188} INFO - [2026-02-10T22:27:15.939+0000] {dagbag.py:540} INFO - Filling up the DagBag from /home/airflow/.local/lib/python3.12/site-packages/airflow/example_dags/example_branch_operator_decorator.py
[2026-02-10T22:27:15.958+0000] {processor.py:840} INFO - DAG(s) 'example_branch_python_operator_decorator' retrieved from /home/airflow/.local/lib/python3.12/site-packages/airflow/example_dags/example_branch_operator_decorator.py
[2026-02-10T22:27:15.985+0000] {logging_mixin.py:188} INFO - [2026-02-10T22:27:15.985+0000] {dag.py:3096} INFO - Sync 1 DAGs
[2026-02-10T22:27:16.008+0000] {logging_mixin.py:188} INFO - [2026-02-10T22:27:16.008+0000] {dag.py:3954} INFO - Setting next_dagrun for example_branch_python_operator_decorator to 2026-02-09 00:00:00+00:00, run_after=2026-02-10 00:00:00+00:00
[2026-02-10T22:27:16.032+0000] {processor.py:183} INFO - Processing /home/airflow/.local/lib/python3.12/site-packages/airflow/example_dags/example_branch_operator_decorator.py took 0.101 seconds
[2026-02-10T22:27:46.240+0000] {processor.py:161} INFO - Started process (PID=1516) to work on /home/airflow/.local/lib/python3.12/site-packages/airflow/example_dags/example_branch_operator_decorator.py
[2026-02-10T22:27:46.242+0000] {processor.py:830} INFO - Processing file /home/airflow/.local/lib/python3.12/site-packages/airflow/example_dags/example_branch_operator_decorator.py for tasks to queue
[2026-02-10T22:27:46.244+0000] {logging_mixin.py:188} INFO - [2026-02-10T22:27:46.244+0000] {dagbag.py:540} INFO - Filling up the DagBag from /home/airflow/.local/lib/python3.12/site-packages/airflow/example_dags/example_branch_operator_decorator.py
[2026-02-10T22:27:46.268+0000] {processor.py:840} INFO - DAG(s) 'example_branch_python_operator_decorator' retrieved from /home/airflow/.local/lib/python3.12/site-packages/airflow/example_dags/example_branch_operator_decorator.py
[2026-02-10T22:27:46.306+0000] {logging_mixin.py:188} INFO - [2026-02-10T22:27:46.306+0000] {dag.py:3096} INFO - Sync 1 DAGs
[2026-02-10T22:27:46.334+0000] {logging_mixin.py:188} INFO - [2026-02-10T22:27:46.334+0000] {dag.py:3954} INFO - Setting next_dagrun for example_branch_python_operator_decorator to 2026-02-09 00:00:00+00:00, run_after=2026-02-10 00:00:00+00:00
[2026-02-10T22:27:46.360+0000] {processor.py:183} INFO - Processing /home/airflow/.local/lib/python3.12/site-packages/airflow/example_dags/example_branch_operator_decorator.py took 0.126 seconds
[2026-02-10T22:28:16.524+0000] {processor.py:161} INFO - Started process (PID=1570) to work on /home/airflow/.local/lib/python3.12/site-packages/airflow/example_dags/example_branch_operator_decorator.py
[2026-02-10T22:28:16.529+0000] {processor.py:830} INFO - Processing file /home/airflow/.local/lib/python3.12/site-packages/airflow/example_dags/example_branch_operator_decorator.py for tasks to queue
[2026-02-10T22:28:16.536+0000] {logging_mixin.py:188} INFO - [2026-02-10T22:28:16.535+0000] {dagbag.py:540} INFO - Filling up the DagBag from /home/airflow/.local/lib/python3.12/site-packages/airflow/example_dags/example_branch_operator_decorator.py
[2026-02-10T22:28:16.675+0000] {processor.py:840} INFO - DAG(s) 'example_branch_python_operator_decorator' retrieved from /home/airflow/.local/lib/python3.12/site-packages/airflow/example_dags/example_branch_operator_decorator.py
[2026-02-10T22:28:16.865+0000] {logging_mixin.py:188} INFO - [2026-02-10T22:28:16.865+0000] {dag.py:3096} INFO - Sync 1 DAGs
[2026-02-10T22:35:17.744+0000] {processor.py:161} INFO - Started process (PID=58) to work on /home/airflow/.local/lib/python3.12/site-packages/airflow/example_dags/example_branch_operator_decorator.py
[2026-02-10T22:35:17.757+0000] {processor.py:830} INFO - Processing file /home/airflow/.local/lib/python3.12/site-packages/airflow/example_dags/example_branch_operator_decorator.py for tasks to queue
[2026-02-10T22:35:17.776+0000] {logging_mixin.py:188} INFO - [2026-02-10T22:35:17.766+0000] {dagbag.py:540} INFO - Filling up the DagBag from /home/airflow/.local/lib/python3.12/site-packages/airflow/example_dags/example_branch_operator_decorator.py
[2026-02-10T22:35:17.928+0000] {processor.py:840} INFO - DAG(s) 'example_branch_python_operator_decorator' retrieved from /home/airflow/.local/lib/python3.12/site-packages/airflow/example_dags/example_branch_operator_decorator.py
[2026-02-10T22:35:18.055+0000] {logging_mixin.py:188} INFO - [2026-02-10T22:35:18.054+0000] {dag.py:3096} INFO - Sync 1 DAGs
[2026-02-10T22:35:18.227+0000] {logging_mixin.py:188} INFO - [2026-02-10T22:35:18.226+0000] {dag.py:3954} INFO - Setting next_dagrun for example_branch_python_operator_decorator to 2026-02-09 00:00:00+00:00, run_after=2026-02-10 00:00:00+00:00
[2026-02-10T22:35:18.304+0000] {processor.py:183} INFO - Processing /home/airflow/.local/lib/python3.12/site-packages/airflow/example_dags/example_branch_operator_decorator.py took 0.614 seconds
[2026-02-10T22:35:51.210+0000] {processor.py:161} INFO - Started process (PID=112) to work on /home/airflow/.local/lib/python3.12/site-packages/airflow/example_dags/example_branch_operator_decorator.py
[2026-02-10T22:35:51.213+0000] {processor.py:830} INFO - Processing file /home/airflow/.local/lib/python3.12/site-packages/airflow/example_dags/example_branch_operator_decorator.py for tasks to queue
[2026-02-10T22:35:51.220+0000] {logging_mixin.py:188} INFO - [2026-02-10T22:35:51.219+0000] {dagbag.py:540} INFO - Filling up the DagBag from /home/airflow/.local/lib/python3.12/site-packages/airflow/example_dags/example_branch_operator_decorator.py
[2026-02-10T22:35:51.287+0000] {processor.py:840} INFO - DAG(s) 'example_branch_python_operator_decorator' retrieved from /home/airflow/.local/lib/python3.12/site-packages/airflow/example_dags/example_branch_operator_decorator.py
[2026-02-10T22:35:51.652+0000] {logging_mixin.py:188} INFO - [2026-02-10T22:35:51.651+0000] {dag.py:3096} INFO - Sync 1 DAGs
[2026-02-10T22:35:51.723+0000] {logging_mixin.py:188} INFO - [2026-02-10T22:35:51.722+0000] {dag.py:3954} INFO - Setting next_dagrun for example_branch_python_operator_decorator to 2026-02-09 00:00:00+00:00, run_after=2026-02-10 00:00:00+00:00
[2026-02-10T22:35:51.789+0000] {processor.py:183} INFO - Processing /home/airflow/.local/lib/python3.12/site-packages/airflow/example_dags/example_branch_operator_decorator.py took 0.598 seconds
[2026-02-10T22:36:21.985+0000] {processor.py:161} INFO - Started process (PID=166) to work on /home/airflow/.local/lib/python3.12/site-packages/airflow/example_dags/example_branch_operator_decorator.py
[2026-02-10T22:36:21.988+0000] {processor.py:830} INFO - Processing file /home/airflow/.local/lib/python3.12/site-packages/airflow/example_dags/example_branch_operator_decorator.py for tasks to queue
[2026-02-10T22:36:21.991+0000] {logging_mixin.py:188} INFO - [2026-02-10T22:36:21.991+0000] {dagbag.py:540} INFO - Filling up the DagBag from /home/airflow/.local/lib/python3.12/site-packages/airflow/example_dags/example_branch_operator_decorator.py
[2026-02-10T22:36:22.031+0000] {processor.py:840} INFO - DAG(s) 'example_branch_python_operator_decorator' retrieved from /home/airflow/.local/lib/python3.12/site-packages/airflow/example_dags/example_branch_operator_decorator.py
[2026-02-10T22:36:22.086+0000] {logging_mixin.py:188} INFO - [2026-02-10T22:36:22.085+0000] {dag.py:3096} INFO - Sync 1 DAGs
[2026-02-10T22:36:22.124+0000] {logging_mixin.py:188} INFO - [2026-02-10T22:36:22.124+0000] {dag.py:3954} INFO - Setting next_dagrun for example_branch_python_operator_decorator to 2026-02-09 00:00:00+00:00, run_after=2026-02-10 00:00:00+00:00
[2026-02-10T22:36:22.155+0000] {processor.py:183} INFO - Processing /home/airflow/.local/lib/python3.12/site-packages/airflow/example_dags/example_branch_operator_decorator.py took 0.181 seconds
[2026-02-10T22:36:52.386+0000] {processor.py:161} INFO - Started process (PID=220) to work on /home/airflow/.local/lib/python3.12/site-packages/airflow/example_dags/example_branch_operator_decorator.py
[2026-02-10T22:36:52.387+0000] {processor.py:830} INFO - Processing file /home/airflow/.local/lib/python3.12/site-packages/airflow/example_dags/example_branch_operator_decorator.py for tasks to queue
[2026-02-10T22:36:52.391+0000] {logging_mixin.py:188} INFO - [2026-02-10T22:36:52.390+0000] {dagbag.py:540} INFO - Filling up the DagBag from /home/airflow/.local/lib/python3.12/site-packages/airflow/example_dags/example_branch_operator_decorator.py
[2026-02-10T22:36:52.429+0000] {processor.py:840} INFO - DAG(s) 'example_branch_python_operator_decorator' retrieved from /home/airflow/.local/lib/python3.12/site-packages/airflow/example_dags/example_branch_operator_decorator.py
[2026-02-10T22:36:52.479+0000] {logging_mixin.py:188} INFO - [2026-02-10T22:36:52.478+0000] {dag.py:3096} INFO - Sync 1 DAGs
[2026-02-10T22:36:52.517+0000] {logging_mixin.py:188} INFO - [2026-02-10T22:36:52.517+0000] {dag.py:3954} INFO - Setting next_dagrun for example_branch_python_operator_decorator to 2026-02-09 00:00:00+00:00, run_after=2026-02-10 00:00:00+00:00
[2026-02-10T22:36:52.552+0000] {processor.py:183} INFO - Processing /home/airflow/.local/lib/python3.12/site-packages/airflow/example_dags/example_branch_operator_decorator.py took 0.176 seconds
[2026-02-10T22:37:22.694+0000] {processor.py:161} INFO - Started process (PID=274) to work on /home/airflow/.local/lib/python3.12/site-packages/airflow/example_dags/example_branch_operator_decorator.py
[2026-02-10T22:37:22.695+0000] {processor.py:830} INFO - Processing file /home/airflow/.local/lib/python3.12/site-packages/airflow/example_dags/example_branch_operator_decorator.py for tasks to queue
[2026-02-10T22:37:22.699+0000] {logging_mixin.py:188} INFO - [2026-02-10T22:37:22.698+0000] {dagbag.py:540} INFO - Filling up the DagBag from /home/airflow/.local/lib/python3.12/site-packages/airflow/example_dags/example_branch_operator_decorator.py
[2026-02-10T22:37:22.723+0000] {processor.py:840} INFO - DAG(s) 'example_branch_python_operator_decorator' retrieved from /home/airflow/.local/lib/python3.12/site-packages/airflow/example_dags/example_branch_operator_decorator.py
[2026-02-10T22:37:22.762+0000] {logging_mixin.py:188} INFO - [2026-02-10T22:37:22.761+0000] {dag.py:3096} INFO - Sync 1 DAGs
[2026-02-10T22:37:22.790+0000] {logging_mixin.py:188} INFO - [2026-02-10T22:37:22.790+0000] {dag.py:3954} INFO - Setting next_dagrun for example_branch_python_operator_decorator to 2026-02-09 00:00:00+00:00, run_after=2026-02-10 00:00:00+00:00
[2026-02-10T22:37:22.816+0000] {processor.py:183} INFO - Processing /home/airflow/.local/lib/python3.12/site-packages/airflow/example_dags/example_branch_operator_decorator.py took 0.129 seconds
[2026-02-10T22:37:52.905+0000] {processor.py:161} INFO - Started process (PID=328) to work on /home/airflow/.local/lib/python3.12/site-packages/airflow/example_dags/example_branch_operator_decorator.py
[2026-02-10T22:37:52.907+0000] {processor.py:830} INFO - Processing file /home/airflow/.local/lib/python3.12/site-packages/airflow/example_dags/example_branch_operator_decorator.py for tasks to queue
[2026-02-10T22:37:52.909+0000] {logging_mixin.py:188} INFO - [2026-02-10T22:37:52.909+0000] {dagbag.py:540} INFO - Filling up the DagBag from /home/airflow/.local/lib/python3.12/site-packages/airflow/example_dags/example_branch_operator_decorator.py
[2026-02-10T22:37:52.934+0000] {processor.py:840} INFO - DAG(s) 'example_branch_python_operator_decorator' retrieved from /home/airflow/.local/lib/python3.12/site-packages/airflow/example_dags/example_branch_operator_decorator.py
[2026-02-10T22:37:52.982+0000] {logging_mixin.py:188} INFO - [2026-02-10T22:37:52.982+0000] {dag.py:3096} INFO - Sync 1 DAGs
[2026-02-10T22:37:53.016+0000] {logging_mixin.py:188} INFO - [2026-02-10T22:37:53.015+0000] {dag.py:3954} INFO - Setting next_dagrun for example_branch_python_operator_decorator to 2026-02-09 00:00:00+00:00, run_after=2026-02-10 00:00:00+00:00
[2026-02-10T22:37:53.046+0000] {processor.py:183} INFO - Processing /home/airflow/.local/lib/python3.12/site-packages/airflow/example_dags/example_branch_operator_decorator.py took 0.148 seconds
[2026-02-10T22:38:23.535+0000] {processor.py:161} INFO - Started process (PID=382) to work on /home/airflow/.local/lib/python3.12/site-packages/airflow/example_dags/example_branch_operator_decorator.py
[2026-02-10T22:38:23.536+0000] {processor.py:830} INFO - Processing file /home/airflow/.local/lib/python3.12/site-packages/airflow/example_dags/example_branch_operator_decorator.py for tasks to queue
[2026-02-10T22:38:23.540+0000] {logging_mixin.py:188} INFO - [2026-02-10T22:38:23.539+0000] {dagbag.py:540} INFO - Filling up the DagBag from /home/airflow/.local/lib/python3.12/site-packages/airflow/example_dags/example_branch_operator_decorator.py
[2026-02-10T22:38:23.574+0000] {processor.py:840} INFO - DAG(s) 'example_branch_python_operator_decorator' retrieved from /home/airflow/.local/lib/python3.12/site-packages/airflow/example_dags/example_branch_operator_decorator.py
[2026-02-10T22:38:23.618+0000] {logging_mixin.py:188} INFO - [2026-02-10T22:38:23.617+0000] {dag.py:3096} INFO - Sync 1 DAGs
[2026-02-10T22:38:23.656+0000] {logging_mixin.py:188} INFO - [2026-02-10T22:38:23.656+0000] {dag.py:3954} INFO - Setting next_dagrun for example_branch_python_operator_decorator to 2026-02-09 00:00:00+00:00, run_after=2026-02-10 00:00:00+00:00
[2026-02-10T22:38:23.690+0000] {processor.py:183} INFO - Processing /home/airflow/.local/lib/python3.12/site-packages/airflow/example_dags/example_branch_operator_decorator.py took 0.167 seconds
[2026-02-10T22:41:07.467+0000] {processor.py:161} INFO - Started process (PID=58) to work on /home/airflow/.local/lib/python3.12/site-packages/airflow/example_dags/example_branch_operator_decorator.py
[2026-02-10T22:41:07.483+0000] {processor.py:830} INFO - Processing file /home/airflow/.local/lib/python3.12/site-packages/airflow/example_dags/example_branch_operator_decorator.py for tasks to queue
[2026-02-10T22:41:07.525+0000] {logging_mixin.py:188} INFO - [2026-02-10T22:41:07.511+0000] {dagbag.py:540} INFO - Filling up the DagBag from /home/airflow/.local/lib/python3.12/site-packages/airflow/example_dags/example_branch_operator_decorator.py
[2026-02-10T22:41:07.747+0000] {processor.py:840} INFO - DAG(s) 'example_branch_python_operator_decorator' retrieved from /home/airflow/.local/lib/python3.12/site-packages/airflow/example_dags/example_branch_operator_decorator.py
[2026-02-10T22:41:07.835+0000] {logging_mixin.py:188} INFO - [2026-02-10T22:41:07.835+0000] {dag.py:3096} INFO - Sync 1 DAGs
[2026-02-10T22:41:08.555+0000] {logging_mixin.py:188} INFO - [2026-02-10T22:41:08.554+0000] {dag.py:3954} INFO - Setting next_dagrun for example_branch_python_operator_decorator to 2026-02-09 00:00:00+00:00, run_after=2026-02-10 00:00:00+00:00
[2026-02-10T22:41:09.356+0000] {processor.py:183} INFO - Processing /home/airflow/.local/lib/python3.12/site-packages/airflow/example_dags/example_branch_operator_decorator.py took 1.948 seconds
[2026-02-10T22:41:48.546+0000] {processor.py:161} INFO - Started process (PID=112) to work on /home/airflow/.local/lib/python3.12/site-packages/airflow/example_dags/example_branch_operator_decorator.py
[2026-02-10T22:41:48.551+0000] {processor.py:830} INFO - Processing file /home/airflow/.local/lib/python3.12/site-packages/airflow/example_dags/example_branch_operator_decorator.py for tasks to queue
[2026-02-10T22:41:48.563+0000] {logging_mixin.py:188} INFO - [2026-02-10T22:41:48.562+0000] {dagbag.py:540} INFO - Filling up the DagBag from /home/airflow/.local/lib/python3.12/site-packages/airflow/example_dags/example_branch_operator_decorator.py
[2026-02-10T22:41:48.691+0000] {processor.py:840} INFO - DAG(s) 'example_branch_python_operator_decorator' retrieved from /home/airflow/.local/lib/python3.12/site-packages/airflow/example_dags/example_branch_operator_decorator.py
[2026-02-10T22:41:49.382+0000] {logging_mixin.py:188} INFO - [2026-02-10T22:41:49.381+0000] {dag.py:3096} INFO - Sync 1 DAGs
[2026-02-10T22:41:49.487+0000] {logging_mixin.py:188} INFO - [2026-02-10T22:41:49.486+0000] {dag.py:3954} INFO - Setting next_dagrun for example_branch_python_operator_decorator to 2026-02-09 00:00:00+00:00, run_after=2026-02-10 00:00:00+00:00
[2026-02-10T22:41:49.565+0000] {processor.py:183} INFO - Processing /home/airflow/.local/lib/python3.12/site-packages/airflow/example_dags/example_branch_operator_decorator.py took 1.047 seconds
[2026-02-10T22:42:19.731+0000] {processor.py:161} INFO - Started process (PID=166) to work on /home/airflow/.local/lib/python3.12/site-packages/airflow/example_dags/example_branch_operator_decorator.py
[2026-02-10T22:42:19.736+0000] {processor.py:830} INFO - Processing file /home/airflow/.local/lib/python3.12/site-packages/airflow/example_dags/example_branch_operator_decorator.py for tasks to queue
[2026-02-10T22:42:19.746+0000] {logging_mixin.py:188} INFO - [2026-02-10T22:42:19.745+0000] {dagbag.py:540} INFO - Filling up the DagBag from /home/airflow/.local/lib/python3.12/site-packages/airflow/example_dags/example_branch_operator_decorator.py
[2026-02-10T22:42:19.812+0000] {processor.py:840} INFO - DAG(s) 'example_branch_python_operator_decorator' retrieved from /home/airflow/.local/lib/python3.12/site-packages/airflow/example_dags/example_branch_operator_decorator.py
[2026-02-10T22:42:19.896+0000] {logging_mixin.py:188} INFO - [2026-02-10T22:42:19.895+0000] {dag.py:3096} INFO - Sync 1 DAGs
[2026-02-10T22:42:19.963+0000] {logging_mixin.py:188} INFO - [2026-02-10T22:42:19.963+0000] {dag.py:3954} INFO - Setting next_dagrun for example_branch_python_operator_decorator to 2026-02-09 00:00:00+00:00, run_after=2026-02-10 00:00:00+00:00
[2026-02-10T22:42:20.017+0000] {processor.py:183} INFO - Processing /home/airflow/.local/lib/python3.12/site-packages/airflow/example_dags/example_branch_operator_decorator.py took 0.308 seconds
[2026-02-10T22:42:50.402+0000] {processor.py:161} INFO - Started process (PID=220) to work on /home/airflow/.local/lib/python3.12/site-packages/airflow/example_dags/example_branch_operator_decorator.py
[2026-02-10T22:42:50.404+0000] {processor.py:830} INFO - Processing file /home/airflow/.local/lib/python3.12/site-packages/airflow/example_dags/example_branch_operator_decorator.py for tasks to queue
[2026-02-10T22:42:50.409+0000] {logging_mixin.py:188} INFO - [2026-02-10T22:42:50.408+0000] {dagbag.py:540} INFO - Filling up the DagBag from /home/airflow/.local/lib/python3.12/site-packages/airflow/example_dags/example_branch_operator_decorator.py
[2026-02-10T22:42:50.447+0000] {processor.py:840} INFO - DAG(s) 'example_branch_python_operator_decorator' retrieved from /home/airflow/.local/lib/python3.12/site-packages/airflow/example_dags/example_branch_operator_decorator.py
[2026-02-10T22:42:50.496+0000] {logging_mixin.py:188} INFO - [2026-02-10T22:42:50.495+0000] {dag.py:3096} INFO - Sync 1 DAGs
[2026-02-10T22:42:50.536+0000] {logging_mixin.py:188} INFO - [2026-02-10T22:42:50.536+0000] {dag.py:3954} INFO - Setting next_dagrun for example_branch_python_operator_decorator to 2026-02-09 00:00:00+00:00, run_after=2026-02-10 00:00:00+00:00
[2026-02-10T22:42:50.569+0000] {processor.py:183} INFO - Processing /home/airflow/.local/lib/python3.12/site-packages/airflow/example_dags/example_branch_operator_decorator.py took 0.178 seconds
[2026-02-10T22:43:21.257+0000] {processor.py:161} INFO - Started process (PID=274) to work on /home/airflow/.local/lib/python3.12/site-packages/airflow/example_dags/example_branch_operator_decorator.py
[2026-02-10T22:43:21.259+0000] {processor.py:830} INFO - Processing file /home/airflow/.local/lib/python3.12/site-packages/airflow/example_dags/example_branch_operator_decorator.py for tasks to queue
[2026-02-10T22:43:21.265+0000] {logging_mixin.py:188} INFO - [2026-02-10T22:43:21.264+0000] {dagbag.py:540} INFO - Filling up the DagBag from /home/airflow/.local/lib/python3.12/site-packages/airflow/example_dags/example_branch_operator_decorator.py
[2026-02-10T22:43:21.324+0000] {processor.py:840} INFO - DAG(s) 'example_branch_python_operator_decorator' retrieved from /home/airflow/.local/lib/python3.12/site-packages/airflow/example_dags/example_branch_operator_decorator.py
[2026-02-10T22:43:21.404+0000] {logging_mixin.py:188} INFO - [2026-02-10T22:43:21.404+0000] {dag.py:3096} INFO - Sync 1 DAGs
[2026-02-10T22:43:21.490+0000] {logging_mixin.py:188} INFO - [2026-02-10T22:43:21.489+0000] {dag.py:3954} INFO - Setting next_dagrun for example_branch_python_operator_decorator to 2026-02-09 00:00:00+00:00, run_after=2026-02-10 00:00:00+00:00
[2026-02-10T22:43:21.554+0000] {processor.py:183} INFO - Processing /home/airflow/.local/lib/python3.12/site-packages/airflow/example_dags/example_branch_operator_decorator.py took 0.310 seconds
[2026-02-10T22:43:52.183+0000] {processor.py:161} INFO - Started process (PID=328) to work on /home/airflow/.local/lib/python3.12/site-packages/airflow/example_dags/example_branch_operator_decorator.py
[2026-02-10T22:43:52.185+0000] {processor.py:830} INFO - Processing file /home/airflow/.local/lib/python3.12/site-packages/airflow/example_dags/example_branch_operator_decorator.py for tasks to queue
[2026-02-10T22:43:52.189+0000] {logging_mixin.py:188} INFO - [2026-02-10T22:43:52.189+0000] {dagbag.py:540} INFO - Filling up the DagBag from /home/airflow/.local/lib/python3.12/site-packages/airflow/example_dags/example_branch_operator_decorator.py
[2026-02-10T22:43:52.225+0000] {processor.py:840} INFO - DAG(s) 'example_branch_python_operator_decorator' retrieved from /home/airflow/.local/lib/python3.12/site-packages/airflow/example_dags/example_branch_operator_decorator.py
[2026-02-10T22:43:52.281+0000] {logging_mixin.py:188} INFO - [2026-02-10T22:43:52.280+0000] {dag.py:3096} INFO - Sync 1 DAGs
[2026-02-10T22:43:52.318+0000] {logging_mixin.py:188} INFO - [2026-02-10T22:43:52.317+0000] {dag.py:3954} INFO - Setting next_dagrun for example_branch_python_operator_decorator to 2026-02-09 00:00:00+00:00, run_after=2026-02-10 00:00:00+00:00
[2026-02-10T22:43:52.351+0000] {processor.py:183} INFO - Processing /home/airflow/.local/lib/python3.12/site-packages/airflow/example_dags/example_branch_operator_decorator.py took 0.178 seconds
[2026-02-10T22:44:22.737+0000] {processor.py:161} INFO - Started process (PID=382) to work on /home/airflow/.local/lib/python3.12/site-packages/airflow/example_dags/example_branch_operator_decorator.py
[2026-02-10T22:44:22.739+0000] {processor.py:830} INFO - Processing file /home/airflow/.local/lib/python3.12/site-packages/airflow/example_dags/example_branch_operator_decorator.py for tasks to queue
[2026-02-10T22:44:22.744+0000] {logging_mixin.py:188} INFO - [2026-02-10T22:44:22.743+0000] {dagbag.py:540} INFO - Filling up the DagBag from /home/airflow/.local/lib/python3.12/site-packages/airflow/example_dags/example_branch_operator_decorator.py
[2026-02-10T22:44:22.787+0000] {processor.py:840} INFO - DAG(s) 'example_branch_python_operator_decorator' retrieved from /home/airflow/.local/lib/python3.12/site-packages/airflow/example_dags/example_branch_operator_decorator.py
[2026-02-10T22:44:22.843+0000] {logging_mixin.py:188} INFO - [2026-02-10T22:44:22.843+0000] {dag.py:3096} INFO - Sync 1 DAGs
[2026-02-10T22:44:22.884+0000] {logging_mixin.py:188} INFO - [2026-02-10T22:44:22.883+0000] {dag.py:3954} INFO - Setting next_dagrun for example_branch_python_operator_decorator to 2026-02-09 00:00:00+00:00, run_after=2026-02-10 00:00:00+00:00
[2026-02-10T22:44:22.918+0000] {processor.py:183} INFO - Processing /home/airflow/.local/lib/python3.12/site-packages/airflow/example_dags/example_branch_operator_decorator.py took 0.194 seconds
[2026-02-10T22:44:53.020+0000] {processor.py:161} INFO - Started process (PID=435) to work on /home/airflow/.local/lib/python3.12/site-packages/airflow/example_dags/example_branch_operator_decorator.py
[2026-02-10T22:44:53.022+0000] {processor.py:830} INFO - Processing file /home/airflow/.local/lib/python3.12/site-packages/airflow/example_dags/example_branch_operator_decorator.py for tasks to queue
[2026-02-10T22:44:53.024+0000] {logging_mixin.py:188} INFO - [2026-02-10T22:44:53.023+0000] {dagbag.py:540} INFO - Filling up the DagBag from /home/airflow/.local/lib/python3.12/site-packages/airflow/example_dags/example_branch_operator_decorator.py
[2026-02-10T22:44:53.043+0000] {processor.py:840} INFO - DAG(s) 'example_branch_python_operator_decorator' retrieved from /home/airflow/.local/lib/python3.12/site-packages/airflow/example_dags/example_branch_operator_decorator.py
[2026-02-10T22:44:53.069+0000] {logging_mixin.py:188} INFO - [2026-02-10T22:44:53.068+0000] {dag.py:3096} INFO - Sync 1 DAGs
[2026-02-10T22:44:53.090+0000] {logging_mixin.py:188} INFO - [2026-02-10T22:44:53.090+0000] {dag.py:3954} INFO - Setting next_dagrun for example_branch_python_operator_decorator to 2026-02-09 00:00:00+00:00, run_after=2026-02-10 00:00:00+00:00
[2026-02-10T22:44:53.110+0000] {processor.py:183} INFO - Processing /home/airflow/.local/lib/python3.12/site-packages/airflow/example_dags/example_branch_operator_decorator.py took 0.095 seconds
[2026-02-10T22:45:23.454+0000] {processor.py:161} INFO - Started process (PID=489) to work on /home/airflow/.local/lib/python3.12/site-packages/airflow/example_dags/example_branch_operator_decorator.py
[2026-02-10T22:45:23.455+0000] {processor.py:830} INFO - Processing file /home/airflow/.local/lib/python3.12/site-packages/airflow/example_dags/example_branch_operator_decorator.py for tasks to queue
[2026-02-10T22:45:23.457+0000] {logging_mixin.py:188} INFO - [2026-02-10T22:45:23.457+0000] {dagbag.py:540} INFO - Filling up the DagBag from /home/airflow/.local/lib/python3.12/site-packages/airflow/example_dags/example_branch_operator_decorator.py
[2026-02-10T22:45:23.475+0000] {processor.py:840} INFO - DAG(s) 'example_branch_python_operator_decorator' retrieved from /home/airflow/.local/lib/python3.12/site-packages/airflow/example_dags/example_branch_operator_decorator.py
[2026-02-10T22:45:23.501+0000] {logging_mixin.py:188} INFO - [2026-02-10T22:45:23.501+0000] {dag.py:3096} INFO - Sync 1 DAGs
[2026-02-10T22:45:23.523+0000] {logging_mixin.py:188} INFO - [2026-02-10T22:45:23.523+0000] {dag.py:3954} INFO - Setting next_dagrun for example_branch_python_operator_decorator to 2026-02-09 00:00:00+00:00, run_after=2026-02-10 00:00:00+00:00
[2026-02-10T22:45:23.543+0000] {processor.py:183} INFO - Processing /home/airflow/.local/lib/python3.12/site-packages/airflow/example_dags/example_branch_operator_decorator.py took 0.095 seconds
[2026-02-10T22:45:53.596+0000] {processor.py:161} INFO - Started process (PID=543) to work on /home/airflow/.local/lib/python3.12/site-packages/airflow/example_dags/example_branch_operator_decorator.py
[2026-02-10T22:45:53.597+0000] {processor.py:830} INFO - Processing file /home/airflow/.local/lib/python3.12/site-packages/airflow/example_dags/example_branch_operator_decorator.py for tasks to queue
[2026-02-10T22:45:53.598+0000] {logging_mixin.py:188} INFO - [2026-02-10T22:45:53.598+0000] {dagbag.py:540} INFO - Filling up the DagBag from /home/airflow/.local/lib/python3.12/site-packages/airflow/example_dags/example_branch_operator_decorator.py
[2026-02-10T22:45:53.626+0000] {processor.py:840} INFO - DAG(s) 'example_branch_python_operator_decorator' retrieved from /home/airflow/.local/lib/python3.12/site-packages/airflow/example_dags/example_branch_operator_decorator.py
[2026-02-10T22:45:53.652+0000] {logging_mixin.py:188} INFO - [2026-02-10T22:45:53.652+0000] {dag.py:3096} INFO - Sync 1 DAGs
[2026-02-10T22:45:53.673+0000] {logging_mixin.py:188} INFO - [2026-02-10T22:45:53.673+0000] {dag.py:3954} INFO - Setting next_dagrun for example_branch_python_operator_decorator to 2026-02-09 00:00:00+00:00, run_after=2026-02-10 00:00:00+00:00
[2026-02-10T22:45:53.694+0000] {processor.py:183} INFO - Processing /home/airflow/.local/lib/python3.12/site-packages/airflow/example_dags/example_branch_operator_decorator.py took 0.104 seconds
[2026-02-10T22:46:24.232+0000] {processor.py:161} INFO - Started process (PID=597) to work on /home/airflow/.local/lib/python3.12/site-packages/airflow/example_dags/example_branch_operator_decorator.py
[2026-02-10T22:46:24.234+0000] {processor.py:830} INFO - Processing file /home/airflow/.local/lib/python3.12/site-packages/airflow/example_dags/example_branch_operator_decorator.py for tasks to queue
[2026-02-10T22:46:24.237+0000] {logging_mixin.py:188} INFO - [2026-02-10T22:46:24.237+0000] {dagbag.py:540} INFO - Filling up the DagBag from /home/airflow/.local/lib/python3.12/site-packages/airflow/example_dags/example_branch_operator_decorator.py
[2026-02-10T22:46:24.271+0000] {processor.py:840} INFO - DAG(s) 'example_branch_python_operator_decorator' retrieved from /home/airflow/.local/lib/python3.12/site-packages/airflow/example_dags/example_branch_operator_decorator.py
[2026-02-10T22:46:24.314+0000] {logging_mixin.py:188} INFO - [2026-02-10T22:46:24.313+0000] {dag.py:3096} INFO - Sync 1 DAGs
[2026-02-10T22:46:24.352+0000] {logging_mixin.py:188} INFO - [2026-02-10T22:46:24.352+0000] {dag.py:3954} INFO - Setting next_dagrun for example_branch_python_operator_decorator to 2026-02-09 00:00:00+00:00, run_after=2026-02-10 00:00:00+00:00
[2026-02-10T22:46:24.383+0000] {processor.py:183} INFO - Processing /home/airflow/.local/lib/python3.12/site-packages/airflow/example_dags/example_branch_operator_decorator.py took 0.159 seconds
[2026-02-10T22:46:55.098+0000] {processor.py:161} INFO - Started process (PID=651) to work on /home/airflow/.local/lib/python3.12/site-packages/airflow/example_dags/example_branch_operator_decorator.py
[2026-02-10T22:46:55.101+0000] {processor.py:830} INFO - Processing file /home/airflow/.local/lib/python3.12/site-packages/airflow/example_dags/example_branch_operator_decorator.py for tasks to queue
[2026-02-10T22:46:55.106+0000] {logging_mixin.py:188} INFO - [2026-02-10T22:46:55.105+0000] {dagbag.py:540} INFO - Filling up the DagBag from /home/airflow/.local/lib/python3.12/site-packages/airflow/example_dags/example_branch_operator_decorator.py
[2026-02-10T22:46:55.163+0000] {processor.py:840} INFO - DAG(s) 'example_branch_python_operator_decorator' retrieved from /home/airflow/.local/lib/python3.12/site-packages/airflow/example_dags/example_branch_operator_decorator.py
[2026-02-10T22:46:55.241+0000] {logging_mixin.py:188} INFO - [2026-02-10T22:46:55.241+0000] {dag.py:3096} INFO - Sync 1 DAGs
[2026-02-10T22:46:55.304+0000] {logging_mixin.py:188} INFO - [2026-02-10T22:46:55.304+0000] {dag.py:3954} INFO - Setting next_dagrun for example_branch_python_operator_decorator to 2026-02-09 00:00:00+00:00, run_after=2026-02-10 00:00:00+00:00
[2026-02-10T22:46:55.373+0000] {processor.py:183} INFO - Processing /home/airflow/.local/lib/python3.12/site-packages/airflow/example_dags/example_branch_operator_decorator.py took 0.294 seconds
[2026-02-10T22:54:42.510+0000] {processor.py:161} INFO - Started process (PID=58) to work on /home/airflow/.local/lib/python3.12/site-packages/airflow/example_dags/example_branch_operator_decorator.py
[2026-02-10T22:54:42.515+0000] {processor.py:830} INFO - Processing file /home/airflow/.local/lib/python3.12/site-packages/airflow/example_dags/example_branch_operator_decorator.py for tasks to queue
[2026-02-10T22:54:42.523+0000] {logging_mixin.py:188} INFO - [2026-02-10T22:54:42.522+0000] {dagbag.py:540} INFO - Filling up the DagBag from /home/airflow/.local/lib/python3.12/site-packages/airflow/example_dags/example_branch_operator_decorator.py
[2026-02-10T22:54:42.654+0000] {processor.py:840} INFO - DAG(s) 'example_branch_python_operator_decorator' retrieved from /home/airflow/.local/lib/python3.12/site-packages/airflow/example_dags/example_branch_operator_decorator.py
[2026-02-10T22:54:42.699+0000] {logging_mixin.py:188} INFO - [2026-02-10T22:54:42.698+0000] {dag.py:3096} INFO - Sync 1 DAGs
[2026-02-10T22:54:42.795+0000] {logging_mixin.py:188} INFO - [2026-02-10T22:54:42.794+0000] {dag.py:3954} INFO - Setting next_dagrun for example_branch_python_operator_decorator to 2026-02-09 00:00:00+00:00, run_after=2026-02-10 00:00:00+00:00
[2026-02-10T22:54:42.855+0000] {processor.py:183} INFO - Processing /home/airflow/.local/lib/python3.12/site-packages/airflow/example_dags/example_branch_operator_decorator.py took 0.372 seconds
[2026-02-10T22:55:16.191+0000] {processor.py:161} INFO - Started process (PID=112) to work on /home/airflow/.local/lib/python3.12/site-packages/airflow/example_dags/example_branch_operator_decorator.py
[2026-02-10T22:55:16.195+0000] {processor.py:830} INFO - Processing file /home/airflow/.local/lib/python3.12/site-packages/airflow/example_dags/example_branch_operator_decorator.py for tasks to queue
[2026-02-10T22:55:16.216+0000] {logging_mixin.py:188} INFO - [2026-02-10T22:55:16.215+0000] {dagbag.py:540} INFO - Filling up the DagBag from /home/airflow/.local/lib/python3.12/site-packages/airflow/example_dags/example_branch_operator_decorator.py
[2026-02-10T22:55:16.360+0000] {processor.py:840} INFO - DAG(s) 'example_branch_python_operator_decorator' retrieved from /home/airflow/.local/lib/python3.12/site-packages/airflow/example_dags/example_branch_operator_decorator.py
[2026-02-10T22:55:17.019+0000] {logging_mixin.py:188} INFO - [2026-02-10T22:55:17.018+0000] {dag.py:3096} INFO - Sync 1 DAGs
[2026-02-10T22:55:17.101+0000] {logging_mixin.py:188} INFO - [2026-02-10T22:55:17.099+0000] {dag.py:3954} INFO - Setting next_dagrun for example_branch_python_operator_decorator to 2026-02-09 00:00:00+00:00, run_after=2026-02-10 00:00:00+00:00
[2026-02-10T22:55:17.177+0000] {processor.py:183} INFO - Processing /home/airflow/.local/lib/python3.12/site-packages/airflow/example_dags/example_branch_operator_decorator.py took 1.022 seconds
[2026-02-10T23:00:59.781+0000] {processor.py:161} INFO - Started process (PID=58) to work on /home/airflow/.local/lib/python3.12/site-packages/airflow/example_dags/example_branch_operator_decorator.py
[2026-02-10T23:00:59.791+0000] {processor.py:830} INFO - Processing file /home/airflow/.local/lib/python3.12/site-packages/airflow/example_dags/example_branch_operator_decorator.py for tasks to queue
[2026-02-10T23:00:59.796+0000] {logging_mixin.py:188} INFO - [2026-02-10T23:00:59.795+0000] {dagbag.py:540} INFO - Filling up the DagBag from /home/airflow/.local/lib/python3.12/site-packages/airflow/example_dags/example_branch_operator_decorator.py
[2026-02-10T23:00:59.868+0000] {processor.py:840} INFO - DAG(s) 'example_branch_python_operator_decorator' retrieved from /home/airflow/.local/lib/python3.12/site-packages/airflow/example_dags/example_branch_operator_decorator.py
[2026-02-10T23:00:59.903+0000] {logging_mixin.py:188} INFO - [2026-02-10T23:00:59.903+0000] {dag.py:3096} INFO - Sync 1 DAGs
[2026-02-10T23:00:59.957+0000] {logging_mixin.py:188} INFO - [2026-02-10T23:00:59.957+0000] {dag.py:3954} INFO - Setting next_dagrun for example_branch_python_operator_decorator to 2026-02-09 00:00:00+00:00, run_after=2026-02-10 00:00:00+00:00
[2026-02-10T23:01:00.025+0000] {processor.py:183} INFO - Processing /home/airflow/.local/lib/python3.12/site-packages/airflow/example_dags/example_branch_operator_decorator.py took 0.263 seconds
[2026-02-10T23:01:30.116+0000] {processor.py:161} INFO - Started process (PID=112) to work on /home/airflow/.local/lib/python3.12/site-packages/airflow/example_dags/example_branch_operator_decorator.py
[2026-02-10T23:01:30.119+0000] {processor.py:830} INFO - Processing file /home/airflow/.local/lib/python3.12/site-packages/airflow/example_dags/example_branch_operator_decorator.py for tasks to queue
[2026-02-10T23:01:30.122+0000] {logging_mixin.py:188} INFO - [2026-02-10T23:01:30.121+0000] {dagbag.py:540} INFO - Filling up the DagBag from /home/airflow/.local/lib/python3.12/site-packages/airflow/example_dags/example_branch_operator_decorator.py
[2026-02-10T23:01:30.158+0000] {processor.py:840} INFO - DAG(s) 'example_branch_python_operator_decorator' retrieved from /home/airflow/.local/lib/python3.12/site-packages/airflow/example_dags/example_branch_operator_decorator.py
[2026-02-10T23:01:30.459+0000] {logging_mixin.py:188} INFO - [2026-02-10T23:01:30.458+0000] {dag.py:3096} INFO - Sync 1 DAGs
[2026-02-10T23:01:30.537+0000] {logging_mixin.py:188} INFO - [2026-02-10T23:01:30.537+0000] {dag.py:3954} INFO - Setting next_dagrun for example_branch_python_operator_decorator to 2026-02-09 00:00:00+00:00, run_after=2026-02-10 00:00:00+00:00
[2026-02-10T23:01:30.610+0000] {processor.py:183} INFO - Processing /home/airflow/.local/lib/python3.12/site-packages/airflow/example_dags/example_branch_operator_decorator.py took 0.502 seconds
[2026-02-10T23:02:01.517+0000] {processor.py:161} INFO - Started process (PID=166) to work on /home/airflow/.local/lib/python3.12/site-packages/airflow/example_dags/example_branch_operator_decorator.py
[2026-02-10T23:02:01.518+0000] {processor.py:830} INFO - Processing file /home/airflow/.local/lib/python3.12/site-packages/airflow/example_dags/example_branch_operator_decorator.py for tasks to queue
[2026-02-10T23:02:01.520+0000] {logging_mixin.py:188} INFO - [2026-02-10T23:02:01.520+0000] {dagbag.py:540} INFO - Filling up the DagBag from /home/airflow/.local/lib/python3.12/site-packages/airflow/example_dags/example_branch_operator_decorator.py
[2026-02-10T23:02:01.537+0000] {processor.py:840} INFO - DAG(s) 'example_branch_python_operator_decorator' retrieved from /home/airflow/.local/lib/python3.12/site-packages/airflow/example_dags/example_branch_operator_decorator.py
[2026-02-10T23:02:01.563+0000] {logging_mixin.py:188} INFO - [2026-02-10T23:02:01.563+0000] {dag.py:3096} INFO - Sync 1 DAGs
[2026-02-10T23:02:01.582+0000] {logging_mixin.py:188} INFO - [2026-02-10T23:02:01.582+0000] {dag.py:3954} INFO - Setting next_dagrun for example_branch_python_operator_decorator to 2026-02-09 00:00:00+00:00, run_after=2026-02-10 00:00:00+00:00
[2026-02-10T23:02:01.602+0000] {processor.py:183} INFO - Processing /home/airflow/.local/lib/python3.12/site-packages/airflow/example_dags/example_branch_operator_decorator.py took 0.091 seconds
[2026-02-10T23:02:31.991+0000] {processor.py:161} INFO - Started process (PID=220) to work on /home/airflow/.local/lib/python3.12/site-packages/airflow/example_dags/example_branch_operator_decorator.py
[2026-02-10T23:02:31.993+0000] {processor.py:830} INFO - Processing file /home/airflow/.local/lib/python3.12/site-packages/airflow/example_dags/example_branch_operator_decorator.py for tasks to queue
[2026-02-10T23:02:31.994+0000] {logging_mixin.py:188} INFO - [2026-02-10T23:02:31.994+0000] {dagbag.py:540} INFO - Filling up the DagBag from /home/airflow/.local/lib/python3.12/site-packages/airflow/example_dags/example_branch_operator_decorator.py
[2026-02-10T23:02:32.011+0000] {processor.py:840} INFO - DAG(s) 'example_branch_python_operator_decorator' retrieved from /home/airflow/.local/lib/python3.12/site-packages/airflow/example_dags/example_branch_operator_decorator.py
[2026-02-10T23:02:32.036+0000] {logging_mixin.py:188} INFO - [2026-02-10T23:02:32.035+0000] {dag.py:3096} INFO - Sync 1 DAGs
[2026-02-10T23:02:32.057+0000] {logging_mixin.py:188} INFO - [2026-02-10T23:02:32.056+0000] {dag.py:3954} INFO - Setting next_dagrun for example_branch_python_operator_decorator to 2026-02-09 00:00:00+00:00, run_after=2026-02-10 00:00:00+00:00
[2026-02-10T23:02:32.074+0000] {processor.py:183} INFO - Processing /home/airflow/.local/lib/python3.12/site-packages/airflow/example_dags/example_branch_operator_decorator.py took 0.088 seconds
[2026-02-10T23:03:02.213+0000] {processor.py:161} INFO - Started process (PID=275) to work on /home/airflow/.local/lib/python3.12/site-packages/airflow/example_dags/example_branch_operator_decorator.py
[2026-02-10T23:03:02.214+0000] {processor.py:830} INFO - Processing file /home/airflow/.local/lib/python3.12/site-packages/airflow/example_dags/example_branch_operator_decorator.py for tasks to queue
[2026-02-10T23:03:02.216+0000] {logging_mixin.py:188} INFO - [2026-02-10T23:03:02.215+0000] {dagbag.py:540} INFO - Filling up the DagBag from /home/airflow/.local/lib/python3.12/site-packages/airflow/example_dags/example_branch_operator_decorator.py
[2026-02-10T23:03:02.234+0000] {processor.py:840} INFO - DAG(s) 'example_branch_python_operator_decorator' retrieved from /home/airflow/.local/lib/python3.12/site-packages/airflow/example_dags/example_branch_operator_decorator.py
[2026-02-10T23:03:02.258+0000] {logging_mixin.py:188} INFO - [2026-02-10T23:03:02.258+0000] {dag.py:3096} INFO - Sync 1 DAGs
[2026-02-10T23:03:02.278+0000] {logging_mixin.py:188} INFO - [2026-02-10T23:03:02.278+0000] {dag.py:3954} INFO - Setting next_dagrun for example_branch_python_operator_decorator to 2026-02-09 00:00:00+00:00, run_after=2026-02-10 00:00:00+00:00
[2026-02-10T23:03:02.296+0000] {processor.py:183} INFO - Processing /home/airflow/.local/lib/python3.12/site-packages/airflow/example_dags/example_branch_operator_decorator.py took 0.089 seconds
[2026-02-10T23:03:32.637+0000] {processor.py:161} INFO - Started process (PID=329) to work on /home/airflow/.local/lib/python3.12/site-packages/airflow/example_dags/example_branch_operator_decorator.py
[2026-02-10T23:03:32.638+0000] {processor.py:830} INFO - Processing file /home/airflow/.local/lib/python3.12/site-packages/airflow/example_dags/example_branch_operator_decorator.py for tasks to queue
[2026-02-10T23:03:32.640+0000] {logging_mixin.py:188} INFO - [2026-02-10T23:03:32.639+0000] {dagbag.py:540} INFO - Filling up the DagBag from /home/airflow/.local/lib/python3.12/site-packages/airflow/example_dags/example_branch_operator_decorator.py
[2026-02-10T23:03:32.657+0000] {processor.py:840} INFO - DAG(s) 'example_branch_python_operator_decorator' retrieved from /home/airflow/.local/lib/python3.12/site-packages/airflow/example_dags/example_branch_operator_decorator.py
[2026-02-10T23:03:32.683+0000] {logging_mixin.py:188} INFO - [2026-02-10T23:03:32.682+0000] {dag.py:3096} INFO - Sync 1 DAGs
[2026-02-10T23:03:32.704+0000] {logging_mixin.py:188} INFO - [2026-02-10T23:03:32.703+0000] {dag.py:3954} INFO - Setting next_dagrun for example_branch_python_operator_decorator to 2026-02-09 00:00:00+00:00, run_after=2026-02-10 00:00:00+00:00
[2026-02-10T23:03:32.722+0000] {processor.py:183} INFO - Processing /home/airflow/.local/lib/python3.12/site-packages/airflow/example_dags/example_branch_operator_decorator.py took 0.091 seconds
[2026-02-10T23:04:03.014+0000] {processor.py:161} INFO - Started process (PID=382) to work on /home/airflow/.local/lib/python3.12/site-packages/airflow/example_dags/example_branch_operator_decorator.py
[2026-02-10T23:04:03.015+0000] {processor.py:830} INFO - Processing file /home/airflow/.local/lib/python3.12/site-packages/airflow/example_dags/example_branch_operator_decorator.py for tasks to queue
[2026-02-10T23:04:03.017+0000] {logging_mixin.py:188} INFO - [2026-02-10T23:04:03.016+0000] {dagbag.py:540} INFO - Filling up the DagBag from /home/airflow/.local/lib/python3.12/site-packages/airflow/example_dags/example_branch_operator_decorator.py
[2026-02-10T23:04:03.035+0000] {processor.py:840} INFO - DAG(s) 'example_branch_python_operator_decorator' retrieved from /home/airflow/.local/lib/python3.12/site-packages/airflow/example_dags/example_branch_operator_decorator.py
[2026-02-10T23:04:03.058+0000] {logging_mixin.py:188} INFO - [2026-02-10T23:04:03.058+0000] {dag.py:3096} INFO - Sync 1 DAGs
[2026-02-10T23:04:03.079+0000] {logging_mixin.py:188} INFO - [2026-02-10T23:04:03.079+0000] {dag.py:3954} INFO - Setting next_dagrun for example_branch_python_operator_decorator to 2026-02-09 00:00:00+00:00, run_after=2026-02-10 00:00:00+00:00
[2026-02-10T23:04:03.102+0000] {processor.py:183} INFO - Processing /home/airflow/.local/lib/python3.12/site-packages/airflow/example_dags/example_branch_operator_decorator.py took 0.094 seconds
[2026-02-10T23:04:33.532+0000] {processor.py:161} INFO - Started process (PID=436) to work on /home/airflow/.local/lib/python3.12/site-packages/airflow/example_dags/example_branch_operator_decorator.py
[2026-02-10T23:04:33.534+0000] {processor.py:830} INFO - Processing file /home/airflow/.local/lib/python3.12/site-packages/airflow/example_dags/example_branch_operator_decorator.py for tasks to queue
[2026-02-10T23:04:33.536+0000] {logging_mixin.py:188} INFO - [2026-02-10T23:04:33.535+0000] {dagbag.py:540} INFO - Filling up the DagBag from /home/airflow/.local/lib/python3.12/site-packages/airflow/example_dags/example_branch_operator_decorator.py
[2026-02-10T23:04:33.558+0000] {processor.py:840} INFO - DAG(s) 'example_branch_python_operator_decorator' retrieved from /home/airflow/.local/lib/python3.12/site-packages/airflow/example_dags/example_branch_operator_decorator.py
[2026-02-10T23:04:33.584+0000] {logging_mixin.py:188} INFO - [2026-02-10T23:04:33.584+0000] {dag.py:3096} INFO - Sync 1 DAGs
[2026-02-10T23:04:33.604+0000] {logging_mixin.py:188} INFO - [2026-02-10T23:04:33.604+0000] {dag.py:3954} INFO - Setting next_dagrun for example_branch_python_operator_decorator to 2026-02-09 00:00:00+00:00, run_after=2026-02-10 00:00:00+00:00
[2026-02-10T23:04:33.622+0000] {processor.py:183} INFO - Processing /home/airflow/.local/lib/python3.12/site-packages/airflow/example_dags/example_branch_operator_decorator.py took 0.096 seconds
[2026-02-10T23:05:03.700+0000] {processor.py:161} INFO - Started process (PID=490) to work on /home/airflow/.local/lib/python3.12/site-packages/airflow/example_dags/example_branch_operator_decorator.py
[2026-02-10T23:05:03.701+0000] {processor.py:830} INFO - Processing file /home/airflow/.local/lib/python3.12/site-packages/airflow/example_dags/example_branch_operator_decorator.py for tasks to queue
[2026-02-10T23:05:03.703+0000] {logging_mixin.py:188} INFO - [2026-02-10T23:05:03.703+0000] {dagbag.py:540} INFO - Filling up the DagBag from /home/airflow/.local/lib/python3.12/site-packages/airflow/example_dags/example_branch_operator_decorator.py
[2026-02-10T23:05:03.721+0000] {processor.py:840} INFO - DAG(s) 'example_branch_python_operator_decorator' retrieved from /home/airflow/.local/lib/python3.12/site-packages/airflow/example_dags/example_branch_operator_decorator.py
[2026-02-10T23:05:03.749+0000] {logging_mixin.py:188} INFO - [2026-02-10T23:05:03.749+0000] {dag.py:3096} INFO - Sync 1 DAGs
[2026-02-10T23:05:03.772+0000] {logging_mixin.py:188} INFO - [2026-02-10T23:05:03.772+0000] {dag.py:3954} INFO - Setting next_dagrun for example_branch_python_operator_decorator to 2026-02-09 00:00:00+00:00, run_after=2026-02-10 00:00:00+00:00
[2026-02-10T23:05:03.792+0000] {processor.py:183} INFO - Processing /home/airflow/.local/lib/python3.12/site-packages/airflow/example_dags/example_branch_operator_decorator.py took 0.098 seconds
[2026-02-10T23:05:33.837+0000] {processor.py:161} INFO - Started process (PID=543) to work on /home/airflow/.local/lib/python3.12/site-packages/airflow/example_dags/example_branch_operator_decorator.py
[2026-02-10T23:05:33.838+0000] {processor.py:830} INFO - Processing file /home/airflow/.local/lib/python3.12/site-packages/airflow/example_dags/example_branch_operator_decorator.py for tasks to queue
[2026-02-10T23:05:33.840+0000] {logging_mixin.py:188} INFO - [2026-02-10T23:05:33.840+0000] {dagbag.py:540} INFO - Filling up the DagBag from /home/airflow/.local/lib/python3.12/site-packages/airflow/example_dags/example_branch_operator_decorator.py
[2026-02-10T23:05:33.856+0000] {processor.py:840} INFO - DAG(s) 'example_branch_python_operator_decorator' retrieved from /home/airflow/.local/lib/python3.12/site-packages/airflow/example_dags/example_branch_operator_decorator.py
[2026-02-10T23:05:33.882+0000] {logging_mixin.py:188} INFO - [2026-02-10T23:05:33.882+0000] {dag.py:3096} INFO - Sync 1 DAGs
[2026-02-10T23:05:33.900+0000] {logging_mixin.py:188} INFO - [2026-02-10T23:05:33.900+0000] {dag.py:3954} INFO - Setting next_dagrun for example_branch_python_operator_decorator to 2026-02-09 00:00:00+00:00, run_after=2026-02-10 00:00:00+00:00
[2026-02-10T23:05:33.919+0000] {processor.py:183} INFO - Processing /home/airflow/.local/lib/python3.12/site-packages/airflow/example_dags/example_branch_operator_decorator.py took 0.088 seconds
[2026-02-10T23:06:04.085+0000] {processor.py:161} INFO - Started process (PID=597) to work on /home/airflow/.local/lib/python3.12/site-packages/airflow/example_dags/example_branch_operator_decorator.py
[2026-02-10T23:06:04.087+0000] {processor.py:830} INFO - Processing file /home/airflow/.local/lib/python3.12/site-packages/airflow/example_dags/example_branch_operator_decorator.py for tasks to queue
[2026-02-10T23:06:04.088+0000] {logging_mixin.py:188} INFO - [2026-02-10T23:06:04.088+0000] {dagbag.py:540} INFO - Filling up the DagBag from /home/airflow/.local/lib/python3.12/site-packages/airflow/example_dags/example_branch_operator_decorator.py
[2026-02-10T23:06:04.106+0000] {processor.py:840} INFO - DAG(s) 'example_branch_python_operator_decorator' retrieved from /home/airflow/.local/lib/python3.12/site-packages/airflow/example_dags/example_branch_operator_decorator.py
[2026-02-10T23:06:04.132+0000] {logging_mixin.py:188} INFO - [2026-02-10T23:06:04.132+0000] {dag.py:3096} INFO - Sync 1 DAGs
[2026-02-10T23:06:04.152+0000] {logging_mixin.py:188} INFO - [2026-02-10T23:06:04.152+0000] {dag.py:3954} INFO - Setting next_dagrun for example_branch_python_operator_decorator to 2026-02-09 00:00:00+00:00, run_after=2026-02-10 00:00:00+00:00
[2026-02-10T23:06:04.174+0000] {processor.py:183} INFO - Processing /home/airflow/.local/lib/python3.12/site-packages/airflow/example_dags/example_branch_operator_decorator.py took 0.094 seconds
[2026-02-10T23:06:34.254+0000] {processor.py:161} INFO - Started process (PID=651) to work on /home/airflow/.local/lib/python3.12/site-packages/airflow/example_dags/example_branch_operator_decorator.py
[2026-02-10T23:06:34.255+0000] {processor.py:830} INFO - Processing file /home/airflow/.local/lib/python3.12/site-packages/airflow/example_dags/example_branch_operator_decorator.py for tasks to queue
[2026-02-10T23:06:34.258+0000] {logging_mixin.py:188} INFO - [2026-02-10T23:06:34.257+0000] {dagbag.py:540} INFO - Filling up the DagBag from /home/airflow/.local/lib/python3.12/site-packages/airflow/example_dags/example_branch_operator_decorator.py
[2026-02-10T23:06:34.275+0000] {processor.py:840} INFO - DAG(s) 'example_branch_python_operator_decorator' retrieved from /home/airflow/.local/lib/python3.12/site-packages/airflow/example_dags/example_branch_operator_decorator.py
[2026-02-10T23:06:34.301+0000] {logging_mixin.py:188} INFO - [2026-02-10T23:06:34.301+0000] {dag.py:3096} INFO - Sync 1 DAGs
[2026-02-10T23:06:34.322+0000] {logging_mixin.py:188} INFO - [2026-02-10T23:06:34.321+0000] {dag.py:3954} INFO - Setting next_dagrun for example_branch_python_operator_decorator to 2026-02-09 00:00:00+00:00, run_after=2026-02-10 00:00:00+00:00
[2026-02-10T23:06:34.340+0000] {processor.py:183} INFO - Processing /home/airflow/.local/lib/python3.12/site-packages/airflow/example_dags/example_branch_operator_decorator.py took 0.091 seconds
[2026-02-10T23:07:04.512+0000] {processor.py:161} INFO - Started process (PID=705) to work on /home/airflow/.local/lib/python3.12/site-packages/airflow/example_dags/example_branch_operator_decorator.py
[2026-02-10T23:07:04.513+0000] {processor.py:830} INFO - Processing file /home/airflow/.local/lib/python3.12/site-packages/airflow/example_dags/example_branch_operator_decorator.py for tasks to queue
[2026-02-10T23:07:04.514+0000] {logging_mixin.py:188} INFO - [2026-02-10T23:07:04.514+0000] {dagbag.py:540} INFO - Filling up the DagBag from /home/airflow/.local/lib/python3.12/site-packages/airflow/example_dags/example_branch_operator_decorator.py
[2026-02-10T23:07:04.531+0000] {processor.py:840} INFO - DAG(s) 'example_branch_python_operator_decorator' retrieved from /home/airflow/.local/lib/python3.12/site-packages/airflow/example_dags/example_branch_operator_decorator.py
[2026-02-10T23:07:04.558+0000] {logging_mixin.py:188} INFO - [2026-02-10T23:07:04.558+0000] {dag.py:3096} INFO - Sync 1 DAGs
[2026-02-10T23:07:04.577+0000] {logging_mixin.py:188} INFO - [2026-02-10T23:07:04.577+0000] {dag.py:3954} INFO - Setting next_dagrun for example_branch_python_operator_decorator to 2026-02-09 00:00:00+00:00, run_after=2026-02-10 00:00:00+00:00
[2026-02-10T23:07:04.595+0000] {processor.py:183} INFO - Processing /home/airflow/.local/lib/python3.12/site-packages/airflow/example_dags/example_branch_operator_decorator.py took 0.089 seconds
[2026-02-10T23:07:34.730+0000] {processor.py:161} INFO - Started process (PID=759) to work on /home/airflow/.local/lib/python3.12/site-packages/airflow/example_dags/example_branch_operator_decorator.py
[2026-02-10T23:07:34.732+0000] {processor.py:830} INFO - Processing file /home/airflow/.local/lib/python3.12/site-packages/airflow/example_dags/example_branch_operator_decorator.py for tasks to queue
[2026-02-10T23:07:34.734+0000] {logging_mixin.py:188} INFO - [2026-02-10T23:07:34.733+0000] {dagbag.py:540} INFO - Filling up the DagBag from /home/airflow/.local/lib/python3.12/site-packages/airflow/example_dags/example_branch_operator_decorator.py
[2026-02-10T23:07:34.750+0000] {processor.py:840} INFO - DAG(s) 'example_branch_python_operator_decorator' retrieved from /home/airflow/.local/lib/python3.12/site-packages/airflow/example_dags/example_branch_operator_decorator.py
[2026-02-10T23:07:34.777+0000] {logging_mixin.py:188} INFO - [2026-02-10T23:07:34.777+0000] {dag.py:3096} INFO - Sync 1 DAGs
[2026-02-10T23:07:34.798+0000] {logging_mixin.py:188} INFO - [2026-02-10T23:07:34.797+0000] {dag.py:3954} INFO - Setting next_dagrun for example_branch_python_operator_decorator to 2026-02-09 00:00:00+00:00, run_after=2026-02-10 00:00:00+00:00
[2026-02-10T23:07:34.819+0000] {processor.py:183} INFO - Processing /home/airflow/.local/lib/python3.12/site-packages/airflow/example_dags/example_branch_operator_decorator.py took 0.094 seconds
[2026-02-10T23:08:05.045+0000] {processor.py:161} INFO - Started process (PID=813) to work on /home/airflow/.local/lib/python3.12/site-packages/airflow/example_dags/example_branch_operator_decorator.py
[2026-02-10T23:08:05.047+0000] {processor.py:830} INFO - Processing file /home/airflow/.local/lib/python3.12/site-packages/airflow/example_dags/example_branch_operator_decorator.py for tasks to queue
[2026-02-10T23:08:05.049+0000] {logging_mixin.py:188} INFO - [2026-02-10T23:08:05.049+0000] {dagbag.py:540} INFO - Filling up the DagBag from /home/airflow/.local/lib/python3.12/site-packages/airflow/example_dags/example_branch_operator_decorator.py
[2026-02-10T23:08:05.067+0000] {processor.py:840} INFO - DAG(s) 'example_branch_python_operator_decorator' retrieved from /home/airflow/.local/lib/python3.12/site-packages/airflow/example_dags/example_branch_operator_decorator.py
[2026-02-10T23:08:05.095+0000] {logging_mixin.py:188} INFO - [2026-02-10T23:08:05.095+0000] {dag.py:3096} INFO - Sync 1 DAGs
[2026-02-10T23:08:05.118+0000] {logging_mixin.py:188} INFO - [2026-02-10T23:08:05.118+0000] {dag.py:3954} INFO - Setting next_dagrun for example_branch_python_operator_decorator to 2026-02-09 00:00:00+00:00, run_after=2026-02-10 00:00:00+00:00
[2026-02-10T23:08:05.137+0000] {processor.py:183} INFO - Processing /home/airflow/.local/lib/python3.12/site-packages/airflow/example_dags/example_branch_operator_decorator.py took 0.098 seconds
[2026-02-10T23:08:35.289+0000] {processor.py:161} INFO - Started process (PID=867) to work on /home/airflow/.local/lib/python3.12/site-packages/airflow/example_dags/example_branch_operator_decorator.py
[2026-02-10T23:08:35.291+0000] {processor.py:830} INFO - Processing file /home/airflow/.local/lib/python3.12/site-packages/airflow/example_dags/example_branch_operator_decorator.py for tasks to queue
[2026-02-10T23:08:35.293+0000] {logging_mixin.py:188} INFO - [2026-02-10T23:08:35.292+0000] {dagbag.py:540} INFO - Filling up the DagBag from /home/airflow/.local/lib/python3.12/site-packages/airflow/example_dags/example_branch_operator_decorator.py
[2026-02-10T23:08:35.314+0000] {processor.py:840} INFO - DAG(s) 'example_branch_python_operator_decorator' retrieved from /home/airflow/.local/lib/python3.12/site-packages/airflow/example_dags/example_branch_operator_decorator.py
[2026-02-10T23:08:35.346+0000] {logging_mixin.py:188} INFO - [2026-02-10T23:08:35.345+0000] {dag.py:3096} INFO - Sync 1 DAGs
[2026-02-10T23:08:35.374+0000] {logging_mixin.py:188} INFO - [2026-02-10T23:08:35.374+0000] {dag.py:3954} INFO - Setting next_dagrun for example_branch_python_operator_decorator to 2026-02-09 00:00:00+00:00, run_after=2026-02-10 00:00:00+00:00
[2026-02-10T23:08:35.392+0000] {processor.py:183} INFO - Processing /home/airflow/.local/lib/python3.12/site-packages/airflow/example_dags/example_branch_operator_decorator.py took 0.109 seconds
[2026-02-10T23:09:05.491+0000] {processor.py:161} INFO - Started process (PID=921) to work on /home/airflow/.local/lib/python3.12/site-packages/airflow/example_dags/example_branch_operator_decorator.py
[2026-02-10T23:09:05.492+0000] {processor.py:830} INFO - Processing file /home/airflow/.local/lib/python3.12/site-packages/airflow/example_dags/example_branch_operator_decorator.py for tasks to queue
[2026-02-10T23:09:05.494+0000] {logging_mixin.py:188} INFO - [2026-02-10T23:09:05.494+0000] {dagbag.py:540} INFO - Filling up the DagBag from /home/airflow/.local/lib/python3.12/site-packages/airflow/example_dags/example_branch_operator_decorator.py
[2026-02-10T23:09:05.512+0000] {processor.py:840} INFO - DAG(s) 'example_branch_python_operator_decorator' retrieved from /home/airflow/.local/lib/python3.12/site-packages/airflow/example_dags/example_branch_operator_decorator.py
[2026-02-10T23:09:05.538+0000] {logging_mixin.py:188} INFO - [2026-02-10T23:09:05.537+0000] {dag.py:3096} INFO - Sync 1 DAGs
[2026-02-10T23:09:05.558+0000] {logging_mixin.py:188} INFO - [2026-02-10T23:09:05.558+0000] {dag.py:3954} INFO - Setting next_dagrun for example_branch_python_operator_decorator to 2026-02-09 00:00:00+00:00, run_after=2026-02-10 00:00:00+00:00
[2026-02-10T23:09:05.578+0000] {processor.py:183} INFO - Processing /home/airflow/.local/lib/python3.12/site-packages/airflow/example_dags/example_branch_operator_decorator.py took 0.092 seconds
[2026-02-10T23:09:35.806+0000] {processor.py:161} INFO - Started process (PID=975) to work on /home/airflow/.local/lib/python3.12/site-packages/airflow/example_dags/example_branch_operator_decorator.py
[2026-02-10T23:09:35.807+0000] {processor.py:830} INFO - Processing file /home/airflow/.local/lib/python3.12/site-packages/airflow/example_dags/example_branch_operator_decorator.py for tasks to queue
[2026-02-10T23:09:35.809+0000] {logging_mixin.py:188} INFO - [2026-02-10T23:09:35.809+0000] {dagbag.py:540} INFO - Filling up the DagBag from /home/airflow/.local/lib/python3.12/site-packages/airflow/example_dags/example_branch_operator_decorator.py
[2026-02-10T23:09:35.826+0000] {processor.py:840} INFO - DAG(s) 'example_branch_python_operator_decorator' retrieved from /home/airflow/.local/lib/python3.12/site-packages/airflow/example_dags/example_branch_operator_decorator.py
[2026-02-10T23:09:35.852+0000] {logging_mixin.py:188} INFO - [2026-02-10T23:09:35.852+0000] {dag.py:3096} INFO - Sync 1 DAGs
[2026-02-10T23:09:35.872+0000] {logging_mixin.py:188} INFO - [2026-02-10T23:09:35.872+0000] {dag.py:3954} INFO - Setting next_dagrun for example_branch_python_operator_decorator to 2026-02-09 00:00:00+00:00, run_after=2026-02-10 00:00:00+00:00
[2026-02-10T23:09:35.890+0000] {processor.py:183} INFO - Processing /home/airflow/.local/lib/python3.12/site-packages/airflow/example_dags/example_branch_operator_decorator.py took 0.090 seconds
[2026-02-10T23:10:06.451+0000] {processor.py:161} INFO - Started process (PID=1029) to work on /home/airflow/.local/lib/python3.12/site-packages/airflow/example_dags/example_branch_operator_decorator.py
[2026-02-10T23:10:06.454+0000] {processor.py:830} INFO - Processing file /home/airflow/.local/lib/python3.12/site-packages/airflow/example_dags/example_branch_operator_decorator.py for tasks to queue
[2026-02-10T23:10:06.459+0000] {logging_mixin.py:188} INFO - [2026-02-10T23:10:06.459+0000] {dagbag.py:540} INFO - Filling up the DagBag from /home/airflow/.local/lib/python3.12/site-packages/airflow/example_dags/example_branch_operator_decorator.py
[2026-02-10T23:10:06.485+0000] {processor.py:840} INFO - DAG(s) 'example_branch_python_operator_decorator' retrieved from /home/airflow/.local/lib/python3.12/site-packages/airflow/example_dags/example_branch_operator_decorator.py
[2026-02-10T23:10:06.515+0000] {logging_mixin.py:188} INFO - [2026-02-10T23:10:06.514+0000] {dag.py:3096} INFO - Sync 1 DAGs
[2026-02-10T23:10:06.684+0000] {logging_mixin.py:188} INFO - [2026-02-10T23:10:06.683+0000] {dag.py:3954} INFO - Setting next_dagrun for example_branch_python_operator_decorator to 2026-02-09 00:00:00+00:00, run_after=2026-02-10 00:00:00+00:00
[2026-02-10T23:10:06.701+0000] {processor.py:183} INFO - Processing /home/airflow/.local/lib/python3.12/site-packages/airflow/example_dags/example_branch_operator_decorator.py took 0.257 seconds
[2026-02-10T23:10:37.323+0000] {processor.py:161} INFO - Started process (PID=1083) to work on /home/airflow/.local/lib/python3.12/site-packages/airflow/example_dags/example_branch_operator_decorator.py
[2026-02-10T23:10:37.324+0000] {processor.py:830} INFO - Processing file /home/airflow/.local/lib/python3.12/site-packages/airflow/example_dags/example_branch_operator_decorator.py for tasks to queue
[2026-02-10T23:10:37.326+0000] {logging_mixin.py:188} INFO - [2026-02-10T23:10:37.326+0000] {dagbag.py:540} INFO - Filling up the DagBag from /home/airflow/.local/lib/python3.12/site-packages/airflow/example_dags/example_branch_operator_decorator.py
[2026-02-10T23:10:37.343+0000] {processor.py:840} INFO - DAG(s) 'example_branch_python_operator_decorator' retrieved from /home/airflow/.local/lib/python3.12/site-packages/airflow/example_dags/example_branch_operator_decorator.py
[2026-02-10T23:10:37.370+0000] {logging_mixin.py:188} INFO - [2026-02-10T23:10:37.370+0000] {dag.py:3096} INFO - Sync 1 DAGs
[2026-02-10T23:10:37.525+0000] {logging_mixin.py:188} INFO - [2026-02-10T23:10:37.525+0000] {dag.py:3954} INFO - Setting next_dagrun for example_branch_python_operator_decorator to 2026-02-09 00:00:00+00:00, run_after=2026-02-10 00:00:00+00:00
[2026-02-10T23:10:37.543+0000] {processor.py:183} INFO - Processing /home/airflow/.local/lib/python3.12/site-packages/airflow/example_dags/example_branch_operator_decorator.py took 0.225 seconds
[2026-02-10T23:11:07.611+0000] {processor.py:161} INFO - Started process (PID=1137) to work on /home/airflow/.local/lib/python3.12/site-packages/airflow/example_dags/example_branch_operator_decorator.py
[2026-02-10T23:11:07.612+0000] {processor.py:830} INFO - Processing file /home/airflow/.local/lib/python3.12/site-packages/airflow/example_dags/example_branch_operator_decorator.py for tasks to queue
[2026-02-10T23:11:07.614+0000] {logging_mixin.py:188} INFO - [2026-02-10T23:11:07.614+0000] {dagbag.py:540} INFO - Filling up the DagBag from /home/airflow/.local/lib/python3.12/site-packages/airflow/example_dags/example_branch_operator_decorator.py
[2026-02-10T23:11:07.631+0000] {processor.py:840} INFO - DAG(s) 'example_branch_python_operator_decorator' retrieved from /home/airflow/.local/lib/python3.12/site-packages/airflow/example_dags/example_branch_operator_decorator.py
[2026-02-10T23:11:07.657+0000] {logging_mixin.py:188} INFO - [2026-02-10T23:11:07.656+0000] {dag.py:3096} INFO - Sync 1 DAGs
[2026-02-10T23:11:07.678+0000] {logging_mixin.py:188} INFO - [2026-02-10T23:11:07.677+0000] {dag.py:3954} INFO - Setting next_dagrun for example_branch_python_operator_decorator to 2026-02-09 00:00:00+00:00, run_after=2026-02-10 00:00:00+00:00
[2026-02-10T23:11:07.701+0000] {processor.py:183} INFO - Processing /home/airflow/.local/lib/python3.12/site-packages/airflow/example_dags/example_branch_operator_decorator.py took 0.095 seconds
[2026-02-10T23:11:37.916+0000] {processor.py:161} INFO - Started process (PID=1191) to work on /home/airflow/.local/lib/python3.12/site-packages/airflow/example_dags/example_branch_operator_decorator.py
[2026-02-10T23:11:37.917+0000] {processor.py:830} INFO - Processing file /home/airflow/.local/lib/python3.12/site-packages/airflow/example_dags/example_branch_operator_decorator.py for tasks to queue
[2026-02-10T23:11:37.920+0000] {logging_mixin.py:188} INFO - [2026-02-10T23:11:37.920+0000] {dagbag.py:540} INFO - Filling up the DagBag from /home/airflow/.local/lib/python3.12/site-packages/airflow/example_dags/example_branch_operator_decorator.py
[2026-02-10T23:11:37.957+0000] {processor.py:840} INFO - DAG(s) 'example_branch_python_operator_decorator' retrieved from /home/airflow/.local/lib/python3.12/site-packages/airflow/example_dags/example_branch_operator_decorator.py
[2026-02-10T23:11:38.000+0000] {logging_mixin.py:188} INFO - [2026-02-10T23:11:37.999+0000] {dag.py:3096} INFO - Sync 1 DAGs
[2026-02-10T23:11:38.034+0000] {logging_mixin.py:188} INFO - [2026-02-10T23:11:38.033+0000] {dag.py:3954} INFO - Setting next_dagrun for example_branch_python_operator_decorator to 2026-02-09 00:00:00+00:00, run_after=2026-02-10 00:00:00+00:00
[2026-02-10T23:11:38.059+0000] {processor.py:183} INFO - Processing /home/airflow/.local/lib/python3.12/site-packages/airflow/example_dags/example_branch_operator_decorator.py took 0.153 seconds
[2026-02-10T23:12:08.520+0000] {processor.py:161} INFO - Started process (PID=1245) to work on /home/airflow/.local/lib/python3.12/site-packages/airflow/example_dags/example_branch_operator_decorator.py
[2026-02-10T23:12:08.521+0000] {processor.py:830} INFO - Processing file /home/airflow/.local/lib/python3.12/site-packages/airflow/example_dags/example_branch_operator_decorator.py for tasks to queue
[2026-02-10T23:12:08.522+0000] {logging_mixin.py:188} INFO - [2026-02-10T23:12:08.522+0000] {dagbag.py:540} INFO - Filling up the DagBag from /home/airflow/.local/lib/python3.12/site-packages/airflow/example_dags/example_branch_operator_decorator.py
[2026-02-10T23:12:08.540+0000] {processor.py:840} INFO - DAG(s) 'example_branch_python_operator_decorator' retrieved from /home/airflow/.local/lib/python3.12/site-packages/airflow/example_dags/example_branch_operator_decorator.py
[2026-02-10T23:12:08.703+0000] {logging_mixin.py:188} INFO - [2026-02-10T23:12:08.703+0000] {dag.py:3096} INFO - Sync 1 DAGs
[2026-02-10T23:12:08.719+0000] {logging_mixin.py:188} INFO - [2026-02-10T23:12:08.719+0000] {dag.py:3954} INFO - Setting next_dagrun for example_branch_python_operator_decorator to 2026-02-09 00:00:00+00:00, run_after=2026-02-10 00:00:00+00:00
[2026-02-10T23:12:08.736+0000] {processor.py:183} INFO - Processing /home/airflow/.local/lib/python3.12/site-packages/airflow/example_dags/example_branch_operator_decorator.py took 0.222 seconds
[2026-02-10T23:12:39.492+0000] {processor.py:161} INFO - Started process (PID=1299) to work on /home/airflow/.local/lib/python3.12/site-packages/airflow/example_dags/example_branch_operator_decorator.py
[2026-02-10T23:12:39.494+0000] {processor.py:830} INFO - Processing file /home/airflow/.local/lib/python3.12/site-packages/airflow/example_dags/example_branch_operator_decorator.py for tasks to queue
[2026-02-10T23:12:39.496+0000] {logging_mixin.py:188} INFO - [2026-02-10T23:12:39.496+0000] {dagbag.py:540} INFO - Filling up the DagBag from /home/airflow/.local/lib/python3.12/site-packages/airflow/example_dags/example_branch_operator_decorator.py
[2026-02-10T23:12:39.513+0000] {processor.py:840} INFO - DAG(s) 'example_branch_python_operator_decorator' retrieved from /home/airflow/.local/lib/python3.12/site-packages/airflow/example_dags/example_branch_operator_decorator.py
[2026-02-10T23:12:39.539+0000] {logging_mixin.py:188} INFO - [2026-02-10T23:12:39.539+0000] {dag.py:3096} INFO - Sync 1 DAGs
[2026-02-10T23:12:39.689+0000] {logging_mixin.py:188} INFO - [2026-02-10T23:12:39.689+0000] {dag.py:3954} INFO - Setting next_dagrun for example_branch_python_operator_decorator to 2026-02-09 00:00:00+00:00, run_after=2026-02-10 00:00:00+00:00
[2026-02-10T23:12:39.708+0000] {processor.py:183} INFO - Processing /home/airflow/.local/lib/python3.12/site-packages/airflow/example_dags/example_branch_operator_decorator.py took 0.220 seconds
[2026-02-10T23:13:10.629+0000] {processor.py:161} INFO - Started process (PID=1353) to work on /home/airflow/.local/lib/python3.12/site-packages/airflow/example_dags/example_branch_operator_decorator.py
[2026-02-10T23:13:10.630+0000] {processor.py:830} INFO - Processing file /home/airflow/.local/lib/python3.12/site-packages/airflow/example_dags/example_branch_operator_decorator.py for tasks to queue
[2026-02-10T23:13:10.632+0000] {logging_mixin.py:188} INFO - [2026-02-10T23:13:10.632+0000] {dagbag.py:540} INFO - Filling up the DagBag from /home/airflow/.local/lib/python3.12/site-packages/airflow/example_dags/example_branch_operator_decorator.py
[2026-02-10T23:13:10.660+0000] {processor.py:840} INFO - DAG(s) 'example_branch_python_operator_decorator' retrieved from /home/airflow/.local/lib/python3.12/site-packages/airflow/example_dags/example_branch_operator_decorator.py
[2026-02-10T23:13:10.688+0000] {logging_mixin.py:188} INFO - [2026-02-10T23:13:10.688+0000] {dag.py:3096} INFO - Sync 1 DAGs
[2026-02-10T23:13:10.715+0000] {logging_mixin.py:188} INFO - [2026-02-10T23:13:10.715+0000] {dag.py:3954} INFO - Setting next_dagrun for example_branch_python_operator_decorator to 2026-02-09 00:00:00+00:00, run_after=2026-02-10 00:00:00+00:00
[2026-02-10T23:13:10.741+0000] {processor.py:183} INFO - Processing /home/airflow/.local/lib/python3.12/site-packages/airflow/example_dags/example_branch_operator_decorator.py took 0.118 seconds
[2026-02-10T23:13:41.461+0000] {processor.py:161} INFO - Started process (PID=1407) to work on /home/airflow/.local/lib/python3.12/site-packages/airflow/example_dags/example_branch_operator_decorator.py
[2026-02-10T23:13:41.462+0000] {processor.py:830} INFO - Processing file /home/airflow/.local/lib/python3.12/site-packages/airflow/example_dags/example_branch_operator_decorator.py for tasks to queue
[2026-02-10T23:13:41.465+0000] {logging_mixin.py:188} INFO - [2026-02-10T23:13:41.464+0000] {dagbag.py:540} INFO - Filling up the DagBag from /home/airflow/.local/lib/python3.12/site-packages/airflow/example_dags/example_branch_operator_decorator.py
[2026-02-10T23:13:41.482+0000] {processor.py:840} INFO - DAG(s) 'example_branch_python_operator_decorator' retrieved from /home/airflow/.local/lib/python3.12/site-packages/airflow/example_dags/example_branch_operator_decorator.py
[2026-02-10T23:13:41.506+0000] {logging_mixin.py:188} INFO - [2026-02-10T23:13:41.506+0000] {dag.py:3096} INFO - Sync 1 DAGs
[2026-02-10T23:13:41.528+0000] {logging_mixin.py:188} INFO - [2026-02-10T23:13:41.528+0000] {dag.py:3954} INFO - Setting next_dagrun for example_branch_python_operator_decorator to 2026-02-09 00:00:00+00:00, run_after=2026-02-10 00:00:00+00:00
[2026-02-10T23:13:41.547+0000] {processor.py:183} INFO - Processing /home/airflow/.local/lib/python3.12/site-packages/airflow/example_dags/example_branch_operator_decorator.py took 0.092 seconds
[2026-02-10T23:14:12.365+0000] {processor.py:161} INFO - Started process (PID=1461) to work on /home/airflow/.local/lib/python3.12/site-packages/airflow/example_dags/example_branch_operator_decorator.py
[2026-02-10T23:14:12.366+0000] {processor.py:830} INFO - Processing file /home/airflow/.local/lib/python3.12/site-packages/airflow/example_dags/example_branch_operator_decorator.py for tasks to queue
[2026-02-10T23:14:12.368+0000] {logging_mixin.py:188} INFO - [2026-02-10T23:14:12.367+0000] {dagbag.py:540} INFO - Filling up the DagBag from /home/airflow/.local/lib/python3.12/site-packages/airflow/example_dags/example_branch_operator_decorator.py
[2026-02-10T23:14:12.385+0000] {processor.py:840} INFO - DAG(s) 'example_branch_python_operator_decorator' retrieved from /home/airflow/.local/lib/python3.12/site-packages/airflow/example_dags/example_branch_operator_decorator.py
[2026-02-10T23:14:12.409+0000] {logging_mixin.py:188} INFO - [2026-02-10T23:14:12.409+0000] {dag.py:3096} INFO - Sync 1 DAGs
[2026-02-10T23:14:12.428+0000] {logging_mixin.py:188} INFO - [2026-02-10T23:14:12.428+0000] {dag.py:3954} INFO - Setting next_dagrun for example_branch_python_operator_decorator to 2026-02-09 00:00:00+00:00, run_after=2026-02-10 00:00:00+00:00
[2026-02-10T23:14:12.446+0000] {processor.py:183} INFO - Processing /home/airflow/.local/lib/python3.12/site-packages/airflow/example_dags/example_branch_operator_decorator.py took 0.087 seconds
[2026-02-10T23:14:42.612+0000] {processor.py:161} INFO - Started process (PID=1515) to work on /home/airflow/.local/lib/python3.12/site-packages/airflow/example_dags/example_branch_operator_decorator.py
[2026-02-10T23:14:42.613+0000] {processor.py:830} INFO - Processing file /home/airflow/.local/lib/python3.12/site-packages/airflow/example_dags/example_branch_operator_decorator.py for tasks to queue
[2026-02-10T23:14:42.615+0000] {logging_mixin.py:188} INFO - [2026-02-10T23:14:42.614+0000] {dagbag.py:540} INFO - Filling up the DagBag from /home/airflow/.local/lib/python3.12/site-packages/airflow/example_dags/example_branch_operator_decorator.py
[2026-02-10T23:14:42.632+0000] {processor.py:840} INFO - DAG(s) 'example_branch_python_operator_decorator' retrieved from /home/airflow/.local/lib/python3.12/site-packages/airflow/example_dags/example_branch_operator_decorator.py
[2026-02-10T23:14:42.660+0000] {logging_mixin.py:188} INFO - [2026-02-10T23:14:42.660+0000] {dag.py:3096} INFO - Sync 1 DAGs
[2026-02-10T23:14:42.679+0000] {logging_mixin.py:188} INFO - [2026-02-10T23:14:42.679+0000] {dag.py:3954} INFO - Setting next_dagrun for example_branch_python_operator_decorator to 2026-02-09 00:00:00+00:00, run_after=2026-02-10 00:00:00+00:00
[2026-02-10T23:14:42.699+0000] {processor.py:183} INFO - Processing /home/airflow/.local/lib/python3.12/site-packages/airflow/example_dags/example_branch_operator_decorator.py took 0.093 seconds
[2026-02-10T23:15:13.029+0000] {processor.py:161} INFO - Started process (PID=1569) to work on /home/airflow/.local/lib/python3.12/site-packages/airflow/example_dags/example_branch_operator_decorator.py
[2026-02-10T23:15:13.030+0000] {processor.py:830} INFO - Processing file /home/airflow/.local/lib/python3.12/site-packages/airflow/example_dags/example_branch_operator_decorator.py for tasks to queue
[2026-02-10T23:15:13.032+0000] {logging_mixin.py:188} INFO - [2026-02-10T23:15:13.032+0000] {dagbag.py:540} INFO - Filling up the DagBag from /home/airflow/.local/lib/python3.12/site-packages/airflow/example_dags/example_branch_operator_decorator.py
[2026-02-10T23:15:13.052+0000] {processor.py:840} INFO - DAG(s) 'example_branch_python_operator_decorator' retrieved from /home/airflow/.local/lib/python3.12/site-packages/airflow/example_dags/example_branch_operator_decorator.py
[2026-02-10T23:15:13.080+0000] {logging_mixin.py:188} INFO - [2026-02-10T23:15:13.080+0000] {dag.py:3096} INFO - Sync 1 DAGs
[2026-02-10T23:15:13.105+0000] {logging_mixin.py:188} INFO - [2026-02-10T23:15:13.104+0000] {dag.py:3954} INFO - Setting next_dagrun for example_branch_python_operator_decorator to 2026-02-09 00:00:00+00:00, run_after=2026-02-10 00:00:00+00:00
[2026-02-10T23:15:13.127+0000] {processor.py:183} INFO - Processing /home/airflow/.local/lib/python3.12/site-packages/airflow/example_dags/example_branch_operator_decorator.py took 0.104 seconds
[2026-02-10T23:15:43.613+0000] {processor.py:161} INFO - Started process (PID=1623) to work on /home/airflow/.local/lib/python3.12/site-packages/airflow/example_dags/example_branch_operator_decorator.py
[2026-02-10T23:15:43.614+0000] {processor.py:830} INFO - Processing file /home/airflow/.local/lib/python3.12/site-packages/airflow/example_dags/example_branch_operator_decorator.py for tasks to queue
[2026-02-10T23:15:43.617+0000] {logging_mixin.py:188} INFO - [2026-02-10T23:15:43.616+0000] {dagbag.py:540} INFO - Filling up the DagBag from /home/airflow/.local/lib/python3.12/site-packages/airflow/example_dags/example_branch_operator_decorator.py
[2026-02-10T23:15:43.636+0000] {processor.py:840} INFO - DAG(s) 'example_branch_python_operator_decorator' retrieved from /home/airflow/.local/lib/python3.12/site-packages/airflow/example_dags/example_branch_operator_decorator.py
[2026-02-10T23:15:43.664+0000] {logging_mixin.py:188} INFO - [2026-02-10T23:15:43.664+0000] {dag.py:3096} INFO - Sync 1 DAGs
[2026-02-10T23:15:43.686+0000] {logging_mixin.py:188} INFO - [2026-02-10T23:15:43.685+0000] {dag.py:3954} INFO - Setting next_dagrun for example_branch_python_operator_decorator to 2026-02-09 00:00:00+00:00, run_after=2026-02-10 00:00:00+00:00
[2026-02-10T23:15:43.705+0000] {processor.py:183} INFO - Processing /home/airflow/.local/lib/python3.12/site-packages/airflow/example_dags/example_branch_operator_decorator.py took 0.098 seconds
[2026-02-10T23:16:13.983+0000] {processor.py:161} INFO - Started process (PID=1677) to work on /home/airflow/.local/lib/python3.12/site-packages/airflow/example_dags/example_branch_operator_decorator.py
[2026-02-10T23:16:13.984+0000] {processor.py:830} INFO - Processing file /home/airflow/.local/lib/python3.12/site-packages/airflow/example_dags/example_branch_operator_decorator.py for tasks to queue
[2026-02-10T23:16:13.987+0000] {logging_mixin.py:188} INFO - [2026-02-10T23:16:13.987+0000] {dagbag.py:540} INFO - Filling up the DagBag from /home/airflow/.local/lib/python3.12/site-packages/airflow/example_dags/example_branch_operator_decorator.py
[2026-02-10T23:16:14.010+0000] {processor.py:840} INFO - DAG(s) 'example_branch_python_operator_decorator' retrieved from /home/airflow/.local/lib/python3.12/site-packages/airflow/example_dags/example_branch_operator_decorator.py
[2026-02-10T23:16:14.044+0000] {logging_mixin.py:188} INFO - [2026-02-10T23:16:14.044+0000] {dag.py:3096} INFO - Sync 1 DAGs
[2026-02-10T23:16:14.069+0000] {logging_mixin.py:188} INFO - [2026-02-10T23:16:14.069+0000] {dag.py:3954} INFO - Setting next_dagrun for example_branch_python_operator_decorator to 2026-02-09 00:00:00+00:00, run_after=2026-02-10 00:00:00+00:00
[2026-02-10T23:16:14.096+0000] {processor.py:183} INFO - Processing /home/airflow/.local/lib/python3.12/site-packages/airflow/example_dags/example_branch_operator_decorator.py took 0.121 seconds
[2026-02-10T23:16:44.277+0000] {processor.py:161} INFO - Started process (PID=1731) to work on /home/airflow/.local/lib/python3.12/site-packages/airflow/example_dags/example_branch_operator_decorator.py
[2026-02-10T23:16:44.278+0000] {processor.py:830} INFO - Processing file /home/airflow/.local/lib/python3.12/site-packages/airflow/example_dags/example_branch_operator_decorator.py for tasks to queue
[2026-02-10T23:16:44.280+0000] {logging_mixin.py:188} INFO - [2026-02-10T23:16:44.280+0000] {dagbag.py:540} INFO - Filling up the DagBag from /home/airflow/.local/lib/python3.12/site-packages/airflow/example_dags/example_branch_operator_decorator.py
[2026-02-10T23:16:44.299+0000] {processor.py:840} INFO - DAG(s) 'example_branch_python_operator_decorator' retrieved from /home/airflow/.local/lib/python3.12/site-packages/airflow/example_dags/example_branch_operator_decorator.py
[2026-02-10T23:16:44.327+0000] {logging_mixin.py:188} INFO - [2026-02-10T23:16:44.327+0000] {dag.py:3096} INFO - Sync 1 DAGs
[2026-02-10T23:16:44.349+0000] {logging_mixin.py:188} INFO - [2026-02-10T23:16:44.349+0000] {dag.py:3954} INFO - Setting next_dagrun for example_branch_python_operator_decorator to 2026-02-09 00:00:00+00:00, run_after=2026-02-10 00:00:00+00:00
[2026-02-10T23:16:44.368+0000] {processor.py:183} INFO - Processing /home/airflow/.local/lib/python3.12/site-packages/airflow/example_dags/example_branch_operator_decorator.py took 0.096 seconds
[2026-02-10T23:17:14.454+0000] {processor.py:161} INFO - Started process (PID=1785) to work on /home/airflow/.local/lib/python3.12/site-packages/airflow/example_dags/example_branch_operator_decorator.py
[2026-02-10T23:17:14.455+0000] {processor.py:830} INFO - Processing file /home/airflow/.local/lib/python3.12/site-packages/airflow/example_dags/example_branch_operator_decorator.py for tasks to queue
[2026-02-10T23:17:14.457+0000] {logging_mixin.py:188} INFO - [2026-02-10T23:17:14.457+0000] {dagbag.py:540} INFO - Filling up the DagBag from /home/airflow/.local/lib/python3.12/site-packages/airflow/example_dags/example_branch_operator_decorator.py
[2026-02-10T23:17:14.477+0000] {processor.py:840} INFO - DAG(s) 'example_branch_python_operator_decorator' retrieved from /home/airflow/.local/lib/python3.12/site-packages/airflow/example_dags/example_branch_operator_decorator.py
[2026-02-10T23:17:14.506+0000] {logging_mixin.py:188} INFO - [2026-02-10T23:17:14.506+0000] {dag.py:3096} INFO - Sync 1 DAGs
[2026-02-10T23:17:14.531+0000] {logging_mixin.py:188} INFO - [2026-02-10T23:17:14.531+0000] {dag.py:3954} INFO - Setting next_dagrun for example_branch_python_operator_decorator to 2026-02-09 00:00:00+00:00, run_after=2026-02-10 00:00:00+00:00
[2026-02-10T23:17:14.552+0000] {processor.py:183} INFO - Processing /home/airflow/.local/lib/python3.12/site-packages/airflow/example_dags/example_branch_operator_decorator.py took 0.104 seconds
[2026-02-10T23:17:44.870+0000] {processor.py:161} INFO - Started process (PID=1839) to work on /home/airflow/.local/lib/python3.12/site-packages/airflow/example_dags/example_branch_operator_decorator.py
[2026-02-10T23:17:44.871+0000] {processor.py:830} INFO - Processing file /home/airflow/.local/lib/python3.12/site-packages/airflow/example_dags/example_branch_operator_decorator.py for tasks to queue
[2026-02-10T23:17:44.873+0000] {logging_mixin.py:188} INFO - [2026-02-10T23:17:44.873+0000] {dagbag.py:540} INFO - Filling up the DagBag from /home/airflow/.local/lib/python3.12/site-packages/airflow/example_dags/example_branch_operator_decorator.py
[2026-02-10T23:17:44.894+0000] {processor.py:840} INFO - DAG(s) 'example_branch_python_operator_decorator' retrieved from /home/airflow/.local/lib/python3.12/site-packages/airflow/example_dags/example_branch_operator_decorator.py
[2026-02-10T23:17:44.928+0000] {logging_mixin.py:188} INFO - [2026-02-10T23:17:44.928+0000] {dag.py:3096} INFO - Sync 1 DAGs
[2026-02-10T23:17:44.953+0000] {logging_mixin.py:188} INFO - [2026-02-10T23:17:44.953+0000] {dag.py:3954} INFO - Setting next_dagrun for example_branch_python_operator_decorator to 2026-02-09 00:00:00+00:00, run_after=2026-02-10 00:00:00+00:00
[2026-02-10T23:17:44.975+0000] {processor.py:183} INFO - Processing /home/airflow/.local/lib/python3.12/site-packages/airflow/example_dags/example_branch_operator_decorator.py took 0.111 seconds
[2026-02-10T23:18:15.111+0000] {processor.py:161} INFO - Started process (PID=1893) to work on /home/airflow/.local/lib/python3.12/site-packages/airflow/example_dags/example_branch_operator_decorator.py
[2026-02-10T23:18:15.112+0000] {processor.py:830} INFO - Processing file /home/airflow/.local/lib/python3.12/site-packages/airflow/example_dags/example_branch_operator_decorator.py for tasks to queue
[2026-02-10T23:18:15.113+0000] {logging_mixin.py:188} INFO - [2026-02-10T23:18:15.113+0000] {dagbag.py:540} INFO - Filling up the DagBag from /home/airflow/.local/lib/python3.12/site-packages/airflow/example_dags/example_branch_operator_decorator.py
[2026-02-10T23:18:15.131+0000] {processor.py:840} INFO - DAG(s) 'example_branch_python_operator_decorator' retrieved from /home/airflow/.local/lib/python3.12/site-packages/airflow/example_dags/example_branch_operator_decorator.py
[2026-02-10T23:18:15.158+0000] {logging_mixin.py:188} INFO - [2026-02-10T23:18:15.157+0000] {dag.py:3096} INFO - Sync 1 DAGs
[2026-02-10T23:18:15.181+0000] {logging_mixin.py:188} INFO - [2026-02-10T23:18:15.180+0000] {dag.py:3954} INFO - Setting next_dagrun for example_branch_python_operator_decorator to 2026-02-09 00:00:00+00:00, run_after=2026-02-10 00:00:00+00:00
[2026-02-10T23:18:15.200+0000] {processor.py:183} INFO - Processing /home/airflow/.local/lib/python3.12/site-packages/airflow/example_dags/example_branch_operator_decorator.py took 0.096 seconds
[2026-02-10T23:18:46.040+0000] {processor.py:161} INFO - Started process (PID=1947) to work on /home/airflow/.local/lib/python3.12/site-packages/airflow/example_dags/example_branch_operator_decorator.py
[2026-02-10T23:18:46.041+0000] {processor.py:830} INFO - Processing file /home/airflow/.local/lib/python3.12/site-packages/airflow/example_dags/example_branch_operator_decorator.py for tasks to queue
[2026-02-10T23:18:46.044+0000] {logging_mixin.py:188} INFO - [2026-02-10T23:18:46.044+0000] {dagbag.py:540} INFO - Filling up the DagBag from /home/airflow/.local/lib/python3.12/site-packages/airflow/example_dags/example_branch_operator_decorator.py
[2026-02-10T23:18:46.076+0000] {processor.py:840} INFO - DAG(s) 'example_branch_python_operator_decorator' retrieved from /home/airflow/.local/lib/python3.12/site-packages/airflow/example_dags/example_branch_operator_decorator.py
[2026-02-10T23:18:46.115+0000] {logging_mixin.py:188} INFO - [2026-02-10T23:18:46.114+0000] {dag.py:3096} INFO - Sync 1 DAGs
[2026-02-10T23:18:46.146+0000] {logging_mixin.py:188} INFO - [2026-02-10T23:18:46.146+0000] {dag.py:3954} INFO - Setting next_dagrun for example_branch_python_operator_decorator to 2026-02-09 00:00:00+00:00, run_after=2026-02-10 00:00:00+00:00
[2026-02-10T23:18:46.171+0000] {processor.py:183} INFO - Processing /home/airflow/.local/lib/python3.12/site-packages/airflow/example_dags/example_branch_operator_decorator.py took 0.140 seconds
[2026-02-10T23:19:17.077+0000] {processor.py:161} INFO - Started process (PID=2001) to work on /home/airflow/.local/lib/python3.12/site-packages/airflow/example_dags/example_branch_operator_decorator.py
[2026-02-10T23:19:17.078+0000] {processor.py:830} INFO - Processing file /home/airflow/.local/lib/python3.12/site-packages/airflow/example_dags/example_branch_operator_decorator.py for tasks to queue
[2026-02-10T23:19:17.080+0000] {logging_mixin.py:188} INFO - [2026-02-10T23:19:17.080+0000] {dagbag.py:540} INFO - Filling up the DagBag from /home/airflow/.local/lib/python3.12/site-packages/airflow/example_dags/example_branch_operator_decorator.py
[2026-02-10T23:19:17.098+0000] {processor.py:840} INFO - DAG(s) 'example_branch_python_operator_decorator' retrieved from /home/airflow/.local/lib/python3.12/site-packages/airflow/example_dags/example_branch_operator_decorator.py
[2026-02-10T23:19:17.126+0000] {logging_mixin.py:188} INFO - [2026-02-10T23:19:17.126+0000] {dag.py:3096} INFO - Sync 1 DAGs
[2026-02-10T23:19:17.148+0000] {logging_mixin.py:188} INFO - [2026-02-10T23:19:17.148+0000] {dag.py:3954} INFO - Setting next_dagrun for example_branch_python_operator_decorator to 2026-02-09 00:00:00+00:00, run_after=2026-02-10 00:00:00+00:00
[2026-02-10T23:19:17.169+0000] {processor.py:183} INFO - Processing /home/airflow/.local/lib/python3.12/site-packages/airflow/example_dags/example_branch_operator_decorator.py took 0.097 seconds
[2026-02-10T23:19:47.417+0000] {processor.py:161} INFO - Started process (PID=2055) to work on /home/airflow/.local/lib/python3.12/site-packages/airflow/example_dags/example_branch_operator_decorator.py
[2026-02-10T23:19:47.418+0000] {processor.py:830} INFO - Processing file /home/airflow/.local/lib/python3.12/site-packages/airflow/example_dags/example_branch_operator_decorator.py for tasks to queue
[2026-02-10T23:19:47.420+0000] {logging_mixin.py:188} INFO - [2026-02-10T23:19:47.420+0000] {dagbag.py:540} INFO - Filling up the DagBag from /home/airflow/.local/lib/python3.12/site-packages/airflow/example_dags/example_branch_operator_decorator.py
[2026-02-10T23:19:47.441+0000] {processor.py:840} INFO - DAG(s) 'example_branch_python_operator_decorator' retrieved from /home/airflow/.local/lib/python3.12/site-packages/airflow/example_dags/example_branch_operator_decorator.py
[2026-02-10T23:19:47.470+0000] {logging_mixin.py:188} INFO - [2026-02-10T23:19:47.469+0000] {dag.py:3096} INFO - Sync 1 DAGs
[2026-02-10T23:19:47.492+0000] {logging_mixin.py:188} INFO - [2026-02-10T23:19:47.491+0000] {dag.py:3954} INFO - Setting next_dagrun for example_branch_python_operator_decorator to 2026-02-09 00:00:00+00:00, run_after=2026-02-10 00:00:00+00:00
[2026-02-10T23:19:47.513+0000] {processor.py:183} INFO - Processing /home/airflow/.local/lib/python3.12/site-packages/airflow/example_dags/example_branch_operator_decorator.py took 0.102 seconds
[2026-02-10T23:20:17.772+0000] {processor.py:161} INFO - Started process (PID=2109) to work on /home/airflow/.local/lib/python3.12/site-packages/airflow/example_dags/example_branch_operator_decorator.py
[2026-02-10T23:20:17.773+0000] {processor.py:830} INFO - Processing file /home/airflow/.local/lib/python3.12/site-packages/airflow/example_dags/example_branch_operator_decorator.py for tasks to queue
[2026-02-10T23:20:17.774+0000] {logging_mixin.py:188} INFO - [2026-02-10T23:20:17.774+0000] {dagbag.py:540} INFO - Filling up the DagBag from /home/airflow/.local/lib/python3.12/site-packages/airflow/example_dags/example_branch_operator_decorator.py
[2026-02-10T23:20:17.794+0000] {processor.py:840} INFO - DAG(s) 'example_branch_python_operator_decorator' retrieved from /home/airflow/.local/lib/python3.12/site-packages/airflow/example_dags/example_branch_operator_decorator.py
[2026-02-10T23:20:17.819+0000] {logging_mixin.py:188} INFO - [2026-02-10T23:20:17.819+0000] {dag.py:3096} INFO - Sync 1 DAGs
[2026-02-10T23:20:17.843+0000] {logging_mixin.py:188} INFO - [2026-02-10T23:20:17.842+0000] {dag.py:3954} INFO - Setting next_dagrun for example_branch_python_operator_decorator to 2026-02-09 00:00:00+00:00, run_after=2026-02-10 00:00:00+00:00
[2026-02-10T23:20:17.866+0000] {processor.py:183} INFO - Processing /home/airflow/.local/lib/python3.12/site-packages/airflow/example_dags/example_branch_operator_decorator.py took 0.101 seconds
[2026-02-10T23:20:48.428+0000] {processor.py:161} INFO - Started process (PID=2163) to work on /home/airflow/.local/lib/python3.12/site-packages/airflow/example_dags/example_branch_operator_decorator.py
[2026-02-10T23:20:48.429+0000] {processor.py:830} INFO - Processing file /home/airflow/.local/lib/python3.12/site-packages/airflow/example_dags/example_branch_operator_decorator.py for tasks to queue
[2026-02-10T23:20:48.432+0000] {logging_mixin.py:188} INFO - [2026-02-10T23:20:48.432+0000] {dagbag.py:540} INFO - Filling up the DagBag from /home/airflow/.local/lib/python3.12/site-packages/airflow/example_dags/example_branch_operator_decorator.py
[2026-02-10T23:20:48.462+0000] {processor.py:840} INFO - DAG(s) 'example_branch_python_operator_decorator' retrieved from /home/airflow/.local/lib/python3.12/site-packages/airflow/example_dags/example_branch_operator_decorator.py
[2026-02-10T23:20:48.504+0000] {logging_mixin.py:188} INFO - [2026-02-10T23:20:48.504+0000] {dag.py:3096} INFO - Sync 1 DAGs
[2026-02-10T23:20:48.533+0000] {logging_mixin.py:188} INFO - [2026-02-10T23:20:48.533+0000] {dag.py:3954} INFO - Setting next_dagrun for example_branch_python_operator_decorator to 2026-02-09 00:00:00+00:00, run_after=2026-02-10 00:00:00+00:00
[2026-02-10T23:20:48.557+0000] {processor.py:183} INFO - Processing /home/airflow/.local/lib/python3.12/site-packages/airflow/example_dags/example_branch_operator_decorator.py took 0.138 seconds
[2026-02-10T23:21:18.771+0000] {processor.py:161} INFO - Started process (PID=2217) to work on /home/airflow/.local/lib/python3.12/site-packages/airflow/example_dags/example_branch_operator_decorator.py
[2026-02-10T23:21:18.772+0000] {processor.py:830} INFO - Processing file /home/airflow/.local/lib/python3.12/site-packages/airflow/example_dags/example_branch_operator_decorator.py for tasks to queue
[2026-02-10T23:21:18.774+0000] {logging_mixin.py:188} INFO - [2026-02-10T23:21:18.773+0000] {dagbag.py:540} INFO - Filling up the DagBag from /home/airflow/.local/lib/python3.12/site-packages/airflow/example_dags/example_branch_operator_decorator.py
[2026-02-10T23:21:18.793+0000] {processor.py:840} INFO - DAG(s) 'example_branch_python_operator_decorator' retrieved from /home/airflow/.local/lib/python3.12/site-packages/airflow/example_dags/example_branch_operator_decorator.py
[2026-02-10T23:21:18.821+0000] {logging_mixin.py:188} INFO - [2026-02-10T23:21:18.820+0000] {dag.py:3096} INFO - Sync 1 DAGs
[2026-02-10T23:21:18.846+0000] {logging_mixin.py:188} INFO - [2026-02-10T23:21:18.846+0000] {dag.py:3954} INFO - Setting next_dagrun for example_branch_python_operator_decorator to 2026-02-09 00:00:00+00:00, run_after=2026-02-10 00:00:00+00:00
[2026-02-10T23:21:18.866+0000] {processor.py:183} INFO - Processing /home/airflow/.local/lib/python3.12/site-packages/airflow/example_dags/example_branch_operator_decorator.py took 0.102 seconds
[2026-02-10T23:21:49.092+0000] {processor.py:161} INFO - Started process (PID=2271) to work on /home/airflow/.local/lib/python3.12/site-packages/airflow/example_dags/example_branch_operator_decorator.py
[2026-02-10T23:21:49.093+0000] {processor.py:830} INFO - Processing file /home/airflow/.local/lib/python3.12/site-packages/airflow/example_dags/example_branch_operator_decorator.py for tasks to queue
[2026-02-10T23:21:49.095+0000] {logging_mixin.py:188} INFO - [2026-02-10T23:21:49.095+0000] {dagbag.py:540} INFO - Filling up the DagBag from /home/airflow/.local/lib/python3.12/site-packages/airflow/example_dags/example_branch_operator_decorator.py
[2026-02-10T23:21:49.114+0000] {processor.py:840} INFO - DAG(s) 'example_branch_python_operator_decorator' retrieved from /home/airflow/.local/lib/python3.12/site-packages/airflow/example_dags/example_branch_operator_decorator.py
[2026-02-10T23:21:49.142+0000] {logging_mixin.py:188} INFO - [2026-02-10T23:21:49.142+0000] {dag.py:3096} INFO - Sync 1 DAGs
[2026-02-10T23:21:49.166+0000] {logging_mixin.py:188} INFO - [2026-02-10T23:21:49.165+0000] {dag.py:3954} INFO - Setting next_dagrun for example_branch_python_operator_decorator to 2026-02-09 00:00:00+00:00, run_after=2026-02-10 00:00:00+00:00
[2026-02-10T23:21:49.186+0000] {processor.py:183} INFO - Processing /home/airflow/.local/lib/python3.12/site-packages/airflow/example_dags/example_branch_operator_decorator.py took 0.100 seconds
[2026-02-10T23:22:20.172+0000] {processor.py:161} INFO - Started process (PID=2325) to work on /home/airflow/.local/lib/python3.12/site-packages/airflow/example_dags/example_branch_operator_decorator.py
[2026-02-10T23:22:20.175+0000] {processor.py:830} INFO - Processing file /home/airflow/.local/lib/python3.12/site-packages/airflow/example_dags/example_branch_operator_decorator.py for tasks to queue
[2026-02-10T23:22:20.192+0000] {logging_mixin.py:188} INFO - [2026-02-10T23:22:20.191+0000] {dagbag.py:540} INFO - Filling up the DagBag from /home/airflow/.local/lib/python3.12/site-packages/airflow/example_dags/example_branch_operator_decorator.py
[2026-02-10T23:22:20.282+0000] {processor.py:840} INFO - DAG(s) 'example_branch_python_operator_decorator' retrieved from /home/airflow/.local/lib/python3.12/site-packages/airflow/example_dags/example_branch_operator_decorator.py
[2026-02-10T23:22:20.395+0000] {logging_mixin.py:188} INFO - [2026-02-10T23:22:20.394+0000] {dag.py:3096} INFO - Sync 1 DAGs
[2026-02-10T23:22:20.481+0000] {logging_mixin.py:188} INFO - [2026-02-10T23:22:20.480+0000] {dag.py:3954} INFO - Setting next_dagrun for example_branch_python_operator_decorator to 2026-02-09 00:00:00+00:00, run_after=2026-02-10 00:00:00+00:00
[2026-02-10T23:22:20.561+0000] {processor.py:183} INFO - Processing /home/airflow/.local/lib/python3.12/site-packages/airflow/example_dags/example_branch_operator_decorator.py took 0.421 seconds
[2026-02-10T23:22:50.867+0000] {processor.py:161} INFO - Started process (PID=2379) to work on /home/airflow/.local/lib/python3.12/site-packages/airflow/example_dags/example_branch_operator_decorator.py
[2026-02-10T23:22:50.871+0000] {processor.py:830} INFO - Processing file /home/airflow/.local/lib/python3.12/site-packages/airflow/example_dags/example_branch_operator_decorator.py for tasks to queue
[2026-02-10T23:22:50.875+0000] {logging_mixin.py:188} INFO - [2026-02-10T23:22:50.874+0000] {dagbag.py:540} INFO - Filling up the DagBag from /home/airflow/.local/lib/python3.12/site-packages/airflow/example_dags/example_branch_operator_decorator.py
[2026-02-10T23:22:50.919+0000] {processor.py:840} INFO - DAG(s) 'example_branch_python_operator_decorator' retrieved from /home/airflow/.local/lib/python3.12/site-packages/airflow/example_dags/example_branch_operator_decorator.py
[2026-02-10T23:22:50.973+0000] {logging_mixin.py:188} INFO - [2026-02-10T23:22:50.973+0000] {dag.py:3096} INFO - Sync 1 DAGs
[2026-02-10T23:22:51.014+0000] {logging_mixin.py:188} INFO - [2026-02-10T23:22:51.013+0000] {dag.py:3954} INFO - Setting next_dagrun for example_branch_python_operator_decorator to 2026-02-09 00:00:00+00:00, run_after=2026-02-10 00:00:00+00:00
[2026-02-10T23:22:51.061+0000] {processor.py:183} INFO - Processing /home/airflow/.local/lib/python3.12/site-packages/airflow/example_dags/example_branch_operator_decorator.py took 0.206 seconds
[2026-02-10T23:23:21.398+0000] {processor.py:161} INFO - Started process (PID=2433) to work on /home/airflow/.local/lib/python3.12/site-packages/airflow/example_dags/example_branch_operator_decorator.py
[2026-02-10T23:23:21.403+0000] {processor.py:830} INFO - Processing file /home/airflow/.local/lib/python3.12/site-packages/airflow/example_dags/example_branch_operator_decorator.py for tasks to queue
[2026-02-10T23:23:21.407+0000] {logging_mixin.py:188} INFO - [2026-02-10T23:23:21.406+0000] {dagbag.py:540} INFO - Filling up the DagBag from /home/airflow/.local/lib/python3.12/site-packages/airflow/example_dags/example_branch_operator_decorator.py
[2026-02-10T23:23:21.499+0000] {processor.py:840} INFO - DAG(s) 'example_branch_python_operator_decorator' retrieved from /home/airflow/.local/lib/python3.12/site-packages/airflow/example_dags/example_branch_operator_decorator.py
[2026-02-10T23:23:21.688+0000] {logging_mixin.py:188} INFO - [2026-02-10T23:23:21.688+0000] {dag.py:3096} INFO - Sync 1 DAGs
[2026-02-10T23:23:21.796+0000] {logging_mixin.py:188} INFO - [2026-02-10T23:23:21.795+0000] {dag.py:3954} INFO - Setting next_dagrun for example_branch_python_operator_decorator to 2026-02-09 00:00:00+00:00, run_after=2026-02-10 00:00:00+00:00
[2026-02-10T23:23:21.869+0000] {processor.py:183} INFO - Processing /home/airflow/.local/lib/python3.12/site-packages/airflow/example_dags/example_branch_operator_decorator.py took 0.491 seconds
[2026-02-10T23:23:52.494+0000] {processor.py:161} INFO - Started process (PID=2487) to work on /home/airflow/.local/lib/python3.12/site-packages/airflow/example_dags/example_branch_operator_decorator.py
[2026-02-10T23:23:52.495+0000] {processor.py:830} INFO - Processing file /home/airflow/.local/lib/python3.12/site-packages/airflow/example_dags/example_branch_operator_decorator.py for tasks to queue
[2026-02-10T23:23:52.498+0000] {logging_mixin.py:188} INFO - [2026-02-10T23:23:52.497+0000] {dagbag.py:540} INFO - Filling up the DagBag from /home/airflow/.local/lib/python3.12/site-packages/airflow/example_dags/example_branch_operator_decorator.py
[2026-02-10T23:23:52.526+0000] {processor.py:840} INFO - DAG(s) 'example_branch_python_operator_decorator' retrieved from /home/airflow/.local/lib/python3.12/site-packages/airflow/example_dags/example_branch_operator_decorator.py
[2026-02-10T23:23:52.562+0000] {logging_mixin.py:188} INFO - [2026-02-10T23:23:52.562+0000] {dag.py:3096} INFO - Sync 1 DAGs
[2026-02-10T23:23:52.596+0000] {logging_mixin.py:188} INFO - [2026-02-10T23:23:52.595+0000] {dag.py:3954} INFO - Setting next_dagrun for example_branch_python_operator_decorator to 2026-02-09 00:00:00+00:00, run_after=2026-02-10 00:00:00+00:00
[2026-02-10T23:23:52.625+0000] {processor.py:183} INFO - Processing /home/airflow/.local/lib/python3.12/site-packages/airflow/example_dags/example_branch_operator_decorator.py took 0.141 seconds
[2026-02-10T23:24:23.004+0000] {processor.py:161} INFO - Started process (PID=2541) to work on /home/airflow/.local/lib/python3.12/site-packages/airflow/example_dags/example_branch_operator_decorator.py
[2026-02-10T23:24:23.006+0000] {processor.py:830} INFO - Processing file /home/airflow/.local/lib/python3.12/site-packages/airflow/example_dags/example_branch_operator_decorator.py for tasks to queue
[2026-02-10T23:24:23.010+0000] {logging_mixin.py:188} INFO - [2026-02-10T23:24:23.009+0000] {dagbag.py:540} INFO - Filling up the DagBag from /home/airflow/.local/lib/python3.12/site-packages/airflow/example_dags/example_branch_operator_decorator.py
[2026-02-10T23:24:23.045+0000] {processor.py:840} INFO - DAG(s) 'example_branch_python_operator_decorator' retrieved from /home/airflow/.local/lib/python3.12/site-packages/airflow/example_dags/example_branch_operator_decorator.py
[2026-02-10T23:24:23.093+0000] {logging_mixin.py:188} INFO - [2026-02-10T23:24:23.092+0000] {dag.py:3096} INFO - Sync 1 DAGs
[2026-02-10T23:24:23.159+0000] {logging_mixin.py:188} INFO - [2026-02-10T23:24:23.159+0000] {dag.py:3954} INFO - Setting next_dagrun for example_branch_python_operator_decorator to 2026-02-09 00:00:00+00:00, run_after=2026-02-10 00:00:00+00:00
[2026-02-10T23:24:23.212+0000] {processor.py:183} INFO - Processing /home/airflow/.local/lib/python3.12/site-packages/airflow/example_dags/example_branch_operator_decorator.py took 0.220 seconds
[2026-02-10T23:24:53.395+0000] {processor.py:161} INFO - Started process (PID=2595) to work on /home/airflow/.local/lib/python3.12/site-packages/airflow/example_dags/example_branch_operator_decorator.py
[2026-02-10T23:24:53.396+0000] {processor.py:830} INFO - Processing file /home/airflow/.local/lib/python3.12/site-packages/airflow/example_dags/example_branch_operator_decorator.py for tasks to queue
[2026-02-10T23:24:53.400+0000] {logging_mixin.py:188} INFO - [2026-02-10T23:24:53.399+0000] {dagbag.py:540} INFO - Filling up the DagBag from /home/airflow/.local/lib/python3.12/site-packages/airflow/example_dags/example_branch_operator_decorator.py
[2026-02-10T23:24:53.427+0000] {processor.py:840} INFO - DAG(s) 'example_branch_python_operator_decorator' retrieved from /home/airflow/.local/lib/python3.12/site-packages/airflow/example_dags/example_branch_operator_decorator.py
[2026-02-10T23:24:53.464+0000] {logging_mixin.py:188} INFO - [2026-02-10T23:24:53.464+0000] {dag.py:3096} INFO - Sync 1 DAGs
[2026-02-10T23:24:53.501+0000] {logging_mixin.py:188} INFO - [2026-02-10T23:24:53.501+0000] {dag.py:3954} INFO - Setting next_dagrun for example_branch_python_operator_decorator to 2026-02-09 00:00:00+00:00, run_after=2026-02-10 00:00:00+00:00
[2026-02-10T23:24:53.534+0000] {processor.py:183} INFO - Processing /home/airflow/.local/lib/python3.12/site-packages/airflow/example_dags/example_branch_operator_decorator.py took 0.148 seconds
[2026-02-10T23:25:23.681+0000] {processor.py:161} INFO - Started process (PID=2649) to work on /home/airflow/.local/lib/python3.12/site-packages/airflow/example_dags/example_branch_operator_decorator.py
[2026-02-10T23:25:23.682+0000] {processor.py:830} INFO - Processing file /home/airflow/.local/lib/python3.12/site-packages/airflow/example_dags/example_branch_operator_decorator.py for tasks to queue
[2026-02-10T23:25:23.685+0000] {logging_mixin.py:188} INFO - [2026-02-10T23:25:23.684+0000] {dagbag.py:540} INFO - Filling up the DagBag from /home/airflow/.local/lib/python3.12/site-packages/airflow/example_dags/example_branch_operator_decorator.py
[2026-02-10T23:25:23.713+0000] {processor.py:840} INFO - DAG(s) 'example_branch_python_operator_decorator' retrieved from /home/airflow/.local/lib/python3.12/site-packages/airflow/example_dags/example_branch_operator_decorator.py
[2026-02-10T23:25:23.748+0000] {logging_mixin.py:188} INFO - [2026-02-10T23:25:23.748+0000] {dag.py:3096} INFO - Sync 1 DAGs
[2026-02-10T23:25:23.777+0000] {logging_mixin.py:188} INFO - [2026-02-10T23:25:23.776+0000] {dag.py:3954} INFO - Setting next_dagrun for example_branch_python_operator_decorator to 2026-02-09 00:00:00+00:00, run_after=2026-02-10 00:00:00+00:00
[2026-02-10T23:25:23.802+0000] {processor.py:183} INFO - Processing /home/airflow/.local/lib/python3.12/site-packages/airflow/example_dags/example_branch_operator_decorator.py took 0.128 seconds
[2026-02-10T23:25:54.290+0000] {processor.py:161} INFO - Started process (PID=2703) to work on /home/airflow/.local/lib/python3.12/site-packages/airflow/example_dags/example_branch_operator_decorator.py
[2026-02-10T23:25:54.292+0000] {processor.py:830} INFO - Processing file /home/airflow/.local/lib/python3.12/site-packages/airflow/example_dags/example_branch_operator_decorator.py for tasks to queue
[2026-02-10T23:25:54.294+0000] {logging_mixin.py:188} INFO - [2026-02-10T23:25:54.294+0000] {dagbag.py:540} INFO - Filling up the DagBag from /home/airflow/.local/lib/python3.12/site-packages/airflow/example_dags/example_branch_operator_decorator.py
[2026-02-10T23:25:54.318+0000] {processor.py:840} INFO - DAG(s) 'example_branch_python_operator_decorator' retrieved from /home/airflow/.local/lib/python3.12/site-packages/airflow/example_dags/example_branch_operator_decorator.py
[2026-02-10T23:25:54.357+0000] {logging_mixin.py:188} INFO - [2026-02-10T23:25:54.357+0000] {dag.py:3096} INFO - Sync 1 DAGs
[2026-02-10T23:25:54.386+0000] {logging_mixin.py:188} INFO - [2026-02-10T23:25:54.386+0000] {dag.py:3954} INFO - Setting next_dagrun for example_branch_python_operator_decorator to 2026-02-09 00:00:00+00:00, run_after=2026-02-10 00:00:00+00:00
[2026-02-10T23:25:54.411+0000] {processor.py:183} INFO - Processing /home/airflow/.local/lib/python3.12/site-packages/airflow/example_dags/example_branch_operator_decorator.py took 0.129 seconds
[2026-02-10T23:26:24.861+0000] {processor.py:161} INFO - Started process (PID=2757) to work on /home/airflow/.local/lib/python3.12/site-packages/airflow/example_dags/example_branch_operator_decorator.py
[2026-02-10T23:26:24.863+0000] {processor.py:830} INFO - Processing file /home/airflow/.local/lib/python3.12/site-packages/airflow/example_dags/example_branch_operator_decorator.py for tasks to queue
[2026-02-10T23:26:24.865+0000] {logging_mixin.py:188} INFO - [2026-02-10T23:26:24.865+0000] {dagbag.py:540} INFO - Filling up the DagBag from /home/airflow/.local/lib/python3.12/site-packages/airflow/example_dags/example_branch_operator_decorator.py
[2026-02-10T23:26:24.888+0000] {processor.py:840} INFO - DAG(s) 'example_branch_python_operator_decorator' retrieved from /home/airflow/.local/lib/python3.12/site-packages/airflow/example_dags/example_branch_operator_decorator.py
[2026-02-10T23:26:24.923+0000] {logging_mixin.py:188} INFO - [2026-02-10T23:26:24.922+0000] {dag.py:3096} INFO - Sync 1 DAGs
[2026-02-10T23:26:24.949+0000] {logging_mixin.py:188} INFO - [2026-02-10T23:26:24.949+0000] {dag.py:3954} INFO - Setting next_dagrun for example_branch_python_operator_decorator to 2026-02-09 00:00:00+00:00, run_after=2026-02-10 00:00:00+00:00
[2026-02-10T23:26:24.974+0000] {processor.py:183} INFO - Processing /home/airflow/.local/lib/python3.12/site-packages/airflow/example_dags/example_branch_operator_decorator.py took 0.119 seconds
[2026-02-10T23:26:55.570+0000] {processor.py:161} INFO - Started process (PID=2811) to work on /home/airflow/.local/lib/python3.12/site-packages/airflow/example_dags/example_branch_operator_decorator.py
[2026-02-10T23:26:55.571+0000] {processor.py:830} INFO - Processing file /home/airflow/.local/lib/python3.12/site-packages/airflow/example_dags/example_branch_operator_decorator.py for tasks to queue
[2026-02-10T23:26:55.573+0000] {logging_mixin.py:188} INFO - [2026-02-10T23:26:55.573+0000] {dagbag.py:540} INFO - Filling up the DagBag from /home/airflow/.local/lib/python3.12/site-packages/airflow/example_dags/example_branch_operator_decorator.py
[2026-02-10T23:26:55.598+0000] {processor.py:840} INFO - DAG(s) 'example_branch_python_operator_decorator' retrieved from /home/airflow/.local/lib/python3.12/site-packages/airflow/example_dags/example_branch_operator_decorator.py
[2026-02-10T23:26:55.629+0000] {logging_mixin.py:188} INFO - [2026-02-10T23:26:55.629+0000] {dag.py:3096} INFO - Sync 1 DAGs
[2026-02-10T23:26:55.655+0000] {logging_mixin.py:188} INFO - [2026-02-10T23:26:55.655+0000] {dag.py:3954} INFO - Setting next_dagrun for example_branch_python_operator_decorator to 2026-02-09 00:00:00+00:00, run_after=2026-02-10 00:00:00+00:00
[2026-02-10T23:26:55.678+0000] {processor.py:183} INFO - Processing /home/airflow/.local/lib/python3.12/site-packages/airflow/example_dags/example_branch_operator_decorator.py took 0.115 seconds
[2026-02-10T23:27:25.920+0000] {processor.py:161} INFO - Started process (PID=2865) to work on /home/airflow/.local/lib/python3.12/site-packages/airflow/example_dags/example_branch_operator_decorator.py
[2026-02-10T23:27:25.921+0000] {processor.py:830} INFO - Processing file /home/airflow/.local/lib/python3.12/site-packages/airflow/example_dags/example_branch_operator_decorator.py for tasks to queue
[2026-02-10T23:27:25.924+0000] {logging_mixin.py:188} INFO - [2026-02-10T23:27:25.924+0000] {dagbag.py:540} INFO - Filling up the DagBag from /home/airflow/.local/lib/python3.12/site-packages/airflow/example_dags/example_branch_operator_decorator.py
[2026-02-10T23:27:25.947+0000] {processor.py:840} INFO - DAG(s) 'example_branch_python_operator_decorator' retrieved from /home/airflow/.local/lib/python3.12/site-packages/airflow/example_dags/example_branch_operator_decorator.py
[2026-02-10T23:27:25.982+0000] {logging_mixin.py:188} INFO - [2026-02-10T23:27:25.982+0000] {dag.py:3096} INFO - Sync 1 DAGs
[2026-02-10T23:27:26.007+0000] {logging_mixin.py:188} INFO - [2026-02-10T23:27:26.006+0000] {dag.py:3954} INFO - Setting next_dagrun for example_branch_python_operator_decorator to 2026-02-09 00:00:00+00:00, run_after=2026-02-10 00:00:00+00:00
[2026-02-10T23:27:26.029+0000] {processor.py:183} INFO - Processing /home/airflow/.local/lib/python3.12/site-packages/airflow/example_dags/example_branch_operator_decorator.py took 0.115 seconds
[2026-02-10T23:27:56.248+0000] {processor.py:161} INFO - Started process (PID=2919) to work on /home/airflow/.local/lib/python3.12/site-packages/airflow/example_dags/example_branch_operator_decorator.py
[2026-02-10T23:27:56.249+0000] {processor.py:830} INFO - Processing file /home/airflow/.local/lib/python3.12/site-packages/airflow/example_dags/example_branch_operator_decorator.py for tasks to queue
[2026-02-10T23:27:56.251+0000] {logging_mixin.py:188} INFO - [2026-02-10T23:27:56.251+0000] {dagbag.py:540} INFO - Filling up the DagBag from /home/airflow/.local/lib/python3.12/site-packages/airflow/example_dags/example_branch_operator_decorator.py
[2026-02-10T23:27:56.272+0000] {processor.py:840} INFO - DAG(s) 'example_branch_python_operator_decorator' retrieved from /home/airflow/.local/lib/python3.12/site-packages/airflow/example_dags/example_branch_operator_decorator.py
[2026-02-10T23:27:56.301+0000] {logging_mixin.py:188} INFO - [2026-02-10T23:27:56.301+0000] {dag.py:3096} INFO - Sync 1 DAGs
[2026-02-10T23:27:56.323+0000] {logging_mixin.py:188} INFO - [2026-02-10T23:27:56.323+0000] {dag.py:3954} INFO - Setting next_dagrun for example_branch_python_operator_decorator to 2026-02-09 00:00:00+00:00, run_after=2026-02-10 00:00:00+00:00
[2026-02-10T23:27:56.345+0000] {processor.py:183} INFO - Processing /home/airflow/.local/lib/python3.12/site-packages/airflow/example_dags/example_branch_operator_decorator.py took 0.103 seconds
[2026-02-10T23:28:26.456+0000] {processor.py:161} INFO - Started process (PID=2971) to work on /home/airflow/.local/lib/python3.12/site-packages/airflow/example_dags/example_branch_operator_decorator.py
[2026-02-10T23:28:26.458+0000] {processor.py:830} INFO - Processing file /home/airflow/.local/lib/python3.12/site-packages/airflow/example_dags/example_branch_operator_decorator.py for tasks to queue
[2026-02-10T23:28:26.460+0000] {logging_mixin.py:188} INFO - [2026-02-10T23:28:26.459+0000] {dagbag.py:540} INFO - Filling up the DagBag from /home/airflow/.local/lib/python3.12/site-packages/airflow/example_dags/example_branch_operator_decorator.py
[2026-02-10T23:28:26.481+0000] {processor.py:840} INFO - DAG(s) 'example_branch_python_operator_decorator' retrieved from /home/airflow/.local/lib/python3.12/site-packages/airflow/example_dags/example_branch_operator_decorator.py
[2026-02-10T23:28:26.510+0000] {logging_mixin.py:188} INFO - [2026-02-10T23:28:26.510+0000] {dag.py:3096} INFO - Sync 1 DAGs
[2026-02-10T23:28:26.532+0000] {logging_mixin.py:188} INFO - [2026-02-10T23:28:26.532+0000] {dag.py:3954} INFO - Setting next_dagrun for example_branch_python_operator_decorator to 2026-02-09 00:00:00+00:00, run_after=2026-02-10 00:00:00+00:00
[2026-02-10T23:28:26.554+0000] {processor.py:183} INFO - Processing /home/airflow/.local/lib/python3.12/site-packages/airflow/example_dags/example_branch_operator_decorator.py took 0.106 seconds
[2026-02-10T23:28:56.682+0000] {processor.py:161} INFO - Started process (PID=3025) to work on /home/airflow/.local/lib/python3.12/site-packages/airflow/example_dags/example_branch_operator_decorator.py
[2026-02-10T23:28:56.683+0000] {processor.py:830} INFO - Processing file /home/airflow/.local/lib/python3.12/site-packages/airflow/example_dags/example_branch_operator_decorator.py for tasks to queue
[2026-02-10T23:28:56.686+0000] {logging_mixin.py:188} INFO - [2026-02-10T23:28:56.686+0000] {dagbag.py:540} INFO - Filling up the DagBag from /home/airflow/.local/lib/python3.12/site-packages/airflow/example_dags/example_branch_operator_decorator.py
[2026-02-10T23:28:56.743+0000] {processor.py:840} INFO - DAG(s) 'example_branch_python_operator_decorator' retrieved from /home/airflow/.local/lib/python3.12/site-packages/airflow/example_dags/example_branch_operator_decorator.py
[2026-02-10T23:28:56.815+0000] {logging_mixin.py:188} INFO - [2026-02-10T23:28:56.815+0000] {dag.py:3096} INFO - Sync 1 DAGs
[2026-02-10T23:28:56.883+0000] {logging_mixin.py:188} INFO - [2026-02-10T23:28:56.883+0000] {dag.py:3954} INFO - Setting next_dagrun for example_branch_python_operator_decorator to 2026-02-09 00:00:00+00:00, run_after=2026-02-10 00:00:00+00:00
[2026-02-10T23:28:56.941+0000] {processor.py:183} INFO - Processing /home/airflow/.local/lib/python3.12/site-packages/airflow/example_dags/example_branch_operator_decorator.py took 0.275 seconds
[2026-02-10T23:29:27.473+0000] {processor.py:161} INFO - Started process (PID=3079) to work on /home/airflow/.local/lib/python3.12/site-packages/airflow/example_dags/example_branch_operator_decorator.py
[2026-02-10T23:29:27.475+0000] {processor.py:830} INFO - Processing file /home/airflow/.local/lib/python3.12/site-packages/airflow/example_dags/example_branch_operator_decorator.py for tasks to queue
[2026-02-10T23:29:27.478+0000] {logging_mixin.py:188} INFO - [2026-02-10T23:29:27.478+0000] {dagbag.py:540} INFO - Filling up the DagBag from /home/airflow/.local/lib/python3.12/site-packages/airflow/example_dags/example_branch_operator_decorator.py
[2026-02-10T23:29:27.504+0000] {processor.py:840} INFO - DAG(s) 'example_branch_python_operator_decorator' retrieved from /home/airflow/.local/lib/python3.12/site-packages/airflow/example_dags/example_branch_operator_decorator.py
[2026-02-10T23:29:27.536+0000] {logging_mixin.py:188} INFO - [2026-02-10T23:29:27.535+0000] {dag.py:3096} INFO - Sync 1 DAGs
[2026-02-10T23:29:27.561+0000] {logging_mixin.py:188} INFO - [2026-02-10T23:29:27.561+0000] {dag.py:3954} INFO - Setting next_dagrun for example_branch_python_operator_decorator to 2026-02-09 00:00:00+00:00, run_after=2026-02-10 00:00:00+00:00
[2026-02-10T23:29:27.589+0000] {processor.py:183} INFO - Processing /home/airflow/.local/lib/python3.12/site-packages/airflow/example_dags/example_branch_operator_decorator.py took 0.125 seconds
[2026-02-10T23:29:57.734+0000] {processor.py:161} INFO - Started process (PID=3133) to work on /home/airflow/.local/lib/python3.12/site-packages/airflow/example_dags/example_branch_operator_decorator.py
[2026-02-10T23:29:57.735+0000] {processor.py:830} INFO - Processing file /home/airflow/.local/lib/python3.12/site-packages/airflow/example_dags/example_branch_operator_decorator.py for tasks to queue
[2026-02-10T23:29:57.738+0000] {logging_mixin.py:188} INFO - [2026-02-10T23:29:57.737+0000] {dagbag.py:540} INFO - Filling up the DagBag from /home/airflow/.local/lib/python3.12/site-packages/airflow/example_dags/example_branch_operator_decorator.py
[2026-02-10T23:29:57.762+0000] {processor.py:840} INFO - DAG(s) 'example_branch_python_operator_decorator' retrieved from /home/airflow/.local/lib/python3.12/site-packages/airflow/example_dags/example_branch_operator_decorator.py
[2026-02-10T23:29:57.794+0000] {logging_mixin.py:188} INFO - [2026-02-10T23:29:57.793+0000] {dag.py:3096} INFO - Sync 1 DAGs
[2026-02-10T23:29:57.824+0000] {logging_mixin.py:188} INFO - [2026-02-10T23:29:57.824+0000] {dag.py:3954} INFO - Setting next_dagrun for example_branch_python_operator_decorator to 2026-02-09 00:00:00+00:00, run_after=2026-02-10 00:00:00+00:00
[2026-02-10T23:29:57.851+0000] {processor.py:183} INFO - Processing /home/airflow/.local/lib/python3.12/site-packages/airflow/example_dags/example_branch_operator_decorator.py took 0.124 seconds
[2026-02-10T23:30:28.344+0000] {processor.py:161} INFO - Started process (PID=3187) to work on /home/airflow/.local/lib/python3.12/site-packages/airflow/example_dags/example_branch_operator_decorator.py
[2026-02-10T23:30:28.345+0000] {processor.py:830} INFO - Processing file /home/airflow/.local/lib/python3.12/site-packages/airflow/example_dags/example_branch_operator_decorator.py for tasks to queue
[2026-02-10T23:30:28.347+0000] {logging_mixin.py:188} INFO - [2026-02-10T23:30:28.347+0000] {dagbag.py:540} INFO - Filling up the DagBag from /home/airflow/.local/lib/python3.12/site-packages/airflow/example_dags/example_branch_operator_decorator.py
[2026-02-10T23:30:28.366+0000] {processor.py:840} INFO - DAG(s) 'example_branch_python_operator_decorator' retrieved from /home/airflow/.local/lib/python3.12/site-packages/airflow/example_dags/example_branch_operator_decorator.py
[2026-02-10T23:30:28.395+0000] {logging_mixin.py:188} INFO - [2026-02-10T23:30:28.395+0000] {dag.py:3096} INFO - Sync 1 DAGs
[2026-02-10T23:30:28.417+0000] {logging_mixin.py:188} INFO - [2026-02-10T23:30:28.417+0000] {dag.py:3954} INFO - Setting next_dagrun for example_branch_python_operator_decorator to 2026-02-09 00:00:00+00:00, run_after=2026-02-10 00:00:00+00:00
[2026-02-10T23:30:28.439+0000] {processor.py:183} INFO - Processing /home/airflow/.local/lib/python3.12/site-packages/airflow/example_dags/example_branch_operator_decorator.py took 0.102 seconds
[2026-02-10T23:30:59.413+0000] {processor.py:161} INFO - Started process (PID=3241) to work on /home/airflow/.local/lib/python3.12/site-packages/airflow/example_dags/example_branch_operator_decorator.py
[2026-02-10T23:30:59.415+0000] {processor.py:830} INFO - Processing file /home/airflow/.local/lib/python3.12/site-packages/airflow/example_dags/example_branch_operator_decorator.py for tasks to queue
[2026-02-10T23:30:59.418+0000] {logging_mixin.py:188} INFO - [2026-02-10T23:30:59.417+0000] {dagbag.py:540} INFO - Filling up the DagBag from /home/airflow/.local/lib/python3.12/site-packages/airflow/example_dags/example_branch_operator_decorator.py
[2026-02-10T23:30:59.448+0000] {processor.py:840} INFO - DAG(s) 'example_branch_python_operator_decorator' retrieved from /home/airflow/.local/lib/python3.12/site-packages/airflow/example_dags/example_branch_operator_decorator.py
[2026-02-10T23:30:59.488+0000] {logging_mixin.py:188} INFO - [2026-02-10T23:30:59.488+0000] {dag.py:3096} INFO - Sync 1 DAGs
[2026-02-10T23:30:59.529+0000] {logging_mixin.py:188} INFO - [2026-02-10T23:30:59.529+0000] {dag.py:3954} INFO - Setting next_dagrun for example_branch_python_operator_decorator to 2026-02-09 00:00:00+00:00, run_after=2026-02-10 00:00:00+00:00
[2026-02-10T23:30:59.557+0000] {processor.py:183} INFO - Processing /home/airflow/.local/lib/python3.12/site-packages/airflow/example_dags/example_branch_operator_decorator.py took 0.152 seconds
[2026-02-10T23:31:29.994+0000] {processor.py:161} INFO - Started process (PID=3295) to work on /home/airflow/.local/lib/python3.12/site-packages/airflow/example_dags/example_branch_operator_decorator.py
[2026-02-10T23:31:29.996+0000] {processor.py:830} INFO - Processing file /home/airflow/.local/lib/python3.12/site-packages/airflow/example_dags/example_branch_operator_decorator.py for tasks to queue
[2026-02-10T23:31:30.000+0000] {logging_mixin.py:188} INFO - [2026-02-10T23:31:29.999+0000] {dagbag.py:540} INFO - Filling up the DagBag from /home/airflow/.local/lib/python3.12/site-packages/airflow/example_dags/example_branch_operator_decorator.py
[2026-02-10T23:31:30.035+0000] {processor.py:840} INFO - DAG(s) 'example_branch_python_operator_decorator' retrieved from /home/airflow/.local/lib/python3.12/site-packages/airflow/example_dags/example_branch_operator_decorator.py
[2026-02-10T23:31:30.078+0000] {logging_mixin.py:188} INFO - [2026-02-10T23:31:30.077+0000] {dag.py:3096} INFO - Sync 1 DAGs
[2026-02-10T23:31:30.122+0000] {logging_mixin.py:188} INFO - [2026-02-10T23:31:30.121+0000] {dag.py:3954} INFO - Setting next_dagrun for example_branch_python_operator_decorator to 2026-02-09 00:00:00+00:00, run_after=2026-02-10 00:00:00+00:00
[2026-02-10T23:31:30.158+0000] {processor.py:183} INFO - Processing /home/airflow/.local/lib/python3.12/site-packages/airflow/example_dags/example_branch_operator_decorator.py took 0.177 seconds
[2026-02-10T23:32:00.589+0000] {processor.py:161} INFO - Started process (PID=3349) to work on /home/airflow/.local/lib/python3.12/site-packages/airflow/example_dags/example_branch_operator_decorator.py
[2026-02-10T23:32:00.590+0000] {processor.py:830} INFO - Processing file /home/airflow/.local/lib/python3.12/site-packages/airflow/example_dags/example_branch_operator_decorator.py for tasks to queue
[2026-02-10T23:32:00.592+0000] {logging_mixin.py:188} INFO - [2026-02-10T23:32:00.592+0000] {dagbag.py:540} INFO - Filling up the DagBag from /home/airflow/.local/lib/python3.12/site-packages/airflow/example_dags/example_branch_operator_decorator.py
[2026-02-10T23:32:00.612+0000] {processor.py:840} INFO - DAG(s) 'example_branch_python_operator_decorator' retrieved from /home/airflow/.local/lib/python3.12/site-packages/airflow/example_dags/example_branch_operator_decorator.py
[2026-02-10T23:32:00.650+0000] {logging_mixin.py:188} INFO - [2026-02-10T23:32:00.649+0000] {dag.py:3096} INFO - Sync 1 DAGs
[2026-02-10T23:32:00.681+0000] {logging_mixin.py:188} INFO - [2026-02-10T23:32:00.681+0000] {dag.py:3954} INFO - Setting next_dagrun for example_branch_python_operator_decorator to 2026-02-09 00:00:00+00:00, run_after=2026-02-10 00:00:00+00:00
[2026-02-10T23:32:00.708+0000] {processor.py:183} INFO - Processing /home/airflow/.local/lib/python3.12/site-packages/airflow/example_dags/example_branch_operator_decorator.py took 0.125 seconds
[2026-02-10T23:32:30.866+0000] {processor.py:161} INFO - Started process (PID=3404) to work on /home/airflow/.local/lib/python3.12/site-packages/airflow/example_dags/example_branch_operator_decorator.py
[2026-02-10T23:32:30.869+0000] {processor.py:830} INFO - Processing file /home/airflow/.local/lib/python3.12/site-packages/airflow/example_dags/example_branch_operator_decorator.py for tasks to queue
[2026-02-10T23:32:30.873+0000] {logging_mixin.py:188} INFO - [2026-02-10T23:32:30.872+0000] {dagbag.py:540} INFO - Filling up the DagBag from /home/airflow/.local/lib/python3.12/site-packages/airflow/example_dags/example_branch_operator_decorator.py
[2026-02-10T23:32:30.902+0000] {processor.py:840} INFO - DAG(s) 'example_branch_python_operator_decorator' retrieved from /home/airflow/.local/lib/python3.12/site-packages/airflow/example_dags/example_branch_operator_decorator.py
[2026-02-10T23:32:30.944+0000] {logging_mixin.py:188} INFO - [2026-02-10T23:32:30.943+0000] {dag.py:3096} INFO - Sync 1 DAGs
[2026-02-10T23:32:30.983+0000] {logging_mixin.py:188} INFO - [2026-02-10T23:32:30.983+0000] {dag.py:3954} INFO - Setting next_dagrun for example_branch_python_operator_decorator to 2026-02-09 00:00:00+00:00, run_after=2026-02-10 00:00:00+00:00
[2026-02-10T23:32:31.035+0000] {processor.py:183} INFO - Processing /home/airflow/.local/lib/python3.12/site-packages/airflow/example_dags/example_branch_operator_decorator.py took 0.180 seconds
[2026-02-10T23:33:01.375+0000] {processor.py:161} INFO - Started process (PID=3457) to work on /home/airflow/.local/lib/python3.12/site-packages/airflow/example_dags/example_branch_operator_decorator.py
[2026-02-10T23:33:01.376+0000] {processor.py:830} INFO - Processing file /home/airflow/.local/lib/python3.12/site-packages/airflow/example_dags/example_branch_operator_decorator.py for tasks to queue
[2026-02-10T23:33:01.378+0000] {logging_mixin.py:188} INFO - [2026-02-10T23:33:01.378+0000] {dagbag.py:540} INFO - Filling up the DagBag from /home/airflow/.local/lib/python3.12/site-packages/airflow/example_dags/example_branch_operator_decorator.py
[2026-02-10T23:33:01.397+0000] {processor.py:840} INFO - DAG(s) 'example_branch_python_operator_decorator' retrieved from /home/airflow/.local/lib/python3.12/site-packages/airflow/example_dags/example_branch_operator_decorator.py
[2026-02-10T23:33:01.422+0000] {logging_mixin.py:188} INFO - [2026-02-10T23:33:01.422+0000] {dag.py:3096} INFO - Sync 1 DAGs
[2026-02-10T23:33:01.444+0000] {logging_mixin.py:188} INFO - [2026-02-10T23:33:01.444+0000] {dag.py:3954} INFO - Setting next_dagrun for example_branch_python_operator_decorator to 2026-02-09 00:00:00+00:00, run_after=2026-02-10 00:00:00+00:00
[2026-02-10T23:33:01.466+0000] {processor.py:183} INFO - Processing /home/airflow/.local/lib/python3.12/site-packages/airflow/example_dags/example_branch_operator_decorator.py took 0.096 seconds
[2026-02-10T23:33:32.308+0000] {processor.py:161} INFO - Started process (PID=3511) to work on /home/airflow/.local/lib/python3.12/site-packages/airflow/example_dags/example_branch_operator_decorator.py
[2026-02-10T23:33:32.309+0000] {processor.py:830} INFO - Processing file /home/airflow/.local/lib/python3.12/site-packages/airflow/example_dags/example_branch_operator_decorator.py for tasks to queue
[2026-02-10T23:33:32.311+0000] {logging_mixin.py:188} INFO - [2026-02-10T23:33:32.311+0000] {dagbag.py:540} INFO - Filling up the DagBag from /home/airflow/.local/lib/python3.12/site-packages/airflow/example_dags/example_branch_operator_decorator.py
[2026-02-10T23:33:32.330+0000] {processor.py:840} INFO - DAG(s) 'example_branch_python_operator_decorator' retrieved from /home/airflow/.local/lib/python3.12/site-packages/airflow/example_dags/example_branch_operator_decorator.py
[2026-02-10T23:33:32.358+0000] {logging_mixin.py:188} INFO - [2026-02-10T23:33:32.358+0000] {dag.py:3096} INFO - Sync 1 DAGs
[2026-02-10T23:33:32.381+0000] {logging_mixin.py:188} INFO - [2026-02-10T23:33:32.381+0000] {dag.py:3954} INFO - Setting next_dagrun for example_branch_python_operator_decorator to 2026-02-09 00:00:00+00:00, run_after=2026-02-10 00:00:00+00:00
[2026-02-10T23:33:32.402+0000] {processor.py:183} INFO - Processing /home/airflow/.local/lib/python3.12/site-packages/airflow/example_dags/example_branch_operator_decorator.py took 0.100 seconds
[2026-02-10T23:34:02.690+0000] {processor.py:161} INFO - Started process (PID=3565) to work on /home/airflow/.local/lib/python3.12/site-packages/airflow/example_dags/example_branch_operator_decorator.py
[2026-02-10T23:34:02.692+0000] {processor.py:830} INFO - Processing file /home/airflow/.local/lib/python3.12/site-packages/airflow/example_dags/example_branch_operator_decorator.py for tasks to queue
[2026-02-10T23:34:02.696+0000] {logging_mixin.py:188} INFO - [2026-02-10T23:34:02.695+0000] {dagbag.py:540} INFO - Filling up the DagBag from /home/airflow/.local/lib/python3.12/site-packages/airflow/example_dags/example_branch_operator_decorator.py
[2026-02-10T23:34:02.718+0000] {processor.py:840} INFO - DAG(s) 'example_branch_python_operator_decorator' retrieved from /home/airflow/.local/lib/python3.12/site-packages/airflow/example_dags/example_branch_operator_decorator.py
[2026-02-10T23:34:02.747+0000] {logging_mixin.py:188} INFO - [2026-02-10T23:34:02.747+0000] {dag.py:3096} INFO - Sync 1 DAGs
[2026-02-10T23:34:02.770+0000] {logging_mixin.py:188} INFO - [2026-02-10T23:34:02.770+0000] {dag.py:3954} INFO - Setting next_dagrun for example_branch_python_operator_decorator to 2026-02-09 00:00:00+00:00, run_after=2026-02-10 00:00:00+00:00
[2026-02-10T23:34:02.795+0000] {processor.py:183} INFO - Processing /home/airflow/.local/lib/python3.12/site-packages/airflow/example_dags/example_branch_operator_decorator.py took 0.119 seconds
[2026-02-10T23:34:32.934+0000] {processor.py:161} INFO - Started process (PID=3619) to work on /home/airflow/.local/lib/python3.12/site-packages/airflow/example_dags/example_branch_operator_decorator.py
[2026-02-10T23:34:32.936+0000] {processor.py:830} INFO - Processing file /home/airflow/.local/lib/python3.12/site-packages/airflow/example_dags/example_branch_operator_decorator.py for tasks to queue
[2026-02-10T23:34:32.937+0000] {logging_mixin.py:188} INFO - [2026-02-10T23:34:32.937+0000] {dagbag.py:540} INFO - Filling up the DagBag from /home/airflow/.local/lib/python3.12/site-packages/airflow/example_dags/example_branch_operator_decorator.py
[2026-02-10T23:34:32.956+0000] {processor.py:840} INFO - DAG(s) 'example_branch_python_operator_decorator' retrieved from /home/airflow/.local/lib/python3.12/site-packages/airflow/example_dags/example_branch_operator_decorator.py
[2026-02-10T23:34:32.983+0000] {logging_mixin.py:188} INFO - [2026-02-10T23:34:32.982+0000] {dag.py:3096} INFO - Sync 1 DAGs
[2026-02-10T23:34:33.005+0000] {logging_mixin.py:188} INFO - [2026-02-10T23:34:33.005+0000] {dag.py:3954} INFO - Setting next_dagrun for example_branch_python_operator_decorator to 2026-02-09 00:00:00+00:00, run_after=2026-02-10 00:00:00+00:00
[2026-02-10T23:34:33.025+0000] {processor.py:183} INFO - Processing /home/airflow/.local/lib/python3.12/site-packages/airflow/example_dags/example_branch_operator_decorator.py took 0.097 seconds
[2026-02-10T23:35:03.736+0000] {processor.py:161} INFO - Started process (PID=3673) to work on /home/airflow/.local/lib/python3.12/site-packages/airflow/example_dags/example_branch_operator_decorator.py
[2026-02-10T23:35:03.738+0000] {processor.py:830} INFO - Processing file /home/airflow/.local/lib/python3.12/site-packages/airflow/example_dags/example_branch_operator_decorator.py for tasks to queue
[2026-02-10T23:35:03.741+0000] {logging_mixin.py:188} INFO - [2026-02-10T23:35:03.741+0000] {dagbag.py:540} INFO - Filling up the DagBag from /home/airflow/.local/lib/python3.12/site-packages/airflow/example_dags/example_branch_operator_decorator.py
[2026-02-10T23:35:03.779+0000] {processor.py:840} INFO - DAG(s) 'example_branch_python_operator_decorator' retrieved from /home/airflow/.local/lib/python3.12/site-packages/airflow/example_dags/example_branch_operator_decorator.py
[2026-02-10T23:35:03.820+0000] {logging_mixin.py:188} INFO - [2026-02-10T23:35:03.820+0000] {dag.py:3096} INFO - Sync 1 DAGs
[2026-02-10T23:35:03.859+0000] {logging_mixin.py:188} INFO - [2026-02-10T23:35:03.859+0000] {dag.py:3954} INFO - Setting next_dagrun for example_branch_python_operator_decorator to 2026-02-09 00:00:00+00:00, run_after=2026-02-10 00:00:00+00:00
[2026-02-10T23:35:03.891+0000] {processor.py:183} INFO - Processing /home/airflow/.local/lib/python3.12/site-packages/airflow/example_dags/example_branch_operator_decorator.py took 0.171 seconds
[2026-02-10T23:35:34.064+0000] {processor.py:161} INFO - Started process (PID=3727) to work on /home/airflow/.local/lib/python3.12/site-packages/airflow/example_dags/example_branch_operator_decorator.py
[2026-02-10T23:35:34.066+0000] {processor.py:830} INFO - Processing file /home/airflow/.local/lib/python3.12/site-packages/airflow/example_dags/example_branch_operator_decorator.py for tasks to queue
[2026-02-10T23:35:34.068+0000] {logging_mixin.py:188} INFO - [2026-02-10T23:35:34.067+0000] {dagbag.py:540} INFO - Filling up the DagBag from /home/airflow/.local/lib/python3.12/site-packages/airflow/example_dags/example_branch_operator_decorator.py
[2026-02-10T23:35:34.091+0000] {processor.py:840} INFO - DAG(s) 'example_branch_python_operator_decorator' retrieved from /home/airflow/.local/lib/python3.12/site-packages/airflow/example_dags/example_branch_operator_decorator.py
[2026-02-10T23:35:34.124+0000] {logging_mixin.py:188} INFO - [2026-02-10T23:35:34.124+0000] {dag.py:3096} INFO - Sync 1 DAGs
[2026-02-10T23:35:34.148+0000] {logging_mixin.py:188} INFO - [2026-02-10T23:35:34.148+0000] {dag.py:3954} INFO - Setting next_dagrun for example_branch_python_operator_decorator to 2026-02-09 00:00:00+00:00, run_after=2026-02-10 00:00:00+00:00
[2026-02-10T23:35:34.173+0000] {processor.py:183} INFO - Processing /home/airflow/.local/lib/python3.12/site-packages/airflow/example_dags/example_branch_operator_decorator.py took 0.117 seconds
[2026-02-10T23:36:05.066+0000] {processor.py:161} INFO - Started process (PID=3781) to work on /home/airflow/.local/lib/python3.12/site-packages/airflow/example_dags/example_branch_operator_decorator.py
[2026-02-10T23:36:05.068+0000] {processor.py:830} INFO - Processing file /home/airflow/.local/lib/python3.12/site-packages/airflow/example_dags/example_branch_operator_decorator.py for tasks to queue
[2026-02-10T23:36:05.070+0000] {logging_mixin.py:188} INFO - [2026-02-10T23:36:05.069+0000] {dagbag.py:540} INFO - Filling up the DagBag from /home/airflow/.local/lib/python3.12/site-packages/airflow/example_dags/example_branch_operator_decorator.py
[2026-02-10T23:36:05.089+0000] {processor.py:840} INFO - DAG(s) 'example_branch_python_operator_decorator' retrieved from /home/airflow/.local/lib/python3.12/site-packages/airflow/example_dags/example_branch_operator_decorator.py
[2026-02-10T23:36:05.116+0000] {logging_mixin.py:188} INFO - [2026-02-10T23:36:05.115+0000] {dag.py:3096} INFO - Sync 1 DAGs
[2026-02-10T23:36:05.139+0000] {logging_mixin.py:188} INFO - [2026-02-10T23:36:05.139+0000] {dag.py:3954} INFO - Setting next_dagrun for example_branch_python_operator_decorator to 2026-02-09 00:00:00+00:00, run_after=2026-02-10 00:00:00+00:00
[2026-02-10T23:36:05.162+0000] {processor.py:183} INFO - Processing /home/airflow/.local/lib/python3.12/site-packages/airflow/example_dags/example_branch_operator_decorator.py took 0.102 seconds
[2026-02-10T23:36:36.125+0000] {processor.py:161} INFO - Started process (PID=3835) to work on /home/airflow/.local/lib/python3.12/site-packages/airflow/example_dags/example_branch_operator_decorator.py
[2026-02-10T23:36:36.126+0000] {processor.py:830} INFO - Processing file /home/airflow/.local/lib/python3.12/site-packages/airflow/example_dags/example_branch_operator_decorator.py for tasks to queue
[2026-02-10T23:36:36.128+0000] {logging_mixin.py:188} INFO - [2026-02-10T23:36:36.127+0000] {dagbag.py:540} INFO - Filling up the DagBag from /home/airflow/.local/lib/python3.12/site-packages/airflow/example_dags/example_branch_operator_decorator.py
[2026-02-10T23:36:36.146+0000] {processor.py:840} INFO - DAG(s) 'example_branch_python_operator_decorator' retrieved from /home/airflow/.local/lib/python3.12/site-packages/airflow/example_dags/example_branch_operator_decorator.py
[2026-02-10T23:36:36.172+0000] {logging_mixin.py:188} INFO - [2026-02-10T23:36:36.171+0000] {dag.py:3096} INFO - Sync 1 DAGs
[2026-02-10T23:36:36.195+0000] {logging_mixin.py:188} INFO - [2026-02-10T23:36:36.195+0000] {dag.py:3954} INFO - Setting next_dagrun for example_branch_python_operator_decorator to 2026-02-09 00:00:00+00:00, run_after=2026-02-10 00:00:00+00:00
[2026-02-10T23:36:36.217+0000] {processor.py:183} INFO - Processing /home/airflow/.local/lib/python3.12/site-packages/airflow/example_dags/example_branch_operator_decorator.py took 0.097 seconds
[2026-02-10T23:37:06.361+0000] {processor.py:161} INFO - Started process (PID=3889) to work on /home/airflow/.local/lib/python3.12/site-packages/airflow/example_dags/example_branch_operator_decorator.py
[2026-02-10T23:37:06.362+0000] {processor.py:830} INFO - Processing file /home/airflow/.local/lib/python3.12/site-packages/airflow/example_dags/example_branch_operator_decorator.py for tasks to queue
[2026-02-10T23:37:06.366+0000] {logging_mixin.py:188} INFO - [2026-02-10T23:37:06.365+0000] {dagbag.py:540} INFO - Filling up the DagBag from /home/airflow/.local/lib/python3.12/site-packages/airflow/example_dags/example_branch_operator_decorator.py
[2026-02-10T23:37:06.402+0000] {processor.py:840} INFO - DAG(s) 'example_branch_python_operator_decorator' retrieved from /home/airflow/.local/lib/python3.12/site-packages/airflow/example_dags/example_branch_operator_decorator.py
[2026-02-10T23:37:06.471+0000] {logging_mixin.py:188} INFO - [2026-02-10T23:37:06.470+0000] {dag.py:3096} INFO - Sync 1 DAGs
[2026-02-10T23:37:06.524+0000] {logging_mixin.py:188} INFO - [2026-02-10T23:37:06.524+0000] {dag.py:3954} INFO - Setting next_dagrun for example_branch_python_operator_decorator to 2026-02-09 00:00:00+00:00, run_after=2026-02-10 00:00:00+00:00
[2026-02-10T23:37:06.569+0000] {processor.py:183} INFO - Processing /home/airflow/.local/lib/python3.12/site-packages/airflow/example_dags/example_branch_operator_decorator.py took 0.219 seconds
[2026-02-10T23:37:36.877+0000] {processor.py:161} INFO - Started process (PID=3943) to work on /home/airflow/.local/lib/python3.12/site-packages/airflow/example_dags/example_branch_operator_decorator.py
[2026-02-10T23:37:36.878+0000] {processor.py:830} INFO - Processing file /home/airflow/.local/lib/python3.12/site-packages/airflow/example_dags/example_branch_operator_decorator.py for tasks to queue
[2026-02-10T23:37:36.879+0000] {logging_mixin.py:188} INFO - [2026-02-10T23:37:36.879+0000] {dagbag.py:540} INFO - Filling up the DagBag from /home/airflow/.local/lib/python3.12/site-packages/airflow/example_dags/example_branch_operator_decorator.py
[2026-02-10T23:37:36.898+0000] {processor.py:840} INFO - DAG(s) 'example_branch_python_operator_decorator' retrieved from /home/airflow/.local/lib/python3.12/site-packages/airflow/example_dags/example_branch_operator_decorator.py
[2026-02-10T23:37:36.925+0000] {logging_mixin.py:188} INFO - [2026-02-10T23:37:36.925+0000] {dag.py:3096} INFO - Sync 1 DAGs
[2026-02-10T23:37:36.947+0000] {logging_mixin.py:188} INFO - [2026-02-10T23:37:36.947+0000] {dag.py:3954} INFO - Setting next_dagrun for example_branch_python_operator_decorator to 2026-02-09 00:00:00+00:00, run_after=2026-02-10 00:00:00+00:00
[2026-02-10T23:37:36.968+0000] {processor.py:183} INFO - Processing /home/airflow/.local/lib/python3.12/site-packages/airflow/example_dags/example_branch_operator_decorator.py took 0.098 seconds
[2026-02-10T23:38:07.118+0000] {processor.py:161} INFO - Started process (PID=3998) to work on /home/airflow/.local/lib/python3.12/site-packages/airflow/example_dags/example_branch_operator_decorator.py
[2026-02-10T23:38:07.119+0000] {processor.py:830} INFO - Processing file /home/airflow/.local/lib/python3.12/site-packages/airflow/example_dags/example_branch_operator_decorator.py for tasks to queue
[2026-02-10T23:38:07.121+0000] {logging_mixin.py:188} INFO - [2026-02-10T23:38:07.120+0000] {dagbag.py:540} INFO - Filling up the DagBag from /home/airflow/.local/lib/python3.12/site-packages/airflow/example_dags/example_branch_operator_decorator.py
[2026-02-10T23:38:07.138+0000] {processor.py:840} INFO - DAG(s) 'example_branch_python_operator_decorator' retrieved from /home/airflow/.local/lib/python3.12/site-packages/airflow/example_dags/example_branch_operator_decorator.py
[2026-02-10T23:38:07.165+0000] {logging_mixin.py:188} INFO - [2026-02-10T23:38:07.165+0000] {dag.py:3096} INFO - Sync 1 DAGs
[2026-02-10T23:38:07.185+0000] {logging_mixin.py:188} INFO - [2026-02-10T23:38:07.185+0000] {dag.py:3954} INFO - Setting next_dagrun for example_branch_python_operator_decorator to 2026-02-09 00:00:00+00:00, run_after=2026-02-10 00:00:00+00:00
[2026-02-10T23:38:07.203+0000] {processor.py:183} INFO - Processing /home/airflow/.local/lib/python3.12/site-packages/airflow/example_dags/example_branch_operator_decorator.py took 0.091 seconds
[2026-02-10T23:38:37.826+0000] {processor.py:161} INFO - Started process (PID=4051) to work on /home/airflow/.local/lib/python3.12/site-packages/airflow/example_dags/example_branch_operator_decorator.py
[2026-02-10T23:38:37.827+0000] {processor.py:830} INFO - Processing file /home/airflow/.local/lib/python3.12/site-packages/airflow/example_dags/example_branch_operator_decorator.py for tasks to queue
[2026-02-10T23:38:37.829+0000] {logging_mixin.py:188} INFO - [2026-02-10T23:38:37.829+0000] {dagbag.py:540} INFO - Filling up the DagBag from /home/airflow/.local/lib/python3.12/site-packages/airflow/example_dags/example_branch_operator_decorator.py
[2026-02-10T23:38:37.849+0000] {processor.py:840} INFO - DAG(s) 'example_branch_python_operator_decorator' retrieved from /home/airflow/.local/lib/python3.12/site-packages/airflow/example_dags/example_branch_operator_decorator.py
[2026-02-10T23:38:37.880+0000] {logging_mixin.py:188} INFO - [2026-02-10T23:38:37.880+0000] {dag.py:3096} INFO - Sync 1 DAGs
[2026-02-10T23:38:37.904+0000] {logging_mixin.py:188} INFO - [2026-02-10T23:38:37.903+0000] {dag.py:3954} INFO - Setting next_dagrun for example_branch_python_operator_decorator to 2026-02-09 00:00:00+00:00, run_after=2026-02-10 00:00:00+00:00
[2026-02-10T23:38:37.925+0000] {processor.py:183} INFO - Processing /home/airflow/.local/lib/python3.12/site-packages/airflow/example_dags/example_branch_operator_decorator.py took 0.105 seconds
[2026-02-10T23:39:08.412+0000] {processor.py:161} INFO - Started process (PID=4105) to work on /home/airflow/.local/lib/python3.12/site-packages/airflow/example_dags/example_branch_operator_decorator.py
[2026-02-10T23:39:08.413+0000] {processor.py:830} INFO - Processing file /home/airflow/.local/lib/python3.12/site-packages/airflow/example_dags/example_branch_operator_decorator.py for tasks to queue
[2026-02-10T23:39:08.415+0000] {logging_mixin.py:188} INFO - [2026-02-10T23:39:08.414+0000] {dagbag.py:540} INFO - Filling up the DagBag from /home/airflow/.local/lib/python3.12/site-packages/airflow/example_dags/example_branch_operator_decorator.py
[2026-02-10T23:39:08.434+0000] {processor.py:840} INFO - DAG(s) 'example_branch_python_operator_decorator' retrieved from /home/airflow/.local/lib/python3.12/site-packages/airflow/example_dags/example_branch_operator_decorator.py
[2026-02-10T23:39:08.460+0000] {logging_mixin.py:188} INFO - [2026-02-10T23:39:08.459+0000] {dag.py:3096} INFO - Sync 1 DAGs
[2026-02-10T23:39:08.483+0000] {logging_mixin.py:188} INFO - [2026-02-10T23:39:08.483+0000] {dag.py:3954} INFO - Setting next_dagrun for example_branch_python_operator_decorator to 2026-02-09 00:00:00+00:00, run_after=2026-02-10 00:00:00+00:00
[2026-02-10T23:39:08.506+0000] {processor.py:183} INFO - Processing /home/airflow/.local/lib/python3.12/site-packages/airflow/example_dags/example_branch_operator_decorator.py took 0.100 seconds
[2026-02-10T23:39:38.622+0000] {processor.py:161} INFO - Started process (PID=4159) to work on /home/airflow/.local/lib/python3.12/site-packages/airflow/example_dags/example_branch_operator_decorator.py
[2026-02-10T23:39:38.623+0000] {processor.py:830} INFO - Processing file /home/airflow/.local/lib/python3.12/site-packages/airflow/example_dags/example_branch_operator_decorator.py for tasks to queue
[2026-02-10T23:39:38.626+0000] {logging_mixin.py:188} INFO - [2026-02-10T23:39:38.625+0000] {dagbag.py:540} INFO - Filling up the DagBag from /home/airflow/.local/lib/python3.12/site-packages/airflow/example_dags/example_branch_operator_decorator.py
[2026-02-10T23:39:38.655+0000] {processor.py:840} INFO - DAG(s) 'example_branch_python_operator_decorator' retrieved from /home/airflow/.local/lib/python3.12/site-packages/airflow/example_dags/example_branch_operator_decorator.py
[2026-02-10T23:39:38.695+0000] {logging_mixin.py:188} INFO - [2026-02-10T23:39:38.694+0000] {dag.py:3096} INFO - Sync 1 DAGs
[2026-02-10T23:39:38.733+0000] {logging_mixin.py:188} INFO - [2026-02-10T23:39:38.733+0000] {dag.py:3954} INFO - Setting next_dagrun for example_branch_python_operator_decorator to 2026-02-09 00:00:00+00:00, run_after=2026-02-10 00:00:00+00:00
[2026-02-10T23:39:38.765+0000] {processor.py:183} INFO - Processing /home/airflow/.local/lib/python3.12/site-packages/airflow/example_dags/example_branch_operator_decorator.py took 0.155 seconds
[2026-02-10T23:40:09.376+0000] {processor.py:161} INFO - Started process (PID=4213) to work on /home/airflow/.local/lib/python3.12/site-packages/airflow/example_dags/example_branch_operator_decorator.py
[2026-02-10T23:40:09.379+0000] {processor.py:830} INFO - Processing file /home/airflow/.local/lib/python3.12/site-packages/airflow/example_dags/example_branch_operator_decorator.py for tasks to queue
[2026-02-10T23:40:09.382+0000] {logging_mixin.py:188} INFO - [2026-02-10T23:40:09.382+0000] {dagbag.py:540} INFO - Filling up the DagBag from /home/airflow/.local/lib/python3.12/site-packages/airflow/example_dags/example_branch_operator_decorator.py
[2026-02-10T23:40:09.429+0000] {processor.py:840} INFO - DAG(s) 'example_branch_python_operator_decorator' retrieved from /home/airflow/.local/lib/python3.12/site-packages/airflow/example_dags/example_branch_operator_decorator.py
[2026-02-10T23:40:09.489+0000] {logging_mixin.py:188} INFO - [2026-02-10T23:40:09.486+0000] {dag.py:3096} INFO - Sync 1 DAGs
[2026-02-10T23:40:09.529+0000] {logging_mixin.py:188} INFO - [2026-02-10T23:40:09.529+0000] {dag.py:3954} INFO - Setting next_dagrun for example_branch_python_operator_decorator to 2026-02-09 00:00:00+00:00, run_after=2026-02-10 00:00:00+00:00
[2026-02-10T23:40:09.564+0000] {processor.py:183} INFO - Processing /home/airflow/.local/lib/python3.12/site-packages/airflow/example_dags/example_branch_operator_decorator.py took 0.201 seconds
[2026-02-10T23:40:40.263+0000] {processor.py:161} INFO - Started process (PID=4267) to work on /home/airflow/.local/lib/python3.12/site-packages/airflow/example_dags/example_branch_operator_decorator.py
[2026-02-10T23:40:40.264+0000] {processor.py:830} INFO - Processing file /home/airflow/.local/lib/python3.12/site-packages/airflow/example_dags/example_branch_operator_decorator.py for tasks to queue
[2026-02-10T23:40:40.267+0000] {logging_mixin.py:188} INFO - [2026-02-10T23:40:40.266+0000] {dagbag.py:540} INFO - Filling up the DagBag from /home/airflow/.local/lib/python3.12/site-packages/airflow/example_dags/example_branch_operator_decorator.py
[2026-02-10T23:40:40.288+0000] {processor.py:840} INFO - DAG(s) 'example_branch_python_operator_decorator' retrieved from /home/airflow/.local/lib/python3.12/site-packages/airflow/example_dags/example_branch_operator_decorator.py
[2026-02-10T23:40:40.321+0000] {logging_mixin.py:188} INFO - [2026-02-10T23:40:40.320+0000] {dag.py:3096} INFO - Sync 1 DAGs
[2026-02-10T23:40:40.350+0000] {logging_mixin.py:188} INFO - [2026-02-10T23:40:40.350+0000] {dag.py:3954} INFO - Setting next_dagrun for example_branch_python_operator_decorator to 2026-02-09 00:00:00+00:00, run_after=2026-02-10 00:00:00+00:00
[2026-02-10T23:40:40.376+0000] {processor.py:183} INFO - Processing /home/airflow/.local/lib/python3.12/site-packages/airflow/example_dags/example_branch_operator_decorator.py took 0.119 seconds
[2026-02-10T23:41:10.932+0000] {processor.py:161} INFO - Started process (PID=4321) to work on /home/airflow/.local/lib/python3.12/site-packages/airflow/example_dags/example_branch_operator_decorator.py
[2026-02-10T23:41:10.933+0000] {processor.py:830} INFO - Processing file /home/airflow/.local/lib/python3.12/site-packages/airflow/example_dags/example_branch_operator_decorator.py for tasks to queue
[2026-02-10T23:41:10.935+0000] {logging_mixin.py:188} INFO - [2026-02-10T23:41:10.934+0000] {dagbag.py:540} INFO - Filling up the DagBag from /home/airflow/.local/lib/python3.12/site-packages/airflow/example_dags/example_branch_operator_decorator.py
[2026-02-10T23:41:10.955+0000] {processor.py:840} INFO - DAG(s) 'example_branch_python_operator_decorator' retrieved from /home/airflow/.local/lib/python3.12/site-packages/airflow/example_dags/example_branch_operator_decorator.py
[2026-02-10T23:41:10.983+0000] {logging_mixin.py:188} INFO - [2026-02-10T23:41:10.983+0000] {dag.py:3096} INFO - Sync 1 DAGs
[2026-02-10T23:41:11.006+0000] {logging_mixin.py:188} INFO - [2026-02-10T23:41:11.006+0000] {dag.py:3954} INFO - Setting next_dagrun for example_branch_python_operator_decorator to 2026-02-09 00:00:00+00:00, run_after=2026-02-10 00:00:00+00:00
[2026-02-10T23:41:11.028+0000] {processor.py:183} INFO - Processing /home/airflow/.local/lib/python3.12/site-packages/airflow/example_dags/example_branch_operator_decorator.py took 0.103 seconds
[2026-02-10T23:41:41.257+0000] {processor.py:161} INFO - Started process (PID=4375) to work on /home/airflow/.local/lib/python3.12/site-packages/airflow/example_dags/example_branch_operator_decorator.py
[2026-02-10T23:41:41.259+0000] {processor.py:830} INFO - Processing file /home/airflow/.local/lib/python3.12/site-packages/airflow/example_dags/example_branch_operator_decorator.py for tasks to queue
[2026-02-10T23:41:41.261+0000] {logging_mixin.py:188} INFO - [2026-02-10T23:41:41.261+0000] {dagbag.py:540} INFO - Filling up the DagBag from /home/airflow/.local/lib/python3.12/site-packages/airflow/example_dags/example_branch_operator_decorator.py
[2026-02-10T23:41:41.289+0000] {processor.py:840} INFO - DAG(s) 'example_branch_python_operator_decorator' retrieved from /home/airflow/.local/lib/python3.12/site-packages/airflow/example_dags/example_branch_operator_decorator.py
[2026-02-10T23:41:41.320+0000] {logging_mixin.py:188} INFO - [2026-02-10T23:41:41.319+0000] {dag.py:3096} INFO - Sync 1 DAGs
[2026-02-10T23:41:41.348+0000] {logging_mixin.py:188} INFO - [2026-02-10T23:41:41.348+0000] {dag.py:3954} INFO - Setting next_dagrun for example_branch_python_operator_decorator to 2026-02-09 00:00:00+00:00, run_after=2026-02-10 00:00:00+00:00
[2026-02-10T23:41:41.370+0000] {processor.py:183} INFO - Processing /home/airflow/.local/lib/python3.12/site-packages/airflow/example_dags/example_branch_operator_decorator.py took 0.120 seconds
[2026-02-10T23:42:11.988+0000] {processor.py:161} INFO - Started process (PID=4429) to work on /home/airflow/.local/lib/python3.12/site-packages/airflow/example_dags/example_branch_operator_decorator.py
[2026-02-10T23:42:11.989+0000] {processor.py:830} INFO - Processing file /home/airflow/.local/lib/python3.12/site-packages/airflow/example_dags/example_branch_operator_decorator.py for tasks to queue
[2026-02-10T23:42:11.991+0000] {logging_mixin.py:188} INFO - [2026-02-10T23:42:11.991+0000] {dagbag.py:540} INFO - Filling up the DagBag from /home/airflow/.local/lib/python3.12/site-packages/airflow/example_dags/example_branch_operator_decorator.py
[2026-02-10T23:42:12.012+0000] {processor.py:840} INFO - DAG(s) 'example_branch_python_operator_decorator' retrieved from /home/airflow/.local/lib/python3.12/site-packages/airflow/example_dags/example_branch_operator_decorator.py
[2026-02-10T23:42:12.058+0000] {logging_mixin.py:188} INFO - [2026-02-10T23:42:12.058+0000] {dag.py:3096} INFO - Sync 1 DAGs
[2026-02-10T23:42:12.091+0000] {logging_mixin.py:188} INFO - [2026-02-10T23:42:12.091+0000] {dag.py:3954} INFO - Setting next_dagrun for example_branch_python_operator_decorator to 2026-02-09 00:00:00+00:00, run_after=2026-02-10 00:00:00+00:00
[2026-02-10T23:42:12.117+0000] {processor.py:183} INFO - Processing /home/airflow/.local/lib/python3.12/site-packages/airflow/example_dags/example_branch_operator_decorator.py took 0.136 seconds
[2026-02-10T23:42:42.535+0000] {processor.py:161} INFO - Started process (PID=4483) to work on /home/airflow/.local/lib/python3.12/site-packages/airflow/example_dags/example_branch_operator_decorator.py
[2026-02-10T23:42:42.536+0000] {processor.py:830} INFO - Processing file /home/airflow/.local/lib/python3.12/site-packages/airflow/example_dags/example_branch_operator_decorator.py for tasks to queue
[2026-02-10T23:42:42.540+0000] {logging_mixin.py:188} INFO - [2026-02-10T23:42:42.539+0000] {dagbag.py:540} INFO - Filling up the DagBag from /home/airflow/.local/lib/python3.12/site-packages/airflow/example_dags/example_branch_operator_decorator.py
[2026-02-10T23:42:42.574+0000] {processor.py:840} INFO - DAG(s) 'example_branch_python_operator_decorator' retrieved from /home/airflow/.local/lib/python3.12/site-packages/airflow/example_dags/example_branch_operator_decorator.py
[2026-02-10T23:42:42.611+0000] {logging_mixin.py:188} INFO - [2026-02-10T23:42:42.611+0000] {dag.py:3096} INFO - Sync 1 DAGs
[2026-02-10T23:42:42.647+0000] {logging_mixin.py:188} INFO - [2026-02-10T23:42:42.647+0000] {dag.py:3954} INFO - Setting next_dagrun for example_branch_python_operator_decorator to 2026-02-09 00:00:00+00:00, run_after=2026-02-10 00:00:00+00:00
[2026-02-10T23:42:42.673+0000] {processor.py:183} INFO - Processing /home/airflow/.local/lib/python3.12/site-packages/airflow/example_dags/example_branch_operator_decorator.py took 0.147 seconds
[2026-02-10T23:43:12.777+0000] {processor.py:161} INFO - Started process (PID=4537) to work on /home/airflow/.local/lib/python3.12/site-packages/airflow/example_dags/example_branch_operator_decorator.py
[2026-02-10T23:43:12.778+0000] {processor.py:830} INFO - Processing file /home/airflow/.local/lib/python3.12/site-packages/airflow/example_dags/example_branch_operator_decorator.py for tasks to queue
[2026-02-10T23:43:12.781+0000] {logging_mixin.py:188} INFO - [2026-02-10T23:43:12.781+0000] {dagbag.py:540} INFO - Filling up the DagBag from /home/airflow/.local/lib/python3.12/site-packages/airflow/example_dags/example_branch_operator_decorator.py
[2026-02-10T23:43:12.809+0000] {processor.py:840} INFO - DAG(s) 'example_branch_python_operator_decorator' retrieved from /home/airflow/.local/lib/python3.12/site-packages/airflow/example_dags/example_branch_operator_decorator.py
[2026-02-10T23:43:12.852+0000] {logging_mixin.py:188} INFO - [2026-02-10T23:43:12.852+0000] {dag.py:3096} INFO - Sync 1 DAGs
[2026-02-10T23:43:12.887+0000] {logging_mixin.py:188} INFO - [2026-02-10T23:43:12.887+0000] {dag.py:3954} INFO - Setting next_dagrun for example_branch_python_operator_decorator to 2026-02-09 00:00:00+00:00, run_after=2026-02-10 00:00:00+00:00
[2026-02-10T23:43:12.917+0000] {processor.py:183} INFO - Processing /home/airflow/.local/lib/python3.12/site-packages/airflow/example_dags/example_branch_operator_decorator.py took 0.148 seconds
[2026-02-10T23:43:43.387+0000] {processor.py:161} INFO - Started process (PID=4591) to work on /home/airflow/.local/lib/python3.12/site-packages/airflow/example_dags/example_branch_operator_decorator.py
[2026-02-10T23:43:43.389+0000] {processor.py:830} INFO - Processing file /home/airflow/.local/lib/python3.12/site-packages/airflow/example_dags/example_branch_operator_decorator.py for tasks to queue
[2026-02-10T23:43:43.394+0000] {logging_mixin.py:188} INFO - [2026-02-10T23:43:43.393+0000] {dagbag.py:540} INFO - Filling up the DagBag from /home/airflow/.local/lib/python3.12/site-packages/airflow/example_dags/example_branch_operator_decorator.py
[2026-02-10T23:43:43.416+0000] {processor.py:840} INFO - DAG(s) 'example_branch_python_operator_decorator' retrieved from /home/airflow/.local/lib/python3.12/site-packages/airflow/example_dags/example_branch_operator_decorator.py
[2026-02-10T23:43:43.446+0000] {logging_mixin.py:188} INFO - [2026-02-10T23:43:43.446+0000] {dag.py:3096} INFO - Sync 1 DAGs
[2026-02-10T23:43:43.471+0000] {logging_mixin.py:188} INFO - [2026-02-10T23:43:43.471+0000] {dag.py:3954} INFO - Setting next_dagrun for example_branch_python_operator_decorator to 2026-02-09 00:00:00+00:00, run_after=2026-02-10 00:00:00+00:00
[2026-02-10T23:43:43.495+0000] {processor.py:183} INFO - Processing /home/airflow/.local/lib/python3.12/site-packages/airflow/example_dags/example_branch_operator_decorator.py took 0.114 seconds
[2026-02-10T23:44:13.623+0000] {processor.py:161} INFO - Started process (PID=4645) to work on /home/airflow/.local/lib/python3.12/site-packages/airflow/example_dags/example_branch_operator_decorator.py
[2026-02-10T23:44:13.624+0000] {processor.py:830} INFO - Processing file /home/airflow/.local/lib/python3.12/site-packages/airflow/example_dags/example_branch_operator_decorator.py for tasks to queue
[2026-02-10T23:44:13.627+0000] {logging_mixin.py:188} INFO - [2026-02-10T23:44:13.626+0000] {dagbag.py:540} INFO - Filling up the DagBag from /home/airflow/.local/lib/python3.12/site-packages/airflow/example_dags/example_branch_operator_decorator.py
[2026-02-10T23:44:13.649+0000] {processor.py:840} INFO - DAG(s) 'example_branch_python_operator_decorator' retrieved from /home/airflow/.local/lib/python3.12/site-packages/airflow/example_dags/example_branch_operator_decorator.py
[2026-02-10T23:44:13.681+0000] {logging_mixin.py:188} INFO - [2026-02-10T23:44:13.681+0000] {dag.py:3096} INFO - Sync 1 DAGs
[2026-02-10T23:44:13.705+0000] {logging_mixin.py:188} INFO - [2026-02-10T23:44:13.705+0000] {dag.py:3954} INFO - Setting next_dagrun for example_branch_python_operator_decorator to 2026-02-09 00:00:00+00:00, run_after=2026-02-10 00:00:00+00:00
[2026-02-10T23:44:13.731+0000] {processor.py:183} INFO - Processing /home/airflow/.local/lib/python3.12/site-packages/airflow/example_dags/example_branch_operator_decorator.py took 0.116 seconds
[2026-02-10T23:44:44.194+0000] {processor.py:161} INFO - Started process (PID=4699) to work on /home/airflow/.local/lib/python3.12/site-packages/airflow/example_dags/example_branch_operator_decorator.py
[2026-02-10T23:44:44.195+0000] {processor.py:830} INFO - Processing file /home/airflow/.local/lib/python3.12/site-packages/airflow/example_dags/example_branch_operator_decorator.py for tasks to queue
[2026-02-10T23:44:44.197+0000] {logging_mixin.py:188} INFO - [2026-02-10T23:44:44.196+0000] {dagbag.py:540} INFO - Filling up the DagBag from /home/airflow/.local/lib/python3.12/site-packages/airflow/example_dags/example_branch_operator_decorator.py
[2026-02-10T23:44:44.218+0000] {processor.py:840} INFO - DAG(s) 'example_branch_python_operator_decorator' retrieved from /home/airflow/.local/lib/python3.12/site-packages/airflow/example_dags/example_branch_operator_decorator.py
[2026-02-10T23:44:44.244+0000] {logging_mixin.py:188} INFO - [2026-02-10T23:44:44.244+0000] {dag.py:3096} INFO - Sync 1 DAGs
[2026-02-10T23:44:44.269+0000] {logging_mixin.py:188} INFO - [2026-02-10T23:44:44.269+0000] {dag.py:3954} INFO - Setting next_dagrun for example_branch_python_operator_decorator to 2026-02-09 00:00:00+00:00, run_after=2026-02-10 00:00:00+00:00
[2026-02-10T23:44:44.293+0000] {processor.py:183} INFO - Processing /home/airflow/.local/lib/python3.12/site-packages/airflow/example_dags/example_branch_operator_decorator.py took 0.107 seconds
[2026-02-10T23:45:14.569+0000] {processor.py:161} INFO - Started process (PID=4753) to work on /home/airflow/.local/lib/python3.12/site-packages/airflow/example_dags/example_branch_operator_decorator.py
[2026-02-10T23:45:14.570+0000] {processor.py:830} INFO - Processing file /home/airflow/.local/lib/python3.12/site-packages/airflow/example_dags/example_branch_operator_decorator.py for tasks to queue
[2026-02-10T23:45:14.572+0000] {logging_mixin.py:188} INFO - [2026-02-10T23:45:14.572+0000] {dagbag.py:540} INFO - Filling up the DagBag from /home/airflow/.local/lib/python3.12/site-packages/airflow/example_dags/example_branch_operator_decorator.py
[2026-02-10T23:45:14.596+0000] {processor.py:840} INFO - DAG(s) 'example_branch_python_operator_decorator' retrieved from /home/airflow/.local/lib/python3.12/site-packages/airflow/example_dags/example_branch_operator_decorator.py
[2026-02-10T23:45:14.622+0000] {logging_mixin.py:188} INFO - [2026-02-10T23:45:14.622+0000] {dag.py:3096} INFO - Sync 1 DAGs
[2026-02-10T23:45:14.646+0000] {logging_mixin.py:188} INFO - [2026-02-10T23:45:14.645+0000] {dag.py:3954} INFO - Setting next_dagrun for example_branch_python_operator_decorator to 2026-02-09 00:00:00+00:00, run_after=2026-02-10 00:00:00+00:00
[2026-02-10T23:45:14.667+0000] {processor.py:183} INFO - Processing /home/airflow/.local/lib/python3.12/site-packages/airflow/example_dags/example_branch_operator_decorator.py took 0.104 seconds
[2026-02-10T23:45:45.163+0000] {processor.py:161} INFO - Started process (PID=4807) to work on /home/airflow/.local/lib/python3.12/site-packages/airflow/example_dags/example_branch_operator_decorator.py
[2026-02-10T23:45:45.169+0000] {processor.py:830} INFO - Processing file /home/airflow/.local/lib/python3.12/site-packages/airflow/example_dags/example_branch_operator_decorator.py for tasks to queue
[2026-02-10T23:45:45.173+0000] {logging_mixin.py:188} INFO - [2026-02-10T23:45:45.172+0000] {dagbag.py:540} INFO - Filling up the DagBag from /home/airflow/.local/lib/python3.12/site-packages/airflow/example_dags/example_branch_operator_decorator.py
[2026-02-10T23:45:45.212+0000] {processor.py:840} INFO - DAG(s) 'example_branch_python_operator_decorator' retrieved from /home/airflow/.local/lib/python3.12/site-packages/airflow/example_dags/example_branch_operator_decorator.py
[2026-02-10T23:45:45.255+0000] {logging_mixin.py:188} INFO - [2026-02-10T23:45:45.255+0000] {dag.py:3096} INFO - Sync 1 DAGs
[2026-02-10T23:45:45.294+0000] {logging_mixin.py:188} INFO - [2026-02-10T23:45:45.294+0000] {dag.py:3954} INFO - Setting next_dagrun for example_branch_python_operator_decorator to 2026-02-09 00:00:00+00:00, run_after=2026-02-10 00:00:00+00:00
[2026-02-10T23:45:45.329+0000] {processor.py:183} INFO - Processing /home/airflow/.local/lib/python3.12/site-packages/airflow/example_dags/example_branch_operator_decorator.py took 0.179 seconds
[2026-02-10T23:46:15.652+0000] {processor.py:161} INFO - Started process (PID=4861) to work on /home/airflow/.local/lib/python3.12/site-packages/airflow/example_dags/example_branch_operator_decorator.py
[2026-02-10T23:46:15.654+0000] {processor.py:830} INFO - Processing file /home/airflow/.local/lib/python3.12/site-packages/airflow/example_dags/example_branch_operator_decorator.py for tasks to queue
[2026-02-10T23:46:15.657+0000] {logging_mixin.py:188} INFO - [2026-02-10T23:46:15.657+0000] {dagbag.py:540} INFO - Filling up the DagBag from /home/airflow/.local/lib/python3.12/site-packages/airflow/example_dags/example_branch_operator_decorator.py
[2026-02-10T23:46:15.694+0000] {processor.py:840} INFO - DAG(s) 'example_branch_python_operator_decorator' retrieved from /home/airflow/.local/lib/python3.12/site-packages/airflow/example_dags/example_branch_operator_decorator.py
[2026-02-10T23:46:15.753+0000] {logging_mixin.py:188} INFO - [2026-02-10T23:46:15.752+0000] {dag.py:3096} INFO - Sync 1 DAGs
[2026-02-10T23:46:15.800+0000] {logging_mixin.py:188} INFO - [2026-02-10T23:46:15.800+0000] {dag.py:3954} INFO - Setting next_dagrun for example_branch_python_operator_decorator to 2026-02-09 00:00:00+00:00, run_after=2026-02-10 00:00:00+00:00
[2026-02-10T23:46:15.832+0000] {processor.py:183} INFO - Processing /home/airflow/.local/lib/python3.12/site-packages/airflow/example_dags/example_branch_operator_decorator.py took 0.191 seconds
[2026-02-10T23:46:46.013+0000] {processor.py:161} INFO - Started process (PID=4915) to work on /home/airflow/.local/lib/python3.12/site-packages/airflow/example_dags/example_branch_operator_decorator.py
[2026-02-10T23:46:46.014+0000] {processor.py:830} INFO - Processing file /home/airflow/.local/lib/python3.12/site-packages/airflow/example_dags/example_branch_operator_decorator.py for tasks to queue
[2026-02-10T23:46:46.017+0000] {logging_mixin.py:188} INFO - [2026-02-10T23:46:46.017+0000] {dagbag.py:540} INFO - Filling up the DagBag from /home/airflow/.local/lib/python3.12/site-packages/airflow/example_dags/example_branch_operator_decorator.py
[2026-02-10T23:46:46.044+0000] {processor.py:840} INFO - DAG(s) 'example_branch_python_operator_decorator' retrieved from /home/airflow/.local/lib/python3.12/site-packages/airflow/example_dags/example_branch_operator_decorator.py
[2026-02-10T23:46:46.079+0000] {logging_mixin.py:188} INFO - [2026-02-10T23:46:46.079+0000] {dag.py:3096} INFO - Sync 1 DAGs
[2026-02-10T23:46:46.112+0000] {logging_mixin.py:188} INFO - [2026-02-10T23:46:46.111+0000] {dag.py:3954} INFO - Setting next_dagrun for example_branch_python_operator_decorator to 2026-02-09 00:00:00+00:00, run_after=2026-02-10 00:00:00+00:00
[2026-02-10T23:46:46.141+0000] {processor.py:183} INFO - Processing /home/airflow/.local/lib/python3.12/site-packages/airflow/example_dags/example_branch_operator_decorator.py took 0.136 seconds
[2026-02-10T23:47:16.270+0000] {processor.py:161} INFO - Started process (PID=4970) to work on /home/airflow/.local/lib/python3.12/site-packages/airflow/example_dags/example_branch_operator_decorator.py
[2026-02-10T23:47:16.271+0000] {processor.py:830} INFO - Processing file /home/airflow/.local/lib/python3.12/site-packages/airflow/example_dags/example_branch_operator_decorator.py for tasks to queue
[2026-02-10T23:47:16.274+0000] {logging_mixin.py:188} INFO - [2026-02-10T23:47:16.274+0000] {dagbag.py:540} INFO - Filling up the DagBag from /home/airflow/.local/lib/python3.12/site-packages/airflow/example_dags/example_branch_operator_decorator.py
[2026-02-10T23:47:16.305+0000] {processor.py:840} INFO - DAG(s) 'example_branch_python_operator_decorator' retrieved from /home/airflow/.local/lib/python3.12/site-packages/airflow/example_dags/example_branch_operator_decorator.py
[2026-02-10T23:47:16.334+0000] {logging_mixin.py:188} INFO - [2026-02-10T23:47:16.334+0000] {dag.py:3096} INFO - Sync 1 DAGs
[2026-02-10T23:47:16.358+0000] {logging_mixin.py:188} INFO - [2026-02-10T23:47:16.358+0000] {dag.py:3954} INFO - Setting next_dagrun for example_branch_python_operator_decorator to 2026-02-09 00:00:00+00:00, run_after=2026-02-10 00:00:00+00:00
[2026-02-10T23:47:16.380+0000] {processor.py:183} INFO - Processing /home/airflow/.local/lib/python3.12/site-packages/airflow/example_dags/example_branch_operator_decorator.py took 0.116 seconds
[2026-02-10T23:47:46.426+0000] {processor.py:161} INFO - Started process (PID=5024) to work on /home/airflow/.local/lib/python3.12/site-packages/airflow/example_dags/example_branch_operator_decorator.py
[2026-02-10T23:47:46.427+0000] {processor.py:830} INFO - Processing file /home/airflow/.local/lib/python3.12/site-packages/airflow/example_dags/example_branch_operator_decorator.py for tasks to queue
[2026-02-10T23:47:46.429+0000] {logging_mixin.py:188} INFO - [2026-02-10T23:47:46.429+0000] {dagbag.py:540} INFO - Filling up the DagBag from /home/airflow/.local/lib/python3.12/site-packages/airflow/example_dags/example_branch_operator_decorator.py
[2026-02-10T23:47:46.449+0000] {processor.py:840} INFO - DAG(s) 'example_branch_python_operator_decorator' retrieved from /home/airflow/.local/lib/python3.12/site-packages/airflow/example_dags/example_branch_operator_decorator.py
[2026-02-10T23:47:46.481+0000] {logging_mixin.py:188} INFO - [2026-02-10T23:47:46.481+0000] {dag.py:3096} INFO - Sync 1 DAGs
[2026-02-10T23:47:46.504+0000] {logging_mixin.py:188} INFO - [2026-02-10T23:47:46.504+0000] {dag.py:3954} INFO - Setting next_dagrun for example_branch_python_operator_decorator to 2026-02-09 00:00:00+00:00, run_after=2026-02-10 00:00:00+00:00
[2026-02-10T23:47:46.527+0000] {processor.py:183} INFO - Processing /home/airflow/.local/lib/python3.12/site-packages/airflow/example_dags/example_branch_operator_decorator.py took 0.108 seconds
[2026-02-10T23:48:16.819+0000] {processor.py:161} INFO - Started process (PID=5078) to work on /home/airflow/.local/lib/python3.12/site-packages/airflow/example_dags/example_branch_operator_decorator.py
[2026-02-10T23:48:16.820+0000] {processor.py:830} INFO - Processing file /home/airflow/.local/lib/python3.12/site-packages/airflow/example_dags/example_branch_operator_decorator.py for tasks to queue
[2026-02-10T23:48:16.822+0000] {logging_mixin.py:188} INFO - [2026-02-10T23:48:16.822+0000] {dagbag.py:540} INFO - Filling up the DagBag from /home/airflow/.local/lib/python3.12/site-packages/airflow/example_dags/example_branch_operator_decorator.py
[2026-02-10T23:48:16.841+0000] {processor.py:840} INFO - DAG(s) 'example_branch_python_operator_decorator' retrieved from /home/airflow/.local/lib/python3.12/site-packages/airflow/example_dags/example_branch_operator_decorator.py
[2026-02-10T23:48:16.873+0000] {logging_mixin.py:188} INFO - [2026-02-10T23:48:16.873+0000] {dag.py:3096} INFO - Sync 1 DAGs
[2026-02-10T23:48:16.894+0000] {logging_mixin.py:188} INFO - [2026-02-10T23:48:16.894+0000] {dag.py:3954} INFO - Setting next_dagrun for example_branch_python_operator_decorator to 2026-02-09 00:00:00+00:00, run_after=2026-02-10 00:00:00+00:00
[2026-02-10T23:48:16.912+0000] {processor.py:183} INFO - Processing /home/airflow/.local/lib/python3.12/site-packages/airflow/example_dags/example_branch_operator_decorator.py took 0.099 seconds
[2026-02-10T23:48:47.081+0000] {processor.py:161} INFO - Started process (PID=5131) to work on /home/airflow/.local/lib/python3.12/site-packages/airflow/example_dags/example_branch_operator_decorator.py
[2026-02-10T23:48:47.082+0000] {processor.py:830} INFO - Processing file /home/airflow/.local/lib/python3.12/site-packages/airflow/example_dags/example_branch_operator_decorator.py for tasks to queue
[2026-02-10T23:48:47.085+0000] {logging_mixin.py:188} INFO - [2026-02-10T23:48:47.084+0000] {dagbag.py:540} INFO - Filling up the DagBag from /home/airflow/.local/lib/python3.12/site-packages/airflow/example_dags/example_branch_operator_decorator.py
[2026-02-10T23:48:47.104+0000] {processor.py:840} INFO - DAG(s) 'example_branch_python_operator_decorator' retrieved from /home/airflow/.local/lib/python3.12/site-packages/airflow/example_dags/example_branch_operator_decorator.py
[2026-02-10T23:48:47.130+0000] {logging_mixin.py:188} INFO - [2026-02-10T23:48:47.130+0000] {dag.py:3096} INFO - Sync 1 DAGs
[2026-02-10T23:48:47.151+0000] {logging_mixin.py:188} INFO - [2026-02-10T23:48:47.151+0000] {dag.py:3954} INFO - Setting next_dagrun for example_branch_python_operator_decorator to 2026-02-09 00:00:00+00:00, run_after=2026-02-10 00:00:00+00:00
[2026-02-10T23:48:47.170+0000] {processor.py:183} INFO - Processing /home/airflow/.local/lib/python3.12/site-packages/airflow/example_dags/example_branch_operator_decorator.py took 0.095 seconds
[2026-02-10T23:49:17.353+0000] {processor.py:161} INFO - Started process (PID=5185) to work on /home/airflow/.local/lib/python3.12/site-packages/airflow/example_dags/example_branch_operator_decorator.py
[2026-02-10T23:49:17.354+0000] {processor.py:830} INFO - Processing file /home/airflow/.local/lib/python3.12/site-packages/airflow/example_dags/example_branch_operator_decorator.py for tasks to queue
[2026-02-10T23:49:17.356+0000] {logging_mixin.py:188} INFO - [2026-02-10T23:49:17.356+0000] {dagbag.py:540} INFO - Filling up the DagBag from /home/airflow/.local/lib/python3.12/site-packages/airflow/example_dags/example_branch_operator_decorator.py
[2026-02-10T23:49:17.375+0000] {processor.py:840} INFO - DAG(s) 'example_branch_python_operator_decorator' retrieved from /home/airflow/.local/lib/python3.12/site-packages/airflow/example_dags/example_branch_operator_decorator.py
[2026-02-10T23:49:17.402+0000] {logging_mixin.py:188} INFO - [2026-02-10T23:49:17.402+0000] {dag.py:3096} INFO - Sync 1 DAGs
[2026-02-10T23:49:17.426+0000] {logging_mixin.py:188} INFO - [2026-02-10T23:49:17.426+0000] {dag.py:3954} INFO - Setting next_dagrun for example_branch_python_operator_decorator to 2026-02-09 00:00:00+00:00, run_after=2026-02-10 00:00:00+00:00
[2026-02-10T23:49:17.445+0000] {processor.py:183} INFO - Processing /home/airflow/.local/lib/python3.12/site-packages/airflow/example_dags/example_branch_operator_decorator.py took 0.098 seconds
[2026-02-10T23:49:47.630+0000] {processor.py:161} INFO - Started process (PID=5239) to work on /home/airflow/.local/lib/python3.12/site-packages/airflow/example_dags/example_branch_operator_decorator.py
[2026-02-10T23:49:47.632+0000] {processor.py:830} INFO - Processing file /home/airflow/.local/lib/python3.12/site-packages/airflow/example_dags/example_branch_operator_decorator.py for tasks to queue
[2026-02-10T23:49:47.634+0000] {logging_mixin.py:188} INFO - [2026-02-10T23:49:47.634+0000] {dagbag.py:540} INFO - Filling up the DagBag from /home/airflow/.local/lib/python3.12/site-packages/airflow/example_dags/example_branch_operator_decorator.py
[2026-02-10T23:49:47.653+0000] {processor.py:840} INFO - DAG(s) 'example_branch_python_operator_decorator' retrieved from /home/airflow/.local/lib/python3.12/site-packages/airflow/example_dags/example_branch_operator_decorator.py
[2026-02-10T23:49:47.681+0000] {logging_mixin.py:188} INFO - [2026-02-10T23:49:47.681+0000] {dag.py:3096} INFO - Sync 1 DAGs
[2026-02-10T23:49:47.703+0000] {logging_mixin.py:188} INFO - [2026-02-10T23:49:47.703+0000] {dag.py:3954} INFO - Setting next_dagrun for example_branch_python_operator_decorator to 2026-02-09 00:00:00+00:00, run_after=2026-02-10 00:00:00+00:00
[2026-02-10T23:49:47.721+0000] {processor.py:183} INFO - Processing /home/airflow/.local/lib/python3.12/site-packages/airflow/example_dags/example_branch_operator_decorator.py took 0.097 seconds
[2026-02-10T23:50:18.020+0000] {processor.py:161} INFO - Started process (PID=5293) to work on /home/airflow/.local/lib/python3.12/site-packages/airflow/example_dags/example_branch_operator_decorator.py
[2026-02-10T23:50:18.022+0000] {processor.py:830} INFO - Processing file /home/airflow/.local/lib/python3.12/site-packages/airflow/example_dags/example_branch_operator_decorator.py for tasks to queue
[2026-02-10T23:50:18.024+0000] {logging_mixin.py:188} INFO - [2026-02-10T23:50:18.024+0000] {dagbag.py:540} INFO - Filling up the DagBag from /home/airflow/.local/lib/python3.12/site-packages/airflow/example_dags/example_branch_operator_decorator.py
[2026-02-10T23:50:18.045+0000] {processor.py:840} INFO - DAG(s) 'example_branch_python_operator_decorator' retrieved from /home/airflow/.local/lib/python3.12/site-packages/airflow/example_dags/example_branch_operator_decorator.py
[2026-02-10T23:50:18.072+0000] {logging_mixin.py:188} INFO - [2026-02-10T23:50:18.071+0000] {dag.py:3096} INFO - Sync 1 DAGs
[2026-02-10T23:50:18.093+0000] {logging_mixin.py:188} INFO - [2026-02-10T23:50:18.092+0000] {dag.py:3954} INFO - Setting next_dagrun for example_branch_python_operator_decorator to 2026-02-09 00:00:00+00:00, run_after=2026-02-10 00:00:00+00:00
[2026-02-10T23:50:18.113+0000] {processor.py:183} INFO - Processing /home/airflow/.local/lib/python3.12/site-packages/airflow/example_dags/example_branch_operator_decorator.py took 0.100 seconds
[2026-02-10T23:50:48.308+0000] {processor.py:161} INFO - Started process (PID=5347) to work on /home/airflow/.local/lib/python3.12/site-packages/airflow/example_dags/example_branch_operator_decorator.py
[2026-02-10T23:50:48.309+0000] {processor.py:830} INFO - Processing file /home/airflow/.local/lib/python3.12/site-packages/airflow/example_dags/example_branch_operator_decorator.py for tasks to queue
[2026-02-10T23:50:48.311+0000] {logging_mixin.py:188} INFO - [2026-02-10T23:50:48.311+0000] {dagbag.py:540} INFO - Filling up the DagBag from /home/airflow/.local/lib/python3.12/site-packages/airflow/example_dags/example_branch_operator_decorator.py
[2026-02-10T23:50:48.329+0000] {processor.py:840} INFO - DAG(s) 'example_branch_python_operator_decorator' retrieved from /home/airflow/.local/lib/python3.12/site-packages/airflow/example_dags/example_branch_operator_decorator.py
[2026-02-10T23:50:48.357+0000] {logging_mixin.py:188} INFO - [2026-02-10T23:50:48.357+0000] {dag.py:3096} INFO - Sync 1 DAGs
[2026-02-10T23:50:48.379+0000] {logging_mixin.py:188} INFO - [2026-02-10T23:50:48.379+0000] {dag.py:3954} INFO - Setting next_dagrun for example_branch_python_operator_decorator to 2026-02-09 00:00:00+00:00, run_after=2026-02-10 00:00:00+00:00
[2026-02-10T23:50:48.397+0000] {processor.py:183} INFO - Processing /home/airflow/.local/lib/python3.12/site-packages/airflow/example_dags/example_branch_operator_decorator.py took 0.096 seconds
[2026-02-10T23:51:18.566+0000] {processor.py:161} INFO - Started process (PID=5401) to work on /home/airflow/.local/lib/python3.12/site-packages/airflow/example_dags/example_branch_operator_decorator.py
[2026-02-10T23:51:18.567+0000] {processor.py:830} INFO - Processing file /home/airflow/.local/lib/python3.12/site-packages/airflow/example_dags/example_branch_operator_decorator.py for tasks to queue
[2026-02-10T23:51:18.569+0000] {logging_mixin.py:188} INFO - [2026-02-10T23:51:18.569+0000] {dagbag.py:540} INFO - Filling up the DagBag from /home/airflow/.local/lib/python3.12/site-packages/airflow/example_dags/example_branch_operator_decorator.py
[2026-02-10T23:51:18.587+0000] {processor.py:840} INFO - DAG(s) 'example_branch_python_operator_decorator' retrieved from /home/airflow/.local/lib/python3.12/site-packages/airflow/example_dags/example_branch_operator_decorator.py
[2026-02-10T23:51:18.614+0000] {logging_mixin.py:188} INFO - [2026-02-10T23:51:18.613+0000] {dag.py:3096} INFO - Sync 1 DAGs
[2026-02-10T23:51:18.637+0000] {logging_mixin.py:188} INFO - [2026-02-10T23:51:18.637+0000] {dag.py:3954} INFO - Setting next_dagrun for example_branch_python_operator_decorator to 2026-02-09 00:00:00+00:00, run_after=2026-02-10 00:00:00+00:00
[2026-02-10T23:51:18.656+0000] {processor.py:183} INFO - Processing /home/airflow/.local/lib/python3.12/site-packages/airflow/example_dags/example_branch_operator_decorator.py took 0.096 seconds
[2026-02-10T23:51:49.015+0000] {processor.py:161} INFO - Started process (PID=5455) to work on /home/airflow/.local/lib/python3.12/site-packages/airflow/example_dags/example_branch_operator_decorator.py
[2026-02-10T23:51:49.016+0000] {processor.py:830} INFO - Processing file /home/airflow/.local/lib/python3.12/site-packages/airflow/example_dags/example_branch_operator_decorator.py for tasks to queue
[2026-02-10T23:51:49.018+0000] {logging_mixin.py:188} INFO - [2026-02-10T23:51:49.018+0000] {dagbag.py:540} INFO - Filling up the DagBag from /home/airflow/.local/lib/python3.12/site-packages/airflow/example_dags/example_branch_operator_decorator.py
[2026-02-10T23:51:49.041+0000] {processor.py:840} INFO - DAG(s) 'example_branch_python_operator_decorator' retrieved from /home/airflow/.local/lib/python3.12/site-packages/airflow/example_dags/example_branch_operator_decorator.py
[2026-02-10T23:51:49.069+0000] {logging_mixin.py:188} INFO - [2026-02-10T23:51:49.068+0000] {dag.py:3096} INFO - Sync 1 DAGs
[2026-02-10T23:51:49.092+0000] {logging_mixin.py:188} INFO - [2026-02-10T23:51:49.091+0000] {dag.py:3954} INFO - Setting next_dagrun for example_branch_python_operator_decorator to 2026-02-09 00:00:00+00:00, run_after=2026-02-10 00:00:00+00:00
[2026-02-10T23:51:49.111+0000] {processor.py:183} INFO - Processing /home/airflow/.local/lib/python3.12/site-packages/airflow/example_dags/example_branch_operator_decorator.py took 0.104 seconds
[2026-02-10T23:52:19.429+0000] {processor.py:161} INFO - Started process (PID=5509) to work on /home/airflow/.local/lib/python3.12/site-packages/airflow/example_dags/example_branch_operator_decorator.py
[2026-02-10T23:52:19.430+0000] {processor.py:830} INFO - Processing file /home/airflow/.local/lib/python3.12/site-packages/airflow/example_dags/example_branch_operator_decorator.py for tasks to queue
[2026-02-10T23:52:19.433+0000] {logging_mixin.py:188} INFO - [2026-02-10T23:52:19.432+0000] {dagbag.py:540} INFO - Filling up the DagBag from /home/airflow/.local/lib/python3.12/site-packages/airflow/example_dags/example_branch_operator_decorator.py
[2026-02-10T23:52:19.451+0000] {processor.py:840} INFO - DAG(s) 'example_branch_python_operator_decorator' retrieved from /home/airflow/.local/lib/python3.12/site-packages/airflow/example_dags/example_branch_operator_decorator.py
[2026-02-10T23:52:19.478+0000] {logging_mixin.py:188} INFO - [2026-02-10T23:52:19.478+0000] {dag.py:3096} INFO - Sync 1 DAGs
[2026-02-10T23:52:19.504+0000] {logging_mixin.py:188} INFO - [2026-02-10T23:52:19.503+0000] {dag.py:3954} INFO - Setting next_dagrun for example_branch_python_operator_decorator to 2026-02-09 00:00:00+00:00, run_after=2026-02-10 00:00:00+00:00
[2026-02-10T23:52:19.524+0000] {processor.py:183} INFO - Processing /home/airflow/.local/lib/python3.12/site-packages/airflow/example_dags/example_branch_operator_decorator.py took 0.100 seconds
[2026-02-10T23:52:49.638+0000] {processor.py:161} INFO - Started process (PID=5563) to work on /home/airflow/.local/lib/python3.12/site-packages/airflow/example_dags/example_branch_operator_decorator.py
[2026-02-10T23:52:49.639+0000] {processor.py:830} INFO - Processing file /home/airflow/.local/lib/python3.12/site-packages/airflow/example_dags/example_branch_operator_decorator.py for tasks to queue
[2026-02-10T23:52:49.641+0000] {logging_mixin.py:188} INFO - [2026-02-10T23:52:49.641+0000] {dagbag.py:540} INFO - Filling up the DagBag from /home/airflow/.local/lib/python3.12/site-packages/airflow/example_dags/example_branch_operator_decorator.py
[2026-02-10T23:52:49.658+0000] {processor.py:840} INFO - DAG(s) 'example_branch_python_operator_decorator' retrieved from /home/airflow/.local/lib/python3.12/site-packages/airflow/example_dags/example_branch_operator_decorator.py
[2026-02-10T23:52:49.686+0000] {logging_mixin.py:188} INFO - [2026-02-10T23:52:49.686+0000] {dag.py:3096} INFO - Sync 1 DAGs
[2026-02-10T23:52:49.708+0000] {logging_mixin.py:188} INFO - [2026-02-10T23:52:49.707+0000] {dag.py:3954} INFO - Setting next_dagrun for example_branch_python_operator_decorator to 2026-02-09 00:00:00+00:00, run_after=2026-02-10 00:00:00+00:00
[2026-02-10T23:52:49.730+0000] {processor.py:183} INFO - Processing /home/airflow/.local/lib/python3.12/site-packages/airflow/example_dags/example_branch_operator_decorator.py took 0.097 seconds
[2026-02-10T23:53:19.792+0000] {processor.py:161} INFO - Started process (PID=5617) to work on /home/airflow/.local/lib/python3.12/site-packages/airflow/example_dags/example_branch_operator_decorator.py
[2026-02-10T23:53:19.793+0000] {processor.py:830} INFO - Processing file /home/airflow/.local/lib/python3.12/site-packages/airflow/example_dags/example_branch_operator_decorator.py for tasks to queue
[2026-02-10T23:53:19.795+0000] {logging_mixin.py:188} INFO - [2026-02-10T23:53:19.795+0000] {dagbag.py:540} INFO - Filling up the DagBag from /home/airflow/.local/lib/python3.12/site-packages/airflow/example_dags/example_branch_operator_decorator.py
[2026-02-10T23:53:19.817+0000] {processor.py:840} INFO - DAG(s) 'example_branch_python_operator_decorator' retrieved from /home/airflow/.local/lib/python3.12/site-packages/airflow/example_dags/example_branch_operator_decorator.py
[2026-02-10T23:53:19.848+0000] {logging_mixin.py:188} INFO - [2026-02-10T23:53:19.848+0000] {dag.py:3096} INFO - Sync 1 DAGs
[2026-02-10T23:53:19.870+0000] {logging_mixin.py:188} INFO - [2026-02-10T23:53:19.870+0000] {dag.py:3954} INFO - Setting next_dagrun for example_branch_python_operator_decorator to 2026-02-09 00:00:00+00:00, run_after=2026-02-10 00:00:00+00:00
[2026-02-10T23:53:19.895+0000] {processor.py:183} INFO - Processing /home/airflow/.local/lib/python3.12/site-packages/airflow/example_dags/example_branch_operator_decorator.py took 0.109 seconds
[2026-02-10T23:53:50.417+0000] {processor.py:161} INFO - Started process (PID=5671) to work on /home/airflow/.local/lib/python3.12/site-packages/airflow/example_dags/example_branch_operator_decorator.py
[2026-02-10T23:53:50.419+0000] {processor.py:830} INFO - Processing file /home/airflow/.local/lib/python3.12/site-packages/airflow/example_dags/example_branch_operator_decorator.py for tasks to queue
[2026-02-10T23:53:50.423+0000] {logging_mixin.py:188} INFO - [2026-02-10T23:53:50.422+0000] {dagbag.py:540} INFO - Filling up the DagBag from /home/airflow/.local/lib/python3.12/site-packages/airflow/example_dags/example_branch_operator_decorator.py
[2026-02-10T23:53:50.467+0000] {processor.py:840} INFO - DAG(s) 'example_branch_python_operator_decorator' retrieved from /home/airflow/.local/lib/python3.12/site-packages/airflow/example_dags/example_branch_operator_decorator.py
[2026-02-10T23:53:50.517+0000] {logging_mixin.py:188} INFO - [2026-02-10T23:53:50.516+0000] {dag.py:3096} INFO - Sync 1 DAGs
[2026-02-10T23:53:50.553+0000] {logging_mixin.py:188} INFO - [2026-02-10T23:53:50.553+0000] {dag.py:3954} INFO - Setting next_dagrun for example_branch_python_operator_decorator to 2026-02-09 00:00:00+00:00, run_after=2026-02-10 00:00:00+00:00
[2026-02-10T23:53:50.582+0000] {processor.py:183} INFO - Processing /home/airflow/.local/lib/python3.12/site-packages/airflow/example_dags/example_branch_operator_decorator.py took 0.182 seconds
[2026-02-10T23:54:20.754+0000] {processor.py:161} INFO - Started process (PID=5725) to work on /home/airflow/.local/lib/python3.12/site-packages/airflow/example_dags/example_branch_operator_decorator.py
[2026-02-10T23:54:20.755+0000] {processor.py:830} INFO - Processing file /home/airflow/.local/lib/python3.12/site-packages/airflow/example_dags/example_branch_operator_decorator.py for tasks to queue
[2026-02-10T23:54:20.757+0000] {logging_mixin.py:188} INFO - [2026-02-10T23:54:20.757+0000] {dagbag.py:540} INFO - Filling up the DagBag from /home/airflow/.local/lib/python3.12/site-packages/airflow/example_dags/example_branch_operator_decorator.py
[2026-02-10T23:54:20.776+0000] {processor.py:840} INFO - DAG(s) 'example_branch_python_operator_decorator' retrieved from /home/airflow/.local/lib/python3.12/site-packages/airflow/example_dags/example_branch_operator_decorator.py
[2026-02-10T23:54:20.808+0000] {logging_mixin.py:188} INFO - [2026-02-10T23:54:20.808+0000] {dag.py:3096} INFO - Sync 1 DAGs
[2026-02-10T23:54:20.832+0000] {logging_mixin.py:188} INFO - [2026-02-10T23:54:20.832+0000] {dag.py:3954} INFO - Setting next_dagrun for example_branch_python_operator_decorator to 2026-02-09 00:00:00+00:00, run_after=2026-02-10 00:00:00+00:00
[2026-02-10T23:54:20.853+0000] {processor.py:183} INFO - Processing /home/airflow/.local/lib/python3.12/site-packages/airflow/example_dags/example_branch_operator_decorator.py took 0.106 seconds
[2026-02-10T23:54:50.972+0000] {processor.py:161} INFO - Started process (PID=5779) to work on /home/airflow/.local/lib/python3.12/site-packages/airflow/example_dags/example_branch_operator_decorator.py
[2026-02-10T23:54:50.973+0000] {processor.py:830} INFO - Processing file /home/airflow/.local/lib/python3.12/site-packages/airflow/example_dags/example_branch_operator_decorator.py for tasks to queue
[2026-02-10T23:54:50.975+0000] {logging_mixin.py:188} INFO - [2026-02-10T23:54:50.975+0000] {dagbag.py:540} INFO - Filling up the DagBag from /home/airflow/.local/lib/python3.12/site-packages/airflow/example_dags/example_branch_operator_decorator.py
[2026-02-10T23:54:50.993+0000] {processor.py:840} INFO - DAG(s) 'example_branch_python_operator_decorator' retrieved from /home/airflow/.local/lib/python3.12/site-packages/airflow/example_dags/example_branch_operator_decorator.py
[2026-02-10T23:54:51.020+0000] {logging_mixin.py:188} INFO - [2026-02-10T23:54:51.019+0000] {dag.py:3096} INFO - Sync 1 DAGs
[2026-02-10T23:54:51.043+0000] {logging_mixin.py:188} INFO - [2026-02-10T23:54:51.043+0000] {dag.py:3954} INFO - Setting next_dagrun for example_branch_python_operator_decorator to 2026-02-09 00:00:00+00:00, run_after=2026-02-10 00:00:00+00:00
[2026-02-10T23:54:51.061+0000] {processor.py:183} INFO - Processing /home/airflow/.local/lib/python3.12/site-packages/airflow/example_dags/example_branch_operator_decorator.py took 0.095 seconds
[2026-02-10T23:55:21.536+0000] {processor.py:161} INFO - Started process (PID=5833) to work on /home/airflow/.local/lib/python3.12/site-packages/airflow/example_dags/example_branch_operator_decorator.py
[2026-02-10T23:55:21.537+0000] {processor.py:830} INFO - Processing file /home/airflow/.local/lib/python3.12/site-packages/airflow/example_dags/example_branch_operator_decorator.py for tasks to queue
[2026-02-10T23:55:21.539+0000] {logging_mixin.py:188} INFO - [2026-02-10T23:55:21.538+0000] {dagbag.py:540} INFO - Filling up the DagBag from /home/airflow/.local/lib/python3.12/site-packages/airflow/example_dags/example_branch_operator_decorator.py
[2026-02-10T23:55:21.556+0000] {processor.py:840} INFO - DAG(s) 'example_branch_python_operator_decorator' retrieved from /home/airflow/.local/lib/python3.12/site-packages/airflow/example_dags/example_branch_operator_decorator.py
[2026-02-10T23:55:21.583+0000] {logging_mixin.py:188} INFO - [2026-02-10T23:55:21.583+0000] {dag.py:3096} INFO - Sync 1 DAGs
[2026-02-10T23:55:21.606+0000] {logging_mixin.py:188} INFO - [2026-02-10T23:55:21.606+0000] {dag.py:3954} INFO - Setting next_dagrun for example_branch_python_operator_decorator to 2026-02-09 00:00:00+00:00, run_after=2026-02-10 00:00:00+00:00
[2026-02-10T23:55:21.625+0000] {processor.py:183} INFO - Processing /home/airflow/.local/lib/python3.12/site-packages/airflow/example_dags/example_branch_operator_decorator.py took 0.095 seconds
[2026-02-10T23:55:51.759+0000] {processor.py:161} INFO - Started process (PID=5887) to work on /home/airflow/.local/lib/python3.12/site-packages/airflow/example_dags/example_branch_operator_decorator.py
[2026-02-10T23:55:51.760+0000] {processor.py:830} INFO - Processing file /home/airflow/.local/lib/python3.12/site-packages/airflow/example_dags/example_branch_operator_decorator.py for tasks to queue
[2026-02-10T23:55:51.762+0000] {logging_mixin.py:188} INFO - [2026-02-10T23:55:51.761+0000] {dagbag.py:540} INFO - Filling up the DagBag from /home/airflow/.local/lib/python3.12/site-packages/airflow/example_dags/example_branch_operator_decorator.py
[2026-02-10T23:55:51.781+0000] {processor.py:840} INFO - DAG(s) 'example_branch_python_operator_decorator' retrieved from /home/airflow/.local/lib/python3.12/site-packages/airflow/example_dags/example_branch_operator_decorator.py
[2026-02-10T23:55:51.811+0000] {logging_mixin.py:188} INFO - [2026-02-10T23:55:51.810+0000] {dag.py:3096} INFO - Sync 1 DAGs
[2026-02-10T23:55:51.835+0000] {logging_mixin.py:188} INFO - [2026-02-10T23:55:51.835+0000] {dag.py:3954} INFO - Setting next_dagrun for example_branch_python_operator_decorator to 2026-02-09 00:00:00+00:00, run_after=2026-02-10 00:00:00+00:00
[2026-02-10T23:55:51.854+0000] {processor.py:183} INFO - Processing /home/airflow/.local/lib/python3.12/site-packages/airflow/example_dags/example_branch_operator_decorator.py took 0.101 seconds
[2026-02-10T23:56:22.259+0000] {processor.py:161} INFO - Started process (PID=5941) to work on /home/airflow/.local/lib/python3.12/site-packages/airflow/example_dags/example_branch_operator_decorator.py
[2026-02-10T23:56:22.260+0000] {processor.py:830} INFO - Processing file /home/airflow/.local/lib/python3.12/site-packages/airflow/example_dags/example_branch_operator_decorator.py for tasks to queue
[2026-02-10T23:56:22.262+0000] {logging_mixin.py:188} INFO - [2026-02-10T23:56:22.261+0000] {dagbag.py:540} INFO - Filling up the DagBag from /home/airflow/.local/lib/python3.12/site-packages/airflow/example_dags/example_branch_operator_decorator.py
[2026-02-10T23:56:22.281+0000] {processor.py:840} INFO - DAG(s) 'example_branch_python_operator_decorator' retrieved from /home/airflow/.local/lib/python3.12/site-packages/airflow/example_dags/example_branch_operator_decorator.py
[2026-02-10T23:56:22.308+0000] {logging_mixin.py:188} INFO - [2026-02-10T23:56:22.308+0000] {dag.py:3096} INFO - Sync 1 DAGs
[2026-02-10T23:56:22.329+0000] {logging_mixin.py:188} INFO - [2026-02-10T23:56:22.329+0000] {dag.py:3954} INFO - Setting next_dagrun for example_branch_python_operator_decorator to 2026-02-09 00:00:00+00:00, run_after=2026-02-10 00:00:00+00:00
[2026-02-10T23:56:22.346+0000] {processor.py:183} INFO - Processing /home/airflow/.local/lib/python3.12/site-packages/airflow/example_dags/example_branch_operator_decorator.py took 0.093 seconds
[2026-02-10T23:56:52.693+0000] {processor.py:161} INFO - Started process (PID=5995) to work on /home/airflow/.local/lib/python3.12/site-packages/airflow/example_dags/example_branch_operator_decorator.py
[2026-02-10T23:56:52.694+0000] {processor.py:830} INFO - Processing file /home/airflow/.local/lib/python3.12/site-packages/airflow/example_dags/example_branch_operator_decorator.py for tasks to queue
[2026-02-10T23:56:52.696+0000] {logging_mixin.py:188} INFO - [2026-02-10T23:56:52.696+0000] {dagbag.py:540} INFO - Filling up the DagBag from /home/airflow/.local/lib/python3.12/site-packages/airflow/example_dags/example_branch_operator_decorator.py
[2026-02-10T23:56:52.721+0000] {processor.py:840} INFO - DAG(s) 'example_branch_python_operator_decorator' retrieved from /home/airflow/.local/lib/python3.12/site-packages/airflow/example_dags/example_branch_operator_decorator.py
[2026-02-10T23:56:52.752+0000] {logging_mixin.py:188} INFO - [2026-02-10T23:56:52.752+0000] {dag.py:3096} INFO - Sync 1 DAGs
[2026-02-10T23:56:52.779+0000] {logging_mixin.py:188} INFO - [2026-02-10T23:56:52.779+0000] {dag.py:3954} INFO - Setting next_dagrun for example_branch_python_operator_decorator to 2026-02-09 00:00:00+00:00, run_after=2026-02-10 00:00:00+00:00
[2026-02-10T23:56:52.799+0000] {processor.py:183} INFO - Processing /home/airflow/.local/lib/python3.12/site-packages/airflow/example_dags/example_branch_operator_decorator.py took 0.117 seconds
[2026-02-10T23:57:23.694+0000] {processor.py:161} INFO - Started process (PID=6049) to work on /home/airflow/.local/lib/python3.12/site-packages/airflow/example_dags/example_branch_operator_decorator.py
[2026-02-10T23:57:23.695+0000] {processor.py:830} INFO - Processing file /home/airflow/.local/lib/python3.12/site-packages/airflow/example_dags/example_branch_operator_decorator.py for tasks to queue
[2026-02-10T23:57:23.697+0000] {logging_mixin.py:188} INFO - [2026-02-10T23:57:23.697+0000] {dagbag.py:540} INFO - Filling up the DagBag from /home/airflow/.local/lib/python3.12/site-packages/airflow/example_dags/example_branch_operator_decorator.py
[2026-02-10T23:57:23.715+0000] {processor.py:840} INFO - DAG(s) 'example_branch_python_operator_decorator' retrieved from /home/airflow/.local/lib/python3.12/site-packages/airflow/example_dags/example_branch_operator_decorator.py
[2026-02-10T23:57:23.741+0000] {logging_mixin.py:188} INFO - [2026-02-10T23:57:23.741+0000] {dag.py:3096} INFO - Sync 1 DAGs
[2026-02-10T23:57:23.762+0000] {logging_mixin.py:188} INFO - [2026-02-10T23:57:23.761+0000] {dag.py:3954} INFO - Setting next_dagrun for example_branch_python_operator_decorator to 2026-02-09 00:00:00+00:00, run_after=2026-02-10 00:00:00+00:00
[2026-02-10T23:57:23.782+0000] {processor.py:183} INFO - Processing /home/airflow/.local/lib/python3.12/site-packages/airflow/example_dags/example_branch_operator_decorator.py took 0.094 seconds
[2026-02-10T23:57:54.627+0000] {processor.py:161} INFO - Started process (PID=6103) to work on /home/airflow/.local/lib/python3.12/site-packages/airflow/example_dags/example_branch_operator_decorator.py
[2026-02-10T23:57:54.628+0000] {processor.py:830} INFO - Processing file /home/airflow/.local/lib/python3.12/site-packages/airflow/example_dags/example_branch_operator_decorator.py for tasks to queue
[2026-02-10T23:57:54.630+0000] {logging_mixin.py:188} INFO - [2026-02-10T23:57:54.630+0000] {dagbag.py:540} INFO - Filling up the DagBag from /home/airflow/.local/lib/python3.12/site-packages/airflow/example_dags/example_branch_operator_decorator.py
[2026-02-10T23:57:54.648+0000] {processor.py:840} INFO - DAG(s) 'example_branch_python_operator_decorator' retrieved from /home/airflow/.local/lib/python3.12/site-packages/airflow/example_dags/example_branch_operator_decorator.py
[2026-02-10T23:57:54.676+0000] {logging_mixin.py:188} INFO - [2026-02-10T23:57:54.675+0000] {dag.py:3096} INFO - Sync 1 DAGs
[2026-02-10T23:57:54.854+0000] {logging_mixin.py:188} INFO - [2026-02-10T23:57:54.854+0000] {dag.py:3954} INFO - Setting next_dagrun for example_branch_python_operator_decorator to 2026-02-09 00:00:00+00:00, run_after=2026-02-10 00:00:00+00:00
[2026-02-10T23:57:54.875+0000] {processor.py:183} INFO - Processing /home/airflow/.local/lib/python3.12/site-packages/airflow/example_dags/example_branch_operator_decorator.py took 0.253 seconds
[2026-02-10T23:58:25.232+0000] {processor.py:161} INFO - Started process (PID=6157) to work on /home/airflow/.local/lib/python3.12/site-packages/airflow/example_dags/example_branch_operator_decorator.py
[2026-02-10T23:58:25.233+0000] {processor.py:830} INFO - Processing file /home/airflow/.local/lib/python3.12/site-packages/airflow/example_dags/example_branch_operator_decorator.py for tasks to queue
[2026-02-10T23:58:25.235+0000] {logging_mixin.py:188} INFO - [2026-02-10T23:58:25.235+0000] {dagbag.py:540} INFO - Filling up the DagBag from /home/airflow/.local/lib/python3.12/site-packages/airflow/example_dags/example_branch_operator_decorator.py
[2026-02-10T23:58:25.253+0000] {processor.py:840} INFO - DAG(s) 'example_branch_python_operator_decorator' retrieved from /home/airflow/.local/lib/python3.12/site-packages/airflow/example_dags/example_branch_operator_decorator.py
[2026-02-10T23:58:25.278+0000] {logging_mixin.py:188} INFO - [2026-02-10T23:58:25.278+0000] {dag.py:3096} INFO - Sync 1 DAGs
[2026-02-10T23:58:25.299+0000] {logging_mixin.py:188} INFO - [2026-02-10T23:58:25.299+0000] {dag.py:3954} INFO - Setting next_dagrun for example_branch_python_operator_decorator to 2026-02-09 00:00:00+00:00, run_after=2026-02-10 00:00:00+00:00
[2026-02-10T23:58:25.320+0000] {processor.py:183} INFO - Processing /home/airflow/.local/lib/python3.12/site-packages/airflow/example_dags/example_branch_operator_decorator.py took 0.094 seconds
[2026-02-10T23:58:55.371+0000] {processor.py:161} INFO - Started process (PID=6211) to work on /home/airflow/.local/lib/python3.12/site-packages/airflow/example_dags/example_branch_operator_decorator.py
[2026-02-10T23:58:55.372+0000] {processor.py:830} INFO - Processing file /home/airflow/.local/lib/python3.12/site-packages/airflow/example_dags/example_branch_operator_decorator.py for tasks to queue
[2026-02-10T23:58:55.375+0000] {logging_mixin.py:188} INFO - [2026-02-10T23:58:55.374+0000] {dagbag.py:540} INFO - Filling up the DagBag from /home/airflow/.local/lib/python3.12/site-packages/airflow/example_dags/example_branch_operator_decorator.py
[2026-02-10T23:58:55.399+0000] {processor.py:840} INFO - DAG(s) 'example_branch_python_operator_decorator' retrieved from /home/airflow/.local/lib/python3.12/site-packages/airflow/example_dags/example_branch_operator_decorator.py
[2026-02-10T23:58:55.436+0000] {logging_mixin.py:188} INFO - [2026-02-10T23:58:55.436+0000] {dag.py:3096} INFO - Sync 1 DAGs
[2026-02-10T23:58:55.463+0000] {logging_mixin.py:188} INFO - [2026-02-10T23:58:55.463+0000] {dag.py:3954} INFO - Setting next_dagrun for example_branch_python_operator_decorator to 2026-02-09 00:00:00+00:00, run_after=2026-02-10 00:00:00+00:00
[2026-02-10T23:58:55.487+0000] {processor.py:183} INFO - Processing /home/airflow/.local/lib/python3.12/site-packages/airflow/example_dags/example_branch_operator_decorator.py took 0.123 seconds
[2026-02-10T23:59:26.225+0000] {processor.py:161} INFO - Started process (PID=6263) to work on /home/airflow/.local/lib/python3.12/site-packages/airflow/example_dags/example_branch_operator_decorator.py
[2026-02-10T23:59:26.226+0000] {processor.py:830} INFO - Processing file /home/airflow/.local/lib/python3.12/site-packages/airflow/example_dags/example_branch_operator_decorator.py for tasks to queue
[2026-02-10T23:59:26.228+0000] {logging_mixin.py:188} INFO - [2026-02-10T23:59:26.228+0000] {dagbag.py:540} INFO - Filling up the DagBag from /home/airflow/.local/lib/python3.12/site-packages/airflow/example_dags/example_branch_operator_decorator.py
[2026-02-10T23:59:26.247+0000] {processor.py:840} INFO - DAG(s) 'example_branch_python_operator_decorator' retrieved from /home/airflow/.local/lib/python3.12/site-packages/airflow/example_dags/example_branch_operator_decorator.py
[2026-02-10T23:59:26.410+0000] {logging_mixin.py:188} INFO - [2026-02-10T23:59:26.410+0000] {dag.py:3096} INFO - Sync 1 DAGs
[2026-02-10T23:59:26.428+0000] {logging_mixin.py:188} INFO - [2026-02-10T23:59:26.428+0000] {dag.py:3954} INFO - Setting next_dagrun for example_branch_python_operator_decorator to 2026-02-09 00:00:00+00:00, run_after=2026-02-10 00:00:00+00:00
[2026-02-10T23:59:26.446+0000] {processor.py:183} INFO - Processing /home/airflow/.local/lib/python3.12/site-packages/airflow/example_dags/example_branch_operator_decorator.py took 0.226 seconds
[2026-02-10T23:59:56.693+0000] {processor.py:161} INFO - Started process (PID=6317) to work on /home/airflow/.local/lib/python3.12/site-packages/airflow/example_dags/example_branch_operator_decorator.py
[2026-02-10T23:59:56.694+0000] {processor.py:830} INFO - Processing file /home/airflow/.local/lib/python3.12/site-packages/airflow/example_dags/example_branch_operator_decorator.py for tasks to queue
[2026-02-10T23:59:56.696+0000] {logging_mixin.py:188} INFO - [2026-02-10T23:59:56.696+0000] {dagbag.py:540} INFO - Filling up the DagBag from /home/airflow/.local/lib/python3.12/site-packages/airflow/example_dags/example_branch_operator_decorator.py
[2026-02-10T23:59:56.714+0000] {processor.py:840} INFO - DAG(s) 'example_branch_python_operator_decorator' retrieved from /home/airflow/.local/lib/python3.12/site-packages/airflow/example_dags/example_branch_operator_decorator.py
[2026-02-10T23:59:56.744+0000] {logging_mixin.py:188} INFO - [2026-02-10T23:59:56.743+0000] {dag.py:3096} INFO - Sync 1 DAGs
[2026-02-10T23:59:56.767+0000] {logging_mixin.py:188} INFO - [2026-02-10T23:59:56.767+0000] {dag.py:3954} INFO - Setting next_dagrun for example_branch_python_operator_decorator to 2026-02-09 00:00:00+00:00, run_after=2026-02-10 00:00:00+00:00
[2026-02-10T23:59:56.787+0000] {processor.py:183} INFO - Processing /home/airflow/.local/lib/python3.12/site-packages/airflow/example_dags/example_branch_operator_decorator.py took 0.100 seconds
