[2026-02-10T01:19:03.267+0000] {processor.py:161} INFO - Started process (PID=40) to work on /home/airflow/.local/lib/python3.12/site-packages/airflow/example_dags/example_dynamic_task_mapping_with_no_taskflow_operators.py
[2026-02-10T01:19:03.268+0000] {processor.py:830} INFO - Processing file /home/airflow/.local/lib/python3.12/site-packages/airflow/example_dags/example_dynamic_task_mapping_with_no_taskflow_operators.py for tasks to queue
[2026-02-10T01:19:03.272+0000] {logging_mixin.py:188} INFO - [2026-02-10T01:19:03.271+0000] {dagbag.py:540} INFO - Filling up the DagBag from /home/airflow/.local/lib/python3.12/site-packages/airflow/example_dags/example_dynamic_task_mapping_with_no_taskflow_operators.py
[2026-02-10T01:19:03.283+0000] {processor.py:840} INFO - DAG(s) 'example_dynamic_task_mapping_with_no_taskflow_operators' retrieved from /home/airflow/.local/lib/python3.12/site-packages/airflow/example_dags/example_dynamic_task_mapping_with_no_taskflow_operators.py
[2026-02-10T01:19:03.327+0000] {logging_mixin.py:188} INFO - [2026-02-10T01:19:03.326+0000] {dag.py:3096} INFO - Sync 1 DAGs
[2026-02-10T01:19:03.367+0000] {logging_mixin.py:188} INFO - [2026-02-10T01:19:03.367+0000] {dag.py:3954} INFO - Setting next_dagrun for example_dynamic_task_mapping_with_no_taskflow_operators to 2026-02-09 00:00:00+00:00, run_after=2026-02-10 00:00:00+00:00
[2026-02-10T01:19:03.407+0000] {processor.py:183} INFO - Processing /home/airflow/.local/lib/python3.12/site-packages/airflow/example_dags/example_dynamic_task_mapping_with_no_taskflow_operators.py took 0.148 seconds
[2026-02-10T01:19:34.104+0000] {processor.py:161} INFO - Started process (PID=94) to work on /home/airflow/.local/lib/python3.12/site-packages/airflow/example_dags/example_dynamic_task_mapping_with_no_taskflow_operators.py
[2026-02-10T01:19:34.105+0000] {processor.py:830} INFO - Processing file /home/airflow/.local/lib/python3.12/site-packages/airflow/example_dags/example_dynamic_task_mapping_with_no_taskflow_operators.py for tasks to queue
[2026-02-10T01:19:34.106+0000] {logging_mixin.py:188} INFO - [2026-02-10T01:19:34.106+0000] {dagbag.py:540} INFO - Filling up the DagBag from /home/airflow/.local/lib/python3.12/site-packages/airflow/example_dags/example_dynamic_task_mapping_with_no_taskflow_operators.py
[2026-02-10T01:19:34.112+0000] {processor.py:840} INFO - DAG(s) 'example_dynamic_task_mapping_with_no_taskflow_operators' retrieved from /home/airflow/.local/lib/python3.12/site-packages/airflow/example_dags/example_dynamic_task_mapping_with_no_taskflow_operators.py
[2026-02-10T01:19:34.132+0000] {logging_mixin.py:188} INFO - [2026-02-10T01:19:34.132+0000] {dag.py:3096} INFO - Sync 1 DAGs
[2026-02-10T01:19:34.154+0000] {logging_mixin.py:188} INFO - [2026-02-10T01:19:34.154+0000] {dag.py:3954} INFO - Setting next_dagrun for example_dynamic_task_mapping_with_no_taskflow_operators to 2026-02-09 00:00:00+00:00, run_after=2026-02-10 00:00:00+00:00
[2026-02-10T01:19:34.170+0000] {processor.py:183} INFO - Processing /home/airflow/.local/lib/python3.12/site-packages/airflow/example_dags/example_dynamic_task_mapping_with_no_taskflow_operators.py took 0.072 seconds
[2026-02-10T01:30:05.653+0000] {processor.py:161} INFO - Started process (PID=41) to work on /home/airflow/.local/lib/python3.12/site-packages/airflow/example_dags/example_dynamic_task_mapping_with_no_taskflow_operators.py
[2026-02-10T01:30:05.657+0000] {processor.py:830} INFO - Processing file /home/airflow/.local/lib/python3.12/site-packages/airflow/example_dags/example_dynamic_task_mapping_with_no_taskflow_operators.py for tasks to queue
[2026-02-10T01:30:05.664+0000] {logging_mixin.py:188} INFO - [2026-02-10T01:30:05.663+0000] {dagbag.py:540} INFO - Filling up the DagBag from /home/airflow/.local/lib/python3.12/site-packages/airflow/example_dags/example_dynamic_task_mapping_with_no_taskflow_operators.py
[2026-02-10T01:30:05.691+0000] {processor.py:840} INFO - DAG(s) 'example_dynamic_task_mapping_with_no_taskflow_operators' retrieved from /home/airflow/.local/lib/python3.12/site-packages/airflow/example_dags/example_dynamic_task_mapping_with_no_taskflow_operators.py
[2026-02-10T01:30:05.718+0000] {logging_mixin.py:188} INFO - [2026-02-10T01:30:05.717+0000] {dag.py:3096} INFO - Sync 1 DAGs
[2026-02-10T01:30:05.774+0000] {logging_mixin.py:188} INFO - [2026-02-10T01:30:05.773+0000] {dag.py:3954} INFO - Setting next_dagrun for example_dynamic_task_mapping_with_no_taskflow_operators to 2026-02-09 00:00:00+00:00, run_after=2026-02-10 00:00:00+00:00
[2026-02-10T01:30:05.831+0000] {processor.py:183} INFO - Processing /home/airflow/.local/lib/python3.12/site-packages/airflow/example_dags/example_dynamic_task_mapping_with_no_taskflow_operators.py took 0.195 seconds
[2026-02-10T01:30:36.298+0000] {processor.py:161} INFO - Started process (PID=95) to work on /home/airflow/.local/lib/python3.12/site-packages/airflow/example_dags/example_dynamic_task_mapping_with_no_taskflow_operators.py
[2026-02-10T01:30:36.299+0000] {processor.py:830} INFO - Processing file /home/airflow/.local/lib/python3.12/site-packages/airflow/example_dags/example_dynamic_task_mapping_with_no_taskflow_operators.py for tasks to queue
[2026-02-10T01:30:36.302+0000] {logging_mixin.py:188} INFO - [2026-02-10T01:30:36.301+0000] {dagbag.py:540} INFO - Filling up the DagBag from /home/airflow/.local/lib/python3.12/site-packages/airflow/example_dags/example_dynamic_task_mapping_with_no_taskflow_operators.py
[2026-02-10T01:30:36.308+0000] {processor.py:840} INFO - DAG(s) 'example_dynamic_task_mapping_with_no_taskflow_operators' retrieved from /home/airflow/.local/lib/python3.12/site-packages/airflow/example_dags/example_dynamic_task_mapping_with_no_taskflow_operators.py
[2026-02-10T01:30:36.407+0000] {logging_mixin.py:188} INFO - [2026-02-10T01:30:36.407+0000] {dag.py:3096} INFO - Sync 1 DAGs
[2026-02-10T01:30:36.426+0000] {logging_mixin.py:188} INFO - [2026-02-10T01:30:36.425+0000] {dag.py:3954} INFO - Setting next_dagrun for example_dynamic_task_mapping_with_no_taskflow_operators to 2026-02-09 00:00:00+00:00, run_after=2026-02-10 00:00:00+00:00
[2026-02-10T01:30:36.445+0000] {processor.py:183} INFO - Processing /home/airflow/.local/lib/python3.12/site-packages/airflow/example_dags/example_dynamic_task_mapping_with_no_taskflow_operators.py took 0.152 seconds
[2026-02-10T01:31:06.502+0000] {processor.py:161} INFO - Started process (PID=149) to work on /home/airflow/.local/lib/python3.12/site-packages/airflow/example_dags/example_dynamic_task_mapping_with_no_taskflow_operators.py
[2026-02-10T01:31:06.502+0000] {processor.py:830} INFO - Processing file /home/airflow/.local/lib/python3.12/site-packages/airflow/example_dags/example_dynamic_task_mapping_with_no_taskflow_operators.py for tasks to queue
[2026-02-10T01:31:06.504+0000] {logging_mixin.py:188} INFO - [2026-02-10T01:31:06.504+0000] {dagbag.py:540} INFO - Filling up the DagBag from /home/airflow/.local/lib/python3.12/site-packages/airflow/example_dags/example_dynamic_task_mapping_with_no_taskflow_operators.py
[2026-02-10T01:31:06.510+0000] {processor.py:840} INFO - DAG(s) 'example_dynamic_task_mapping_with_no_taskflow_operators' retrieved from /home/airflow/.local/lib/python3.12/site-packages/airflow/example_dags/example_dynamic_task_mapping_with_no_taskflow_operators.py
[2026-02-10T01:31:06.528+0000] {logging_mixin.py:188} INFO - [2026-02-10T01:31:06.528+0000] {dag.py:3096} INFO - Sync 1 DAGs
[2026-02-10T01:31:06.547+0000] {logging_mixin.py:188} INFO - [2026-02-10T01:31:06.546+0000] {dag.py:3954} INFO - Setting next_dagrun for example_dynamic_task_mapping_with_no_taskflow_operators to 2026-02-09 00:00:00+00:00, run_after=2026-02-10 00:00:00+00:00
[2026-02-10T01:31:06.566+0000] {processor.py:183} INFO - Processing /home/airflow/.local/lib/python3.12/site-packages/airflow/example_dags/example_dynamic_task_mapping_with_no_taskflow_operators.py took 0.070 seconds
[2026-02-10T01:31:36.875+0000] {processor.py:161} INFO - Started process (PID=203) to work on /home/airflow/.local/lib/python3.12/site-packages/airflow/example_dags/example_dynamic_task_mapping_with_no_taskflow_operators.py
[2026-02-10T01:31:36.876+0000] {processor.py:830} INFO - Processing file /home/airflow/.local/lib/python3.12/site-packages/airflow/example_dags/example_dynamic_task_mapping_with_no_taskflow_operators.py for tasks to queue
[2026-02-10T01:31:36.878+0000] {logging_mixin.py:188} INFO - [2026-02-10T01:31:36.877+0000] {dagbag.py:540} INFO - Filling up the DagBag from /home/airflow/.local/lib/python3.12/site-packages/airflow/example_dags/example_dynamic_task_mapping_with_no_taskflow_operators.py
[2026-02-10T01:31:36.885+0000] {processor.py:840} INFO - DAG(s) 'example_dynamic_task_mapping_with_no_taskflow_operators' retrieved from /home/airflow/.local/lib/python3.12/site-packages/airflow/example_dags/example_dynamic_task_mapping_with_no_taskflow_operators.py
[2026-02-10T01:31:36.910+0000] {logging_mixin.py:188} INFO - [2026-02-10T01:31:36.909+0000] {dag.py:3096} INFO - Sync 1 DAGs
[2026-02-10T01:31:36.931+0000] {logging_mixin.py:188} INFO - [2026-02-10T01:31:36.930+0000] {dag.py:3954} INFO - Setting next_dagrun for example_dynamic_task_mapping_with_no_taskflow_operators to 2026-02-09 00:00:00+00:00, run_after=2026-02-10 00:00:00+00:00
[2026-02-10T01:31:36.951+0000] {processor.py:183} INFO - Processing /home/airflow/.local/lib/python3.12/site-packages/airflow/example_dags/example_dynamic_task_mapping_with_no_taskflow_operators.py took 0.082 seconds
[2026-02-10T01:32:07.117+0000] {processor.py:161} INFO - Started process (PID=257) to work on /home/airflow/.local/lib/python3.12/site-packages/airflow/example_dags/example_dynamic_task_mapping_with_no_taskflow_operators.py
[2026-02-10T01:32:07.118+0000] {processor.py:830} INFO - Processing file /home/airflow/.local/lib/python3.12/site-packages/airflow/example_dags/example_dynamic_task_mapping_with_no_taskflow_operators.py for tasks to queue
[2026-02-10T01:32:07.120+0000] {logging_mixin.py:188} INFO - [2026-02-10T01:32:07.120+0000] {dagbag.py:540} INFO - Filling up the DagBag from /home/airflow/.local/lib/python3.12/site-packages/airflow/example_dags/example_dynamic_task_mapping_with_no_taskflow_operators.py
[2026-02-10T01:32:07.126+0000] {processor.py:840} INFO - DAG(s) 'example_dynamic_task_mapping_with_no_taskflow_operators' retrieved from /home/airflow/.local/lib/python3.12/site-packages/airflow/example_dags/example_dynamic_task_mapping_with_no_taskflow_operators.py
[2026-02-10T01:32:07.143+0000] {logging_mixin.py:188} INFO - [2026-02-10T01:32:07.143+0000] {dag.py:3096} INFO - Sync 1 DAGs
[2026-02-10T01:32:07.162+0000] {logging_mixin.py:188} INFO - [2026-02-10T01:32:07.161+0000] {dag.py:3954} INFO - Setting next_dagrun for example_dynamic_task_mapping_with_no_taskflow_operators to 2026-02-09 00:00:00+00:00, run_after=2026-02-10 00:00:00+00:00
[2026-02-10T01:32:07.178+0000] {processor.py:183} INFO - Processing /home/airflow/.local/lib/python3.12/site-packages/airflow/example_dags/example_dynamic_task_mapping_with_no_taskflow_operators.py took 0.067 seconds
[2026-02-10T01:32:37.426+0000] {processor.py:161} INFO - Started process (PID=311) to work on /home/airflow/.local/lib/python3.12/site-packages/airflow/example_dags/example_dynamic_task_mapping_with_no_taskflow_operators.py
[2026-02-10T01:32:37.427+0000] {processor.py:830} INFO - Processing file /home/airflow/.local/lib/python3.12/site-packages/airflow/example_dags/example_dynamic_task_mapping_with_no_taskflow_operators.py for tasks to queue
[2026-02-10T01:32:37.429+0000] {logging_mixin.py:188} INFO - [2026-02-10T01:32:37.428+0000] {dagbag.py:540} INFO - Filling up the DagBag from /home/airflow/.local/lib/python3.12/site-packages/airflow/example_dags/example_dynamic_task_mapping_with_no_taskflow_operators.py
[2026-02-10T01:32:37.435+0000] {processor.py:840} INFO - DAG(s) 'example_dynamic_task_mapping_with_no_taskflow_operators' retrieved from /home/airflow/.local/lib/python3.12/site-packages/airflow/example_dags/example_dynamic_task_mapping_with_no_taskflow_operators.py
[2026-02-10T01:32:37.453+0000] {logging_mixin.py:188} INFO - [2026-02-10T01:32:37.453+0000] {dag.py:3096} INFO - Sync 1 DAGs
[2026-02-10T01:32:37.472+0000] {logging_mixin.py:188} INFO - [2026-02-10T01:32:37.472+0000] {dag.py:3954} INFO - Setting next_dagrun for example_dynamic_task_mapping_with_no_taskflow_operators to 2026-02-09 00:00:00+00:00, run_after=2026-02-10 00:00:00+00:00
[2026-02-10T01:32:37.492+0000] {processor.py:183} INFO - Processing /home/airflow/.local/lib/python3.12/site-packages/airflow/example_dags/example_dynamic_task_mapping_with_no_taskflow_operators.py took 0.071 seconds
[2026-02-10T01:33:07.756+0000] {processor.py:161} INFO - Started process (PID=365) to work on /home/airflow/.local/lib/python3.12/site-packages/airflow/example_dags/example_dynamic_task_mapping_with_no_taskflow_operators.py
[2026-02-10T01:33:07.757+0000] {processor.py:830} INFO - Processing file /home/airflow/.local/lib/python3.12/site-packages/airflow/example_dags/example_dynamic_task_mapping_with_no_taskflow_operators.py for tasks to queue
[2026-02-10T01:33:07.759+0000] {logging_mixin.py:188} INFO - [2026-02-10T01:33:07.759+0000] {dagbag.py:540} INFO - Filling up the DagBag from /home/airflow/.local/lib/python3.12/site-packages/airflow/example_dags/example_dynamic_task_mapping_with_no_taskflow_operators.py
[2026-02-10T01:33:07.765+0000] {processor.py:840} INFO - DAG(s) 'example_dynamic_task_mapping_with_no_taskflow_operators' retrieved from /home/airflow/.local/lib/python3.12/site-packages/airflow/example_dags/example_dynamic_task_mapping_with_no_taskflow_operators.py
[2026-02-10T01:33:07.784+0000] {logging_mixin.py:188} INFO - [2026-02-10T01:33:07.784+0000] {dag.py:3096} INFO - Sync 1 DAGs
[2026-02-10T01:33:07.803+0000] {logging_mixin.py:188} INFO - [2026-02-10T01:33:07.803+0000] {dag.py:3954} INFO - Setting next_dagrun for example_dynamic_task_mapping_with_no_taskflow_operators to 2026-02-09 00:00:00+00:00, run_after=2026-02-10 00:00:00+00:00
[2026-02-10T01:33:07.822+0000] {processor.py:183} INFO - Processing /home/airflow/.local/lib/python3.12/site-packages/airflow/example_dags/example_dynamic_task_mapping_with_no_taskflow_operators.py took 0.070 seconds
[2026-02-10T01:33:37.953+0000] {processor.py:161} INFO - Started process (PID=419) to work on /home/airflow/.local/lib/python3.12/site-packages/airflow/example_dags/example_dynamic_task_mapping_with_no_taskflow_operators.py
[2026-02-10T01:33:37.954+0000] {processor.py:830} INFO - Processing file /home/airflow/.local/lib/python3.12/site-packages/airflow/example_dags/example_dynamic_task_mapping_with_no_taskflow_operators.py for tasks to queue
[2026-02-10T01:33:37.956+0000] {logging_mixin.py:188} INFO - [2026-02-10T01:33:37.956+0000] {dagbag.py:540} INFO - Filling up the DagBag from /home/airflow/.local/lib/python3.12/site-packages/airflow/example_dags/example_dynamic_task_mapping_with_no_taskflow_operators.py
[2026-02-10T01:33:37.963+0000] {processor.py:840} INFO - DAG(s) 'example_dynamic_task_mapping_with_no_taskflow_operators' retrieved from /home/airflow/.local/lib/python3.12/site-packages/airflow/example_dags/example_dynamic_task_mapping_with_no_taskflow_operators.py
[2026-02-10T01:33:37.983+0000] {logging_mixin.py:188} INFO - [2026-02-10T01:33:37.982+0000] {dag.py:3096} INFO - Sync 1 DAGs
[2026-02-10T01:33:38.004+0000] {logging_mixin.py:188} INFO - [2026-02-10T01:33:38.004+0000] {dag.py:3954} INFO - Setting next_dagrun for example_dynamic_task_mapping_with_no_taskflow_operators to 2026-02-09 00:00:00+00:00, run_after=2026-02-10 00:00:00+00:00
[2026-02-10T01:33:38.030+0000] {processor.py:183} INFO - Processing /home/airflow/.local/lib/python3.12/site-packages/airflow/example_dags/example_dynamic_task_mapping_with_no_taskflow_operators.py took 0.082 seconds
[2026-02-10T01:34:08.435+0000] {processor.py:161} INFO - Started process (PID=473) to work on /home/airflow/.local/lib/python3.12/site-packages/airflow/example_dags/example_dynamic_task_mapping_with_no_taskflow_operators.py
[2026-02-10T01:34:08.436+0000] {processor.py:830} INFO - Processing file /home/airflow/.local/lib/python3.12/site-packages/airflow/example_dags/example_dynamic_task_mapping_with_no_taskflow_operators.py for tasks to queue
[2026-02-10T01:34:08.438+0000] {logging_mixin.py:188} INFO - [2026-02-10T01:34:08.438+0000] {dagbag.py:540} INFO - Filling up the DagBag from /home/airflow/.local/lib/python3.12/site-packages/airflow/example_dags/example_dynamic_task_mapping_with_no_taskflow_operators.py
[2026-02-10T01:34:08.445+0000] {processor.py:840} INFO - DAG(s) 'example_dynamic_task_mapping_with_no_taskflow_operators' retrieved from /home/airflow/.local/lib/python3.12/site-packages/airflow/example_dags/example_dynamic_task_mapping_with_no_taskflow_operators.py
[2026-02-10T01:34:08.476+0000] {logging_mixin.py:188} INFO - [2026-02-10T01:34:08.475+0000] {dag.py:3096} INFO - Sync 1 DAGs
[2026-02-10T01:34:08.519+0000] {logging_mixin.py:188} INFO - [2026-02-10T01:34:08.519+0000] {dag.py:3954} INFO - Setting next_dagrun for example_dynamic_task_mapping_with_no_taskflow_operators to 2026-02-09 00:00:00+00:00, run_after=2026-02-10 00:00:00+00:00
[2026-02-10T01:34:08.548+0000] {processor.py:183} INFO - Processing /home/airflow/.local/lib/python3.12/site-packages/airflow/example_dags/example_dynamic_task_mapping_with_no_taskflow_operators.py took 0.121 seconds
[2026-02-10T01:34:38.769+0000] {processor.py:161} INFO - Started process (PID=527) to work on /home/airflow/.local/lib/python3.12/site-packages/airflow/example_dags/example_dynamic_task_mapping_with_no_taskflow_operators.py
[2026-02-10T01:34:38.770+0000] {processor.py:830} INFO - Processing file /home/airflow/.local/lib/python3.12/site-packages/airflow/example_dags/example_dynamic_task_mapping_with_no_taskflow_operators.py for tasks to queue
[2026-02-10T01:34:38.772+0000] {logging_mixin.py:188} INFO - [2026-02-10T01:34:38.772+0000] {dagbag.py:540} INFO - Filling up the DagBag from /home/airflow/.local/lib/python3.12/site-packages/airflow/example_dags/example_dynamic_task_mapping_with_no_taskflow_operators.py
[2026-02-10T01:34:38.778+0000] {processor.py:840} INFO - DAG(s) 'example_dynamic_task_mapping_with_no_taskflow_operators' retrieved from /home/airflow/.local/lib/python3.12/site-packages/airflow/example_dags/example_dynamic_task_mapping_with_no_taskflow_operators.py
[2026-02-10T01:34:38.796+0000] {logging_mixin.py:188} INFO - [2026-02-10T01:34:38.796+0000] {dag.py:3096} INFO - Sync 1 DAGs
[2026-02-10T01:34:38.815+0000] {logging_mixin.py:188} INFO - [2026-02-10T01:34:38.815+0000] {dag.py:3954} INFO - Setting next_dagrun for example_dynamic_task_mapping_with_no_taskflow_operators to 2026-02-09 00:00:00+00:00, run_after=2026-02-10 00:00:00+00:00
[2026-02-10T01:34:38.833+0000] {processor.py:183} INFO - Processing /home/airflow/.local/lib/python3.12/site-packages/airflow/example_dags/example_dynamic_task_mapping_with_no_taskflow_operators.py took 0.069 seconds
[2026-02-10T01:35:09.078+0000] {processor.py:161} INFO - Started process (PID=581) to work on /home/airflow/.local/lib/python3.12/site-packages/airflow/example_dags/example_dynamic_task_mapping_with_no_taskflow_operators.py
[2026-02-10T01:35:09.080+0000] {processor.py:830} INFO - Processing file /home/airflow/.local/lib/python3.12/site-packages/airflow/example_dags/example_dynamic_task_mapping_with_no_taskflow_operators.py for tasks to queue
[2026-02-10T01:35:09.083+0000] {logging_mixin.py:188} INFO - [2026-02-10T01:35:09.082+0000] {dagbag.py:540} INFO - Filling up the DagBag from /home/airflow/.local/lib/python3.12/site-packages/airflow/example_dags/example_dynamic_task_mapping_with_no_taskflow_operators.py
[2026-02-10T01:35:09.090+0000] {processor.py:840} INFO - DAG(s) 'example_dynamic_task_mapping_with_no_taskflow_operators' retrieved from /home/airflow/.local/lib/python3.12/site-packages/airflow/example_dags/example_dynamic_task_mapping_with_no_taskflow_operators.py
[2026-02-10T01:35:09.113+0000] {logging_mixin.py:188} INFO - [2026-02-10T01:35:09.112+0000] {dag.py:3096} INFO - Sync 1 DAGs
[2026-02-10T01:35:09.139+0000] {logging_mixin.py:188} INFO - [2026-02-10T01:35:09.138+0000] {dag.py:3954} INFO - Setting next_dagrun for example_dynamic_task_mapping_with_no_taskflow_operators to 2026-02-09 00:00:00+00:00, run_after=2026-02-10 00:00:00+00:00
[2026-02-10T01:35:09.163+0000] {processor.py:183} INFO - Processing /home/airflow/.local/lib/python3.12/site-packages/airflow/example_dags/example_dynamic_task_mapping_with_no_taskflow_operators.py took 0.091 seconds
[2026-02-10T01:35:40.147+0000] {processor.py:161} INFO - Started process (PID=635) to work on /home/airflow/.local/lib/python3.12/site-packages/airflow/example_dags/example_dynamic_task_mapping_with_no_taskflow_operators.py
[2026-02-10T01:35:40.148+0000] {processor.py:830} INFO - Processing file /home/airflow/.local/lib/python3.12/site-packages/airflow/example_dags/example_dynamic_task_mapping_with_no_taskflow_operators.py for tasks to queue
[2026-02-10T01:35:40.150+0000] {logging_mixin.py:188} INFO - [2026-02-10T01:35:40.150+0000] {dagbag.py:540} INFO - Filling up the DagBag from /home/airflow/.local/lib/python3.12/site-packages/airflow/example_dags/example_dynamic_task_mapping_with_no_taskflow_operators.py
[2026-02-10T01:35:40.156+0000] {processor.py:840} INFO - DAG(s) 'example_dynamic_task_mapping_with_no_taskflow_operators' retrieved from /home/airflow/.local/lib/python3.12/site-packages/airflow/example_dags/example_dynamic_task_mapping_with_no_taskflow_operators.py
[2026-02-10T01:35:40.177+0000] {logging_mixin.py:188} INFO - [2026-02-10T01:35:40.177+0000] {dag.py:3096} INFO - Sync 1 DAGs
[2026-02-10T01:35:40.197+0000] {logging_mixin.py:188} INFO - [2026-02-10T01:35:40.197+0000] {dag.py:3954} INFO - Setting next_dagrun for example_dynamic_task_mapping_with_no_taskflow_operators to 2026-02-09 00:00:00+00:00, run_after=2026-02-10 00:00:00+00:00
[2026-02-10T01:35:40.217+0000] {processor.py:183} INFO - Processing /home/airflow/.local/lib/python3.12/site-packages/airflow/example_dags/example_dynamic_task_mapping_with_no_taskflow_operators.py took 0.075 seconds
[2026-02-10T01:36:10.590+0000] {processor.py:161} INFO - Started process (PID=689) to work on /home/airflow/.local/lib/python3.12/site-packages/airflow/example_dags/example_dynamic_task_mapping_with_no_taskflow_operators.py
[2026-02-10T01:36:10.591+0000] {processor.py:830} INFO - Processing file /home/airflow/.local/lib/python3.12/site-packages/airflow/example_dags/example_dynamic_task_mapping_with_no_taskflow_operators.py for tasks to queue
[2026-02-10T01:36:10.593+0000] {logging_mixin.py:188} INFO - [2026-02-10T01:36:10.593+0000] {dagbag.py:540} INFO - Filling up the DagBag from /home/airflow/.local/lib/python3.12/site-packages/airflow/example_dags/example_dynamic_task_mapping_with_no_taskflow_operators.py
[2026-02-10T01:36:10.599+0000] {processor.py:840} INFO - DAG(s) 'example_dynamic_task_mapping_with_no_taskflow_operators' retrieved from /home/airflow/.local/lib/python3.12/site-packages/airflow/example_dags/example_dynamic_task_mapping_with_no_taskflow_operators.py
[2026-02-10T01:36:10.617+0000] {logging_mixin.py:188} INFO - [2026-02-10T01:36:10.617+0000] {dag.py:3096} INFO - Sync 1 DAGs
[2026-02-10T01:36:10.636+0000] {logging_mixin.py:188} INFO - [2026-02-10T01:36:10.636+0000] {dag.py:3954} INFO - Setting next_dagrun for example_dynamic_task_mapping_with_no_taskflow_operators to 2026-02-09 00:00:00+00:00, run_after=2026-02-10 00:00:00+00:00
[2026-02-10T01:36:10.664+0000] {processor.py:183} INFO - Processing /home/airflow/.local/lib/python3.12/site-packages/airflow/example_dags/example_dynamic_task_mapping_with_no_taskflow_operators.py took 0.079 seconds
[2026-02-10T01:36:40.930+0000] {processor.py:161} INFO - Started process (PID=743) to work on /home/airflow/.local/lib/python3.12/site-packages/airflow/example_dags/example_dynamic_task_mapping_with_no_taskflow_operators.py
[2026-02-10T01:36:40.932+0000] {processor.py:830} INFO - Processing file /home/airflow/.local/lib/python3.12/site-packages/airflow/example_dags/example_dynamic_task_mapping_with_no_taskflow_operators.py for tasks to queue
[2026-02-10T01:36:40.934+0000] {logging_mixin.py:188} INFO - [2026-02-10T01:36:40.934+0000] {dagbag.py:540} INFO - Filling up the DagBag from /home/airflow/.local/lib/python3.12/site-packages/airflow/example_dags/example_dynamic_task_mapping_with_no_taskflow_operators.py
[2026-02-10T01:36:40.942+0000] {processor.py:840} INFO - DAG(s) 'example_dynamic_task_mapping_with_no_taskflow_operators' retrieved from /home/airflow/.local/lib/python3.12/site-packages/airflow/example_dags/example_dynamic_task_mapping_with_no_taskflow_operators.py
[2026-02-10T01:36:40.962+0000] {logging_mixin.py:188} INFO - [2026-02-10T01:36:40.962+0000] {dag.py:3096} INFO - Sync 1 DAGs
[2026-02-10T01:36:40.982+0000] {logging_mixin.py:188} INFO - [2026-02-10T01:36:40.982+0000] {dag.py:3954} INFO - Setting next_dagrun for example_dynamic_task_mapping_with_no_taskflow_operators to 2026-02-09 00:00:00+00:00, run_after=2026-02-10 00:00:00+00:00
[2026-02-10T01:36:41.014+0000] {processor.py:183} INFO - Processing /home/airflow/.local/lib/python3.12/site-packages/airflow/example_dags/example_dynamic_task_mapping_with_no_taskflow_operators.py took 0.091 seconds
[2026-02-10T01:39:34.112+0000] {processor.py:161} INFO - Started process (PID=40) to work on /home/airflow/.local/lib/python3.12/site-packages/airflow/example_dags/example_dynamic_task_mapping_with_no_taskflow_operators.py
[2026-02-10T01:39:34.114+0000] {processor.py:830} INFO - Processing file /home/airflow/.local/lib/python3.12/site-packages/airflow/example_dags/example_dynamic_task_mapping_with_no_taskflow_operators.py for tasks to queue
[2026-02-10T01:39:34.121+0000] {logging_mixin.py:188} INFO - [2026-02-10T01:39:34.120+0000] {dagbag.py:540} INFO - Filling up the DagBag from /home/airflow/.local/lib/python3.12/site-packages/airflow/example_dags/example_dynamic_task_mapping_with_no_taskflow_operators.py
[2026-02-10T01:39:34.148+0000] {processor.py:840} INFO - DAG(s) 'example_dynamic_task_mapping_with_no_taskflow_operators' retrieved from /home/airflow/.local/lib/python3.12/site-packages/airflow/example_dags/example_dynamic_task_mapping_with_no_taskflow_operators.py
[2026-02-10T01:39:34.181+0000] {logging_mixin.py:188} INFO - [2026-02-10T01:39:34.180+0000] {dag.py:3096} INFO - Sync 1 DAGs
[2026-02-10T01:39:34.247+0000] {logging_mixin.py:188} INFO - [2026-02-10T01:39:34.246+0000] {dag.py:3954} INFO - Setting next_dagrun for example_dynamic_task_mapping_with_no_taskflow_operators to 2026-02-09 00:00:00+00:00, run_after=2026-02-10 00:00:00+00:00
[2026-02-10T01:39:34.293+0000] {processor.py:183} INFO - Processing /home/airflow/.local/lib/python3.12/site-packages/airflow/example_dags/example_dynamic_task_mapping_with_no_taskflow_operators.py took 0.206 seconds
[2026-02-10T01:40:05.112+0000] {processor.py:161} INFO - Started process (PID=94) to work on /home/airflow/.local/lib/python3.12/site-packages/airflow/example_dags/example_dynamic_task_mapping_with_no_taskflow_operators.py
[2026-02-10T01:40:05.113+0000] {processor.py:830} INFO - Processing file /home/airflow/.local/lib/python3.12/site-packages/airflow/example_dags/example_dynamic_task_mapping_with_no_taskflow_operators.py for tasks to queue
[2026-02-10T01:40:05.115+0000] {logging_mixin.py:188} INFO - [2026-02-10T01:40:05.115+0000] {dagbag.py:540} INFO - Filling up the DagBag from /home/airflow/.local/lib/python3.12/site-packages/airflow/example_dags/example_dynamic_task_mapping_with_no_taskflow_operators.py
[2026-02-10T01:40:05.122+0000] {processor.py:840} INFO - DAG(s) 'example_dynamic_task_mapping_with_no_taskflow_operators' retrieved from /home/airflow/.local/lib/python3.12/site-packages/airflow/example_dags/example_dynamic_task_mapping_with_no_taskflow_operators.py
[2026-02-10T01:40:05.220+0000] {logging_mixin.py:188} INFO - [2026-02-10T01:40:05.220+0000] {dag.py:3096} INFO - Sync 1 DAGs
[2026-02-10T01:40:05.238+0000] {logging_mixin.py:188} INFO - [2026-02-10T01:40:05.238+0000] {dag.py:3954} INFO - Setting next_dagrun for example_dynamic_task_mapping_with_no_taskflow_operators to 2026-02-09 00:00:00+00:00, run_after=2026-02-10 00:00:00+00:00
[2026-02-10T01:40:05.260+0000] {processor.py:183} INFO - Processing /home/airflow/.local/lib/python3.12/site-packages/airflow/example_dags/example_dynamic_task_mapping_with_no_taskflow_operators.py took 0.153 seconds
[2026-02-10T01:40:36.178+0000] {processor.py:161} INFO - Started process (PID=148) to work on /home/airflow/.local/lib/python3.12/site-packages/airflow/example_dags/example_dynamic_task_mapping_with_no_taskflow_operators.py
[2026-02-10T01:40:36.182+0000] {processor.py:830} INFO - Processing file /home/airflow/.local/lib/python3.12/site-packages/airflow/example_dags/example_dynamic_task_mapping_with_no_taskflow_operators.py for tasks to queue
[2026-02-10T01:40:36.184+0000] {logging_mixin.py:188} INFO - [2026-02-10T01:40:36.184+0000] {dagbag.py:540} INFO - Filling up the DagBag from /home/airflow/.local/lib/python3.12/site-packages/airflow/example_dags/example_dynamic_task_mapping_with_no_taskflow_operators.py
[2026-02-10T01:40:36.194+0000] {processor.py:840} INFO - DAG(s) 'example_dynamic_task_mapping_with_no_taskflow_operators' retrieved from /home/airflow/.local/lib/python3.12/site-packages/airflow/example_dags/example_dynamic_task_mapping_with_no_taskflow_operators.py
[2026-02-10T01:40:36.223+0000] {logging_mixin.py:188} INFO - [2026-02-10T01:40:36.223+0000] {dag.py:3096} INFO - Sync 1 DAGs
[2026-02-10T01:40:36.251+0000] {logging_mixin.py:188} INFO - [2026-02-10T01:40:36.251+0000] {dag.py:3954} INFO - Setting next_dagrun for example_dynamic_task_mapping_with_no_taskflow_operators to 2026-02-09 00:00:00+00:00, run_after=2026-02-10 00:00:00+00:00
[2026-02-10T01:40:36.278+0000] {processor.py:183} INFO - Processing /home/airflow/.local/lib/python3.12/site-packages/airflow/example_dags/example_dynamic_task_mapping_with_no_taskflow_operators.py took 0.106 seconds
[2026-02-10T01:41:06.798+0000] {processor.py:161} INFO - Started process (PID=202) to work on /home/airflow/.local/lib/python3.12/site-packages/airflow/example_dags/example_dynamic_task_mapping_with_no_taskflow_operators.py
[2026-02-10T01:41:06.799+0000] {processor.py:830} INFO - Processing file /home/airflow/.local/lib/python3.12/site-packages/airflow/example_dags/example_dynamic_task_mapping_with_no_taskflow_operators.py for tasks to queue
[2026-02-10T01:41:06.801+0000] {logging_mixin.py:188} INFO - [2026-02-10T01:41:06.801+0000] {dagbag.py:540} INFO - Filling up the DagBag from /home/airflow/.local/lib/python3.12/site-packages/airflow/example_dags/example_dynamic_task_mapping_with_no_taskflow_operators.py
[2026-02-10T01:41:06.808+0000] {processor.py:840} INFO - DAG(s) 'example_dynamic_task_mapping_with_no_taskflow_operators' retrieved from /home/airflow/.local/lib/python3.12/site-packages/airflow/example_dags/example_dynamic_task_mapping_with_no_taskflow_operators.py
[2026-02-10T01:41:06.828+0000] {logging_mixin.py:188} INFO - [2026-02-10T01:41:06.828+0000] {dag.py:3096} INFO - Sync 1 DAGs
[2026-02-10T01:41:06.850+0000] {logging_mixin.py:188} INFO - [2026-02-10T01:41:06.849+0000] {dag.py:3954} INFO - Setting next_dagrun for example_dynamic_task_mapping_with_no_taskflow_operators to 2026-02-09 00:00:00+00:00, run_after=2026-02-10 00:00:00+00:00
[2026-02-10T01:41:06.878+0000] {processor.py:183} INFO - Processing /home/airflow/.local/lib/python3.12/site-packages/airflow/example_dags/example_dynamic_task_mapping_with_no_taskflow_operators.py took 0.085 seconds
[2026-02-10T01:41:36.970+0000] {processor.py:161} INFO - Started process (PID=256) to work on /home/airflow/.local/lib/python3.12/site-packages/airflow/example_dags/example_dynamic_task_mapping_with_no_taskflow_operators.py
[2026-02-10T01:41:36.971+0000] {processor.py:830} INFO - Processing file /home/airflow/.local/lib/python3.12/site-packages/airflow/example_dags/example_dynamic_task_mapping_with_no_taskflow_operators.py for tasks to queue
[2026-02-10T01:41:36.972+0000] {logging_mixin.py:188} INFO - [2026-02-10T01:41:36.972+0000] {dagbag.py:540} INFO - Filling up the DagBag from /home/airflow/.local/lib/python3.12/site-packages/airflow/example_dags/example_dynamic_task_mapping_with_no_taskflow_operators.py
[2026-02-10T01:41:36.978+0000] {processor.py:840} INFO - DAG(s) 'example_dynamic_task_mapping_with_no_taskflow_operators' retrieved from /home/airflow/.local/lib/python3.12/site-packages/airflow/example_dags/example_dynamic_task_mapping_with_no_taskflow_operators.py
[2026-02-10T01:41:36.999+0000] {logging_mixin.py:188} INFO - [2026-02-10T01:41:36.998+0000] {dag.py:3096} INFO - Sync 1 DAGs
[2026-02-10T01:41:37.022+0000] {logging_mixin.py:188} INFO - [2026-02-10T01:41:37.021+0000] {dag.py:3954} INFO - Setting next_dagrun for example_dynamic_task_mapping_with_no_taskflow_operators to 2026-02-09 00:00:00+00:00, run_after=2026-02-10 00:00:00+00:00
[2026-02-10T01:41:37.054+0000] {processor.py:183} INFO - Processing /home/airflow/.local/lib/python3.12/site-packages/airflow/example_dags/example_dynamic_task_mapping_with_no_taskflow_operators.py took 0.090 seconds
[2026-02-10T01:42:07.310+0000] {processor.py:161} INFO - Started process (PID=310) to work on /home/airflow/.local/lib/python3.12/site-packages/airflow/example_dags/example_dynamic_task_mapping_with_no_taskflow_operators.py
[2026-02-10T01:42:07.311+0000] {processor.py:830} INFO - Processing file /home/airflow/.local/lib/python3.12/site-packages/airflow/example_dags/example_dynamic_task_mapping_with_no_taskflow_operators.py for tasks to queue
[2026-02-10T01:42:07.313+0000] {logging_mixin.py:188} INFO - [2026-02-10T01:42:07.313+0000] {dagbag.py:540} INFO - Filling up the DagBag from /home/airflow/.local/lib/python3.12/site-packages/airflow/example_dags/example_dynamic_task_mapping_with_no_taskflow_operators.py
[2026-02-10T01:42:07.319+0000] {processor.py:840} INFO - DAG(s) 'example_dynamic_task_mapping_with_no_taskflow_operators' retrieved from /home/airflow/.local/lib/python3.12/site-packages/airflow/example_dags/example_dynamic_task_mapping_with_no_taskflow_operators.py
[2026-02-10T01:42:07.338+0000] {logging_mixin.py:188} INFO - [2026-02-10T01:42:07.338+0000] {dag.py:3096} INFO - Sync 1 DAGs
[2026-02-10T01:42:07.358+0000] {logging_mixin.py:188} INFO - [2026-02-10T01:42:07.358+0000] {dag.py:3954} INFO - Setting next_dagrun for example_dynamic_task_mapping_with_no_taskflow_operators to 2026-02-09 00:00:00+00:00, run_after=2026-02-10 00:00:00+00:00
[2026-02-10T01:42:07.388+0000] {processor.py:183} INFO - Processing /home/airflow/.local/lib/python3.12/site-packages/airflow/example_dags/example_dynamic_task_mapping_with_no_taskflow_operators.py took 0.083 seconds
[2026-02-10T01:42:37.663+0000] {processor.py:161} INFO - Started process (PID=364) to work on /home/airflow/.local/lib/python3.12/site-packages/airflow/example_dags/example_dynamic_task_mapping_with_no_taskflow_operators.py
[2026-02-10T01:42:37.665+0000] {processor.py:830} INFO - Processing file /home/airflow/.local/lib/python3.12/site-packages/airflow/example_dags/example_dynamic_task_mapping_with_no_taskflow_operators.py for tasks to queue
[2026-02-10T01:42:37.667+0000] {logging_mixin.py:188} INFO - [2026-02-10T01:42:37.667+0000] {dagbag.py:540} INFO - Filling up the DagBag from /home/airflow/.local/lib/python3.12/site-packages/airflow/example_dags/example_dynamic_task_mapping_with_no_taskflow_operators.py
[2026-02-10T01:42:37.674+0000] {processor.py:840} INFO - DAG(s) 'example_dynamic_task_mapping_with_no_taskflow_operators' retrieved from /home/airflow/.local/lib/python3.12/site-packages/airflow/example_dags/example_dynamic_task_mapping_with_no_taskflow_operators.py
[2026-02-10T01:42:37.693+0000] {logging_mixin.py:188} INFO - [2026-02-10T01:42:37.693+0000] {dag.py:3096} INFO - Sync 1 DAGs
[2026-02-10T01:42:37.715+0000] {logging_mixin.py:188} INFO - [2026-02-10T01:42:37.714+0000] {dag.py:3954} INFO - Setting next_dagrun for example_dynamic_task_mapping_with_no_taskflow_operators to 2026-02-09 00:00:00+00:00, run_after=2026-02-10 00:00:00+00:00
[2026-02-10T01:42:37.735+0000] {processor.py:183} INFO - Processing /home/airflow/.local/lib/python3.12/site-packages/airflow/example_dags/example_dynamic_task_mapping_with_no_taskflow_operators.py took 0.077 seconds
[2026-02-10T01:44:03.972+0000] {processor.py:161} INFO - Started process (PID=40) to work on /home/airflow/.local/lib/python3.12/site-packages/airflow/example_dags/example_dynamic_task_mapping_with_no_taskflow_operators.py
[2026-02-10T01:44:03.987+0000] {processor.py:830} INFO - Processing file /home/airflow/.local/lib/python3.12/site-packages/airflow/example_dags/example_dynamic_task_mapping_with_no_taskflow_operators.py for tasks to queue
[2026-02-10T01:44:04.004+0000] {logging_mixin.py:188} INFO - [2026-02-10T01:44:04.003+0000] {dagbag.py:540} INFO - Filling up the DagBag from /home/airflow/.local/lib/python3.12/site-packages/airflow/example_dags/example_dynamic_task_mapping_with_no_taskflow_operators.py
[2026-02-10T01:44:04.069+0000] {processor.py:840} INFO - DAG(s) 'example_dynamic_task_mapping_with_no_taskflow_operators' retrieved from /home/airflow/.local/lib/python3.12/site-packages/airflow/example_dags/example_dynamic_task_mapping_with_no_taskflow_operators.py
[2026-02-10T01:44:04.137+0000] {logging_mixin.py:188} INFO - [2026-02-10T01:44:04.137+0000] {dag.py:3096} INFO - Sync 1 DAGs
[2026-02-10T01:44:04.275+0000] {logging_mixin.py:188} INFO - [2026-02-10T01:44:04.274+0000] {dag.py:3954} INFO - Setting next_dagrun for example_dynamic_task_mapping_with_no_taskflow_operators to 2026-02-09 00:00:00+00:00, run_after=2026-02-10 00:00:00+00:00
[2026-02-10T01:44:04.523+0000] {processor.py:183} INFO - Processing /home/airflow/.local/lib/python3.12/site-packages/airflow/example_dags/example_dynamic_task_mapping_with_no_taskflow_operators.py took 0.578 seconds
[2026-02-10T01:44:35.327+0000] {processor.py:161} INFO - Started process (PID=94) to work on /home/airflow/.local/lib/python3.12/site-packages/airflow/example_dags/example_dynamic_task_mapping_with_no_taskflow_operators.py
[2026-02-10T01:44:35.328+0000] {processor.py:830} INFO - Processing file /home/airflow/.local/lib/python3.12/site-packages/airflow/example_dags/example_dynamic_task_mapping_with_no_taskflow_operators.py for tasks to queue
[2026-02-10T01:44:35.330+0000] {logging_mixin.py:188} INFO - [2026-02-10T01:44:35.330+0000] {dagbag.py:540} INFO - Filling up the DagBag from /home/airflow/.local/lib/python3.12/site-packages/airflow/example_dags/example_dynamic_task_mapping_with_no_taskflow_operators.py
[2026-02-10T01:44:35.336+0000] {processor.py:840} INFO - DAG(s) 'example_dynamic_task_mapping_with_no_taskflow_operators' retrieved from /home/airflow/.local/lib/python3.12/site-packages/airflow/example_dags/example_dynamic_task_mapping_with_no_taskflow_operators.py
[2026-02-10T01:44:35.436+0000] {logging_mixin.py:188} INFO - [2026-02-10T01:44:35.436+0000] {dag.py:3096} INFO - Sync 1 DAGs
[2026-02-10T01:44:35.457+0000] {logging_mixin.py:188} INFO - [2026-02-10T01:44:35.457+0000] {dag.py:3954} INFO - Setting next_dagrun for example_dynamic_task_mapping_with_no_taskflow_operators to 2026-02-09 00:00:00+00:00, run_after=2026-02-10 00:00:00+00:00
[2026-02-10T01:44:35.478+0000] {processor.py:183} INFO - Processing /home/airflow/.local/lib/python3.12/site-packages/airflow/example_dags/example_dynamic_task_mapping_with_no_taskflow_operators.py took 0.156 seconds
[2026-02-10T01:46:53.778+0000] {processor.py:161} INFO - Started process (PID=40) to work on /home/airflow/.local/lib/python3.12/site-packages/airflow/example_dags/example_dynamic_task_mapping_with_no_taskflow_operators.py
[2026-02-10T01:46:53.782+0000] {processor.py:830} INFO - Processing file /home/airflow/.local/lib/python3.12/site-packages/airflow/example_dags/example_dynamic_task_mapping_with_no_taskflow_operators.py for tasks to queue
[2026-02-10T01:46:53.789+0000] {logging_mixin.py:188} INFO - [2026-02-10T01:46:53.787+0000] {dagbag.py:540} INFO - Filling up the DagBag from /home/airflow/.local/lib/python3.12/site-packages/airflow/example_dags/example_dynamic_task_mapping_with_no_taskflow_operators.py
[2026-02-10T01:46:53.838+0000] {processor.py:840} INFO - DAG(s) 'example_dynamic_task_mapping_with_no_taskflow_operators' retrieved from /home/airflow/.local/lib/python3.12/site-packages/airflow/example_dags/example_dynamic_task_mapping_with_no_taskflow_operators.py
[2026-02-10T01:46:53.876+0000] {logging_mixin.py:188} INFO - [2026-02-10T01:46:53.874+0000] {dag.py:3096} INFO - Sync 1 DAGs
[2026-02-10T01:46:54.074+0000] {logging_mixin.py:188} INFO - [2026-02-10T01:46:54.072+0000] {dag.py:3954} INFO - Setting next_dagrun for example_dynamic_task_mapping_with_no_taskflow_operators to 2026-02-09 00:00:00+00:00, run_after=2026-02-10 00:00:00+00:00
[2026-02-10T01:46:54.191+0000] {processor.py:183} INFO - Processing /home/airflow/.local/lib/python3.12/site-packages/airflow/example_dags/example_dynamic_task_mapping_with_no_taskflow_operators.py took 0.456 seconds
[2026-02-10T01:47:24.915+0000] {processor.py:161} INFO - Started process (PID=94) to work on /home/airflow/.local/lib/python3.12/site-packages/airflow/example_dags/example_dynamic_task_mapping_with_no_taskflow_operators.py
[2026-02-10T01:47:24.917+0000] {processor.py:830} INFO - Processing file /home/airflow/.local/lib/python3.12/site-packages/airflow/example_dags/example_dynamic_task_mapping_with_no_taskflow_operators.py for tasks to queue
[2026-02-10T01:47:24.919+0000] {logging_mixin.py:188} INFO - [2026-02-10T01:47:24.918+0000] {dagbag.py:540} INFO - Filling up the DagBag from /home/airflow/.local/lib/python3.12/site-packages/airflow/example_dags/example_dynamic_task_mapping_with_no_taskflow_operators.py
[2026-02-10T01:47:24.924+0000] {processor.py:840} INFO - DAG(s) 'example_dynamic_task_mapping_with_no_taskflow_operators' retrieved from /home/airflow/.local/lib/python3.12/site-packages/airflow/example_dags/example_dynamic_task_mapping_with_no_taskflow_operators.py
[2026-02-10T01:47:25.012+0000] {logging_mixin.py:188} INFO - [2026-02-10T01:47:25.012+0000] {dag.py:3096} INFO - Sync 1 DAGs
[2026-02-10T01:47:25.028+0000] {logging_mixin.py:188} INFO - [2026-02-10T01:47:25.028+0000] {dag.py:3954} INFO - Setting next_dagrun for example_dynamic_task_mapping_with_no_taskflow_operators to 2026-02-09 00:00:00+00:00, run_after=2026-02-10 00:00:00+00:00
[2026-02-10T01:47:25.048+0000] {processor.py:183} INFO - Processing /home/airflow/.local/lib/python3.12/site-packages/airflow/example_dags/example_dynamic_task_mapping_with_no_taskflow_operators.py took 0.137 seconds
[2026-02-10T01:47:55.844+0000] {processor.py:161} INFO - Started process (PID=148) to work on /home/airflow/.local/lib/python3.12/site-packages/airflow/example_dags/example_dynamic_task_mapping_with_no_taskflow_operators.py
[2026-02-10T01:47:55.845+0000] {processor.py:830} INFO - Processing file /home/airflow/.local/lib/python3.12/site-packages/airflow/example_dags/example_dynamic_task_mapping_with_no_taskflow_operators.py for tasks to queue
[2026-02-10T01:47:55.847+0000] {logging_mixin.py:188} INFO - [2026-02-10T01:47:55.847+0000] {dagbag.py:540} INFO - Filling up the DagBag from /home/airflow/.local/lib/python3.12/site-packages/airflow/example_dags/example_dynamic_task_mapping_with_no_taskflow_operators.py
[2026-02-10T01:47:55.855+0000] {processor.py:840} INFO - DAG(s) 'example_dynamic_task_mapping_with_no_taskflow_operators' retrieved from /home/airflow/.local/lib/python3.12/site-packages/airflow/example_dags/example_dynamic_task_mapping_with_no_taskflow_operators.py
[2026-02-10T01:47:55.878+0000] {logging_mixin.py:188} INFO - [2026-02-10T01:47:55.878+0000] {dag.py:3096} INFO - Sync 1 DAGs
[2026-02-10T01:47:55.903+0000] {logging_mixin.py:188} INFO - [2026-02-10T01:47:55.902+0000] {dag.py:3954} INFO - Setting next_dagrun for example_dynamic_task_mapping_with_no_taskflow_operators to 2026-02-09 00:00:00+00:00, run_after=2026-02-10 00:00:00+00:00
[2026-02-10T01:47:55.935+0000] {processor.py:183} INFO - Processing /home/airflow/.local/lib/python3.12/site-packages/airflow/example_dags/example_dynamic_task_mapping_with_no_taskflow_operators.py took 0.096 seconds
[2026-02-10T01:48:25.999+0000] {processor.py:161} INFO - Started process (PID=202) to work on /home/airflow/.local/lib/python3.12/site-packages/airflow/example_dags/example_dynamic_task_mapping_with_no_taskflow_operators.py
[2026-02-10T01:48:26.000+0000] {processor.py:830} INFO - Processing file /home/airflow/.local/lib/python3.12/site-packages/airflow/example_dags/example_dynamic_task_mapping_with_no_taskflow_operators.py for tasks to queue
[2026-02-10T01:48:26.002+0000] {logging_mixin.py:188} INFO - [2026-02-10T01:48:26.001+0000] {dagbag.py:540} INFO - Filling up the DagBag from /home/airflow/.local/lib/python3.12/site-packages/airflow/example_dags/example_dynamic_task_mapping_with_no_taskflow_operators.py
[2026-02-10T01:48:26.008+0000] {processor.py:840} INFO - DAG(s) 'example_dynamic_task_mapping_with_no_taskflow_operators' retrieved from /home/airflow/.local/lib/python3.12/site-packages/airflow/example_dags/example_dynamic_task_mapping_with_no_taskflow_operators.py
[2026-02-10T01:48:26.028+0000] {logging_mixin.py:188} INFO - [2026-02-10T01:48:26.028+0000] {dag.py:3096} INFO - Sync 1 DAGs
[2026-02-10T01:48:26.047+0000] {logging_mixin.py:188} INFO - [2026-02-10T01:48:26.047+0000] {dag.py:3954} INFO - Setting next_dagrun for example_dynamic_task_mapping_with_no_taskflow_operators to 2026-02-09 00:00:00+00:00, run_after=2026-02-10 00:00:00+00:00
[2026-02-10T01:48:26.067+0000] {processor.py:183} INFO - Processing /home/airflow/.local/lib/python3.12/site-packages/airflow/example_dags/example_dynamic_task_mapping_with_no_taskflow_operators.py took 0.074 seconds
[2026-02-10T01:48:56.512+0000] {processor.py:161} INFO - Started process (PID=256) to work on /home/airflow/.local/lib/python3.12/site-packages/airflow/example_dags/example_dynamic_task_mapping_with_no_taskflow_operators.py
[2026-02-10T01:48:56.513+0000] {processor.py:830} INFO - Processing file /home/airflow/.local/lib/python3.12/site-packages/airflow/example_dags/example_dynamic_task_mapping_with_no_taskflow_operators.py for tasks to queue
[2026-02-10T01:48:56.515+0000] {logging_mixin.py:188} INFO - [2026-02-10T01:48:56.515+0000] {dagbag.py:540} INFO - Filling up the DagBag from /home/airflow/.local/lib/python3.12/site-packages/airflow/example_dags/example_dynamic_task_mapping_with_no_taskflow_operators.py
[2026-02-10T01:48:56.521+0000] {processor.py:840} INFO - DAG(s) 'example_dynamic_task_mapping_with_no_taskflow_operators' retrieved from /home/airflow/.local/lib/python3.12/site-packages/airflow/example_dags/example_dynamic_task_mapping_with_no_taskflow_operators.py
[2026-02-10T01:48:56.547+0000] {logging_mixin.py:188} INFO - [2026-02-10T01:48:56.547+0000] {dag.py:3096} INFO - Sync 1 DAGs
[2026-02-10T01:48:56.576+0000] {logging_mixin.py:188} INFO - [2026-02-10T01:48:56.576+0000] {dag.py:3954} INFO - Setting next_dagrun for example_dynamic_task_mapping_with_no_taskflow_operators to 2026-02-09 00:00:00+00:00, run_after=2026-02-10 00:00:00+00:00
[2026-02-10T01:48:56.599+0000] {processor.py:183} INFO - Processing /home/airflow/.local/lib/python3.12/site-packages/airflow/example_dags/example_dynamic_task_mapping_with_no_taskflow_operators.py took 0.093 seconds
[2026-02-10T01:49:26.702+0000] {processor.py:161} INFO - Started process (PID=310) to work on /home/airflow/.local/lib/python3.12/site-packages/airflow/example_dags/example_dynamic_task_mapping_with_no_taskflow_operators.py
[2026-02-10T01:49:26.703+0000] {processor.py:830} INFO - Processing file /home/airflow/.local/lib/python3.12/site-packages/airflow/example_dags/example_dynamic_task_mapping_with_no_taskflow_operators.py for tasks to queue
[2026-02-10T01:49:26.705+0000] {logging_mixin.py:188} INFO - [2026-02-10T01:49:26.704+0000] {dagbag.py:540} INFO - Filling up the DagBag from /home/airflow/.local/lib/python3.12/site-packages/airflow/example_dags/example_dynamic_task_mapping_with_no_taskflow_operators.py
[2026-02-10T01:49:26.711+0000] {processor.py:840} INFO - DAG(s) 'example_dynamic_task_mapping_with_no_taskflow_operators' retrieved from /home/airflow/.local/lib/python3.12/site-packages/airflow/example_dags/example_dynamic_task_mapping_with_no_taskflow_operators.py
[2026-02-10T01:49:26.730+0000] {logging_mixin.py:188} INFO - [2026-02-10T01:49:26.730+0000] {dag.py:3096} INFO - Sync 1 DAGs
[2026-02-10T01:49:26.751+0000] {logging_mixin.py:188} INFO - [2026-02-10T01:49:26.751+0000] {dag.py:3954} INFO - Setting next_dagrun for example_dynamic_task_mapping_with_no_taskflow_operators to 2026-02-09 00:00:00+00:00, run_after=2026-02-10 00:00:00+00:00
[2026-02-10T01:49:26.771+0000] {processor.py:183} INFO - Processing /home/airflow/.local/lib/python3.12/site-packages/airflow/example_dags/example_dynamic_task_mapping_with_no_taskflow_operators.py took 0.076 seconds
[2026-02-10T01:49:56.952+0000] {processor.py:161} INFO - Started process (PID=364) to work on /home/airflow/.local/lib/python3.12/site-packages/airflow/example_dags/example_dynamic_task_mapping_with_no_taskflow_operators.py
[2026-02-10T01:49:56.953+0000] {processor.py:830} INFO - Processing file /home/airflow/.local/lib/python3.12/site-packages/airflow/example_dags/example_dynamic_task_mapping_with_no_taskflow_operators.py for tasks to queue
[2026-02-10T01:49:56.955+0000] {logging_mixin.py:188} INFO - [2026-02-10T01:49:56.955+0000] {dagbag.py:540} INFO - Filling up the DagBag from /home/airflow/.local/lib/python3.12/site-packages/airflow/example_dags/example_dynamic_task_mapping_with_no_taskflow_operators.py
[2026-02-10T01:49:56.962+0000] {processor.py:840} INFO - DAG(s) 'example_dynamic_task_mapping_with_no_taskflow_operators' retrieved from /home/airflow/.local/lib/python3.12/site-packages/airflow/example_dags/example_dynamic_task_mapping_with_no_taskflow_operators.py
[2026-02-10T01:49:56.983+0000] {logging_mixin.py:188} INFO - [2026-02-10T01:49:56.982+0000] {dag.py:3096} INFO - Sync 1 DAGs
[2026-02-10T01:49:57.004+0000] {logging_mixin.py:188} INFO - [2026-02-10T01:49:57.004+0000] {dag.py:3954} INFO - Setting next_dagrun for example_dynamic_task_mapping_with_no_taskflow_operators to 2026-02-09 00:00:00+00:00, run_after=2026-02-10 00:00:00+00:00
[2026-02-10T01:49:57.036+0000] {processor.py:183} INFO - Processing /home/airflow/.local/lib/python3.12/site-packages/airflow/example_dags/example_dynamic_task_mapping_with_no_taskflow_operators.py took 0.090 seconds
[2026-02-10T01:50:27.386+0000] {processor.py:161} INFO - Started process (PID=418) to work on /home/airflow/.local/lib/python3.12/site-packages/airflow/example_dags/example_dynamic_task_mapping_with_no_taskflow_operators.py
[2026-02-10T01:50:27.387+0000] {processor.py:830} INFO - Processing file /home/airflow/.local/lib/python3.12/site-packages/airflow/example_dags/example_dynamic_task_mapping_with_no_taskflow_operators.py for tasks to queue
[2026-02-10T01:50:27.390+0000] {logging_mixin.py:188} INFO - [2026-02-10T01:50:27.389+0000] {dagbag.py:540} INFO - Filling up the DagBag from /home/airflow/.local/lib/python3.12/site-packages/airflow/example_dags/example_dynamic_task_mapping_with_no_taskflow_operators.py
[2026-02-10T01:50:27.398+0000] {processor.py:840} INFO - DAG(s) 'example_dynamic_task_mapping_with_no_taskflow_operators' retrieved from /home/airflow/.local/lib/python3.12/site-packages/airflow/example_dags/example_dynamic_task_mapping_with_no_taskflow_operators.py
[2026-02-10T01:50:27.442+0000] {logging_mixin.py:188} INFO - [2026-02-10T01:50:27.441+0000] {dag.py:3096} INFO - Sync 1 DAGs
[2026-02-10T01:50:27.503+0000] {logging_mixin.py:188} INFO - [2026-02-10T01:50:27.503+0000] {dag.py:3954} INFO - Setting next_dagrun for example_dynamic_task_mapping_with_no_taskflow_operators to 2026-02-09 00:00:00+00:00, run_after=2026-02-10 00:00:00+00:00
[2026-02-10T01:50:27.528+0000] {processor.py:183} INFO - Processing /home/airflow/.local/lib/python3.12/site-packages/airflow/example_dags/example_dynamic_task_mapping_with_no_taskflow_operators.py took 0.148 seconds
[2026-02-10T01:50:57.730+0000] {processor.py:161} INFO - Started process (PID=472) to work on /home/airflow/.local/lib/python3.12/site-packages/airflow/example_dags/example_dynamic_task_mapping_with_no_taskflow_operators.py
[2026-02-10T01:50:57.732+0000] {processor.py:830} INFO - Processing file /home/airflow/.local/lib/python3.12/site-packages/airflow/example_dags/example_dynamic_task_mapping_with_no_taskflow_operators.py for tasks to queue
[2026-02-10T01:50:57.734+0000] {logging_mixin.py:188} INFO - [2026-02-10T01:50:57.733+0000] {dagbag.py:540} INFO - Filling up the DagBag from /home/airflow/.local/lib/python3.12/site-packages/airflow/example_dags/example_dynamic_task_mapping_with_no_taskflow_operators.py
[2026-02-10T01:50:57.740+0000] {processor.py:840} INFO - DAG(s) 'example_dynamic_task_mapping_with_no_taskflow_operators' retrieved from /home/airflow/.local/lib/python3.12/site-packages/airflow/example_dags/example_dynamic_task_mapping_with_no_taskflow_operators.py
[2026-02-10T01:50:57.761+0000] {logging_mixin.py:188} INFO - [2026-02-10T01:50:57.761+0000] {dag.py:3096} INFO - Sync 1 DAGs
[2026-02-10T01:50:57.780+0000] {logging_mixin.py:188} INFO - [2026-02-10T01:50:57.780+0000] {dag.py:3954} INFO - Setting next_dagrun for example_dynamic_task_mapping_with_no_taskflow_operators to 2026-02-09 00:00:00+00:00, run_after=2026-02-10 00:00:00+00:00
[2026-02-10T01:50:57.810+0000] {processor.py:183} INFO - Processing /home/airflow/.local/lib/python3.12/site-packages/airflow/example_dags/example_dynamic_task_mapping_with_no_taskflow_operators.py took 0.085 seconds
[2026-02-10T01:51:28.271+0000] {processor.py:161} INFO - Started process (PID=526) to work on /home/airflow/.local/lib/python3.12/site-packages/airflow/example_dags/example_dynamic_task_mapping_with_no_taskflow_operators.py
[2026-02-10T01:51:28.272+0000] {processor.py:830} INFO - Processing file /home/airflow/.local/lib/python3.12/site-packages/airflow/example_dags/example_dynamic_task_mapping_with_no_taskflow_operators.py for tasks to queue
[2026-02-10T01:51:28.275+0000] {logging_mixin.py:188} INFO - [2026-02-10T01:51:28.275+0000] {dagbag.py:540} INFO - Filling up the DagBag from /home/airflow/.local/lib/python3.12/site-packages/airflow/example_dags/example_dynamic_task_mapping_with_no_taskflow_operators.py
[2026-02-10T01:51:28.283+0000] {processor.py:840} INFO - DAG(s) 'example_dynamic_task_mapping_with_no_taskflow_operators' retrieved from /home/airflow/.local/lib/python3.12/site-packages/airflow/example_dags/example_dynamic_task_mapping_with_no_taskflow_operators.py
[2026-02-10T01:51:28.313+0000] {logging_mixin.py:188} INFO - [2026-02-10T01:51:28.312+0000] {dag.py:3096} INFO - Sync 1 DAGs
[2026-02-10T01:51:28.341+0000] {logging_mixin.py:188} INFO - [2026-02-10T01:51:28.341+0000] {dag.py:3954} INFO - Setting next_dagrun for example_dynamic_task_mapping_with_no_taskflow_operators to 2026-02-09 00:00:00+00:00, run_after=2026-02-10 00:00:00+00:00
[2026-02-10T01:51:28.374+0000] {processor.py:183} INFO - Processing /home/airflow/.local/lib/python3.12/site-packages/airflow/example_dags/example_dynamic_task_mapping_with_no_taskflow_operators.py took 0.109 seconds
[2026-02-10T01:51:58.715+0000] {processor.py:161} INFO - Started process (PID=580) to work on /home/airflow/.local/lib/python3.12/site-packages/airflow/example_dags/example_dynamic_task_mapping_with_no_taskflow_operators.py
[2026-02-10T01:51:58.716+0000] {processor.py:830} INFO - Processing file /home/airflow/.local/lib/python3.12/site-packages/airflow/example_dags/example_dynamic_task_mapping_with_no_taskflow_operators.py for tasks to queue
[2026-02-10T01:51:58.718+0000] {logging_mixin.py:188} INFO - [2026-02-10T01:51:58.718+0000] {dagbag.py:540} INFO - Filling up the DagBag from /home/airflow/.local/lib/python3.12/site-packages/airflow/example_dags/example_dynamic_task_mapping_with_no_taskflow_operators.py
[2026-02-10T01:51:58.727+0000] {processor.py:840} INFO - DAG(s) 'example_dynamic_task_mapping_with_no_taskflow_operators' retrieved from /home/airflow/.local/lib/python3.12/site-packages/airflow/example_dags/example_dynamic_task_mapping_with_no_taskflow_operators.py
[2026-02-10T01:51:58.751+0000] {logging_mixin.py:188} INFO - [2026-02-10T01:51:58.751+0000] {dag.py:3096} INFO - Sync 1 DAGs
[2026-02-10T01:51:58.781+0000] {logging_mixin.py:188} INFO - [2026-02-10T01:51:58.780+0000] {dag.py:3954} INFO - Setting next_dagrun for example_dynamic_task_mapping_with_no_taskflow_operators to 2026-02-09 00:00:00+00:00, run_after=2026-02-10 00:00:00+00:00
[2026-02-10T01:51:58.802+0000] {processor.py:183} INFO - Processing /home/airflow/.local/lib/python3.12/site-packages/airflow/example_dags/example_dynamic_task_mapping_with_no_taskflow_operators.py took 0.093 seconds
[2026-02-10T01:52:29.165+0000] {processor.py:161} INFO - Started process (PID=634) to work on /home/airflow/.local/lib/python3.12/site-packages/airflow/example_dags/example_dynamic_task_mapping_with_no_taskflow_operators.py
[2026-02-10T01:52:29.166+0000] {processor.py:830} INFO - Processing file /home/airflow/.local/lib/python3.12/site-packages/airflow/example_dags/example_dynamic_task_mapping_with_no_taskflow_operators.py for tasks to queue
[2026-02-10T01:52:29.168+0000] {logging_mixin.py:188} INFO - [2026-02-10T01:52:29.167+0000] {dagbag.py:540} INFO - Filling up the DagBag from /home/airflow/.local/lib/python3.12/site-packages/airflow/example_dags/example_dynamic_task_mapping_with_no_taskflow_operators.py
[2026-02-10T01:52:29.176+0000] {processor.py:840} INFO - DAG(s) 'example_dynamic_task_mapping_with_no_taskflow_operators' retrieved from /home/airflow/.local/lib/python3.12/site-packages/airflow/example_dags/example_dynamic_task_mapping_with_no_taskflow_operators.py
[2026-02-10T01:52:29.195+0000] {logging_mixin.py:188} INFO - [2026-02-10T01:52:29.195+0000] {dag.py:3096} INFO - Sync 1 DAGs
[2026-02-10T01:52:29.216+0000] {logging_mixin.py:188} INFO - [2026-02-10T01:52:29.215+0000] {dag.py:3954} INFO - Setting next_dagrun for example_dynamic_task_mapping_with_no_taskflow_operators to 2026-02-09 00:00:00+00:00, run_after=2026-02-10 00:00:00+00:00
[2026-02-10T01:52:29.244+0000] {processor.py:183} INFO - Processing /home/airflow/.local/lib/python3.12/site-packages/airflow/example_dags/example_dynamic_task_mapping_with_no_taskflow_operators.py took 0.085 seconds
[2026-02-10T01:52:59.673+0000] {processor.py:161} INFO - Started process (PID=688) to work on /home/airflow/.local/lib/python3.12/site-packages/airflow/example_dags/example_dynamic_task_mapping_with_no_taskflow_operators.py
[2026-02-10T01:52:59.674+0000] {processor.py:830} INFO - Processing file /home/airflow/.local/lib/python3.12/site-packages/airflow/example_dags/example_dynamic_task_mapping_with_no_taskflow_operators.py for tasks to queue
[2026-02-10T01:52:59.676+0000] {logging_mixin.py:188} INFO - [2026-02-10T01:52:59.676+0000] {dagbag.py:540} INFO - Filling up the DagBag from /home/airflow/.local/lib/python3.12/site-packages/airflow/example_dags/example_dynamic_task_mapping_with_no_taskflow_operators.py
[2026-02-10T01:52:59.683+0000] {processor.py:840} INFO - DAG(s) 'example_dynamic_task_mapping_with_no_taskflow_operators' retrieved from /home/airflow/.local/lib/python3.12/site-packages/airflow/example_dags/example_dynamic_task_mapping_with_no_taskflow_operators.py
[2026-02-10T01:52:59.705+0000] {logging_mixin.py:188} INFO - [2026-02-10T01:52:59.705+0000] {dag.py:3096} INFO - Sync 1 DAGs
[2026-02-10T01:52:59.725+0000] {logging_mixin.py:188} INFO - [2026-02-10T01:52:59.725+0000] {dag.py:3954} INFO - Setting next_dagrun for example_dynamic_task_mapping_with_no_taskflow_operators to 2026-02-09 00:00:00+00:00, run_after=2026-02-10 00:00:00+00:00
[2026-02-10T01:52:59.755+0000] {processor.py:183} INFO - Processing /home/airflow/.local/lib/python3.12/site-packages/airflow/example_dags/example_dynamic_task_mapping_with_no_taskflow_operators.py took 0.089 seconds
[2026-02-10T01:53:29.906+0000] {processor.py:161} INFO - Started process (PID=742) to work on /home/airflow/.local/lib/python3.12/site-packages/airflow/example_dags/example_dynamic_task_mapping_with_no_taskflow_operators.py
[2026-02-10T01:53:29.908+0000] {processor.py:830} INFO - Processing file /home/airflow/.local/lib/python3.12/site-packages/airflow/example_dags/example_dynamic_task_mapping_with_no_taskflow_operators.py for tasks to queue
[2026-02-10T01:53:29.910+0000] {logging_mixin.py:188} INFO - [2026-02-10T01:53:29.910+0000] {dagbag.py:540} INFO - Filling up the DagBag from /home/airflow/.local/lib/python3.12/site-packages/airflow/example_dags/example_dynamic_task_mapping_with_no_taskflow_operators.py
[2026-02-10T01:53:29.917+0000] {processor.py:840} INFO - DAG(s) 'example_dynamic_task_mapping_with_no_taskflow_operators' retrieved from /home/airflow/.local/lib/python3.12/site-packages/airflow/example_dags/example_dynamic_task_mapping_with_no_taskflow_operators.py
[2026-02-10T01:53:29.942+0000] {logging_mixin.py:188} INFO - [2026-02-10T01:53:29.941+0000] {dag.py:3096} INFO - Sync 1 DAGs
[2026-02-10T01:53:29.968+0000] {logging_mixin.py:188} INFO - [2026-02-10T01:53:29.968+0000] {dag.py:3954} INFO - Setting next_dagrun for example_dynamic_task_mapping_with_no_taskflow_operators to 2026-02-09 00:00:00+00:00, run_after=2026-02-10 00:00:00+00:00
[2026-02-10T01:53:29.991+0000] {processor.py:183} INFO - Processing /home/airflow/.local/lib/python3.12/site-packages/airflow/example_dags/example_dynamic_task_mapping_with_no_taskflow_operators.py took 0.092 seconds
[2026-02-10T01:54:00.101+0000] {processor.py:161} INFO - Started process (PID=796) to work on /home/airflow/.local/lib/python3.12/site-packages/airflow/example_dags/example_dynamic_task_mapping_with_no_taskflow_operators.py
[2026-02-10T01:54:00.102+0000] {processor.py:830} INFO - Processing file /home/airflow/.local/lib/python3.12/site-packages/airflow/example_dags/example_dynamic_task_mapping_with_no_taskflow_operators.py for tasks to queue
[2026-02-10T01:54:00.105+0000] {logging_mixin.py:188} INFO - [2026-02-10T01:54:00.104+0000] {dagbag.py:540} INFO - Filling up the DagBag from /home/airflow/.local/lib/python3.12/site-packages/airflow/example_dags/example_dynamic_task_mapping_with_no_taskflow_operators.py
[2026-02-10T01:54:00.111+0000] {processor.py:840} INFO - DAG(s) 'example_dynamic_task_mapping_with_no_taskflow_operators' retrieved from /home/airflow/.local/lib/python3.12/site-packages/airflow/example_dags/example_dynamic_task_mapping_with_no_taskflow_operators.py
[2026-02-10T01:54:00.132+0000] {logging_mixin.py:188} INFO - [2026-02-10T01:54:00.132+0000] {dag.py:3096} INFO - Sync 1 DAGs
[2026-02-10T01:54:00.153+0000] {logging_mixin.py:188} INFO - [2026-02-10T01:54:00.153+0000] {dag.py:3954} INFO - Setting next_dagrun for example_dynamic_task_mapping_with_no_taskflow_operators to 2026-02-09 00:00:00+00:00, run_after=2026-02-10 00:00:00+00:00
[2026-02-10T01:54:00.176+0000] {processor.py:183} INFO - Processing /home/airflow/.local/lib/python3.12/site-packages/airflow/example_dags/example_dynamic_task_mapping_with_no_taskflow_operators.py took 0.080 seconds
[2026-02-10T01:54:30.430+0000] {processor.py:161} INFO - Started process (PID=850) to work on /home/airflow/.local/lib/python3.12/site-packages/airflow/example_dags/example_dynamic_task_mapping_with_no_taskflow_operators.py
[2026-02-10T01:54:30.432+0000] {processor.py:830} INFO - Processing file /home/airflow/.local/lib/python3.12/site-packages/airflow/example_dags/example_dynamic_task_mapping_with_no_taskflow_operators.py for tasks to queue
[2026-02-10T01:54:30.433+0000] {logging_mixin.py:188} INFO - [2026-02-10T01:54:30.433+0000] {dagbag.py:540} INFO - Filling up the DagBag from /home/airflow/.local/lib/python3.12/site-packages/airflow/example_dags/example_dynamic_task_mapping_with_no_taskflow_operators.py
[2026-02-10T01:54:30.440+0000] {processor.py:840} INFO - DAG(s) 'example_dynamic_task_mapping_with_no_taskflow_operators' retrieved from /home/airflow/.local/lib/python3.12/site-packages/airflow/example_dags/example_dynamic_task_mapping_with_no_taskflow_operators.py
[2026-02-10T01:54:30.458+0000] {logging_mixin.py:188} INFO - [2026-02-10T01:54:30.458+0000] {dag.py:3096} INFO - Sync 1 DAGs
[2026-02-10T01:54:30.477+0000] {logging_mixin.py:188} INFO - [2026-02-10T01:54:30.477+0000] {dag.py:3954} INFO - Setting next_dagrun for example_dynamic_task_mapping_with_no_taskflow_operators to 2026-02-09 00:00:00+00:00, run_after=2026-02-10 00:00:00+00:00
[2026-02-10T01:54:30.497+0000] {processor.py:183} INFO - Processing /home/airflow/.local/lib/python3.12/site-packages/airflow/example_dags/example_dynamic_task_mapping_with_no_taskflow_operators.py took 0.072 seconds
[2026-02-10T01:55:00.861+0000] {processor.py:161} INFO - Started process (PID=904) to work on /home/airflow/.local/lib/python3.12/site-packages/airflow/example_dags/example_dynamic_task_mapping_with_no_taskflow_operators.py
[2026-02-10T01:55:00.862+0000] {processor.py:830} INFO - Processing file /home/airflow/.local/lib/python3.12/site-packages/airflow/example_dags/example_dynamic_task_mapping_with_no_taskflow_operators.py for tasks to queue
[2026-02-10T01:55:00.864+0000] {logging_mixin.py:188} INFO - [2026-02-10T01:55:00.864+0000] {dagbag.py:540} INFO - Filling up the DagBag from /home/airflow/.local/lib/python3.12/site-packages/airflow/example_dags/example_dynamic_task_mapping_with_no_taskflow_operators.py
[2026-02-10T01:55:00.871+0000] {processor.py:840} INFO - DAG(s) 'example_dynamic_task_mapping_with_no_taskflow_operators' retrieved from /home/airflow/.local/lib/python3.12/site-packages/airflow/example_dags/example_dynamic_task_mapping_with_no_taskflow_operators.py
[2026-02-10T01:55:00.888+0000] {logging_mixin.py:188} INFO - [2026-02-10T01:55:00.888+0000] {dag.py:3096} INFO - Sync 1 DAGs
[2026-02-10T01:55:00.908+0000] {logging_mixin.py:188} INFO - [2026-02-10T01:55:00.908+0000] {dag.py:3954} INFO - Setting next_dagrun for example_dynamic_task_mapping_with_no_taskflow_operators to 2026-02-09 00:00:00+00:00, run_after=2026-02-10 00:00:00+00:00
[2026-02-10T01:55:00.924+0000] {processor.py:183} INFO - Processing /home/airflow/.local/lib/python3.12/site-packages/airflow/example_dags/example_dynamic_task_mapping_with_no_taskflow_operators.py took 0.069 seconds
[2026-02-10T01:55:31.342+0000] {processor.py:161} INFO - Started process (PID=958) to work on /home/airflow/.local/lib/python3.12/site-packages/airflow/example_dags/example_dynamic_task_mapping_with_no_taskflow_operators.py
[2026-02-10T01:55:31.343+0000] {processor.py:830} INFO - Processing file /home/airflow/.local/lib/python3.12/site-packages/airflow/example_dags/example_dynamic_task_mapping_with_no_taskflow_operators.py for tasks to queue
[2026-02-10T01:55:31.345+0000] {logging_mixin.py:188} INFO - [2026-02-10T01:55:31.345+0000] {dagbag.py:540} INFO - Filling up the DagBag from /home/airflow/.local/lib/python3.12/site-packages/airflow/example_dags/example_dynamic_task_mapping_with_no_taskflow_operators.py
[2026-02-10T01:55:31.351+0000] {processor.py:840} INFO - DAG(s) 'example_dynamic_task_mapping_with_no_taskflow_operators' retrieved from /home/airflow/.local/lib/python3.12/site-packages/airflow/example_dags/example_dynamic_task_mapping_with_no_taskflow_operators.py
[2026-02-10T01:55:31.371+0000] {logging_mixin.py:188} INFO - [2026-02-10T01:55:31.370+0000] {dag.py:3096} INFO - Sync 1 DAGs
[2026-02-10T01:55:31.390+0000] {logging_mixin.py:188} INFO - [2026-02-10T01:55:31.390+0000] {dag.py:3954} INFO - Setting next_dagrun for example_dynamic_task_mapping_with_no_taskflow_operators to 2026-02-09 00:00:00+00:00, run_after=2026-02-10 00:00:00+00:00
[2026-02-10T01:55:31.420+0000] {processor.py:183} INFO - Processing /home/airflow/.local/lib/python3.12/site-packages/airflow/example_dags/example_dynamic_task_mapping_with_no_taskflow_operators.py took 0.084 seconds
[2026-02-10T01:56:01.620+0000] {processor.py:161} INFO - Started process (PID=1012) to work on /home/airflow/.local/lib/python3.12/site-packages/airflow/example_dags/example_dynamic_task_mapping_with_no_taskflow_operators.py
[2026-02-10T01:56:01.621+0000] {processor.py:830} INFO - Processing file /home/airflow/.local/lib/python3.12/site-packages/airflow/example_dags/example_dynamic_task_mapping_with_no_taskflow_operators.py for tasks to queue
[2026-02-10T01:56:01.623+0000] {logging_mixin.py:188} INFO - [2026-02-10T01:56:01.623+0000] {dagbag.py:540} INFO - Filling up the DagBag from /home/airflow/.local/lib/python3.12/site-packages/airflow/example_dags/example_dynamic_task_mapping_with_no_taskflow_operators.py
[2026-02-10T01:56:01.629+0000] {processor.py:840} INFO - DAG(s) 'example_dynamic_task_mapping_with_no_taskflow_operators' retrieved from /home/airflow/.local/lib/python3.12/site-packages/airflow/example_dags/example_dynamic_task_mapping_with_no_taskflow_operators.py
[2026-02-10T01:56:01.647+0000] {logging_mixin.py:188} INFO - [2026-02-10T01:56:01.647+0000] {dag.py:3096} INFO - Sync 1 DAGs
[2026-02-10T01:56:01.668+0000] {logging_mixin.py:188} INFO - [2026-02-10T01:56:01.667+0000] {dag.py:3954} INFO - Setting next_dagrun for example_dynamic_task_mapping_with_no_taskflow_operators to 2026-02-09 00:00:00+00:00, run_after=2026-02-10 00:00:00+00:00
[2026-02-10T01:56:01.687+0000] {processor.py:183} INFO - Processing /home/airflow/.local/lib/python3.12/site-packages/airflow/example_dags/example_dynamic_task_mapping_with_no_taskflow_operators.py took 0.073 seconds
[2026-02-10T01:56:32.021+0000] {processor.py:161} INFO - Started process (PID=1066) to work on /home/airflow/.local/lib/python3.12/site-packages/airflow/example_dags/example_dynamic_task_mapping_with_no_taskflow_operators.py
[2026-02-10T01:56:32.022+0000] {processor.py:830} INFO - Processing file /home/airflow/.local/lib/python3.12/site-packages/airflow/example_dags/example_dynamic_task_mapping_with_no_taskflow_operators.py for tasks to queue
[2026-02-10T01:56:32.024+0000] {logging_mixin.py:188} INFO - [2026-02-10T01:56:32.024+0000] {dagbag.py:540} INFO - Filling up the DagBag from /home/airflow/.local/lib/python3.12/site-packages/airflow/example_dags/example_dynamic_task_mapping_with_no_taskflow_operators.py
[2026-02-10T01:56:32.031+0000] {processor.py:840} INFO - DAG(s) 'example_dynamic_task_mapping_with_no_taskflow_operators' retrieved from /home/airflow/.local/lib/python3.12/site-packages/airflow/example_dags/example_dynamic_task_mapping_with_no_taskflow_operators.py
[2026-02-10T01:56:32.055+0000] {logging_mixin.py:188} INFO - [2026-02-10T01:56:32.055+0000] {dag.py:3096} INFO - Sync 1 DAGs
[2026-02-10T01:56:32.076+0000] {logging_mixin.py:188} INFO - [2026-02-10T01:56:32.076+0000] {dag.py:3954} INFO - Setting next_dagrun for example_dynamic_task_mapping_with_no_taskflow_operators to 2026-02-09 00:00:00+00:00, run_after=2026-02-10 00:00:00+00:00
[2026-02-10T01:56:32.097+0000] {processor.py:183} INFO - Processing /home/airflow/.local/lib/python3.12/site-packages/airflow/example_dags/example_dynamic_task_mapping_with_no_taskflow_operators.py took 0.081 seconds
[2026-02-10T01:57:02.192+0000] {processor.py:161} INFO - Started process (PID=1120) to work on /home/airflow/.local/lib/python3.12/site-packages/airflow/example_dags/example_dynamic_task_mapping_with_no_taskflow_operators.py
[2026-02-10T01:57:02.193+0000] {processor.py:830} INFO - Processing file /home/airflow/.local/lib/python3.12/site-packages/airflow/example_dags/example_dynamic_task_mapping_with_no_taskflow_operators.py for tasks to queue
[2026-02-10T01:57:02.195+0000] {logging_mixin.py:188} INFO - [2026-02-10T01:57:02.195+0000] {dagbag.py:540} INFO - Filling up the DagBag from /home/airflow/.local/lib/python3.12/site-packages/airflow/example_dags/example_dynamic_task_mapping_with_no_taskflow_operators.py
[2026-02-10T01:57:02.201+0000] {processor.py:840} INFO - DAG(s) 'example_dynamic_task_mapping_with_no_taskflow_operators' retrieved from /home/airflow/.local/lib/python3.12/site-packages/airflow/example_dags/example_dynamic_task_mapping_with_no_taskflow_operators.py
[2026-02-10T01:57:02.222+0000] {logging_mixin.py:188} INFO - [2026-02-10T01:57:02.221+0000] {dag.py:3096} INFO - Sync 1 DAGs
[2026-02-10T01:57:02.242+0000] {logging_mixin.py:188} INFO - [2026-02-10T01:57:02.242+0000] {dag.py:3954} INFO - Setting next_dagrun for example_dynamic_task_mapping_with_no_taskflow_operators to 2026-02-09 00:00:00+00:00, run_after=2026-02-10 00:00:00+00:00
[2026-02-10T01:57:02.263+0000] {processor.py:183} INFO - Processing /home/airflow/.local/lib/python3.12/site-packages/airflow/example_dags/example_dynamic_task_mapping_with_no_taskflow_operators.py took 0.076 seconds
[2026-02-10T02:00:04.039+0000] {processor.py:161} INFO - Started process (PID=39) to work on /home/airflow/.local/lib/python3.12/site-packages/airflow/example_dags/example_dynamic_task_mapping_with_no_taskflow_operators.py
[2026-02-10T02:00:04.042+0000] {processor.py:830} INFO - Processing file /home/airflow/.local/lib/python3.12/site-packages/airflow/example_dags/example_dynamic_task_mapping_with_no_taskflow_operators.py for tasks to queue
[2026-02-10T02:00:04.058+0000] {logging_mixin.py:188} INFO - [2026-02-10T02:00:04.053+0000] {dagbag.py:540} INFO - Filling up the DagBag from /home/airflow/.local/lib/python3.12/site-packages/airflow/example_dags/example_dynamic_task_mapping_with_no_taskflow_operators.py
[2026-02-10T02:00:04.088+0000] {processor.py:840} INFO - DAG(s) 'example_dynamic_task_mapping_with_no_taskflow_operators' retrieved from /home/airflow/.local/lib/python3.12/site-packages/airflow/example_dags/example_dynamic_task_mapping_with_no_taskflow_operators.py
[2026-02-10T02:00:04.122+0000] {logging_mixin.py:188} INFO - [2026-02-10T02:00:04.121+0000] {dag.py:3096} INFO - Sync 1 DAGs
[2026-02-10T02:00:04.242+0000] {logging_mixin.py:188} INFO - [2026-02-10T02:00:04.241+0000] {dag.py:3954} INFO - Setting next_dagrun for example_dynamic_task_mapping_with_no_taskflow_operators to 2026-02-09 00:00:00+00:00, run_after=2026-02-10 00:00:00+00:00
[2026-02-10T02:00:04.299+0000] {processor.py:183} INFO - Processing /home/airflow/.local/lib/python3.12/site-packages/airflow/example_dags/example_dynamic_task_mapping_with_no_taskflow_operators.py took 0.278 seconds
[2026-02-10T02:00:34.895+0000] {processor.py:161} INFO - Started process (PID=93) to work on /home/airflow/.local/lib/python3.12/site-packages/airflow/example_dags/example_dynamic_task_mapping_with_no_taskflow_operators.py
[2026-02-10T02:00:34.897+0000] {processor.py:830} INFO - Processing file /home/airflow/.local/lib/python3.12/site-packages/airflow/example_dags/example_dynamic_task_mapping_with_no_taskflow_operators.py for tasks to queue
[2026-02-10T02:00:34.899+0000] {logging_mixin.py:188} INFO - [2026-02-10T02:00:34.899+0000] {dagbag.py:540} INFO - Filling up the DagBag from /home/airflow/.local/lib/python3.12/site-packages/airflow/example_dags/example_dynamic_task_mapping_with_no_taskflow_operators.py
[2026-02-10T02:00:34.907+0000] {processor.py:840} INFO - DAG(s) 'example_dynamic_task_mapping_with_no_taskflow_operators' retrieved from /home/airflow/.local/lib/python3.12/site-packages/airflow/example_dags/example_dynamic_task_mapping_with_no_taskflow_operators.py
[2026-02-10T02:00:34.993+0000] {logging_mixin.py:188} INFO - [2026-02-10T02:00:34.993+0000] {dag.py:3096} INFO - Sync 1 DAGs
[2026-02-10T02:00:35.010+0000] {logging_mixin.py:188} INFO - [2026-02-10T02:00:35.010+0000] {dag.py:3954} INFO - Setting next_dagrun for example_dynamic_task_mapping_with_no_taskflow_operators to 2026-02-09 00:00:00+00:00, run_after=2026-02-10 00:00:00+00:00
[2026-02-10T02:00:35.029+0000] {processor.py:183} INFO - Processing /home/airflow/.local/lib/python3.12/site-packages/airflow/example_dags/example_dynamic_task_mapping_with_no_taskflow_operators.py took 0.140 seconds
[2026-02-10T02:01:05.272+0000] {processor.py:161} INFO - Started process (PID=147) to work on /home/airflow/.local/lib/python3.12/site-packages/airflow/example_dags/example_dynamic_task_mapping_with_no_taskflow_operators.py
[2026-02-10T02:01:05.273+0000] {processor.py:830} INFO - Processing file /home/airflow/.local/lib/python3.12/site-packages/airflow/example_dags/example_dynamic_task_mapping_with_no_taskflow_operators.py for tasks to queue
[2026-02-10T02:01:05.275+0000] {logging_mixin.py:188} INFO - [2026-02-10T02:01:05.275+0000] {dagbag.py:540} INFO - Filling up the DagBag from /home/airflow/.local/lib/python3.12/site-packages/airflow/example_dags/example_dynamic_task_mapping_with_no_taskflow_operators.py
[2026-02-10T02:01:05.281+0000] {processor.py:840} INFO - DAG(s) 'example_dynamic_task_mapping_with_no_taskflow_operators' retrieved from /home/airflow/.local/lib/python3.12/site-packages/airflow/example_dags/example_dynamic_task_mapping_with_no_taskflow_operators.py
[2026-02-10T02:01:05.300+0000] {logging_mixin.py:188} INFO - [2026-02-10T02:01:05.300+0000] {dag.py:3096} INFO - Sync 1 DAGs
[2026-02-10T02:01:05.318+0000] {logging_mixin.py:188} INFO - [2026-02-10T02:01:05.318+0000] {dag.py:3954} INFO - Setting next_dagrun for example_dynamic_task_mapping_with_no_taskflow_operators to 2026-02-09 00:00:00+00:00, run_after=2026-02-10 00:00:00+00:00
[2026-02-10T02:01:05.339+0000] {processor.py:183} INFO - Processing /home/airflow/.local/lib/python3.12/site-packages/airflow/example_dags/example_dynamic_task_mapping_with_no_taskflow_operators.py took 0.072 seconds
[2026-02-10T02:01:35.528+0000] {processor.py:161} INFO - Started process (PID=201) to work on /home/airflow/.local/lib/python3.12/site-packages/airflow/example_dags/example_dynamic_task_mapping_with_no_taskflow_operators.py
[2026-02-10T02:01:35.529+0000] {processor.py:830} INFO - Processing file /home/airflow/.local/lib/python3.12/site-packages/airflow/example_dags/example_dynamic_task_mapping_with_no_taskflow_operators.py for tasks to queue
[2026-02-10T02:01:35.531+0000] {logging_mixin.py:188} INFO - [2026-02-10T02:01:35.531+0000] {dagbag.py:540} INFO - Filling up the DagBag from /home/airflow/.local/lib/python3.12/site-packages/airflow/example_dags/example_dynamic_task_mapping_with_no_taskflow_operators.py
[2026-02-10T02:01:35.537+0000] {processor.py:840} INFO - DAG(s) 'example_dynamic_task_mapping_with_no_taskflow_operators' retrieved from /home/airflow/.local/lib/python3.12/site-packages/airflow/example_dags/example_dynamic_task_mapping_with_no_taskflow_operators.py
[2026-02-10T02:01:35.557+0000] {logging_mixin.py:188} INFO - [2026-02-10T02:01:35.557+0000] {dag.py:3096} INFO - Sync 1 DAGs
[2026-02-10T02:01:35.577+0000] {logging_mixin.py:188} INFO - [2026-02-10T02:01:35.577+0000] {dag.py:3954} INFO - Setting next_dagrun for example_dynamic_task_mapping_with_no_taskflow_operators to 2026-02-09 00:00:00+00:00, run_after=2026-02-10 00:00:00+00:00
[2026-02-10T02:01:35.596+0000] {processor.py:183} INFO - Processing /home/airflow/.local/lib/python3.12/site-packages/airflow/example_dags/example_dynamic_task_mapping_with_no_taskflow_operators.py took 0.074 seconds
[2026-02-10T02:02:05.818+0000] {processor.py:161} INFO - Started process (PID=255) to work on /home/airflow/.local/lib/python3.12/site-packages/airflow/example_dags/example_dynamic_task_mapping_with_no_taskflow_operators.py
[2026-02-10T02:02:05.819+0000] {processor.py:830} INFO - Processing file /home/airflow/.local/lib/python3.12/site-packages/airflow/example_dags/example_dynamic_task_mapping_with_no_taskflow_operators.py for tasks to queue
[2026-02-10T02:02:05.821+0000] {logging_mixin.py:188} INFO - [2026-02-10T02:02:05.820+0000] {dagbag.py:540} INFO - Filling up the DagBag from /home/airflow/.local/lib/python3.12/site-packages/airflow/example_dags/example_dynamic_task_mapping_with_no_taskflow_operators.py
[2026-02-10T02:02:05.826+0000] {processor.py:840} INFO - DAG(s) 'example_dynamic_task_mapping_with_no_taskflow_operators' retrieved from /home/airflow/.local/lib/python3.12/site-packages/airflow/example_dags/example_dynamic_task_mapping_with_no_taskflow_operators.py
[2026-02-10T02:02:05.845+0000] {logging_mixin.py:188} INFO - [2026-02-10T02:02:05.845+0000] {dag.py:3096} INFO - Sync 1 DAGs
[2026-02-10T02:02:05.864+0000] {logging_mixin.py:188} INFO - [2026-02-10T02:02:05.863+0000] {dag.py:3954} INFO - Setting next_dagrun for example_dynamic_task_mapping_with_no_taskflow_operators to 2026-02-09 00:00:00+00:00, run_after=2026-02-10 00:00:00+00:00
[2026-02-10T02:02:05.883+0000] {processor.py:183} INFO - Processing /home/airflow/.local/lib/python3.12/site-packages/airflow/example_dags/example_dynamic_task_mapping_with_no_taskflow_operators.py took 0.071 seconds
[2026-02-10T02:02:36.186+0000] {processor.py:161} INFO - Started process (PID=309) to work on /home/airflow/.local/lib/python3.12/site-packages/airflow/example_dags/example_dynamic_task_mapping_with_no_taskflow_operators.py
[2026-02-10T02:02:36.187+0000] {processor.py:830} INFO - Processing file /home/airflow/.local/lib/python3.12/site-packages/airflow/example_dags/example_dynamic_task_mapping_with_no_taskflow_operators.py for tasks to queue
[2026-02-10T02:02:36.189+0000] {logging_mixin.py:188} INFO - [2026-02-10T02:02:36.189+0000] {dagbag.py:540} INFO - Filling up the DagBag from /home/airflow/.local/lib/python3.12/site-packages/airflow/example_dags/example_dynamic_task_mapping_with_no_taskflow_operators.py
[2026-02-10T02:02:36.195+0000] {processor.py:840} INFO - DAG(s) 'example_dynamic_task_mapping_with_no_taskflow_operators' retrieved from /home/airflow/.local/lib/python3.12/site-packages/airflow/example_dags/example_dynamic_task_mapping_with_no_taskflow_operators.py
[2026-02-10T02:02:36.216+0000] {logging_mixin.py:188} INFO - [2026-02-10T02:02:36.216+0000] {dag.py:3096} INFO - Sync 1 DAGs
[2026-02-10T02:02:36.235+0000] {logging_mixin.py:188} INFO - [2026-02-10T02:02:36.235+0000] {dag.py:3954} INFO - Setting next_dagrun for example_dynamic_task_mapping_with_no_taskflow_operators to 2026-02-09 00:00:00+00:00, run_after=2026-02-10 00:00:00+00:00
[2026-02-10T02:02:36.256+0000] {processor.py:183} INFO - Processing /home/airflow/.local/lib/python3.12/site-packages/airflow/example_dags/example_dynamic_task_mapping_with_no_taskflow_operators.py took 0.076 seconds
[2026-02-10T02:03:06.871+0000] {processor.py:161} INFO - Started process (PID=363) to work on /home/airflow/.local/lib/python3.12/site-packages/airflow/example_dags/example_dynamic_task_mapping_with_no_taskflow_operators.py
[2026-02-10T02:03:06.872+0000] {processor.py:830} INFO - Processing file /home/airflow/.local/lib/python3.12/site-packages/airflow/example_dags/example_dynamic_task_mapping_with_no_taskflow_operators.py for tasks to queue
[2026-02-10T02:03:06.874+0000] {logging_mixin.py:188} INFO - [2026-02-10T02:03:06.874+0000] {dagbag.py:540} INFO - Filling up the DagBag from /home/airflow/.local/lib/python3.12/site-packages/airflow/example_dags/example_dynamic_task_mapping_with_no_taskflow_operators.py
[2026-02-10T02:03:06.880+0000] {processor.py:840} INFO - DAG(s) 'example_dynamic_task_mapping_with_no_taskflow_operators' retrieved from /home/airflow/.local/lib/python3.12/site-packages/airflow/example_dags/example_dynamic_task_mapping_with_no_taskflow_operators.py
[2026-02-10T02:03:06.899+0000] {logging_mixin.py:188} INFO - [2026-02-10T02:03:06.899+0000] {dag.py:3096} INFO - Sync 1 DAGs
[2026-02-10T02:03:06.919+0000] {logging_mixin.py:188} INFO - [2026-02-10T02:03:06.919+0000] {dag.py:3954} INFO - Setting next_dagrun for example_dynamic_task_mapping_with_no_taskflow_operators to 2026-02-09 00:00:00+00:00, run_after=2026-02-10 00:00:00+00:00
[2026-02-10T02:03:06.940+0000] {processor.py:183} INFO - Processing /home/airflow/.local/lib/python3.12/site-packages/airflow/example_dags/example_dynamic_task_mapping_with_no_taskflow_operators.py took 0.075 seconds
[2026-02-10T02:03:37.386+0000] {processor.py:161} INFO - Started process (PID=417) to work on /home/airflow/.local/lib/python3.12/site-packages/airflow/example_dags/example_dynamic_task_mapping_with_no_taskflow_operators.py
[2026-02-10T02:03:37.387+0000] {processor.py:830} INFO - Processing file /home/airflow/.local/lib/python3.12/site-packages/airflow/example_dags/example_dynamic_task_mapping_with_no_taskflow_operators.py for tasks to queue
[2026-02-10T02:03:37.390+0000] {logging_mixin.py:188} INFO - [2026-02-10T02:03:37.390+0000] {dagbag.py:540} INFO - Filling up the DagBag from /home/airflow/.local/lib/python3.12/site-packages/airflow/example_dags/example_dynamic_task_mapping_with_no_taskflow_operators.py
[2026-02-10T02:03:37.396+0000] {processor.py:840} INFO - DAG(s) 'example_dynamic_task_mapping_with_no_taskflow_operators' retrieved from /home/airflow/.local/lib/python3.12/site-packages/airflow/example_dags/example_dynamic_task_mapping_with_no_taskflow_operators.py
[2026-02-10T02:03:37.416+0000] {logging_mixin.py:188} INFO - [2026-02-10T02:03:37.416+0000] {dag.py:3096} INFO - Sync 1 DAGs
[2026-02-10T02:03:37.442+0000] {logging_mixin.py:188} INFO - [2026-02-10T02:03:37.442+0000] {dag.py:3954} INFO - Setting next_dagrun for example_dynamic_task_mapping_with_no_taskflow_operators to 2026-02-09 00:00:00+00:00, run_after=2026-02-10 00:00:00+00:00
[2026-02-10T02:03:37.463+0000] {processor.py:183} INFO - Processing /home/airflow/.local/lib/python3.12/site-packages/airflow/example_dags/example_dynamic_task_mapping_with_no_taskflow_operators.py took 0.084 seconds
[2026-02-10T02:04:07.892+0000] {processor.py:161} INFO - Started process (PID=471) to work on /home/airflow/.local/lib/python3.12/site-packages/airflow/example_dags/example_dynamic_task_mapping_with_no_taskflow_operators.py
[2026-02-10T02:04:07.893+0000] {processor.py:830} INFO - Processing file /home/airflow/.local/lib/python3.12/site-packages/airflow/example_dags/example_dynamic_task_mapping_with_no_taskflow_operators.py for tasks to queue
[2026-02-10T02:04:07.895+0000] {logging_mixin.py:188} INFO - [2026-02-10T02:04:07.895+0000] {dagbag.py:540} INFO - Filling up the DagBag from /home/airflow/.local/lib/python3.12/site-packages/airflow/example_dags/example_dynamic_task_mapping_with_no_taskflow_operators.py
[2026-02-10T02:04:07.903+0000] {processor.py:840} INFO - DAG(s) 'example_dynamic_task_mapping_with_no_taskflow_operators' retrieved from /home/airflow/.local/lib/python3.12/site-packages/airflow/example_dags/example_dynamic_task_mapping_with_no_taskflow_operators.py
[2026-02-10T02:04:07.925+0000] {logging_mixin.py:188} INFO - [2026-02-10T02:04:07.924+0000] {dag.py:3096} INFO - Sync 1 DAGs
[2026-02-10T02:04:07.947+0000] {logging_mixin.py:188} INFO - [2026-02-10T02:04:07.947+0000] {dag.py:3954} INFO - Setting next_dagrun for example_dynamic_task_mapping_with_no_taskflow_operators to 2026-02-09 00:00:00+00:00, run_after=2026-02-10 00:00:00+00:00
[2026-02-10T02:04:07.975+0000] {processor.py:183} INFO - Processing /home/airflow/.local/lib/python3.12/site-packages/airflow/example_dags/example_dynamic_task_mapping_with_no_taskflow_operators.py took 0.089 seconds
[2026-02-10T02:07:45.153+0000] {processor.py:161} INFO - Started process (PID=40) to work on /home/airflow/.local/lib/python3.12/site-packages/airflow/example_dags/example_dynamic_task_mapping_with_no_taskflow_operators.py
[2026-02-10T02:07:45.161+0000] {processor.py:830} INFO - Processing file /home/airflow/.local/lib/python3.12/site-packages/airflow/example_dags/example_dynamic_task_mapping_with_no_taskflow_operators.py for tasks to queue
[2026-02-10T02:07:45.167+0000] {logging_mixin.py:188} INFO - [2026-02-10T02:07:45.166+0000] {dagbag.py:540} INFO - Filling up the DagBag from /home/airflow/.local/lib/python3.12/site-packages/airflow/example_dags/example_dynamic_task_mapping_with_no_taskflow_operators.py
[2026-02-10T02:07:45.251+0000] {processor.py:840} INFO - DAG(s) 'example_dynamic_task_mapping_with_no_taskflow_operators' retrieved from /home/airflow/.local/lib/python3.12/site-packages/airflow/example_dags/example_dynamic_task_mapping_with_no_taskflow_operators.py
[2026-02-10T02:07:45.319+0000] {logging_mixin.py:188} INFO - [2026-02-10T02:07:45.318+0000] {dag.py:3096} INFO - Sync 1 DAGs
[2026-02-10T02:07:45.440+0000] {logging_mixin.py:188} INFO - [2026-02-10T02:07:45.439+0000] {dag.py:3954} INFO - Setting next_dagrun for example_dynamic_task_mapping_with_no_taskflow_operators to 2026-02-09 00:00:00+00:00, run_after=2026-02-10 00:00:00+00:00
[2026-02-10T02:07:45.522+0000] {processor.py:183} INFO - Processing /home/airflow/.local/lib/python3.12/site-packages/airflow/example_dags/example_dynamic_task_mapping_with_no_taskflow_operators.py took 0.404 seconds
[2026-02-10T02:08:15.678+0000] {processor.py:161} INFO - Started process (PID=94) to work on /home/airflow/.local/lib/python3.12/site-packages/airflow/example_dags/example_dynamic_task_mapping_with_no_taskflow_operators.py
[2026-02-10T02:08:15.680+0000] {processor.py:830} INFO - Processing file /home/airflow/.local/lib/python3.12/site-packages/airflow/example_dags/example_dynamic_task_mapping_with_no_taskflow_operators.py for tasks to queue
[2026-02-10T02:08:15.683+0000] {logging_mixin.py:188} INFO - [2026-02-10T02:08:15.682+0000] {dagbag.py:540} INFO - Filling up the DagBag from /home/airflow/.local/lib/python3.12/site-packages/airflow/example_dags/example_dynamic_task_mapping_with_no_taskflow_operators.py
[2026-02-10T02:08:15.692+0000] {processor.py:840} INFO - DAG(s) 'example_dynamic_task_mapping_with_no_taskflow_operators' retrieved from /home/airflow/.local/lib/python3.12/site-packages/airflow/example_dags/example_dynamic_task_mapping_with_no_taskflow_operators.py
[2026-02-10T02:08:15.848+0000] {logging_mixin.py:188} INFO - [2026-02-10T02:08:15.847+0000] {dag.py:3096} INFO - Sync 1 DAGs
[2026-02-10T02:08:15.873+0000] {logging_mixin.py:188} INFO - [2026-02-10T02:08:15.872+0000] {dag.py:3954} INFO - Setting next_dagrun for example_dynamic_task_mapping_with_no_taskflow_operators to 2026-02-09 00:00:00+00:00, run_after=2026-02-10 00:00:00+00:00
[2026-02-10T02:08:15.900+0000] {processor.py:183} INFO - Processing /home/airflow/.local/lib/python3.12/site-packages/airflow/example_dags/example_dynamic_task_mapping_with_no_taskflow_operators.py took 0.230 seconds
[2026-02-10T02:08:46.163+0000] {processor.py:161} INFO - Started process (PID=148) to work on /home/airflow/.local/lib/python3.12/site-packages/airflow/example_dags/example_dynamic_task_mapping_with_no_taskflow_operators.py
[2026-02-10T02:08:46.164+0000] {processor.py:830} INFO - Processing file /home/airflow/.local/lib/python3.12/site-packages/airflow/example_dags/example_dynamic_task_mapping_with_no_taskflow_operators.py for tasks to queue
[2026-02-10T02:08:46.165+0000] {logging_mixin.py:188} INFO - [2026-02-10T02:08:46.165+0000] {dagbag.py:540} INFO - Filling up the DagBag from /home/airflow/.local/lib/python3.12/site-packages/airflow/example_dags/example_dynamic_task_mapping_with_no_taskflow_operators.py
[2026-02-10T02:08:46.172+0000] {processor.py:840} INFO - DAG(s) 'example_dynamic_task_mapping_with_no_taskflow_operators' retrieved from /home/airflow/.local/lib/python3.12/site-packages/airflow/example_dags/example_dynamic_task_mapping_with_no_taskflow_operators.py
[2026-02-10T02:08:46.195+0000] {logging_mixin.py:188} INFO - [2026-02-10T02:08:46.195+0000] {dag.py:3096} INFO - Sync 1 DAGs
[2026-02-10T02:08:46.216+0000] {logging_mixin.py:188} INFO - [2026-02-10T02:08:46.216+0000] {dag.py:3954} INFO - Setting next_dagrun for example_dynamic_task_mapping_with_no_taskflow_operators to 2026-02-09 00:00:00+00:00, run_after=2026-02-10 00:00:00+00:00
[2026-02-10T02:08:46.236+0000] {processor.py:183} INFO - Processing /home/airflow/.local/lib/python3.12/site-packages/airflow/example_dags/example_dynamic_task_mapping_with_no_taskflow_operators.py took 0.078 seconds
[2026-02-10T02:09:16.376+0000] {processor.py:161} INFO - Started process (PID=202) to work on /home/airflow/.local/lib/python3.12/site-packages/airflow/example_dags/example_dynamic_task_mapping_with_no_taskflow_operators.py
[2026-02-10T02:09:16.377+0000] {processor.py:830} INFO - Processing file /home/airflow/.local/lib/python3.12/site-packages/airflow/example_dags/example_dynamic_task_mapping_with_no_taskflow_operators.py for tasks to queue
[2026-02-10T02:09:16.379+0000] {logging_mixin.py:188} INFO - [2026-02-10T02:09:16.379+0000] {dagbag.py:540} INFO - Filling up the DagBag from /home/airflow/.local/lib/python3.12/site-packages/airflow/example_dags/example_dynamic_task_mapping_with_no_taskflow_operators.py
[2026-02-10T02:09:16.385+0000] {processor.py:840} INFO - DAG(s) 'example_dynamic_task_mapping_with_no_taskflow_operators' retrieved from /home/airflow/.local/lib/python3.12/site-packages/airflow/example_dags/example_dynamic_task_mapping_with_no_taskflow_operators.py
[2026-02-10T02:09:16.406+0000] {logging_mixin.py:188} INFO - [2026-02-10T02:09:16.405+0000] {dag.py:3096} INFO - Sync 1 DAGs
[2026-02-10T02:09:16.432+0000] {logging_mixin.py:188} INFO - [2026-02-10T02:09:16.431+0000] {dag.py:3954} INFO - Setting next_dagrun for example_dynamic_task_mapping_with_no_taskflow_operators to 2026-02-09 00:00:00+00:00, run_after=2026-02-10 00:00:00+00:00
[2026-02-10T02:09:16.453+0000] {processor.py:183} INFO - Processing /home/airflow/.local/lib/python3.12/site-packages/airflow/example_dags/example_dynamic_task_mapping_with_no_taskflow_operators.py took 0.082 seconds
[2026-02-10T02:09:46.676+0000] {processor.py:161} INFO - Started process (PID=256) to work on /home/airflow/.local/lib/python3.12/site-packages/airflow/example_dags/example_dynamic_task_mapping_with_no_taskflow_operators.py
[2026-02-10T02:09:46.677+0000] {processor.py:830} INFO - Processing file /home/airflow/.local/lib/python3.12/site-packages/airflow/example_dags/example_dynamic_task_mapping_with_no_taskflow_operators.py for tasks to queue
[2026-02-10T02:09:46.679+0000] {logging_mixin.py:188} INFO - [2026-02-10T02:09:46.679+0000] {dagbag.py:540} INFO - Filling up the DagBag from /home/airflow/.local/lib/python3.12/site-packages/airflow/example_dags/example_dynamic_task_mapping_with_no_taskflow_operators.py
[2026-02-10T02:09:46.685+0000] {processor.py:840} INFO - DAG(s) 'example_dynamic_task_mapping_with_no_taskflow_operators' retrieved from /home/airflow/.local/lib/python3.12/site-packages/airflow/example_dags/example_dynamic_task_mapping_with_no_taskflow_operators.py
[2026-02-10T02:09:46.704+0000] {logging_mixin.py:188} INFO - [2026-02-10T02:09:46.704+0000] {dag.py:3096} INFO - Sync 1 DAGs
[2026-02-10T02:09:46.724+0000] {logging_mixin.py:188} INFO - [2026-02-10T02:09:46.724+0000] {dag.py:3954} INFO - Setting next_dagrun for example_dynamic_task_mapping_with_no_taskflow_operators to 2026-02-09 00:00:00+00:00, run_after=2026-02-10 00:00:00+00:00
[2026-02-10T02:09:46.744+0000] {processor.py:183} INFO - Processing /home/airflow/.local/lib/python3.12/site-packages/airflow/example_dags/example_dynamic_task_mapping_with_no_taskflow_operators.py took 0.073 seconds
[2026-02-10T02:10:17.411+0000] {processor.py:161} INFO - Started process (PID=310) to work on /home/airflow/.local/lib/python3.12/site-packages/airflow/example_dags/example_dynamic_task_mapping_with_no_taskflow_operators.py
[2026-02-10T02:10:17.412+0000] {processor.py:830} INFO - Processing file /home/airflow/.local/lib/python3.12/site-packages/airflow/example_dags/example_dynamic_task_mapping_with_no_taskflow_operators.py for tasks to queue
[2026-02-10T02:10:17.414+0000] {logging_mixin.py:188} INFO - [2026-02-10T02:10:17.414+0000] {dagbag.py:540} INFO - Filling up the DagBag from /home/airflow/.local/lib/python3.12/site-packages/airflow/example_dags/example_dynamic_task_mapping_with_no_taskflow_operators.py
[2026-02-10T02:10:17.420+0000] {processor.py:840} INFO - DAG(s) 'example_dynamic_task_mapping_with_no_taskflow_operators' retrieved from /home/airflow/.local/lib/python3.12/site-packages/airflow/example_dags/example_dynamic_task_mapping_with_no_taskflow_operators.py
[2026-02-10T02:10:17.444+0000] {logging_mixin.py:188} INFO - [2026-02-10T02:10:17.444+0000] {dag.py:3096} INFO - Sync 1 DAGs
[2026-02-10T02:10:17.466+0000] {logging_mixin.py:188} INFO - [2026-02-10T02:10:17.466+0000] {dag.py:3954} INFO - Setting next_dagrun for example_dynamic_task_mapping_with_no_taskflow_operators to 2026-02-09 00:00:00+00:00, run_after=2026-02-10 00:00:00+00:00
[2026-02-10T02:10:17.487+0000] {processor.py:183} INFO - Processing /home/airflow/.local/lib/python3.12/site-packages/airflow/example_dags/example_dynamic_task_mapping_with_no_taskflow_operators.py took 0.081 seconds
[2026-02-10T02:10:47.774+0000] {processor.py:161} INFO - Started process (PID=364) to work on /home/airflow/.local/lib/python3.12/site-packages/airflow/example_dags/example_dynamic_task_mapping_with_no_taskflow_operators.py
[2026-02-10T02:10:47.775+0000] {processor.py:830} INFO - Processing file /home/airflow/.local/lib/python3.12/site-packages/airflow/example_dags/example_dynamic_task_mapping_with_no_taskflow_operators.py for tasks to queue
[2026-02-10T02:10:47.776+0000] {logging_mixin.py:188} INFO - [2026-02-10T02:10:47.776+0000] {dagbag.py:540} INFO - Filling up the DagBag from /home/airflow/.local/lib/python3.12/site-packages/airflow/example_dags/example_dynamic_task_mapping_with_no_taskflow_operators.py
[2026-02-10T02:10:47.783+0000] {processor.py:840} INFO - DAG(s) 'example_dynamic_task_mapping_with_no_taskflow_operators' retrieved from /home/airflow/.local/lib/python3.12/site-packages/airflow/example_dags/example_dynamic_task_mapping_with_no_taskflow_operators.py
[2026-02-10T02:10:47.802+0000] {logging_mixin.py:188} INFO - [2026-02-10T02:10:47.802+0000] {dag.py:3096} INFO - Sync 1 DAGs
[2026-02-10T02:10:47.829+0000] {logging_mixin.py:188} INFO - [2026-02-10T02:10:47.829+0000] {dag.py:3954} INFO - Setting next_dagrun for example_dynamic_task_mapping_with_no_taskflow_operators to 2026-02-09 00:00:00+00:00, run_after=2026-02-10 00:00:00+00:00
[2026-02-10T02:10:47.855+0000] {processor.py:183} INFO - Processing /home/airflow/.local/lib/python3.12/site-packages/airflow/example_dags/example_dynamic_task_mapping_with_no_taskflow_operators.py took 0.086 seconds
[2026-02-10T02:16:21.131+0000] {processor.py:161} INFO - Started process (PID=40) to work on /home/airflow/.local/lib/python3.12/site-packages/airflow/example_dags/example_dynamic_task_mapping_with_no_taskflow_operators.py
[2026-02-10T02:16:21.134+0000] {processor.py:830} INFO - Processing file /home/airflow/.local/lib/python3.12/site-packages/airflow/example_dags/example_dynamic_task_mapping_with_no_taskflow_operators.py for tasks to queue
[2026-02-10T02:16:21.143+0000] {logging_mixin.py:188} INFO - [2026-02-10T02:16:21.142+0000] {dagbag.py:540} INFO - Filling up the DagBag from /home/airflow/.local/lib/python3.12/site-packages/airflow/example_dags/example_dynamic_task_mapping_with_no_taskflow_operators.py
[2026-02-10T02:16:21.172+0000] {processor.py:840} INFO - DAG(s) 'example_dynamic_task_mapping_with_no_taskflow_operators' retrieved from /home/airflow/.local/lib/python3.12/site-packages/airflow/example_dags/example_dynamic_task_mapping_with_no_taskflow_operators.py
[2026-02-10T02:16:21.205+0000] {logging_mixin.py:188} INFO - [2026-02-10T02:16:21.204+0000] {dag.py:3096} INFO - Sync 1 DAGs
[2026-02-10T02:16:21.274+0000] {logging_mixin.py:188} INFO - [2026-02-10T02:16:21.273+0000] {dag.py:3954} INFO - Setting next_dagrun for example_dynamic_task_mapping_with_no_taskflow_operators to 2026-02-09 00:00:00+00:00, run_after=2026-02-10 00:00:00+00:00
[2026-02-10T02:16:21.351+0000] {processor.py:183} INFO - Processing /home/airflow/.local/lib/python3.12/site-packages/airflow/example_dags/example_dynamic_task_mapping_with_no_taskflow_operators.py took 0.245 seconds
[2026-02-10T02:16:52.675+0000] {processor.py:161} INFO - Started process (PID=94) to work on /home/airflow/.local/lib/python3.12/site-packages/airflow/example_dags/example_dynamic_task_mapping_with_no_taskflow_operators.py
[2026-02-10T02:16:52.677+0000] {processor.py:830} INFO - Processing file /home/airflow/.local/lib/python3.12/site-packages/airflow/example_dags/example_dynamic_task_mapping_with_no_taskflow_operators.py for tasks to queue
[2026-02-10T02:16:52.681+0000] {logging_mixin.py:188} INFO - [2026-02-10T02:16:52.680+0000] {dagbag.py:540} INFO - Filling up the DagBag from /home/airflow/.local/lib/python3.12/site-packages/airflow/example_dags/example_dynamic_task_mapping_with_no_taskflow_operators.py
[2026-02-10T02:16:52.693+0000] {processor.py:840} INFO - DAG(s) 'example_dynamic_task_mapping_with_no_taskflow_operators' retrieved from /home/airflow/.local/lib/python3.12/site-packages/airflow/example_dags/example_dynamic_task_mapping_with_no_taskflow_operators.py
[2026-02-10T02:16:52.890+0000] {logging_mixin.py:188} INFO - [2026-02-10T02:16:52.889+0000] {dag.py:3096} INFO - Sync 1 DAGs
[2026-02-10T02:16:52.926+0000] {logging_mixin.py:188} INFO - [2026-02-10T02:16:52.926+0000] {dag.py:3954} INFO - Setting next_dagrun for example_dynamic_task_mapping_with_no_taskflow_operators to 2026-02-09 00:00:00+00:00, run_after=2026-02-10 00:00:00+00:00
[2026-02-10T02:16:52.960+0000] {processor.py:183} INFO - Processing /home/airflow/.local/lib/python3.12/site-packages/airflow/example_dags/example_dynamic_task_mapping_with_no_taskflow_operators.py took 0.300 seconds
[2026-02-10T02:17:23.159+0000] {processor.py:161} INFO - Started process (PID=148) to work on /home/airflow/.local/lib/python3.12/site-packages/airflow/example_dags/example_dynamic_task_mapping_with_no_taskflow_operators.py
[2026-02-10T02:17:23.160+0000] {processor.py:830} INFO - Processing file /home/airflow/.local/lib/python3.12/site-packages/airflow/example_dags/example_dynamic_task_mapping_with_no_taskflow_operators.py for tasks to queue
[2026-02-10T02:17:23.162+0000] {logging_mixin.py:188} INFO - [2026-02-10T02:17:23.162+0000] {dagbag.py:540} INFO - Filling up the DagBag from /home/airflow/.local/lib/python3.12/site-packages/airflow/example_dags/example_dynamic_task_mapping_with_no_taskflow_operators.py
[2026-02-10T02:17:23.168+0000] {processor.py:840} INFO - DAG(s) 'example_dynamic_task_mapping_with_no_taskflow_operators' retrieved from /home/airflow/.local/lib/python3.12/site-packages/airflow/example_dags/example_dynamic_task_mapping_with_no_taskflow_operators.py
[2026-02-10T02:17:23.187+0000] {logging_mixin.py:188} INFO - [2026-02-10T02:17:23.187+0000] {dag.py:3096} INFO - Sync 1 DAGs
[2026-02-10T02:17:23.210+0000] {logging_mixin.py:188} INFO - [2026-02-10T02:17:23.209+0000] {dag.py:3954} INFO - Setting next_dagrun for example_dynamic_task_mapping_with_no_taskflow_operators to 2026-02-09 00:00:00+00:00, run_after=2026-02-10 00:00:00+00:00
[2026-02-10T02:17:23.229+0000] {processor.py:183} INFO - Processing /home/airflow/.local/lib/python3.12/site-packages/airflow/example_dags/example_dynamic_task_mapping_with_no_taskflow_operators.py took 0.075 seconds
[2026-02-10T02:17:53.515+0000] {processor.py:161} INFO - Started process (PID=202) to work on /home/airflow/.local/lib/python3.12/site-packages/airflow/example_dags/example_dynamic_task_mapping_with_no_taskflow_operators.py
[2026-02-10T02:17:53.516+0000] {processor.py:830} INFO - Processing file /home/airflow/.local/lib/python3.12/site-packages/airflow/example_dags/example_dynamic_task_mapping_with_no_taskflow_operators.py for tasks to queue
[2026-02-10T02:17:53.518+0000] {logging_mixin.py:188} INFO - [2026-02-10T02:17:53.518+0000] {dagbag.py:540} INFO - Filling up the DagBag from /home/airflow/.local/lib/python3.12/site-packages/airflow/example_dags/example_dynamic_task_mapping_with_no_taskflow_operators.py
[2026-02-10T02:17:53.525+0000] {processor.py:840} INFO - DAG(s) 'example_dynamic_task_mapping_with_no_taskflow_operators' retrieved from /home/airflow/.local/lib/python3.12/site-packages/airflow/example_dags/example_dynamic_task_mapping_with_no_taskflow_operators.py
[2026-02-10T02:17:53.547+0000] {logging_mixin.py:188} INFO - [2026-02-10T02:17:53.547+0000] {dag.py:3096} INFO - Sync 1 DAGs
[2026-02-10T02:17:53.572+0000] {logging_mixin.py:188} INFO - [2026-02-10T02:17:53.572+0000] {dag.py:3954} INFO - Setting next_dagrun for example_dynamic_task_mapping_with_no_taskflow_operators to 2026-02-09 00:00:00+00:00, run_after=2026-02-10 00:00:00+00:00
[2026-02-10T02:17:53.592+0000] {processor.py:183} INFO - Processing /home/airflow/.local/lib/python3.12/site-packages/airflow/example_dags/example_dynamic_task_mapping_with_no_taskflow_operators.py took 0.082 seconds
[2026-02-10T02:18:24.023+0000] {processor.py:161} INFO - Started process (PID=256) to work on /home/airflow/.local/lib/python3.12/site-packages/airflow/example_dags/example_dynamic_task_mapping_with_no_taskflow_operators.py
[2026-02-10T02:18:24.024+0000] {processor.py:830} INFO - Processing file /home/airflow/.local/lib/python3.12/site-packages/airflow/example_dags/example_dynamic_task_mapping_with_no_taskflow_operators.py for tasks to queue
[2026-02-10T02:18:24.026+0000] {logging_mixin.py:188} INFO - [2026-02-10T02:18:24.025+0000] {dagbag.py:540} INFO - Filling up the DagBag from /home/airflow/.local/lib/python3.12/site-packages/airflow/example_dags/example_dynamic_task_mapping_with_no_taskflow_operators.py
[2026-02-10T02:18:24.032+0000] {processor.py:840} INFO - DAG(s) 'example_dynamic_task_mapping_with_no_taskflow_operators' retrieved from /home/airflow/.local/lib/python3.12/site-packages/airflow/example_dags/example_dynamic_task_mapping_with_no_taskflow_operators.py
[2026-02-10T02:18:24.049+0000] {logging_mixin.py:188} INFO - [2026-02-10T02:18:24.049+0000] {dag.py:3096} INFO - Sync 1 DAGs
[2026-02-10T02:18:24.069+0000] {logging_mixin.py:188} INFO - [2026-02-10T02:18:24.069+0000] {dag.py:3954} INFO - Setting next_dagrun for example_dynamic_task_mapping_with_no_taskflow_operators to 2026-02-09 00:00:00+00:00, run_after=2026-02-10 00:00:00+00:00
[2026-02-10T02:18:24.089+0000] {processor.py:183} INFO - Processing /home/airflow/.local/lib/python3.12/site-packages/airflow/example_dags/example_dynamic_task_mapping_with_no_taskflow_operators.py took 0.071 seconds
[2026-02-10T02:18:54.523+0000] {processor.py:161} INFO - Started process (PID=310) to work on /home/airflow/.local/lib/python3.12/site-packages/airflow/example_dags/example_dynamic_task_mapping_with_no_taskflow_operators.py
[2026-02-10T02:18:54.525+0000] {processor.py:830} INFO - Processing file /home/airflow/.local/lib/python3.12/site-packages/airflow/example_dags/example_dynamic_task_mapping_with_no_taskflow_operators.py for tasks to queue
[2026-02-10T02:18:54.527+0000] {logging_mixin.py:188} INFO - [2026-02-10T02:18:54.527+0000] {dagbag.py:540} INFO - Filling up the DagBag from /home/airflow/.local/lib/python3.12/site-packages/airflow/example_dags/example_dynamic_task_mapping_with_no_taskflow_operators.py
[2026-02-10T02:18:54.535+0000] {processor.py:840} INFO - DAG(s) 'example_dynamic_task_mapping_with_no_taskflow_operators' retrieved from /home/airflow/.local/lib/python3.12/site-packages/airflow/example_dags/example_dynamic_task_mapping_with_no_taskflow_operators.py
[2026-02-10T02:18:54.558+0000] {logging_mixin.py:188} INFO - [2026-02-10T02:18:54.558+0000] {dag.py:3096} INFO - Sync 1 DAGs
[2026-02-10T02:18:54.582+0000] {logging_mixin.py:188} INFO - [2026-02-10T02:18:54.582+0000] {dag.py:3954} INFO - Setting next_dagrun for example_dynamic_task_mapping_with_no_taskflow_operators to 2026-02-09 00:00:00+00:00, run_after=2026-02-10 00:00:00+00:00
[2026-02-10T02:18:54.606+0000] {processor.py:183} INFO - Processing /home/airflow/.local/lib/python3.12/site-packages/airflow/example_dags/example_dynamic_task_mapping_with_no_taskflow_operators.py took 0.090 seconds
[2026-02-10T02:19:25.090+0000] {processor.py:161} INFO - Started process (PID=364) to work on /home/airflow/.local/lib/python3.12/site-packages/airflow/example_dags/example_dynamic_task_mapping_with_no_taskflow_operators.py
[2026-02-10T02:19:25.092+0000] {processor.py:830} INFO - Processing file /home/airflow/.local/lib/python3.12/site-packages/airflow/example_dags/example_dynamic_task_mapping_with_no_taskflow_operators.py for tasks to queue
[2026-02-10T02:19:25.094+0000] {logging_mixin.py:188} INFO - [2026-02-10T02:19:25.094+0000] {dagbag.py:540} INFO - Filling up the DagBag from /home/airflow/.local/lib/python3.12/site-packages/airflow/example_dags/example_dynamic_task_mapping_with_no_taskflow_operators.py
[2026-02-10T02:19:25.101+0000] {processor.py:840} INFO - DAG(s) 'example_dynamic_task_mapping_with_no_taskflow_operators' retrieved from /home/airflow/.local/lib/python3.12/site-packages/airflow/example_dags/example_dynamic_task_mapping_with_no_taskflow_operators.py
[2026-02-10T02:19:25.123+0000] {logging_mixin.py:188} INFO - [2026-02-10T02:19:25.123+0000] {dag.py:3096} INFO - Sync 1 DAGs
[2026-02-10T02:19:25.147+0000] {logging_mixin.py:188} INFO - [2026-02-10T02:19:25.147+0000] {dag.py:3954} INFO - Setting next_dagrun for example_dynamic_task_mapping_with_no_taskflow_operators to 2026-02-09 00:00:00+00:00, run_after=2026-02-10 00:00:00+00:00
[2026-02-10T02:19:25.170+0000] {processor.py:183} INFO - Processing /home/airflow/.local/lib/python3.12/site-packages/airflow/example_dags/example_dynamic_task_mapping_with_no_taskflow_operators.py took 0.085 seconds
[2026-02-10T02:19:55.555+0000] {processor.py:161} INFO - Started process (PID=418) to work on /home/airflow/.local/lib/python3.12/site-packages/airflow/example_dags/example_dynamic_task_mapping_with_no_taskflow_operators.py
[2026-02-10T02:19:55.556+0000] {processor.py:830} INFO - Processing file /home/airflow/.local/lib/python3.12/site-packages/airflow/example_dags/example_dynamic_task_mapping_with_no_taskflow_operators.py for tasks to queue
[2026-02-10T02:19:55.558+0000] {logging_mixin.py:188} INFO - [2026-02-10T02:19:55.558+0000] {dagbag.py:540} INFO - Filling up the DagBag from /home/airflow/.local/lib/python3.12/site-packages/airflow/example_dags/example_dynamic_task_mapping_with_no_taskflow_operators.py
[2026-02-10T02:19:55.565+0000] {processor.py:840} INFO - DAG(s) 'example_dynamic_task_mapping_with_no_taskflow_operators' retrieved from /home/airflow/.local/lib/python3.12/site-packages/airflow/example_dags/example_dynamic_task_mapping_with_no_taskflow_operators.py
[2026-02-10T02:19:55.587+0000] {logging_mixin.py:188} INFO - [2026-02-10T02:19:55.587+0000] {dag.py:3096} INFO - Sync 1 DAGs
[2026-02-10T02:19:55.611+0000] {logging_mixin.py:188} INFO - [2026-02-10T02:19:55.610+0000] {dag.py:3954} INFO - Setting next_dagrun for example_dynamic_task_mapping_with_no_taskflow_operators to 2026-02-09 00:00:00+00:00, run_after=2026-02-10 00:00:00+00:00
[2026-02-10T02:19:55.632+0000] {processor.py:183} INFO - Processing /home/airflow/.local/lib/python3.12/site-packages/airflow/example_dags/example_dynamic_task_mapping_with_no_taskflow_operators.py took 0.082 seconds
[2026-02-10T02:20:25.862+0000] {processor.py:161} INFO - Started process (PID=472) to work on /home/airflow/.local/lib/python3.12/site-packages/airflow/example_dags/example_dynamic_task_mapping_with_no_taskflow_operators.py
[2026-02-10T02:20:25.863+0000] {processor.py:830} INFO - Processing file /home/airflow/.local/lib/python3.12/site-packages/airflow/example_dags/example_dynamic_task_mapping_with_no_taskflow_operators.py for tasks to queue
[2026-02-10T02:20:25.865+0000] {logging_mixin.py:188} INFO - [2026-02-10T02:20:25.865+0000] {dagbag.py:540} INFO - Filling up the DagBag from /home/airflow/.local/lib/python3.12/site-packages/airflow/example_dags/example_dynamic_task_mapping_with_no_taskflow_operators.py
[2026-02-10T02:20:25.871+0000] {processor.py:840} INFO - DAG(s) 'example_dynamic_task_mapping_with_no_taskflow_operators' retrieved from /home/airflow/.local/lib/python3.12/site-packages/airflow/example_dags/example_dynamic_task_mapping_with_no_taskflow_operators.py
[2026-02-10T02:20:25.892+0000] {logging_mixin.py:188} INFO - [2026-02-10T02:20:25.891+0000] {dag.py:3096} INFO - Sync 1 DAGs
[2026-02-10T02:20:25.914+0000] {logging_mixin.py:188} INFO - [2026-02-10T02:20:25.914+0000] {dag.py:3954} INFO - Setting next_dagrun for example_dynamic_task_mapping_with_no_taskflow_operators to 2026-02-09 00:00:00+00:00, run_after=2026-02-10 00:00:00+00:00
[2026-02-10T02:20:25.934+0000] {processor.py:183} INFO - Processing /home/airflow/.local/lib/python3.12/site-packages/airflow/example_dags/example_dynamic_task_mapping_with_no_taskflow_operators.py took 0.078 seconds
[2026-02-10T02:20:56.849+0000] {processor.py:161} INFO - Started process (PID=526) to work on /home/airflow/.local/lib/python3.12/site-packages/airflow/example_dags/example_dynamic_task_mapping_with_no_taskflow_operators.py
[2026-02-10T02:20:56.850+0000] {processor.py:830} INFO - Processing file /home/airflow/.local/lib/python3.12/site-packages/airflow/example_dags/example_dynamic_task_mapping_with_no_taskflow_operators.py for tasks to queue
[2026-02-10T02:20:56.852+0000] {logging_mixin.py:188} INFO - [2026-02-10T02:20:56.852+0000] {dagbag.py:540} INFO - Filling up the DagBag from /home/airflow/.local/lib/python3.12/site-packages/airflow/example_dags/example_dynamic_task_mapping_with_no_taskflow_operators.py
[2026-02-10T02:20:56.858+0000] {processor.py:840} INFO - DAG(s) 'example_dynamic_task_mapping_with_no_taskflow_operators' retrieved from /home/airflow/.local/lib/python3.12/site-packages/airflow/example_dags/example_dynamic_task_mapping_with_no_taskflow_operators.py
[2026-02-10T02:20:56.877+0000] {logging_mixin.py:188} INFO - [2026-02-10T02:20:56.877+0000] {dag.py:3096} INFO - Sync 1 DAGs
[2026-02-10T02:20:56.899+0000] {logging_mixin.py:188} INFO - [2026-02-10T02:20:56.899+0000] {dag.py:3954} INFO - Setting next_dagrun for example_dynamic_task_mapping_with_no_taskflow_operators to 2026-02-09 00:00:00+00:00, run_after=2026-02-10 00:00:00+00:00
[2026-02-10T02:20:56.920+0000] {processor.py:183} INFO - Processing /home/airflow/.local/lib/python3.12/site-packages/airflow/example_dags/example_dynamic_task_mapping_with_no_taskflow_operators.py took 0.076 seconds
[2026-02-10T02:21:27.102+0000] {processor.py:161} INFO - Started process (PID=580) to work on /home/airflow/.local/lib/python3.12/site-packages/airflow/example_dags/example_dynamic_task_mapping_with_no_taskflow_operators.py
[2026-02-10T02:21:27.103+0000] {processor.py:830} INFO - Processing file /home/airflow/.local/lib/python3.12/site-packages/airflow/example_dags/example_dynamic_task_mapping_with_no_taskflow_operators.py for tasks to queue
[2026-02-10T02:21:27.105+0000] {logging_mixin.py:188} INFO - [2026-02-10T02:21:27.105+0000] {dagbag.py:540} INFO - Filling up the DagBag from /home/airflow/.local/lib/python3.12/site-packages/airflow/example_dags/example_dynamic_task_mapping_with_no_taskflow_operators.py
[2026-02-10T02:21:27.111+0000] {processor.py:840} INFO - DAG(s) 'example_dynamic_task_mapping_with_no_taskflow_operators' retrieved from /home/airflow/.local/lib/python3.12/site-packages/airflow/example_dags/example_dynamic_task_mapping_with_no_taskflow_operators.py
[2026-02-10T02:21:27.128+0000] {logging_mixin.py:188} INFO - [2026-02-10T02:21:27.128+0000] {dag.py:3096} INFO - Sync 1 DAGs
[2026-02-10T02:21:27.147+0000] {logging_mixin.py:188} INFO - [2026-02-10T02:21:27.147+0000] {dag.py:3954} INFO - Setting next_dagrun for example_dynamic_task_mapping_with_no_taskflow_operators to 2026-02-09 00:00:00+00:00, run_after=2026-02-10 00:00:00+00:00
[2026-02-10T02:21:27.167+0000] {processor.py:183} INFO - Processing /home/airflow/.local/lib/python3.12/site-packages/airflow/example_dags/example_dynamic_task_mapping_with_no_taskflow_operators.py took 0.070 seconds
[2026-02-10T02:21:57.497+0000] {processor.py:161} INFO - Started process (PID=634) to work on /home/airflow/.local/lib/python3.12/site-packages/airflow/example_dags/example_dynamic_task_mapping_with_no_taskflow_operators.py
[2026-02-10T02:21:57.498+0000] {processor.py:830} INFO - Processing file /home/airflow/.local/lib/python3.12/site-packages/airflow/example_dags/example_dynamic_task_mapping_with_no_taskflow_operators.py for tasks to queue
[2026-02-10T02:21:57.500+0000] {logging_mixin.py:188} INFO - [2026-02-10T02:21:57.500+0000] {dagbag.py:540} INFO - Filling up the DagBag from /home/airflow/.local/lib/python3.12/site-packages/airflow/example_dags/example_dynamic_task_mapping_with_no_taskflow_operators.py
[2026-02-10T02:21:57.506+0000] {processor.py:840} INFO - DAG(s) 'example_dynamic_task_mapping_with_no_taskflow_operators' retrieved from /home/airflow/.local/lib/python3.12/site-packages/airflow/example_dags/example_dynamic_task_mapping_with_no_taskflow_operators.py
[2026-02-10T02:21:57.526+0000] {logging_mixin.py:188} INFO - [2026-02-10T02:21:57.526+0000] {dag.py:3096} INFO - Sync 1 DAGs
[2026-02-10T02:21:57.545+0000] {logging_mixin.py:188} INFO - [2026-02-10T02:21:57.545+0000] {dag.py:3954} INFO - Setting next_dagrun for example_dynamic_task_mapping_with_no_taskflow_operators to 2026-02-09 00:00:00+00:00, run_after=2026-02-10 00:00:00+00:00
[2026-02-10T02:21:57.565+0000] {processor.py:183} INFO - Processing /home/airflow/.local/lib/python3.12/site-packages/airflow/example_dags/example_dynamic_task_mapping_with_no_taskflow_operators.py took 0.073 seconds
[2026-02-10T02:22:28.088+0000] {processor.py:161} INFO - Started process (PID=688) to work on /home/airflow/.local/lib/python3.12/site-packages/airflow/example_dags/example_dynamic_task_mapping_with_no_taskflow_operators.py
[2026-02-10T02:22:28.089+0000] {processor.py:830} INFO - Processing file /home/airflow/.local/lib/python3.12/site-packages/airflow/example_dags/example_dynamic_task_mapping_with_no_taskflow_operators.py for tasks to queue
[2026-02-10T02:22:28.091+0000] {logging_mixin.py:188} INFO - [2026-02-10T02:22:28.091+0000] {dagbag.py:540} INFO - Filling up the DagBag from /home/airflow/.local/lib/python3.12/site-packages/airflow/example_dags/example_dynamic_task_mapping_with_no_taskflow_operators.py
[2026-02-10T02:22:28.097+0000] {processor.py:840} INFO - DAG(s) 'example_dynamic_task_mapping_with_no_taskflow_operators' retrieved from /home/airflow/.local/lib/python3.12/site-packages/airflow/example_dags/example_dynamic_task_mapping_with_no_taskflow_operators.py
[2026-02-10T02:22:28.116+0000] {logging_mixin.py:188} INFO - [2026-02-10T02:22:28.115+0000] {dag.py:3096} INFO - Sync 1 DAGs
[2026-02-10T02:22:28.135+0000] {logging_mixin.py:188} INFO - [2026-02-10T02:22:28.135+0000] {dag.py:3954} INFO - Setting next_dagrun for example_dynamic_task_mapping_with_no_taskflow_operators to 2026-02-09 00:00:00+00:00, run_after=2026-02-10 00:00:00+00:00
[2026-02-10T02:22:28.154+0000] {processor.py:183} INFO - Processing /home/airflow/.local/lib/python3.12/site-packages/airflow/example_dags/example_dynamic_task_mapping_with_no_taskflow_operators.py took 0.071 seconds
[2026-02-10T02:22:58.657+0000] {processor.py:161} INFO - Started process (PID=742) to work on /home/airflow/.local/lib/python3.12/site-packages/airflow/example_dags/example_dynamic_task_mapping_with_no_taskflow_operators.py
[2026-02-10T02:22:58.658+0000] {processor.py:830} INFO - Processing file /home/airflow/.local/lib/python3.12/site-packages/airflow/example_dags/example_dynamic_task_mapping_with_no_taskflow_operators.py for tasks to queue
[2026-02-10T02:22:58.660+0000] {logging_mixin.py:188} INFO - [2026-02-10T02:22:58.660+0000] {dagbag.py:540} INFO - Filling up the DagBag from /home/airflow/.local/lib/python3.12/site-packages/airflow/example_dags/example_dynamic_task_mapping_with_no_taskflow_operators.py
[2026-02-10T02:22:58.667+0000] {processor.py:840} INFO - DAG(s) 'example_dynamic_task_mapping_with_no_taskflow_operators' retrieved from /home/airflow/.local/lib/python3.12/site-packages/airflow/example_dags/example_dynamic_task_mapping_with_no_taskflow_operators.py
[2026-02-10T02:22:58.687+0000] {logging_mixin.py:188} INFO - [2026-02-10T02:22:58.687+0000] {dag.py:3096} INFO - Sync 1 DAGs
[2026-02-10T02:22:58.708+0000] {logging_mixin.py:188} INFO - [2026-02-10T02:22:58.708+0000] {dag.py:3954} INFO - Setting next_dagrun for example_dynamic_task_mapping_with_no_taskflow_operators to 2026-02-09 00:00:00+00:00, run_after=2026-02-10 00:00:00+00:00
[2026-02-10T02:22:58.736+0000] {processor.py:183} INFO - Processing /home/airflow/.local/lib/python3.12/site-packages/airflow/example_dags/example_dynamic_task_mapping_with_no_taskflow_operators.py took 0.085 seconds
[2026-02-10T02:23:29.036+0000] {processor.py:161} INFO - Started process (PID=796) to work on /home/airflow/.local/lib/python3.12/site-packages/airflow/example_dags/example_dynamic_task_mapping_with_no_taskflow_operators.py
[2026-02-10T02:23:29.037+0000] {processor.py:830} INFO - Processing file /home/airflow/.local/lib/python3.12/site-packages/airflow/example_dags/example_dynamic_task_mapping_with_no_taskflow_operators.py for tasks to queue
[2026-02-10T02:23:29.039+0000] {logging_mixin.py:188} INFO - [2026-02-10T02:23:29.039+0000] {dagbag.py:540} INFO - Filling up the DagBag from /home/airflow/.local/lib/python3.12/site-packages/airflow/example_dags/example_dynamic_task_mapping_with_no_taskflow_operators.py
[2026-02-10T02:23:29.047+0000] {processor.py:840} INFO - DAG(s) 'example_dynamic_task_mapping_with_no_taskflow_operators' retrieved from /home/airflow/.local/lib/python3.12/site-packages/airflow/example_dags/example_dynamic_task_mapping_with_no_taskflow_operators.py
[2026-02-10T02:23:29.067+0000] {logging_mixin.py:188} INFO - [2026-02-10T02:23:29.067+0000] {dag.py:3096} INFO - Sync 1 DAGs
[2026-02-10T02:23:29.088+0000] {logging_mixin.py:188} INFO - [2026-02-10T02:23:29.088+0000] {dag.py:3954} INFO - Setting next_dagrun for example_dynamic_task_mapping_with_no_taskflow_operators to 2026-02-09 00:00:00+00:00, run_after=2026-02-10 00:00:00+00:00
[2026-02-10T02:23:29.112+0000] {processor.py:183} INFO - Processing /home/airflow/.local/lib/python3.12/site-packages/airflow/example_dags/example_dynamic_task_mapping_with_no_taskflow_operators.py took 0.082 seconds
[2026-02-10T02:23:59.361+0000] {processor.py:161} INFO - Started process (PID=850) to work on /home/airflow/.local/lib/python3.12/site-packages/airflow/example_dags/example_dynamic_task_mapping_with_no_taskflow_operators.py
[2026-02-10T02:23:59.362+0000] {processor.py:830} INFO - Processing file /home/airflow/.local/lib/python3.12/site-packages/airflow/example_dags/example_dynamic_task_mapping_with_no_taskflow_operators.py for tasks to queue
[2026-02-10T02:23:59.364+0000] {logging_mixin.py:188} INFO - [2026-02-10T02:23:59.364+0000] {dagbag.py:540} INFO - Filling up the DagBag from /home/airflow/.local/lib/python3.12/site-packages/airflow/example_dags/example_dynamic_task_mapping_with_no_taskflow_operators.py
[2026-02-10T02:23:59.371+0000] {processor.py:840} INFO - DAG(s) 'example_dynamic_task_mapping_with_no_taskflow_operators' retrieved from /home/airflow/.local/lib/python3.12/site-packages/airflow/example_dags/example_dynamic_task_mapping_with_no_taskflow_operators.py
[2026-02-10T02:23:59.391+0000] {logging_mixin.py:188} INFO - [2026-02-10T02:23:59.391+0000] {dag.py:3096} INFO - Sync 1 DAGs
[2026-02-10T02:23:59.414+0000] {logging_mixin.py:188} INFO - [2026-02-10T02:23:59.414+0000] {dag.py:3954} INFO - Setting next_dagrun for example_dynamic_task_mapping_with_no_taskflow_operators to 2026-02-09 00:00:00+00:00, run_after=2026-02-10 00:00:00+00:00
[2026-02-10T02:23:59.434+0000] {processor.py:183} INFO - Processing /home/airflow/.local/lib/python3.12/site-packages/airflow/example_dags/example_dynamic_task_mapping_with_no_taskflow_operators.py took 0.078 seconds
[2026-02-10T02:24:30.096+0000] {processor.py:161} INFO - Started process (PID=904) to work on /home/airflow/.local/lib/python3.12/site-packages/airflow/example_dags/example_dynamic_task_mapping_with_no_taskflow_operators.py
[2026-02-10T02:24:30.098+0000] {processor.py:830} INFO - Processing file /home/airflow/.local/lib/python3.12/site-packages/airflow/example_dags/example_dynamic_task_mapping_with_no_taskflow_operators.py for tasks to queue
[2026-02-10T02:24:30.100+0000] {logging_mixin.py:188} INFO - [2026-02-10T02:24:30.100+0000] {dagbag.py:540} INFO - Filling up the DagBag from /home/airflow/.local/lib/python3.12/site-packages/airflow/example_dags/example_dynamic_task_mapping_with_no_taskflow_operators.py
[2026-02-10T02:24:30.106+0000] {processor.py:840} INFO - DAG(s) 'example_dynamic_task_mapping_with_no_taskflow_operators' retrieved from /home/airflow/.local/lib/python3.12/site-packages/airflow/example_dags/example_dynamic_task_mapping_with_no_taskflow_operators.py
[2026-02-10T02:24:30.126+0000] {logging_mixin.py:188} INFO - [2026-02-10T02:24:30.126+0000] {dag.py:3096} INFO - Sync 1 DAGs
[2026-02-10T02:24:30.148+0000] {logging_mixin.py:188} INFO - [2026-02-10T02:24:30.148+0000] {dag.py:3954} INFO - Setting next_dagrun for example_dynamic_task_mapping_with_no_taskflow_operators to 2026-02-09 00:00:00+00:00, run_after=2026-02-10 00:00:00+00:00
[2026-02-10T02:24:30.167+0000] {processor.py:183} INFO - Processing /home/airflow/.local/lib/python3.12/site-packages/airflow/example_dags/example_dynamic_task_mapping_with_no_taskflow_operators.py took 0.078 seconds
[2026-02-10T02:25:00.325+0000] {processor.py:161} INFO - Started process (PID=958) to work on /home/airflow/.local/lib/python3.12/site-packages/airflow/example_dags/example_dynamic_task_mapping_with_no_taskflow_operators.py
[2026-02-10T02:25:00.326+0000] {processor.py:830} INFO - Processing file /home/airflow/.local/lib/python3.12/site-packages/airflow/example_dags/example_dynamic_task_mapping_with_no_taskflow_operators.py for tasks to queue
[2026-02-10T02:25:00.328+0000] {logging_mixin.py:188} INFO - [2026-02-10T02:25:00.328+0000] {dagbag.py:540} INFO - Filling up the DagBag from /home/airflow/.local/lib/python3.12/site-packages/airflow/example_dags/example_dynamic_task_mapping_with_no_taskflow_operators.py
[2026-02-10T02:25:00.334+0000] {processor.py:840} INFO - DAG(s) 'example_dynamic_task_mapping_with_no_taskflow_operators' retrieved from /home/airflow/.local/lib/python3.12/site-packages/airflow/example_dags/example_dynamic_task_mapping_with_no_taskflow_operators.py
[2026-02-10T02:25:00.353+0000] {logging_mixin.py:188} INFO - [2026-02-10T02:25:00.353+0000] {dag.py:3096} INFO - Sync 1 DAGs
[2026-02-10T02:25:00.373+0000] {logging_mixin.py:188} INFO - [2026-02-10T02:25:00.372+0000] {dag.py:3954} INFO - Setting next_dagrun for example_dynamic_task_mapping_with_no_taskflow_operators to 2026-02-09 00:00:00+00:00, run_after=2026-02-10 00:00:00+00:00
[2026-02-10T02:25:00.392+0000] {processor.py:183} INFO - Processing /home/airflow/.local/lib/python3.12/site-packages/airflow/example_dags/example_dynamic_task_mapping_with_no_taskflow_operators.py took 0.072 seconds
[2026-02-10T02:25:30.965+0000] {processor.py:161} INFO - Started process (PID=1012) to work on /home/airflow/.local/lib/python3.12/site-packages/airflow/example_dags/example_dynamic_task_mapping_with_no_taskflow_operators.py
[2026-02-10T02:25:30.967+0000] {processor.py:830} INFO - Processing file /home/airflow/.local/lib/python3.12/site-packages/airflow/example_dags/example_dynamic_task_mapping_with_no_taskflow_operators.py for tasks to queue
[2026-02-10T02:25:30.969+0000] {logging_mixin.py:188} INFO - [2026-02-10T02:25:30.969+0000] {dagbag.py:540} INFO - Filling up the DagBag from /home/airflow/.local/lib/python3.12/site-packages/airflow/example_dags/example_dynamic_task_mapping_with_no_taskflow_operators.py
[2026-02-10T02:25:30.977+0000] {processor.py:840} INFO - DAG(s) 'example_dynamic_task_mapping_with_no_taskflow_operators' retrieved from /home/airflow/.local/lib/python3.12/site-packages/airflow/example_dags/example_dynamic_task_mapping_with_no_taskflow_operators.py
[2026-02-10T02:25:30.997+0000] {logging_mixin.py:188} INFO - [2026-02-10T02:25:30.997+0000] {dag.py:3096} INFO - Sync 1 DAGs
[2026-02-10T02:25:31.019+0000] {logging_mixin.py:188} INFO - [2026-02-10T02:25:31.019+0000] {dag.py:3954} INFO - Setting next_dagrun for example_dynamic_task_mapping_with_no_taskflow_operators to 2026-02-09 00:00:00+00:00, run_after=2026-02-10 00:00:00+00:00
[2026-02-10T02:25:31.053+0000] {processor.py:183} INFO - Processing /home/airflow/.local/lib/python3.12/site-packages/airflow/example_dags/example_dynamic_task_mapping_with_no_taskflow_operators.py took 0.094 seconds
[2026-02-10T02:26:01.217+0000] {processor.py:161} INFO - Started process (PID=1066) to work on /home/airflow/.local/lib/python3.12/site-packages/airflow/example_dags/example_dynamic_task_mapping_with_no_taskflow_operators.py
[2026-02-10T02:26:01.218+0000] {processor.py:830} INFO - Processing file /home/airflow/.local/lib/python3.12/site-packages/airflow/example_dags/example_dynamic_task_mapping_with_no_taskflow_operators.py for tasks to queue
[2026-02-10T02:26:01.220+0000] {logging_mixin.py:188} INFO - [2026-02-10T02:26:01.220+0000] {dagbag.py:540} INFO - Filling up the DagBag from /home/airflow/.local/lib/python3.12/site-packages/airflow/example_dags/example_dynamic_task_mapping_with_no_taskflow_operators.py
[2026-02-10T02:26:01.226+0000] {processor.py:840} INFO - DAG(s) 'example_dynamic_task_mapping_with_no_taskflow_operators' retrieved from /home/airflow/.local/lib/python3.12/site-packages/airflow/example_dags/example_dynamic_task_mapping_with_no_taskflow_operators.py
[2026-02-10T02:26:01.245+0000] {logging_mixin.py:188} INFO - [2026-02-10T02:26:01.245+0000] {dag.py:3096} INFO - Sync 1 DAGs
[2026-02-10T02:26:01.264+0000] {logging_mixin.py:188} INFO - [2026-02-10T02:26:01.264+0000] {dag.py:3954} INFO - Setting next_dagrun for example_dynamic_task_mapping_with_no_taskflow_operators to 2026-02-09 00:00:00+00:00, run_after=2026-02-10 00:00:00+00:00
[2026-02-10T02:26:01.284+0000] {processor.py:183} INFO - Processing /home/airflow/.local/lib/python3.12/site-packages/airflow/example_dags/example_dynamic_task_mapping_with_no_taskflow_operators.py took 0.073 seconds
[2026-02-10T02:26:32.287+0000] {processor.py:161} INFO - Started process (PID=1120) to work on /home/airflow/.local/lib/python3.12/site-packages/airflow/example_dags/example_dynamic_task_mapping_with_no_taskflow_operators.py
[2026-02-10T02:26:32.289+0000] {processor.py:830} INFO - Processing file /home/airflow/.local/lib/python3.12/site-packages/airflow/example_dags/example_dynamic_task_mapping_with_no_taskflow_operators.py for tasks to queue
[2026-02-10T02:26:32.292+0000] {logging_mixin.py:188} INFO - [2026-02-10T02:26:32.291+0000] {dagbag.py:540} INFO - Filling up the DagBag from /home/airflow/.local/lib/python3.12/site-packages/airflow/example_dags/example_dynamic_task_mapping_with_no_taskflow_operators.py
[2026-02-10T02:26:32.302+0000] {processor.py:840} INFO - DAG(s) 'example_dynamic_task_mapping_with_no_taskflow_operators' retrieved from /home/airflow/.local/lib/python3.12/site-packages/airflow/example_dags/example_dynamic_task_mapping_with_no_taskflow_operators.py
[2026-02-10T02:26:32.332+0000] {logging_mixin.py:188} INFO - [2026-02-10T02:26:32.331+0000] {dag.py:3096} INFO - Sync 1 DAGs
[2026-02-10T02:26:32.506+0000] {logging_mixin.py:188} INFO - [2026-02-10T02:26:32.506+0000] {dag.py:3954} INFO - Setting next_dagrun for example_dynamic_task_mapping_with_no_taskflow_operators to 2026-02-09 00:00:00+00:00, run_after=2026-02-10 00:00:00+00:00
[2026-02-10T02:26:32.533+0000] {processor.py:183} INFO - Processing /home/airflow/.local/lib/python3.12/site-packages/airflow/example_dags/example_dynamic_task_mapping_with_no_taskflow_operators.py took 0.257 seconds
[2026-02-10T02:27:03.466+0000] {processor.py:161} INFO - Started process (PID=1174) to work on /home/airflow/.local/lib/python3.12/site-packages/airflow/example_dags/example_dynamic_task_mapping_with_no_taskflow_operators.py
[2026-02-10T02:27:03.468+0000] {processor.py:830} INFO - Processing file /home/airflow/.local/lib/python3.12/site-packages/airflow/example_dags/example_dynamic_task_mapping_with_no_taskflow_operators.py for tasks to queue
[2026-02-10T02:27:03.470+0000] {logging_mixin.py:188} INFO - [2026-02-10T02:27:03.469+0000] {dagbag.py:540} INFO - Filling up the DagBag from /home/airflow/.local/lib/python3.12/site-packages/airflow/example_dags/example_dynamic_task_mapping_with_no_taskflow_operators.py
[2026-02-10T02:27:03.476+0000] {processor.py:840} INFO - DAG(s) 'example_dynamic_task_mapping_with_no_taskflow_operators' retrieved from /home/airflow/.local/lib/python3.12/site-packages/airflow/example_dags/example_dynamic_task_mapping_with_no_taskflow_operators.py
[2026-02-10T02:27:03.498+0000] {logging_mixin.py:188} INFO - [2026-02-10T02:27:03.497+0000] {dag.py:3096} INFO - Sync 1 DAGs
[2026-02-10T02:27:03.546+0000] {logging_mixin.py:188} INFO - [2026-02-10T02:27:03.546+0000] {dag.py:3954} INFO - Setting next_dagrun for example_dynamic_task_mapping_with_no_taskflow_operators to 2026-02-09 00:00:00+00:00, run_after=2026-02-10 00:00:00+00:00
[2026-02-10T02:27:03.723+0000] {processor.py:183} INFO - Processing /home/airflow/.local/lib/python3.12/site-packages/airflow/example_dags/example_dynamic_task_mapping_with_no_taskflow_operators.py took 0.262 seconds
[2026-02-10T02:27:34.545+0000] {processor.py:161} INFO - Started process (PID=1228) to work on /home/airflow/.local/lib/python3.12/site-packages/airflow/example_dags/example_dynamic_task_mapping_with_no_taskflow_operators.py
[2026-02-10T02:27:34.546+0000] {processor.py:830} INFO - Processing file /home/airflow/.local/lib/python3.12/site-packages/airflow/example_dags/example_dynamic_task_mapping_with_no_taskflow_operators.py for tasks to queue
[2026-02-10T02:27:34.548+0000] {logging_mixin.py:188} INFO - [2026-02-10T02:27:34.548+0000] {dagbag.py:540} INFO - Filling up the DagBag from /home/airflow/.local/lib/python3.12/site-packages/airflow/example_dags/example_dynamic_task_mapping_with_no_taskflow_operators.py
[2026-02-10T02:27:34.557+0000] {processor.py:840} INFO - DAG(s) 'example_dynamic_task_mapping_with_no_taskflow_operators' retrieved from /home/airflow/.local/lib/python3.12/site-packages/airflow/example_dags/example_dynamic_task_mapping_with_no_taskflow_operators.py
[2026-02-10T02:27:34.578+0000] {logging_mixin.py:188} INFO - [2026-02-10T02:27:34.578+0000] {dag.py:3096} INFO - Sync 1 DAGs
[2026-02-10T02:27:34.603+0000] {logging_mixin.py:188} INFO - [2026-02-10T02:27:34.602+0000] {dag.py:3954} INFO - Setting next_dagrun for example_dynamic_task_mapping_with_no_taskflow_operators to 2026-02-09 00:00:00+00:00, run_after=2026-02-10 00:00:00+00:00
[2026-02-10T02:27:34.623+0000] {processor.py:183} INFO - Processing /home/airflow/.local/lib/python3.12/site-packages/airflow/example_dags/example_dynamic_task_mapping_with_no_taskflow_operators.py took 0.085 seconds
[2026-02-10T02:28:05.314+0000] {processor.py:161} INFO - Started process (PID=1282) to work on /home/airflow/.local/lib/python3.12/site-packages/airflow/example_dags/example_dynamic_task_mapping_with_no_taskflow_operators.py
[2026-02-10T02:28:05.316+0000] {processor.py:830} INFO - Processing file /home/airflow/.local/lib/python3.12/site-packages/airflow/example_dags/example_dynamic_task_mapping_with_no_taskflow_operators.py for tasks to queue
[2026-02-10T02:28:05.318+0000] {logging_mixin.py:188} INFO - [2026-02-10T02:28:05.318+0000] {dagbag.py:540} INFO - Filling up the DagBag from /home/airflow/.local/lib/python3.12/site-packages/airflow/example_dags/example_dynamic_task_mapping_with_no_taskflow_operators.py
[2026-02-10T02:28:05.462+0000] {processor.py:840} INFO - DAG(s) 'example_dynamic_task_mapping_with_no_taskflow_operators' retrieved from /home/airflow/.local/lib/python3.12/site-packages/airflow/example_dags/example_dynamic_task_mapping_with_no_taskflow_operators.py
[2026-02-10T02:28:05.479+0000] {logging_mixin.py:188} INFO - [2026-02-10T02:28:05.479+0000] {dag.py:3096} INFO - Sync 1 DAGs
[2026-02-10T02:28:05.498+0000] {logging_mixin.py:188} INFO - [2026-02-10T02:28:05.498+0000] {dag.py:3954} INFO - Setting next_dagrun for example_dynamic_task_mapping_with_no_taskflow_operators to 2026-02-09 00:00:00+00:00, run_after=2026-02-10 00:00:00+00:00
[2026-02-10T02:28:05.517+0000] {processor.py:183} INFO - Processing /home/airflow/.local/lib/python3.12/site-packages/airflow/example_dags/example_dynamic_task_mapping_with_no_taskflow_operators.py took 0.208 seconds
[2026-02-10T02:28:35.919+0000] {processor.py:161} INFO - Started process (PID=1336) to work on /home/airflow/.local/lib/python3.12/site-packages/airflow/example_dags/example_dynamic_task_mapping_with_no_taskflow_operators.py
[2026-02-10T02:28:35.921+0000] {processor.py:830} INFO - Processing file /home/airflow/.local/lib/python3.12/site-packages/airflow/example_dags/example_dynamic_task_mapping_with_no_taskflow_operators.py for tasks to queue
[2026-02-10T02:28:35.923+0000] {logging_mixin.py:188} INFO - [2026-02-10T02:28:35.923+0000] {dagbag.py:540} INFO - Filling up the DagBag from /home/airflow/.local/lib/python3.12/site-packages/airflow/example_dags/example_dynamic_task_mapping_with_no_taskflow_operators.py
[2026-02-10T02:28:35.930+0000] {processor.py:840} INFO - DAG(s) 'example_dynamic_task_mapping_with_no_taskflow_operators' retrieved from /home/airflow/.local/lib/python3.12/site-packages/airflow/example_dags/example_dynamic_task_mapping_with_no_taskflow_operators.py
[2026-02-10T02:28:35.950+0000] {logging_mixin.py:188} INFO - [2026-02-10T02:28:35.950+0000] {dag.py:3096} INFO - Sync 1 DAGs
[2026-02-10T02:28:35.970+0000] {logging_mixin.py:188} INFO - [2026-02-10T02:28:35.970+0000] {dag.py:3954} INFO - Setting next_dagrun for example_dynamic_task_mapping_with_no_taskflow_operators to 2026-02-09 00:00:00+00:00, run_after=2026-02-10 00:00:00+00:00
[2026-02-10T02:28:35.990+0000] {processor.py:183} INFO - Processing /home/airflow/.local/lib/python3.12/site-packages/airflow/example_dags/example_dynamic_task_mapping_with_no_taskflow_operators.py took 0.078 seconds
[2026-02-10T02:29:06.521+0000] {processor.py:161} INFO - Started process (PID=1390) to work on /home/airflow/.local/lib/python3.12/site-packages/airflow/example_dags/example_dynamic_task_mapping_with_no_taskflow_operators.py
[2026-02-10T02:29:06.522+0000] {processor.py:830} INFO - Processing file /home/airflow/.local/lib/python3.12/site-packages/airflow/example_dags/example_dynamic_task_mapping_with_no_taskflow_operators.py for tasks to queue
[2026-02-10T02:29:06.524+0000] {logging_mixin.py:188} INFO - [2026-02-10T02:29:06.524+0000] {dagbag.py:540} INFO - Filling up the DagBag from /home/airflow/.local/lib/python3.12/site-packages/airflow/example_dags/example_dynamic_task_mapping_with_no_taskflow_operators.py
[2026-02-10T02:29:06.531+0000] {processor.py:840} INFO - DAG(s) 'example_dynamic_task_mapping_with_no_taskflow_operators' retrieved from /home/airflow/.local/lib/python3.12/site-packages/airflow/example_dags/example_dynamic_task_mapping_with_no_taskflow_operators.py
[2026-02-10T02:29:06.548+0000] {logging_mixin.py:188} INFO - [2026-02-10T02:29:06.548+0000] {dag.py:3096} INFO - Sync 1 DAGs
[2026-02-10T02:29:06.569+0000] {logging_mixin.py:188} INFO - [2026-02-10T02:29:06.569+0000] {dag.py:3954} INFO - Setting next_dagrun for example_dynamic_task_mapping_with_no_taskflow_operators to 2026-02-09 00:00:00+00:00, run_after=2026-02-10 00:00:00+00:00
[2026-02-10T02:29:06.588+0000] {processor.py:183} INFO - Processing /home/airflow/.local/lib/python3.12/site-packages/airflow/example_dags/example_dynamic_task_mapping_with_no_taskflow_operators.py took 0.074 seconds
[2026-02-10T02:29:37.320+0000] {processor.py:161} INFO - Started process (PID=1444) to work on /home/airflow/.local/lib/python3.12/site-packages/airflow/example_dags/example_dynamic_task_mapping_with_no_taskflow_operators.py
[2026-02-10T02:29:37.321+0000] {processor.py:830} INFO - Processing file /home/airflow/.local/lib/python3.12/site-packages/airflow/example_dags/example_dynamic_task_mapping_with_no_taskflow_operators.py for tasks to queue
[2026-02-10T02:29:37.323+0000] {logging_mixin.py:188} INFO - [2026-02-10T02:29:37.322+0000] {dagbag.py:540} INFO - Filling up the DagBag from /home/airflow/.local/lib/python3.12/site-packages/airflow/example_dags/example_dynamic_task_mapping_with_no_taskflow_operators.py
[2026-02-10T02:29:37.330+0000] {processor.py:840} INFO - DAG(s) 'example_dynamic_task_mapping_with_no_taskflow_operators' retrieved from /home/airflow/.local/lib/python3.12/site-packages/airflow/example_dags/example_dynamic_task_mapping_with_no_taskflow_operators.py
[2026-02-10T02:29:37.351+0000] {logging_mixin.py:188} INFO - [2026-02-10T02:29:37.351+0000] {dag.py:3096} INFO - Sync 1 DAGs
[2026-02-10T02:29:37.373+0000] {logging_mixin.py:188} INFO - [2026-02-10T02:29:37.373+0000] {dag.py:3954} INFO - Setting next_dagrun for example_dynamic_task_mapping_with_no_taskflow_operators to 2026-02-09 00:00:00+00:00, run_after=2026-02-10 00:00:00+00:00
[2026-02-10T02:29:37.391+0000] {processor.py:183} INFO - Processing /home/airflow/.local/lib/python3.12/site-packages/airflow/example_dags/example_dynamic_task_mapping_with_no_taskflow_operators.py took 0.079 seconds
[2026-02-10T02:30:07.531+0000] {processor.py:161} INFO - Started process (PID=1498) to work on /home/airflow/.local/lib/python3.12/site-packages/airflow/example_dags/example_dynamic_task_mapping_with_no_taskflow_operators.py
[2026-02-10T02:30:07.532+0000] {processor.py:830} INFO - Processing file /home/airflow/.local/lib/python3.12/site-packages/airflow/example_dags/example_dynamic_task_mapping_with_no_taskflow_operators.py for tasks to queue
[2026-02-10T02:30:07.534+0000] {logging_mixin.py:188} INFO - [2026-02-10T02:30:07.534+0000] {dagbag.py:540} INFO - Filling up the DagBag from /home/airflow/.local/lib/python3.12/site-packages/airflow/example_dags/example_dynamic_task_mapping_with_no_taskflow_operators.py
[2026-02-10T02:30:07.541+0000] {processor.py:840} INFO - DAG(s) 'example_dynamic_task_mapping_with_no_taskflow_operators' retrieved from /home/airflow/.local/lib/python3.12/site-packages/airflow/example_dags/example_dynamic_task_mapping_with_no_taskflow_operators.py
[2026-02-10T02:30:07.559+0000] {logging_mixin.py:188} INFO - [2026-02-10T02:30:07.558+0000] {dag.py:3096} INFO - Sync 1 DAGs
[2026-02-10T02:30:07.580+0000] {logging_mixin.py:188} INFO - [2026-02-10T02:30:07.580+0000] {dag.py:3954} INFO - Setting next_dagrun for example_dynamic_task_mapping_with_no_taskflow_operators to 2026-02-09 00:00:00+00:00, run_after=2026-02-10 00:00:00+00:00
[2026-02-10T02:30:07.600+0000] {processor.py:183} INFO - Processing /home/airflow/.local/lib/python3.12/site-packages/airflow/example_dags/example_dynamic_task_mapping_with_no_taskflow_operators.py took 0.074 seconds
[2026-02-10T02:30:38.033+0000] {processor.py:161} INFO - Started process (PID=1552) to work on /home/airflow/.local/lib/python3.12/site-packages/airflow/example_dags/example_dynamic_task_mapping_with_no_taskflow_operators.py
[2026-02-10T02:30:38.034+0000] {processor.py:830} INFO - Processing file /home/airflow/.local/lib/python3.12/site-packages/airflow/example_dags/example_dynamic_task_mapping_with_no_taskflow_operators.py for tasks to queue
[2026-02-10T02:30:38.036+0000] {logging_mixin.py:188} INFO - [2026-02-10T02:30:38.035+0000] {dagbag.py:540} INFO - Filling up the DagBag from /home/airflow/.local/lib/python3.12/site-packages/airflow/example_dags/example_dynamic_task_mapping_with_no_taskflow_operators.py
[2026-02-10T02:30:38.042+0000] {processor.py:840} INFO - DAG(s) 'example_dynamic_task_mapping_with_no_taskflow_operators' retrieved from /home/airflow/.local/lib/python3.12/site-packages/airflow/example_dags/example_dynamic_task_mapping_with_no_taskflow_operators.py
[2026-02-10T02:30:38.061+0000] {logging_mixin.py:188} INFO - [2026-02-10T02:30:38.061+0000] {dag.py:3096} INFO - Sync 1 DAGs
[2026-02-10T02:30:38.080+0000] {logging_mixin.py:188} INFO - [2026-02-10T02:30:38.080+0000] {dag.py:3954} INFO - Setting next_dagrun for example_dynamic_task_mapping_with_no_taskflow_operators to 2026-02-09 00:00:00+00:00, run_after=2026-02-10 00:00:00+00:00
[2026-02-10T02:30:38.099+0000] {processor.py:183} INFO - Processing /home/airflow/.local/lib/python3.12/site-packages/airflow/example_dags/example_dynamic_task_mapping_with_no_taskflow_operators.py took 0.072 seconds
[2026-02-10T02:31:08.390+0000] {processor.py:161} INFO - Started process (PID=1606) to work on /home/airflow/.local/lib/python3.12/site-packages/airflow/example_dags/example_dynamic_task_mapping_with_no_taskflow_operators.py
[2026-02-10T02:31:08.391+0000] {processor.py:830} INFO - Processing file /home/airflow/.local/lib/python3.12/site-packages/airflow/example_dags/example_dynamic_task_mapping_with_no_taskflow_operators.py for tasks to queue
[2026-02-10T02:31:08.393+0000] {logging_mixin.py:188} INFO - [2026-02-10T02:31:08.393+0000] {dagbag.py:540} INFO - Filling up the DagBag from /home/airflow/.local/lib/python3.12/site-packages/airflow/example_dags/example_dynamic_task_mapping_with_no_taskflow_operators.py
[2026-02-10T02:31:08.401+0000] {processor.py:840} INFO - DAG(s) 'example_dynamic_task_mapping_with_no_taskflow_operators' retrieved from /home/airflow/.local/lib/python3.12/site-packages/airflow/example_dags/example_dynamic_task_mapping_with_no_taskflow_operators.py
[2026-02-10T02:31:08.423+0000] {logging_mixin.py:188} INFO - [2026-02-10T02:31:08.423+0000] {dag.py:3096} INFO - Sync 1 DAGs
[2026-02-10T02:31:08.448+0000] {logging_mixin.py:188} INFO - [2026-02-10T02:31:08.448+0000] {dag.py:3954} INFO - Setting next_dagrun for example_dynamic_task_mapping_with_no_taskflow_operators to 2026-02-09 00:00:00+00:00, run_after=2026-02-10 00:00:00+00:00
[2026-02-10T02:31:08.471+0000] {processor.py:183} INFO - Processing /home/airflow/.local/lib/python3.12/site-packages/airflow/example_dags/example_dynamic_task_mapping_with_no_taskflow_operators.py took 0.088 seconds
[2026-02-10T02:31:38.861+0000] {processor.py:161} INFO - Started process (PID=1660) to work on /home/airflow/.local/lib/python3.12/site-packages/airflow/example_dags/example_dynamic_task_mapping_with_no_taskflow_operators.py
[2026-02-10T02:31:38.863+0000] {processor.py:830} INFO - Processing file /home/airflow/.local/lib/python3.12/site-packages/airflow/example_dags/example_dynamic_task_mapping_with_no_taskflow_operators.py for tasks to queue
[2026-02-10T02:31:38.865+0000] {logging_mixin.py:188} INFO - [2026-02-10T02:31:38.864+0000] {dagbag.py:540} INFO - Filling up the DagBag from /home/airflow/.local/lib/python3.12/site-packages/airflow/example_dags/example_dynamic_task_mapping_with_no_taskflow_operators.py
[2026-02-10T02:31:38.871+0000] {processor.py:840} INFO - DAG(s) 'example_dynamic_task_mapping_with_no_taskflow_operators' retrieved from /home/airflow/.local/lib/python3.12/site-packages/airflow/example_dags/example_dynamic_task_mapping_with_no_taskflow_operators.py
[2026-02-10T02:31:38.892+0000] {logging_mixin.py:188} INFO - [2026-02-10T02:31:38.892+0000] {dag.py:3096} INFO - Sync 1 DAGs
[2026-02-10T02:31:38.916+0000] {logging_mixin.py:188} INFO - [2026-02-10T02:31:38.915+0000] {dag.py:3954} INFO - Setting next_dagrun for example_dynamic_task_mapping_with_no_taskflow_operators to 2026-02-09 00:00:00+00:00, run_after=2026-02-10 00:00:00+00:00
[2026-02-10T02:31:38.937+0000] {processor.py:183} INFO - Processing /home/airflow/.local/lib/python3.12/site-packages/airflow/example_dags/example_dynamic_task_mapping_with_no_taskflow_operators.py took 0.082 seconds
[2026-02-10T02:32:08.980+0000] {processor.py:161} INFO - Started process (PID=1714) to work on /home/airflow/.local/lib/python3.12/site-packages/airflow/example_dags/example_dynamic_task_mapping_with_no_taskflow_operators.py
[2026-02-10T02:32:08.981+0000] {processor.py:830} INFO - Processing file /home/airflow/.local/lib/python3.12/site-packages/airflow/example_dags/example_dynamic_task_mapping_with_no_taskflow_operators.py for tasks to queue
[2026-02-10T02:32:08.983+0000] {logging_mixin.py:188} INFO - [2026-02-10T02:32:08.983+0000] {dagbag.py:540} INFO - Filling up the DagBag from /home/airflow/.local/lib/python3.12/site-packages/airflow/example_dags/example_dynamic_task_mapping_with_no_taskflow_operators.py
[2026-02-10T02:32:08.990+0000] {processor.py:840} INFO - DAG(s) 'example_dynamic_task_mapping_with_no_taskflow_operators' retrieved from /home/airflow/.local/lib/python3.12/site-packages/airflow/example_dags/example_dynamic_task_mapping_with_no_taskflow_operators.py
[2026-02-10T02:32:09.007+0000] {logging_mixin.py:188} INFO - [2026-02-10T02:32:09.007+0000] {dag.py:3096} INFO - Sync 1 DAGs
[2026-02-10T02:32:09.027+0000] {logging_mixin.py:188} INFO - [2026-02-10T02:32:09.026+0000] {dag.py:3954} INFO - Setting next_dagrun for example_dynamic_task_mapping_with_no_taskflow_operators to 2026-02-09 00:00:00+00:00, run_after=2026-02-10 00:00:00+00:00
[2026-02-10T02:32:09.045+0000] {processor.py:183} INFO - Processing /home/airflow/.local/lib/python3.12/site-packages/airflow/example_dags/example_dynamic_task_mapping_with_no_taskflow_operators.py took 0.070 seconds
[2026-02-10T02:32:39.387+0000] {processor.py:161} INFO - Started process (PID=1768) to work on /home/airflow/.local/lib/python3.12/site-packages/airflow/example_dags/example_dynamic_task_mapping_with_no_taskflow_operators.py
[2026-02-10T02:32:39.389+0000] {processor.py:830} INFO - Processing file /home/airflow/.local/lib/python3.12/site-packages/airflow/example_dags/example_dynamic_task_mapping_with_no_taskflow_operators.py for tasks to queue
[2026-02-10T02:32:39.390+0000] {logging_mixin.py:188} INFO - [2026-02-10T02:32:39.390+0000] {dagbag.py:540} INFO - Filling up the DagBag from /home/airflow/.local/lib/python3.12/site-packages/airflow/example_dags/example_dynamic_task_mapping_with_no_taskflow_operators.py
[2026-02-10T02:32:39.397+0000] {processor.py:840} INFO - DAG(s) 'example_dynamic_task_mapping_with_no_taskflow_operators' retrieved from /home/airflow/.local/lib/python3.12/site-packages/airflow/example_dags/example_dynamic_task_mapping_with_no_taskflow_operators.py
[2026-02-10T02:32:39.418+0000] {logging_mixin.py:188} INFO - [2026-02-10T02:32:39.418+0000] {dag.py:3096} INFO - Sync 1 DAGs
[2026-02-10T02:32:39.439+0000] {logging_mixin.py:188} INFO - [2026-02-10T02:32:39.439+0000] {dag.py:3954} INFO - Setting next_dagrun for example_dynamic_task_mapping_with_no_taskflow_operators to 2026-02-09 00:00:00+00:00, run_after=2026-02-10 00:00:00+00:00
[2026-02-10T02:32:39.460+0000] {processor.py:183} INFO - Processing /home/airflow/.local/lib/python3.12/site-packages/airflow/example_dags/example_dynamic_task_mapping_with_no_taskflow_operators.py took 0.079 seconds
[2026-02-10T02:34:48.643+0000] {processor.py:161} INFO - Started process (PID=40) to work on /home/airflow/.local/lib/python3.12/site-packages/airflow/example_dags/example_dynamic_task_mapping_with_no_taskflow_operators.py
[2026-02-10T02:34:48.649+0000] {processor.py:830} INFO - Processing file /home/airflow/.local/lib/python3.12/site-packages/airflow/example_dags/example_dynamic_task_mapping_with_no_taskflow_operators.py for tasks to queue
[2026-02-10T02:34:48.656+0000] {logging_mixin.py:188} INFO - [2026-02-10T02:34:48.655+0000] {dagbag.py:540} INFO - Filling up the DagBag from /home/airflow/.local/lib/python3.12/site-packages/airflow/example_dags/example_dynamic_task_mapping_with_no_taskflow_operators.py
[2026-02-10T02:34:48.691+0000] {processor.py:840} INFO - DAG(s) 'example_dynamic_task_mapping_with_no_taskflow_operators' retrieved from /home/airflow/.local/lib/python3.12/site-packages/airflow/example_dags/example_dynamic_task_mapping_with_no_taskflow_operators.py
[2026-02-10T02:34:48.725+0000] {logging_mixin.py:188} INFO - [2026-02-10T02:34:48.724+0000] {dag.py:3096} INFO - Sync 1 DAGs
[2026-02-10T02:34:48.796+0000] {logging_mixin.py:188} INFO - [2026-02-10T02:34:48.795+0000] {dag.py:3954} INFO - Setting next_dagrun for example_dynamic_task_mapping_with_no_taskflow_operators to 2026-02-09 00:00:00+00:00, run_after=2026-02-10 00:00:00+00:00
[2026-02-10T02:34:48.939+0000] {processor.py:183} INFO - Processing /home/airflow/.local/lib/python3.12/site-packages/airflow/example_dags/example_dynamic_task_mapping_with_no_taskflow_operators.py took 0.330 seconds
[2026-02-10T02:35:19.360+0000] {processor.py:161} INFO - Started process (PID=94) to work on /home/airflow/.local/lib/python3.12/site-packages/airflow/example_dags/example_dynamic_task_mapping_with_no_taskflow_operators.py
[2026-02-10T02:35:19.361+0000] {processor.py:830} INFO - Processing file /home/airflow/.local/lib/python3.12/site-packages/airflow/example_dags/example_dynamic_task_mapping_with_no_taskflow_operators.py for tasks to queue
[2026-02-10T02:35:19.363+0000] {logging_mixin.py:188} INFO - [2026-02-10T02:35:19.363+0000] {dagbag.py:540} INFO - Filling up the DagBag from /home/airflow/.local/lib/python3.12/site-packages/airflow/example_dags/example_dynamic_task_mapping_with_no_taskflow_operators.py
[2026-02-10T02:35:19.370+0000] {processor.py:840} INFO - DAG(s) 'example_dynamic_task_mapping_with_no_taskflow_operators' retrieved from /home/airflow/.local/lib/python3.12/site-packages/airflow/example_dags/example_dynamic_task_mapping_with_no_taskflow_operators.py
[2026-02-10T02:35:19.456+0000] {logging_mixin.py:188} INFO - [2026-02-10T02:35:19.456+0000] {dag.py:3096} INFO - Sync 1 DAGs
[2026-02-10T02:35:19.474+0000] {logging_mixin.py:188} INFO - [2026-02-10T02:35:19.474+0000] {dag.py:3954} INFO - Setting next_dagrun for example_dynamic_task_mapping_with_no_taskflow_operators to 2026-02-09 00:00:00+00:00, run_after=2026-02-10 00:00:00+00:00
[2026-02-10T02:35:19.494+0000] {processor.py:183} INFO - Processing /home/airflow/.local/lib/python3.12/site-packages/airflow/example_dags/example_dynamic_task_mapping_with_no_taskflow_operators.py took 0.139 seconds
[2026-02-10T02:38:39.512+0000] {processor.py:161} INFO - Started process (PID=40) to work on /home/airflow/.local/lib/python3.12/site-packages/airflow/example_dags/example_dynamic_task_mapping_with_no_taskflow_operators.py
[2026-02-10T02:38:39.514+0000] {processor.py:830} INFO - Processing file /home/airflow/.local/lib/python3.12/site-packages/airflow/example_dags/example_dynamic_task_mapping_with_no_taskflow_operators.py for tasks to queue
[2026-02-10T02:38:39.520+0000] {logging_mixin.py:188} INFO - [2026-02-10T02:38:39.519+0000] {dagbag.py:540} INFO - Filling up the DagBag from /home/airflow/.local/lib/python3.12/site-packages/airflow/example_dags/example_dynamic_task_mapping_with_no_taskflow_operators.py
[2026-02-10T02:38:39.537+0000] {processor.py:840} INFO - DAG(s) 'example_dynamic_task_mapping_with_no_taskflow_operators' retrieved from /home/airflow/.local/lib/python3.12/site-packages/airflow/example_dags/example_dynamic_task_mapping_with_no_taskflow_operators.py
[2026-02-10T02:38:39.566+0000] {logging_mixin.py:188} INFO - [2026-02-10T02:38:39.565+0000] {dag.py:3096} INFO - Sync 1 DAGs
[2026-02-10T02:38:39.618+0000] {logging_mixin.py:188} INFO - [2026-02-10T02:38:39.618+0000] {dag.py:3954} INFO - Setting next_dagrun for example_dynamic_task_mapping_with_no_taskflow_operators to 2026-02-09 00:00:00+00:00, run_after=2026-02-10 00:00:00+00:00
[2026-02-10T02:38:39.652+0000] {processor.py:183} INFO - Processing /home/airflow/.local/lib/python3.12/site-packages/airflow/example_dags/example_dynamic_task_mapping_with_no_taskflow_operators.py took 0.153 seconds
[2026-02-10T02:39:10.349+0000] {processor.py:161} INFO - Started process (PID=94) to work on /home/airflow/.local/lib/python3.12/site-packages/airflow/example_dags/example_dynamic_task_mapping_with_no_taskflow_operators.py
[2026-02-10T02:39:10.351+0000] {processor.py:830} INFO - Processing file /home/airflow/.local/lib/python3.12/site-packages/airflow/example_dags/example_dynamic_task_mapping_with_no_taskflow_operators.py for tasks to queue
[2026-02-10T02:39:10.353+0000] {logging_mixin.py:188} INFO - [2026-02-10T02:39:10.353+0000] {dagbag.py:540} INFO - Filling up the DagBag from /home/airflow/.local/lib/python3.12/site-packages/airflow/example_dags/example_dynamic_task_mapping_with_no_taskflow_operators.py
[2026-02-10T02:39:10.361+0000] {processor.py:840} INFO - DAG(s) 'example_dynamic_task_mapping_with_no_taskflow_operators' retrieved from /home/airflow/.local/lib/python3.12/site-packages/airflow/example_dags/example_dynamic_task_mapping_with_no_taskflow_operators.py
[2026-02-10T02:39:10.446+0000] {logging_mixin.py:188} INFO - [2026-02-10T02:39:10.445+0000] {dag.py:3096} INFO - Sync 1 DAGs
[2026-02-10T02:39:10.466+0000] {logging_mixin.py:188} INFO - [2026-02-10T02:39:10.466+0000] {dag.py:3954} INFO - Setting next_dagrun for example_dynamic_task_mapping_with_no_taskflow_operators to 2026-02-09 00:00:00+00:00, run_after=2026-02-10 00:00:00+00:00
[2026-02-10T02:39:10.486+0000] {processor.py:183} INFO - Processing /home/airflow/.local/lib/python3.12/site-packages/airflow/example_dags/example_dynamic_task_mapping_with_no_taskflow_operators.py took 0.143 seconds
[2026-02-10T02:39:41.040+0000] {processor.py:161} INFO - Started process (PID=148) to work on /home/airflow/.local/lib/python3.12/site-packages/airflow/example_dags/example_dynamic_task_mapping_with_no_taskflow_operators.py
[2026-02-10T02:39:41.041+0000] {processor.py:830} INFO - Processing file /home/airflow/.local/lib/python3.12/site-packages/airflow/example_dags/example_dynamic_task_mapping_with_no_taskflow_operators.py for tasks to queue
[2026-02-10T02:39:41.043+0000] {logging_mixin.py:188} INFO - [2026-02-10T02:39:41.043+0000] {dagbag.py:540} INFO - Filling up the DagBag from /home/airflow/.local/lib/python3.12/site-packages/airflow/example_dags/example_dynamic_task_mapping_with_no_taskflow_operators.py
[2026-02-10T02:39:41.049+0000] {processor.py:840} INFO - DAG(s) 'example_dynamic_task_mapping_with_no_taskflow_operators' retrieved from /home/airflow/.local/lib/python3.12/site-packages/airflow/example_dags/example_dynamic_task_mapping_with_no_taskflow_operators.py
[2026-02-10T02:39:41.067+0000] {logging_mixin.py:188} INFO - [2026-02-10T02:39:41.067+0000] {dag.py:3096} INFO - Sync 1 DAGs
[2026-02-10T02:39:41.086+0000] {logging_mixin.py:188} INFO - [2026-02-10T02:39:41.086+0000] {dag.py:3954} INFO - Setting next_dagrun for example_dynamic_task_mapping_with_no_taskflow_operators to 2026-02-09 00:00:00+00:00, run_after=2026-02-10 00:00:00+00:00
[2026-02-10T02:39:41.105+0000] {processor.py:183} INFO - Processing /home/airflow/.local/lib/python3.12/site-packages/airflow/example_dags/example_dynamic_task_mapping_with_no_taskflow_operators.py took 0.071 seconds
[2026-02-10T02:40:11.583+0000] {processor.py:161} INFO - Started process (PID=202) to work on /home/airflow/.local/lib/python3.12/site-packages/airflow/example_dags/example_dynamic_task_mapping_with_no_taskflow_operators.py
[2026-02-10T02:40:11.584+0000] {processor.py:830} INFO - Processing file /home/airflow/.local/lib/python3.12/site-packages/airflow/example_dags/example_dynamic_task_mapping_with_no_taskflow_operators.py for tasks to queue
[2026-02-10T02:40:11.586+0000] {logging_mixin.py:188} INFO - [2026-02-10T02:40:11.586+0000] {dagbag.py:540} INFO - Filling up the DagBag from /home/airflow/.local/lib/python3.12/site-packages/airflow/example_dags/example_dynamic_task_mapping_with_no_taskflow_operators.py
[2026-02-10T02:40:11.592+0000] {processor.py:840} INFO - DAG(s) 'example_dynamic_task_mapping_with_no_taskflow_operators' retrieved from /home/airflow/.local/lib/python3.12/site-packages/airflow/example_dags/example_dynamic_task_mapping_with_no_taskflow_operators.py
[2026-02-10T02:40:11.611+0000] {logging_mixin.py:188} INFO - [2026-02-10T02:40:11.610+0000] {dag.py:3096} INFO - Sync 1 DAGs
[2026-02-10T02:40:11.629+0000] {logging_mixin.py:188} INFO - [2026-02-10T02:40:11.629+0000] {dag.py:3954} INFO - Setting next_dagrun for example_dynamic_task_mapping_with_no_taskflow_operators to 2026-02-09 00:00:00+00:00, run_after=2026-02-10 00:00:00+00:00
[2026-02-10T02:40:11.648+0000] {processor.py:183} INFO - Processing /home/airflow/.local/lib/python3.12/site-packages/airflow/example_dags/example_dynamic_task_mapping_with_no_taskflow_operators.py took 0.070 seconds
[2026-02-10T02:40:42.059+0000] {processor.py:161} INFO - Started process (PID=256) to work on /home/airflow/.local/lib/python3.12/site-packages/airflow/example_dags/example_dynamic_task_mapping_with_no_taskflow_operators.py
[2026-02-10T02:40:42.060+0000] {processor.py:830} INFO - Processing file /home/airflow/.local/lib/python3.12/site-packages/airflow/example_dags/example_dynamic_task_mapping_with_no_taskflow_operators.py for tasks to queue
[2026-02-10T02:40:42.062+0000] {logging_mixin.py:188} INFO - [2026-02-10T02:40:42.061+0000] {dagbag.py:540} INFO - Filling up the DagBag from /home/airflow/.local/lib/python3.12/site-packages/airflow/example_dags/example_dynamic_task_mapping_with_no_taskflow_operators.py
[2026-02-10T02:40:42.068+0000] {processor.py:840} INFO - DAG(s) 'example_dynamic_task_mapping_with_no_taskflow_operators' retrieved from /home/airflow/.local/lib/python3.12/site-packages/airflow/example_dags/example_dynamic_task_mapping_with_no_taskflow_operators.py
[2026-02-10T02:40:42.087+0000] {logging_mixin.py:188} INFO - [2026-02-10T02:40:42.086+0000] {dag.py:3096} INFO - Sync 1 DAGs
[2026-02-10T02:40:42.105+0000] {logging_mixin.py:188} INFO - [2026-02-10T02:40:42.105+0000] {dag.py:3954} INFO - Setting next_dagrun for example_dynamic_task_mapping_with_no_taskflow_operators to 2026-02-09 00:00:00+00:00, run_after=2026-02-10 00:00:00+00:00
[2026-02-10T02:40:42.123+0000] {processor.py:183} INFO - Processing /home/airflow/.local/lib/python3.12/site-packages/airflow/example_dags/example_dynamic_task_mapping_with_no_taskflow_operators.py took 0.069 seconds
[2026-02-10T02:41:12.578+0000] {processor.py:161} INFO - Started process (PID=310) to work on /home/airflow/.local/lib/python3.12/site-packages/airflow/example_dags/example_dynamic_task_mapping_with_no_taskflow_operators.py
[2026-02-10T02:41:12.580+0000] {processor.py:830} INFO - Processing file /home/airflow/.local/lib/python3.12/site-packages/airflow/example_dags/example_dynamic_task_mapping_with_no_taskflow_operators.py for tasks to queue
[2026-02-10T02:41:12.582+0000] {logging_mixin.py:188} INFO - [2026-02-10T02:41:12.582+0000] {dagbag.py:540} INFO - Filling up the DagBag from /home/airflow/.local/lib/python3.12/site-packages/airflow/example_dags/example_dynamic_task_mapping_with_no_taskflow_operators.py
[2026-02-10T02:41:12.593+0000] {processor.py:840} INFO - DAG(s) 'example_dynamic_task_mapping_with_no_taskflow_operators' retrieved from /home/airflow/.local/lib/python3.12/site-packages/airflow/example_dags/example_dynamic_task_mapping_with_no_taskflow_operators.py
[2026-02-10T02:41:12.623+0000] {logging_mixin.py:188} INFO - [2026-02-10T02:41:12.623+0000] {dag.py:3096} INFO - Sync 1 DAGs
[2026-02-10T02:41:12.655+0000] {logging_mixin.py:188} INFO - [2026-02-10T02:41:12.655+0000] {dag.py:3954} INFO - Setting next_dagrun for example_dynamic_task_mapping_with_no_taskflow_operators to 2026-02-09 00:00:00+00:00, run_after=2026-02-10 00:00:00+00:00
[2026-02-10T02:41:12.675+0000] {processor.py:183} INFO - Processing /home/airflow/.local/lib/python3.12/site-packages/airflow/example_dags/example_dynamic_task_mapping_with_no_taskflow_operators.py took 0.109 seconds
[2026-02-10T02:44:42.245+0000] {processor.py:161} INFO - Started process (PID=40) to work on /home/airflow/.local/lib/python3.12/site-packages/airflow/example_dags/example_dynamic_task_mapping_with_no_taskflow_operators.py
[2026-02-10T02:44:42.249+0000] {processor.py:830} INFO - Processing file /home/airflow/.local/lib/python3.12/site-packages/airflow/example_dags/example_dynamic_task_mapping_with_no_taskflow_operators.py for tasks to queue
[2026-02-10T02:44:42.256+0000] {logging_mixin.py:188} INFO - [2026-02-10T02:44:42.254+0000] {dagbag.py:540} INFO - Filling up the DagBag from /home/airflow/.local/lib/python3.12/site-packages/airflow/example_dags/example_dynamic_task_mapping_with_no_taskflow_operators.py
[2026-02-10T02:44:42.285+0000] {processor.py:840} INFO - DAG(s) 'example_dynamic_task_mapping_with_no_taskflow_operators' retrieved from /home/airflow/.local/lib/python3.12/site-packages/airflow/example_dags/example_dynamic_task_mapping_with_no_taskflow_operators.py
[2026-02-10T02:44:42.319+0000] {logging_mixin.py:188} INFO - [2026-02-10T02:44:42.317+0000] {dag.py:3096} INFO - Sync 1 DAGs
[2026-02-10T02:44:42.396+0000] {logging_mixin.py:188} INFO - [2026-02-10T02:44:42.395+0000] {dag.py:3954} INFO - Setting next_dagrun for example_dynamic_task_mapping_with_no_taskflow_operators to 2026-02-09 00:00:00+00:00, run_after=2026-02-10 00:00:00+00:00
[2026-02-10T02:44:42.451+0000] {processor.py:183} INFO - Processing /home/airflow/.local/lib/python3.12/site-packages/airflow/example_dags/example_dynamic_task_mapping_with_no_taskflow_operators.py took 0.221 seconds
[2026-02-10T02:45:12.849+0000] {processor.py:161} INFO - Started process (PID=94) to work on /home/airflow/.local/lib/python3.12/site-packages/airflow/example_dags/example_dynamic_task_mapping_with_no_taskflow_operators.py
[2026-02-10T02:45:12.851+0000] {processor.py:830} INFO - Processing file /home/airflow/.local/lib/python3.12/site-packages/airflow/example_dags/example_dynamic_task_mapping_with_no_taskflow_operators.py for tasks to queue
[2026-02-10T02:45:12.853+0000] {logging_mixin.py:188} INFO - [2026-02-10T02:45:12.853+0000] {dagbag.py:540} INFO - Filling up the DagBag from /home/airflow/.local/lib/python3.12/site-packages/airflow/example_dags/example_dynamic_task_mapping_with_no_taskflow_operators.py
[2026-02-10T02:45:12.861+0000] {processor.py:840} INFO - DAG(s) 'example_dynamic_task_mapping_with_no_taskflow_operators' retrieved from /home/airflow/.local/lib/python3.12/site-packages/airflow/example_dags/example_dynamic_task_mapping_with_no_taskflow_operators.py
[2026-02-10T02:45:12.989+0000] {logging_mixin.py:188} INFO - [2026-02-10T02:45:12.989+0000] {dag.py:3096} INFO - Sync 1 DAGs
[2026-02-10T02:45:13.017+0000] {logging_mixin.py:188} INFO - [2026-02-10T02:45:13.017+0000] {dag.py:3954} INFO - Setting next_dagrun for example_dynamic_task_mapping_with_no_taskflow_operators to 2026-02-09 00:00:00+00:00, run_after=2026-02-10 00:00:00+00:00
[2026-02-10T02:45:13.040+0000] {processor.py:183} INFO - Processing /home/airflow/.local/lib/python3.12/site-packages/airflow/example_dags/example_dynamic_task_mapping_with_no_taskflow_operators.py took 0.197 seconds
[2026-02-10T02:45:43.307+0000] {processor.py:161} INFO - Started process (PID=148) to work on /home/airflow/.local/lib/python3.12/site-packages/airflow/example_dags/example_dynamic_task_mapping_with_no_taskflow_operators.py
[2026-02-10T02:45:43.308+0000] {processor.py:830} INFO - Processing file /home/airflow/.local/lib/python3.12/site-packages/airflow/example_dags/example_dynamic_task_mapping_with_no_taskflow_operators.py for tasks to queue
[2026-02-10T02:45:43.312+0000] {logging_mixin.py:188} INFO - [2026-02-10T02:45:43.311+0000] {dagbag.py:540} INFO - Filling up the DagBag from /home/airflow/.local/lib/python3.12/site-packages/airflow/example_dags/example_dynamic_task_mapping_with_no_taskflow_operators.py
[2026-02-10T02:45:43.318+0000] {processor.py:840} INFO - DAG(s) 'example_dynamic_task_mapping_with_no_taskflow_operators' retrieved from /home/airflow/.local/lib/python3.12/site-packages/airflow/example_dags/example_dynamic_task_mapping_with_no_taskflow_operators.py
[2026-02-10T02:45:43.338+0000] {logging_mixin.py:188} INFO - [2026-02-10T02:45:43.337+0000] {dag.py:3096} INFO - Sync 1 DAGs
[2026-02-10T02:45:43.359+0000] {logging_mixin.py:188} INFO - [2026-02-10T02:45:43.359+0000] {dag.py:3954} INFO - Setting next_dagrun for example_dynamic_task_mapping_with_no_taskflow_operators to 2026-02-09 00:00:00+00:00, run_after=2026-02-10 00:00:00+00:00
[2026-02-10T02:45:43.378+0000] {processor.py:183} INFO - Processing /home/airflow/.local/lib/python3.12/site-packages/airflow/example_dags/example_dynamic_task_mapping_with_no_taskflow_operators.py took 0.077 seconds
[2026-02-10T02:46:13.780+0000] {processor.py:161} INFO - Started process (PID=202) to work on /home/airflow/.local/lib/python3.12/site-packages/airflow/example_dags/example_dynamic_task_mapping_with_no_taskflow_operators.py
[2026-02-10T02:46:13.781+0000] {processor.py:830} INFO - Processing file /home/airflow/.local/lib/python3.12/site-packages/airflow/example_dags/example_dynamic_task_mapping_with_no_taskflow_operators.py for tasks to queue
[2026-02-10T02:46:13.783+0000] {logging_mixin.py:188} INFO - [2026-02-10T02:46:13.783+0000] {dagbag.py:540} INFO - Filling up the DagBag from /home/airflow/.local/lib/python3.12/site-packages/airflow/example_dags/example_dynamic_task_mapping_with_no_taskflow_operators.py
[2026-02-10T02:46:13.791+0000] {processor.py:840} INFO - DAG(s) 'example_dynamic_task_mapping_with_no_taskflow_operators' retrieved from /home/airflow/.local/lib/python3.12/site-packages/airflow/example_dags/example_dynamic_task_mapping_with_no_taskflow_operators.py
[2026-02-10T02:46:13.816+0000] {logging_mixin.py:188} INFO - [2026-02-10T02:46:13.816+0000] {dag.py:3096} INFO - Sync 1 DAGs
[2026-02-10T02:46:13.850+0000] {logging_mixin.py:188} INFO - [2026-02-10T02:46:13.848+0000] {dag.py:3954} INFO - Setting next_dagrun for example_dynamic_task_mapping_with_no_taskflow_operators to 2026-02-09 00:00:00+00:00, run_after=2026-02-10 00:00:00+00:00
[2026-02-10T02:46:13.875+0000] {processor.py:183} INFO - Processing /home/airflow/.local/lib/python3.12/site-packages/airflow/example_dags/example_dynamic_task_mapping_with_no_taskflow_operators.py took 0.101 seconds
[2026-02-10T02:46:44.228+0000] {processor.py:161} INFO - Started process (PID=256) to work on /home/airflow/.local/lib/python3.12/site-packages/airflow/example_dags/example_dynamic_task_mapping_with_no_taskflow_operators.py
[2026-02-10T02:46:44.229+0000] {processor.py:830} INFO - Processing file /home/airflow/.local/lib/python3.12/site-packages/airflow/example_dags/example_dynamic_task_mapping_with_no_taskflow_operators.py for tasks to queue
[2026-02-10T02:46:44.231+0000] {logging_mixin.py:188} INFO - [2026-02-10T02:46:44.231+0000] {dagbag.py:540} INFO - Filling up the DagBag from /home/airflow/.local/lib/python3.12/site-packages/airflow/example_dags/example_dynamic_task_mapping_with_no_taskflow_operators.py
[2026-02-10T02:46:44.238+0000] {processor.py:840} INFO - DAG(s) 'example_dynamic_task_mapping_with_no_taskflow_operators' retrieved from /home/airflow/.local/lib/python3.12/site-packages/airflow/example_dags/example_dynamic_task_mapping_with_no_taskflow_operators.py
[2026-02-10T02:46:44.261+0000] {logging_mixin.py:188} INFO - [2026-02-10T02:46:44.261+0000] {dag.py:3096} INFO - Sync 1 DAGs
[2026-02-10T02:46:44.281+0000] {logging_mixin.py:188} INFO - [2026-02-10T02:46:44.280+0000] {dag.py:3954} INFO - Setting next_dagrun for example_dynamic_task_mapping_with_no_taskflow_operators to 2026-02-09 00:00:00+00:00, run_after=2026-02-10 00:00:00+00:00
[2026-02-10T02:46:44.301+0000] {processor.py:183} INFO - Processing /home/airflow/.local/lib/python3.12/site-packages/airflow/example_dags/example_dynamic_task_mapping_with_no_taskflow_operators.py took 0.078 seconds
[2026-02-10T02:47:14.481+0000] {processor.py:161} INFO - Started process (PID=310) to work on /home/airflow/.local/lib/python3.12/site-packages/airflow/example_dags/example_dynamic_task_mapping_with_no_taskflow_operators.py
[2026-02-10T02:47:14.482+0000] {processor.py:830} INFO - Processing file /home/airflow/.local/lib/python3.12/site-packages/airflow/example_dags/example_dynamic_task_mapping_with_no_taskflow_operators.py for tasks to queue
[2026-02-10T02:47:14.483+0000] {logging_mixin.py:188} INFO - [2026-02-10T02:47:14.483+0000] {dagbag.py:540} INFO - Filling up the DagBag from /home/airflow/.local/lib/python3.12/site-packages/airflow/example_dags/example_dynamic_task_mapping_with_no_taskflow_operators.py
[2026-02-10T02:47:14.489+0000] {processor.py:840} INFO - DAG(s) 'example_dynamic_task_mapping_with_no_taskflow_operators' retrieved from /home/airflow/.local/lib/python3.12/site-packages/airflow/example_dags/example_dynamic_task_mapping_with_no_taskflow_operators.py
[2026-02-10T02:47:14.508+0000] {logging_mixin.py:188} INFO - [2026-02-10T02:47:14.508+0000] {dag.py:3096} INFO - Sync 1 DAGs
[2026-02-10T02:47:14.529+0000] {logging_mixin.py:188} INFO - [2026-02-10T02:47:14.529+0000] {dag.py:3954} INFO - Setting next_dagrun for example_dynamic_task_mapping_with_no_taskflow_operators to 2026-02-09 00:00:00+00:00, run_after=2026-02-10 00:00:00+00:00
[2026-02-10T02:47:14.550+0000] {processor.py:183} INFO - Processing /home/airflow/.local/lib/python3.12/site-packages/airflow/example_dags/example_dynamic_task_mapping_with_no_taskflow_operators.py took 0.074 seconds
[2026-02-10T02:47:44.821+0000] {processor.py:161} INFO - Started process (PID=364) to work on /home/airflow/.local/lib/python3.12/site-packages/airflow/example_dags/example_dynamic_task_mapping_with_no_taskflow_operators.py
[2026-02-10T02:47:44.822+0000] {processor.py:830} INFO - Processing file /home/airflow/.local/lib/python3.12/site-packages/airflow/example_dags/example_dynamic_task_mapping_with_no_taskflow_operators.py for tasks to queue
[2026-02-10T02:47:44.825+0000] {logging_mixin.py:188} INFO - [2026-02-10T02:47:44.824+0000] {dagbag.py:540} INFO - Filling up the DagBag from /home/airflow/.local/lib/python3.12/site-packages/airflow/example_dags/example_dynamic_task_mapping_with_no_taskflow_operators.py
[2026-02-10T02:47:44.831+0000] {processor.py:840} INFO - DAG(s) 'example_dynamic_task_mapping_with_no_taskflow_operators' retrieved from /home/airflow/.local/lib/python3.12/site-packages/airflow/example_dags/example_dynamic_task_mapping_with_no_taskflow_operators.py
[2026-02-10T02:47:44.852+0000] {logging_mixin.py:188} INFO - [2026-02-10T02:47:44.852+0000] {dag.py:3096} INFO - Sync 1 DAGs
[2026-02-10T02:47:44.875+0000] {logging_mixin.py:188} INFO - [2026-02-10T02:47:44.874+0000] {dag.py:3954} INFO - Setting next_dagrun for example_dynamic_task_mapping_with_no_taskflow_operators to 2026-02-09 00:00:00+00:00, run_after=2026-02-10 00:00:00+00:00
[2026-02-10T02:47:44.894+0000] {processor.py:183} INFO - Processing /home/airflow/.local/lib/python3.12/site-packages/airflow/example_dags/example_dynamic_task_mapping_with_no_taskflow_operators.py took 0.079 seconds
[2026-02-10T02:48:15.396+0000] {processor.py:161} INFO - Started process (PID=418) to work on /home/airflow/.local/lib/python3.12/site-packages/airflow/example_dags/example_dynamic_task_mapping_with_no_taskflow_operators.py
[2026-02-10T02:48:15.396+0000] {processor.py:830} INFO - Processing file /home/airflow/.local/lib/python3.12/site-packages/airflow/example_dags/example_dynamic_task_mapping_with_no_taskflow_operators.py for tasks to queue
[2026-02-10T02:48:15.398+0000] {logging_mixin.py:188} INFO - [2026-02-10T02:48:15.398+0000] {dagbag.py:540} INFO - Filling up the DagBag from /home/airflow/.local/lib/python3.12/site-packages/airflow/example_dags/example_dynamic_task_mapping_with_no_taskflow_operators.py
[2026-02-10T02:48:15.404+0000] {processor.py:840} INFO - DAG(s) 'example_dynamic_task_mapping_with_no_taskflow_operators' retrieved from /home/airflow/.local/lib/python3.12/site-packages/airflow/example_dags/example_dynamic_task_mapping_with_no_taskflow_operators.py
[2026-02-10T02:48:15.425+0000] {logging_mixin.py:188} INFO - [2026-02-10T02:48:15.425+0000] {dag.py:3096} INFO - Sync 1 DAGs
[2026-02-10T02:48:15.449+0000] {logging_mixin.py:188} INFO - [2026-02-10T02:48:15.448+0000] {dag.py:3954} INFO - Setting next_dagrun for example_dynamic_task_mapping_with_no_taskflow_operators to 2026-02-09 00:00:00+00:00, run_after=2026-02-10 00:00:00+00:00
[2026-02-10T02:48:15.472+0000] {processor.py:183} INFO - Processing /home/airflow/.local/lib/python3.12/site-packages/airflow/example_dags/example_dynamic_task_mapping_with_no_taskflow_operators.py took 0.081 seconds
[2026-02-10T02:48:45.727+0000] {processor.py:161} INFO - Started process (PID=472) to work on /home/airflow/.local/lib/python3.12/site-packages/airflow/example_dags/example_dynamic_task_mapping_with_no_taskflow_operators.py
[2026-02-10T02:48:45.728+0000] {processor.py:830} INFO - Processing file /home/airflow/.local/lib/python3.12/site-packages/airflow/example_dags/example_dynamic_task_mapping_with_no_taskflow_operators.py for tasks to queue
[2026-02-10T02:48:45.729+0000] {logging_mixin.py:188} INFO - [2026-02-10T02:48:45.729+0000] {dagbag.py:540} INFO - Filling up the DagBag from /home/airflow/.local/lib/python3.12/site-packages/airflow/example_dags/example_dynamic_task_mapping_with_no_taskflow_operators.py
[2026-02-10T02:48:45.735+0000] {processor.py:840} INFO - DAG(s) 'example_dynamic_task_mapping_with_no_taskflow_operators' retrieved from /home/airflow/.local/lib/python3.12/site-packages/airflow/example_dags/example_dynamic_task_mapping_with_no_taskflow_operators.py
[2026-02-10T02:48:45.756+0000] {logging_mixin.py:188} INFO - [2026-02-10T02:48:45.755+0000] {dag.py:3096} INFO - Sync 1 DAGs
[2026-02-10T02:48:45.775+0000] {logging_mixin.py:188} INFO - [2026-02-10T02:48:45.775+0000] {dag.py:3954} INFO - Setting next_dagrun for example_dynamic_task_mapping_with_no_taskflow_operators to 2026-02-09 00:00:00+00:00, run_after=2026-02-10 00:00:00+00:00
[2026-02-10T02:48:45.794+0000] {processor.py:183} INFO - Processing /home/airflow/.local/lib/python3.12/site-packages/airflow/example_dags/example_dynamic_task_mapping_with_no_taskflow_operators.py took 0.073 seconds
[2026-02-10T02:49:16.027+0000] {processor.py:161} INFO - Started process (PID=526) to work on /home/airflow/.local/lib/python3.12/site-packages/airflow/example_dags/example_dynamic_task_mapping_with_no_taskflow_operators.py
[2026-02-10T02:49:16.028+0000] {processor.py:830} INFO - Processing file /home/airflow/.local/lib/python3.12/site-packages/airflow/example_dags/example_dynamic_task_mapping_with_no_taskflow_operators.py for tasks to queue
[2026-02-10T02:49:16.029+0000] {logging_mixin.py:188} INFO - [2026-02-10T02:49:16.029+0000] {dagbag.py:540} INFO - Filling up the DagBag from /home/airflow/.local/lib/python3.12/site-packages/airflow/example_dags/example_dynamic_task_mapping_with_no_taskflow_operators.py
[2026-02-10T02:49:16.036+0000] {processor.py:840} INFO - DAG(s) 'example_dynamic_task_mapping_with_no_taskflow_operators' retrieved from /home/airflow/.local/lib/python3.12/site-packages/airflow/example_dags/example_dynamic_task_mapping_with_no_taskflow_operators.py
[2026-02-10T02:49:16.054+0000] {logging_mixin.py:188} INFO - [2026-02-10T02:49:16.054+0000] {dag.py:3096} INFO - Sync 1 DAGs
[2026-02-10T02:49:16.074+0000] {logging_mixin.py:188} INFO - [2026-02-10T02:49:16.074+0000] {dag.py:3954} INFO - Setting next_dagrun for example_dynamic_task_mapping_with_no_taskflow_operators to 2026-02-09 00:00:00+00:00, run_after=2026-02-10 00:00:00+00:00
[2026-02-10T02:49:16.094+0000] {processor.py:183} INFO - Processing /home/airflow/.local/lib/python3.12/site-packages/airflow/example_dags/example_dynamic_task_mapping_with_no_taskflow_operators.py took 0.073 seconds
[2026-02-10T02:49:46.331+0000] {processor.py:161} INFO - Started process (PID=580) to work on /home/airflow/.local/lib/python3.12/site-packages/airflow/example_dags/example_dynamic_task_mapping_with_no_taskflow_operators.py
[2026-02-10T02:49:46.332+0000] {processor.py:830} INFO - Processing file /home/airflow/.local/lib/python3.12/site-packages/airflow/example_dags/example_dynamic_task_mapping_with_no_taskflow_operators.py for tasks to queue
[2026-02-10T02:49:46.333+0000] {logging_mixin.py:188} INFO - [2026-02-10T02:49:46.333+0000] {dagbag.py:540} INFO - Filling up the DagBag from /home/airflow/.local/lib/python3.12/site-packages/airflow/example_dags/example_dynamic_task_mapping_with_no_taskflow_operators.py
[2026-02-10T02:49:46.340+0000] {processor.py:840} INFO - DAG(s) 'example_dynamic_task_mapping_with_no_taskflow_operators' retrieved from /home/airflow/.local/lib/python3.12/site-packages/airflow/example_dags/example_dynamic_task_mapping_with_no_taskflow_operators.py
[2026-02-10T02:49:46.361+0000] {logging_mixin.py:188} INFO - [2026-02-10T02:49:46.361+0000] {dag.py:3096} INFO - Sync 1 DAGs
[2026-02-10T02:49:46.387+0000] {logging_mixin.py:188} INFO - [2026-02-10T02:49:46.387+0000] {dag.py:3954} INFO - Setting next_dagrun for example_dynamic_task_mapping_with_no_taskflow_operators to 2026-02-09 00:00:00+00:00, run_after=2026-02-10 00:00:00+00:00
[2026-02-10T02:49:46.408+0000] {processor.py:183} INFO - Processing /home/airflow/.local/lib/python3.12/site-packages/airflow/example_dags/example_dynamic_task_mapping_with_no_taskflow_operators.py took 0.082 seconds
[2026-02-10T02:50:16.542+0000] {processor.py:161} INFO - Started process (PID=634) to work on /home/airflow/.local/lib/python3.12/site-packages/airflow/example_dags/example_dynamic_task_mapping_with_no_taskflow_operators.py
[2026-02-10T02:50:16.543+0000] {processor.py:830} INFO - Processing file /home/airflow/.local/lib/python3.12/site-packages/airflow/example_dags/example_dynamic_task_mapping_with_no_taskflow_operators.py for tasks to queue
[2026-02-10T02:50:16.545+0000] {logging_mixin.py:188} INFO - [2026-02-10T02:50:16.544+0000] {dagbag.py:540} INFO - Filling up the DagBag from /home/airflow/.local/lib/python3.12/site-packages/airflow/example_dags/example_dynamic_task_mapping_with_no_taskflow_operators.py
[2026-02-10T02:50:16.551+0000] {processor.py:840} INFO - DAG(s) 'example_dynamic_task_mapping_with_no_taskflow_operators' retrieved from /home/airflow/.local/lib/python3.12/site-packages/airflow/example_dags/example_dynamic_task_mapping_with_no_taskflow_operators.py
[2026-02-10T02:50:16.570+0000] {logging_mixin.py:188} INFO - [2026-02-10T02:50:16.570+0000] {dag.py:3096} INFO - Sync 1 DAGs
[2026-02-10T02:50:16.591+0000] {logging_mixin.py:188} INFO - [2026-02-10T02:50:16.590+0000] {dag.py:3954} INFO - Setting next_dagrun for example_dynamic_task_mapping_with_no_taskflow_operators to 2026-02-09 00:00:00+00:00, run_after=2026-02-10 00:00:00+00:00
[2026-02-10T02:50:16.611+0000] {processor.py:183} INFO - Processing /home/airflow/.local/lib/python3.12/site-packages/airflow/example_dags/example_dynamic_task_mapping_with_no_taskflow_operators.py took 0.075 seconds
[2026-02-10T02:50:47.145+0000] {processor.py:161} INFO - Started process (PID=688) to work on /home/airflow/.local/lib/python3.12/site-packages/airflow/example_dags/example_dynamic_task_mapping_with_no_taskflow_operators.py
[2026-02-10T02:50:47.146+0000] {processor.py:830} INFO - Processing file /home/airflow/.local/lib/python3.12/site-packages/airflow/example_dags/example_dynamic_task_mapping_with_no_taskflow_operators.py for tasks to queue
[2026-02-10T02:50:47.147+0000] {logging_mixin.py:188} INFO - [2026-02-10T02:50:47.147+0000] {dagbag.py:540} INFO - Filling up the DagBag from /home/airflow/.local/lib/python3.12/site-packages/airflow/example_dags/example_dynamic_task_mapping_with_no_taskflow_operators.py
[2026-02-10T02:50:47.154+0000] {processor.py:840} INFO - DAG(s) 'example_dynamic_task_mapping_with_no_taskflow_operators' retrieved from /home/airflow/.local/lib/python3.12/site-packages/airflow/example_dags/example_dynamic_task_mapping_with_no_taskflow_operators.py
[2026-02-10T02:50:47.175+0000] {logging_mixin.py:188} INFO - [2026-02-10T02:50:47.175+0000] {dag.py:3096} INFO - Sync 1 DAGs
[2026-02-10T02:50:47.198+0000] {logging_mixin.py:188} INFO - [2026-02-10T02:50:47.198+0000] {dag.py:3954} INFO - Setting next_dagrun for example_dynamic_task_mapping_with_no_taskflow_operators to 2026-02-09 00:00:00+00:00, run_after=2026-02-10 00:00:00+00:00
[2026-02-10T02:50:47.219+0000] {processor.py:183} INFO - Processing /home/airflow/.local/lib/python3.12/site-packages/airflow/example_dags/example_dynamic_task_mapping_with_no_taskflow_operators.py took 0.080 seconds
[2026-02-10T02:51:17.680+0000] {processor.py:161} INFO - Started process (PID=742) to work on /home/airflow/.local/lib/python3.12/site-packages/airflow/example_dags/example_dynamic_task_mapping_with_no_taskflow_operators.py
[2026-02-10T02:51:17.681+0000] {processor.py:830} INFO - Processing file /home/airflow/.local/lib/python3.12/site-packages/airflow/example_dags/example_dynamic_task_mapping_with_no_taskflow_operators.py for tasks to queue
[2026-02-10T02:51:17.683+0000] {logging_mixin.py:188} INFO - [2026-02-10T02:51:17.683+0000] {dagbag.py:540} INFO - Filling up the DagBag from /home/airflow/.local/lib/python3.12/site-packages/airflow/example_dags/example_dynamic_task_mapping_with_no_taskflow_operators.py
[2026-02-10T02:51:17.690+0000] {processor.py:840} INFO - DAG(s) 'example_dynamic_task_mapping_with_no_taskflow_operators' retrieved from /home/airflow/.local/lib/python3.12/site-packages/airflow/example_dags/example_dynamic_task_mapping_with_no_taskflow_operators.py
[2026-02-10T02:51:17.710+0000] {logging_mixin.py:188} INFO - [2026-02-10T02:51:17.709+0000] {dag.py:3096} INFO - Sync 1 DAGs
[2026-02-10T02:51:17.731+0000] {logging_mixin.py:188} INFO - [2026-02-10T02:51:17.730+0000] {dag.py:3954} INFO - Setting next_dagrun for example_dynamic_task_mapping_with_no_taskflow_operators to 2026-02-09 00:00:00+00:00, run_after=2026-02-10 00:00:00+00:00
[2026-02-10T02:51:17.751+0000] {processor.py:183} INFO - Processing /home/airflow/.local/lib/python3.12/site-packages/airflow/example_dags/example_dynamic_task_mapping_with_no_taskflow_operators.py took 0.076 seconds
[2026-02-10T22:01:07.801+0000] {processor.py:161} INFO - Started process (PID=40) to work on /home/airflow/.local/lib/python3.12/site-packages/airflow/example_dags/example_dynamic_task_mapping_with_no_taskflow_operators.py
[2026-02-10T22:01:07.804+0000] {processor.py:830} INFO - Processing file /home/airflow/.local/lib/python3.12/site-packages/airflow/example_dags/example_dynamic_task_mapping_with_no_taskflow_operators.py for tasks to queue
[2026-02-10T22:01:07.808+0000] {logging_mixin.py:188} INFO - [2026-02-10T22:01:07.808+0000] {dagbag.py:540} INFO - Filling up the DagBag from /home/airflow/.local/lib/python3.12/site-packages/airflow/example_dags/example_dynamic_task_mapping_with_no_taskflow_operators.py
[2026-02-10T22:01:07.830+0000] {processor.py:840} INFO - DAG(s) 'example_dynamic_task_mapping_with_no_taskflow_operators' retrieved from /home/airflow/.local/lib/python3.12/site-packages/airflow/example_dags/example_dynamic_task_mapping_with_no_taskflow_operators.py
[2026-02-10T22:01:07.855+0000] {logging_mixin.py:188} INFO - [2026-02-10T22:01:07.855+0000] {dag.py:3096} INFO - Sync 1 DAGs
[2026-02-10T22:01:07.912+0000] {logging_mixin.py:188} INFO - [2026-02-10T22:01:07.911+0000] {dag.py:3954} INFO - Setting next_dagrun for example_dynamic_task_mapping_with_no_taskflow_operators to 2026-02-09 00:00:00+00:00, run_after=2026-02-10 00:00:00+00:00
[2026-02-10T22:01:07.957+0000] {processor.py:183} INFO - Processing /home/airflow/.local/lib/python3.12/site-packages/airflow/example_dags/example_dynamic_task_mapping_with_no_taskflow_operators.py took 0.173 seconds
[2026-02-10T22:01:40.611+0000] {processor.py:161} INFO - Started process (PID=94) to work on /home/airflow/.local/lib/python3.12/site-packages/airflow/example_dags/example_dynamic_task_mapping_with_no_taskflow_operators.py
[2026-02-10T22:01:40.613+0000] {processor.py:830} INFO - Processing file /home/airflow/.local/lib/python3.12/site-packages/airflow/example_dags/example_dynamic_task_mapping_with_no_taskflow_operators.py for tasks to queue
[2026-02-10T22:01:40.623+0000] {logging_mixin.py:188} INFO - [2026-02-10T22:01:40.622+0000] {dagbag.py:540} INFO - Filling up the DagBag from /home/airflow/.local/lib/python3.12/site-packages/airflow/example_dags/example_dynamic_task_mapping_with_no_taskflow_operators.py
[2026-02-10T22:01:40.651+0000] {processor.py:840} INFO - DAG(s) 'example_dynamic_task_mapping_with_no_taskflow_operators' retrieved from /home/airflow/.local/lib/python3.12/site-packages/airflow/example_dags/example_dynamic_task_mapping_with_no_taskflow_operators.py
[2026-02-10T22:01:41.004+0000] {logging_mixin.py:188} INFO - [2026-02-10T22:01:41.003+0000] {dag.py:3096} INFO - Sync 1 DAGs
[2026-02-10T22:01:41.065+0000] {logging_mixin.py:188} INFO - [2026-02-10T22:01:41.064+0000] {dag.py:3954} INFO - Setting next_dagrun for example_dynamic_task_mapping_with_no_taskflow_operators to 2026-02-09 00:00:00+00:00, run_after=2026-02-10 00:00:00+00:00
[2026-02-10T22:01:41.125+0000] {processor.py:183} INFO - Processing /home/airflow/.local/lib/python3.12/site-packages/airflow/example_dags/example_dynamic_task_mapping_with_no_taskflow_operators.py took 0.533 seconds
[2026-02-10T22:02:11.912+0000] {processor.py:161} INFO - Started process (PID=148) to work on /home/airflow/.local/lib/python3.12/site-packages/airflow/example_dags/example_dynamic_task_mapping_with_no_taskflow_operators.py
[2026-02-10T22:02:11.912+0000] {processor.py:830} INFO - Processing file /home/airflow/.local/lib/python3.12/site-packages/airflow/example_dags/example_dynamic_task_mapping_with_no_taskflow_operators.py for tasks to queue
[2026-02-10T22:02:11.914+0000] {logging_mixin.py:188} INFO - [2026-02-10T22:02:11.914+0000] {dagbag.py:540} INFO - Filling up the DagBag from /home/airflow/.local/lib/python3.12/site-packages/airflow/example_dags/example_dynamic_task_mapping_with_no_taskflow_operators.py
[2026-02-10T22:02:11.920+0000] {processor.py:840} INFO - DAG(s) 'example_dynamic_task_mapping_with_no_taskflow_operators' retrieved from /home/airflow/.local/lib/python3.12/site-packages/airflow/example_dags/example_dynamic_task_mapping_with_no_taskflow_operators.py
[2026-02-10T22:02:11.939+0000] {logging_mixin.py:188} INFO - [2026-02-10T22:02:11.939+0000] {dag.py:3096} INFO - Sync 1 DAGs
[2026-02-10T22:02:11.959+0000] {logging_mixin.py:188} INFO - [2026-02-10T22:02:11.959+0000] {dag.py:3954} INFO - Setting next_dagrun for example_dynamic_task_mapping_with_no_taskflow_operators to 2026-02-09 00:00:00+00:00, run_after=2026-02-10 00:00:00+00:00
[2026-02-10T22:02:11.980+0000] {processor.py:183} INFO - Processing /home/airflow/.local/lib/python3.12/site-packages/airflow/example_dags/example_dynamic_task_mapping_with_no_taskflow_operators.py took 0.074 seconds
[2026-02-10T22:02:42.228+0000] {processor.py:161} INFO - Started process (PID=202) to work on /home/airflow/.local/lib/python3.12/site-packages/airflow/example_dags/example_dynamic_task_mapping_with_no_taskflow_operators.py
[2026-02-10T22:02:42.229+0000] {processor.py:830} INFO - Processing file /home/airflow/.local/lib/python3.12/site-packages/airflow/example_dags/example_dynamic_task_mapping_with_no_taskflow_operators.py for tasks to queue
[2026-02-10T22:02:42.231+0000] {logging_mixin.py:188} INFO - [2026-02-10T22:02:42.231+0000] {dagbag.py:540} INFO - Filling up the DagBag from /home/airflow/.local/lib/python3.12/site-packages/airflow/example_dags/example_dynamic_task_mapping_with_no_taskflow_operators.py
[2026-02-10T22:02:42.238+0000] {processor.py:840} INFO - DAG(s) 'example_dynamic_task_mapping_with_no_taskflow_operators' retrieved from /home/airflow/.local/lib/python3.12/site-packages/airflow/example_dags/example_dynamic_task_mapping_with_no_taskflow_operators.py
[2026-02-10T22:02:42.260+0000] {logging_mixin.py:188} INFO - [2026-02-10T22:02:42.260+0000] {dag.py:3096} INFO - Sync 1 DAGs
[2026-02-10T22:02:42.284+0000] {logging_mixin.py:188} INFO - [2026-02-10T22:02:42.284+0000] {dag.py:3954} INFO - Setting next_dagrun for example_dynamic_task_mapping_with_no_taskflow_operators to 2026-02-09 00:00:00+00:00, run_after=2026-02-10 00:00:00+00:00
[2026-02-10T22:02:42.315+0000] {processor.py:183} INFO - Processing /home/airflow/.local/lib/python3.12/site-packages/airflow/example_dags/example_dynamic_task_mapping_with_no_taskflow_operators.py took 0.094 seconds
[2026-02-10T22:03:12.969+0000] {processor.py:161} INFO - Started process (PID=256) to work on /home/airflow/.local/lib/python3.12/site-packages/airflow/example_dags/example_dynamic_task_mapping_with_no_taskflow_operators.py
[2026-02-10T22:03:12.971+0000] {processor.py:830} INFO - Processing file /home/airflow/.local/lib/python3.12/site-packages/airflow/example_dags/example_dynamic_task_mapping_with_no_taskflow_operators.py for tasks to queue
[2026-02-10T22:03:12.974+0000] {logging_mixin.py:188} INFO - [2026-02-10T22:03:12.973+0000] {dagbag.py:540} INFO - Filling up the DagBag from /home/airflow/.local/lib/python3.12/site-packages/airflow/example_dags/example_dynamic_task_mapping_with_no_taskflow_operators.py
[2026-02-10T22:03:12.981+0000] {processor.py:840} INFO - DAG(s) 'example_dynamic_task_mapping_with_no_taskflow_operators' retrieved from /home/airflow/.local/lib/python3.12/site-packages/airflow/example_dags/example_dynamic_task_mapping_with_no_taskflow_operators.py
[2026-02-10T22:03:13.005+0000] {logging_mixin.py:188} INFO - [2026-02-10T22:03:13.004+0000] {dag.py:3096} INFO - Sync 1 DAGs
[2026-02-10T22:03:13.031+0000] {logging_mixin.py:188} INFO - [2026-02-10T22:03:13.031+0000] {dag.py:3954} INFO - Setting next_dagrun for example_dynamic_task_mapping_with_no_taskflow_operators to 2026-02-09 00:00:00+00:00, run_after=2026-02-10 00:00:00+00:00
[2026-02-10T22:03:13.066+0000] {processor.py:183} INFO - Processing /home/airflow/.local/lib/python3.12/site-packages/airflow/example_dags/example_dynamic_task_mapping_with_no_taskflow_operators.py took 0.103 seconds
[2026-02-10T22:03:43.334+0000] {processor.py:161} INFO - Started process (PID=310) to work on /home/airflow/.local/lib/python3.12/site-packages/airflow/example_dags/example_dynamic_task_mapping_with_no_taskflow_operators.py
[2026-02-10T22:03:43.336+0000] {processor.py:830} INFO - Processing file /home/airflow/.local/lib/python3.12/site-packages/airflow/example_dags/example_dynamic_task_mapping_with_no_taskflow_operators.py for tasks to queue
[2026-02-10T22:03:43.338+0000] {logging_mixin.py:188} INFO - [2026-02-10T22:03:43.337+0000] {dagbag.py:540} INFO - Filling up the DagBag from /home/airflow/.local/lib/python3.12/site-packages/airflow/example_dags/example_dynamic_task_mapping_with_no_taskflow_operators.py
[2026-02-10T22:03:43.346+0000] {processor.py:840} INFO - DAG(s) 'example_dynamic_task_mapping_with_no_taskflow_operators' retrieved from /home/airflow/.local/lib/python3.12/site-packages/airflow/example_dags/example_dynamic_task_mapping_with_no_taskflow_operators.py
[2026-02-10T22:03:43.368+0000] {logging_mixin.py:188} INFO - [2026-02-10T22:03:43.368+0000] {dag.py:3096} INFO - Sync 1 DAGs
[2026-02-10T22:03:43.391+0000] {logging_mixin.py:188} INFO - [2026-02-10T22:03:43.390+0000] {dag.py:3954} INFO - Setting next_dagrun for example_dynamic_task_mapping_with_no_taskflow_operators to 2026-02-09 00:00:00+00:00, run_after=2026-02-10 00:00:00+00:00
[2026-02-10T22:03:43.412+0000] {processor.py:183} INFO - Processing /home/airflow/.local/lib/python3.12/site-packages/airflow/example_dags/example_dynamic_task_mapping_with_no_taskflow_operators.py took 0.083 seconds
[2026-02-10T22:04:13.808+0000] {processor.py:161} INFO - Started process (PID=364) to work on /home/airflow/.local/lib/python3.12/site-packages/airflow/example_dags/example_dynamic_task_mapping_with_no_taskflow_operators.py
[2026-02-10T22:04:13.809+0000] {processor.py:830} INFO - Processing file /home/airflow/.local/lib/python3.12/site-packages/airflow/example_dags/example_dynamic_task_mapping_with_no_taskflow_operators.py for tasks to queue
[2026-02-10T22:04:13.811+0000] {logging_mixin.py:188} INFO - [2026-02-10T22:04:13.811+0000] {dagbag.py:540} INFO - Filling up the DagBag from /home/airflow/.local/lib/python3.12/site-packages/airflow/example_dags/example_dynamic_task_mapping_with_no_taskflow_operators.py
[2026-02-10T22:04:13.818+0000] {processor.py:840} INFO - DAG(s) 'example_dynamic_task_mapping_with_no_taskflow_operators' retrieved from /home/airflow/.local/lib/python3.12/site-packages/airflow/example_dags/example_dynamic_task_mapping_with_no_taskflow_operators.py
[2026-02-10T22:04:13.838+0000] {logging_mixin.py:188} INFO - [2026-02-10T22:04:13.838+0000] {dag.py:3096} INFO - Sync 1 DAGs
[2026-02-10T22:04:13.858+0000] {logging_mixin.py:188} INFO - [2026-02-10T22:04:13.858+0000] {dag.py:3954} INFO - Setting next_dagrun for example_dynamic_task_mapping_with_no_taskflow_operators to 2026-02-09 00:00:00+00:00, run_after=2026-02-10 00:00:00+00:00
[2026-02-10T22:04:13.878+0000] {processor.py:183} INFO - Processing /home/airflow/.local/lib/python3.12/site-packages/airflow/example_dags/example_dynamic_task_mapping_with_no_taskflow_operators.py took 0.075 seconds
[2026-02-10T22:04:44.412+0000] {processor.py:161} INFO - Started process (PID=418) to work on /home/airflow/.local/lib/python3.12/site-packages/airflow/example_dags/example_dynamic_task_mapping_with_no_taskflow_operators.py
[2026-02-10T22:04:44.414+0000] {processor.py:830} INFO - Processing file /home/airflow/.local/lib/python3.12/site-packages/airflow/example_dags/example_dynamic_task_mapping_with_no_taskflow_operators.py for tasks to queue
[2026-02-10T22:04:44.417+0000] {logging_mixin.py:188} INFO - [2026-02-10T22:04:44.416+0000] {dagbag.py:540} INFO - Filling up the DagBag from /home/airflow/.local/lib/python3.12/site-packages/airflow/example_dags/example_dynamic_task_mapping_with_no_taskflow_operators.py
[2026-02-10T22:04:44.425+0000] {processor.py:840} INFO - DAG(s) 'example_dynamic_task_mapping_with_no_taskflow_operators' retrieved from /home/airflow/.local/lib/python3.12/site-packages/airflow/example_dags/example_dynamic_task_mapping_with_no_taskflow_operators.py
[2026-02-10T22:04:44.452+0000] {logging_mixin.py:188} INFO - [2026-02-10T22:04:44.452+0000] {dag.py:3096} INFO - Sync 1 DAGs
[2026-02-10T22:04:44.483+0000] {logging_mixin.py:188} INFO - [2026-02-10T22:04:44.482+0000] {dag.py:3954} INFO - Setting next_dagrun for example_dynamic_task_mapping_with_no_taskflow_operators to 2026-02-09 00:00:00+00:00, run_after=2026-02-10 00:00:00+00:00
[2026-02-10T22:04:44.515+0000] {processor.py:183} INFO - Processing /home/airflow/.local/lib/python3.12/site-packages/airflow/example_dags/example_dynamic_task_mapping_with_no_taskflow_operators.py took 0.110 seconds
[2026-02-10T22:05:15.392+0000] {processor.py:161} INFO - Started process (PID=472) to work on /home/airflow/.local/lib/python3.12/site-packages/airflow/example_dags/example_dynamic_task_mapping_with_no_taskflow_operators.py
[2026-02-10T22:05:15.393+0000] {processor.py:830} INFO - Processing file /home/airflow/.local/lib/python3.12/site-packages/airflow/example_dags/example_dynamic_task_mapping_with_no_taskflow_operators.py for tasks to queue
[2026-02-10T22:05:15.395+0000] {logging_mixin.py:188} INFO - [2026-02-10T22:05:15.394+0000] {dagbag.py:540} INFO - Filling up the DagBag from /home/airflow/.local/lib/python3.12/site-packages/airflow/example_dags/example_dynamic_task_mapping_with_no_taskflow_operators.py
[2026-02-10T22:05:15.401+0000] {processor.py:840} INFO - DAG(s) 'example_dynamic_task_mapping_with_no_taskflow_operators' retrieved from /home/airflow/.local/lib/python3.12/site-packages/airflow/example_dags/example_dynamic_task_mapping_with_no_taskflow_operators.py
[2026-02-10T22:05:15.422+0000] {logging_mixin.py:188} INFO - [2026-02-10T22:05:15.421+0000] {dag.py:3096} INFO - Sync 1 DAGs
[2026-02-10T22:05:15.446+0000] {logging_mixin.py:188} INFO - [2026-02-10T22:05:15.446+0000] {dag.py:3954} INFO - Setting next_dagrun for example_dynamic_task_mapping_with_no_taskflow_operators to 2026-02-09 00:00:00+00:00, run_after=2026-02-10 00:00:00+00:00
[2026-02-10T22:05:15.465+0000] {processor.py:183} INFO - Processing /home/airflow/.local/lib/python3.12/site-packages/airflow/example_dags/example_dynamic_task_mapping_with_no_taskflow_operators.py took 0.078 seconds
[2026-02-10T22:05:45.635+0000] {processor.py:161} INFO - Started process (PID=526) to work on /home/airflow/.local/lib/python3.12/site-packages/airflow/example_dags/example_dynamic_task_mapping_with_no_taskflow_operators.py
[2026-02-10T22:05:45.636+0000] {processor.py:830} INFO - Processing file /home/airflow/.local/lib/python3.12/site-packages/airflow/example_dags/example_dynamic_task_mapping_with_no_taskflow_operators.py for tasks to queue
[2026-02-10T22:05:45.638+0000] {logging_mixin.py:188} INFO - [2026-02-10T22:05:45.638+0000] {dagbag.py:540} INFO - Filling up the DagBag from /home/airflow/.local/lib/python3.12/site-packages/airflow/example_dags/example_dynamic_task_mapping_with_no_taskflow_operators.py
[2026-02-10T22:05:45.644+0000] {processor.py:840} INFO - DAG(s) 'example_dynamic_task_mapping_with_no_taskflow_operators' retrieved from /home/airflow/.local/lib/python3.12/site-packages/airflow/example_dags/example_dynamic_task_mapping_with_no_taskflow_operators.py
[2026-02-10T22:05:45.667+0000] {logging_mixin.py:188} INFO - [2026-02-10T22:05:45.667+0000] {dag.py:3096} INFO - Sync 1 DAGs
[2026-02-10T22:05:45.690+0000] {logging_mixin.py:188} INFO - [2026-02-10T22:05:45.690+0000] {dag.py:3954} INFO - Setting next_dagrun for example_dynamic_task_mapping_with_no_taskflow_operators to 2026-02-09 00:00:00+00:00, run_after=2026-02-10 00:00:00+00:00
[2026-02-10T22:05:45.712+0000] {processor.py:183} INFO - Processing /home/airflow/.local/lib/python3.12/site-packages/airflow/example_dags/example_dynamic_task_mapping_with_no_taskflow_operators.py took 0.083 seconds
[2026-02-10T22:06:16.087+0000] {processor.py:161} INFO - Started process (PID=580) to work on /home/airflow/.local/lib/python3.12/site-packages/airflow/example_dags/example_dynamic_task_mapping_with_no_taskflow_operators.py
[2026-02-10T22:06:16.089+0000] {processor.py:830} INFO - Processing file /home/airflow/.local/lib/python3.12/site-packages/airflow/example_dags/example_dynamic_task_mapping_with_no_taskflow_operators.py for tasks to queue
[2026-02-10T22:06:16.092+0000] {logging_mixin.py:188} INFO - [2026-02-10T22:06:16.092+0000] {dagbag.py:540} INFO - Filling up the DagBag from /home/airflow/.local/lib/python3.12/site-packages/airflow/example_dags/example_dynamic_task_mapping_with_no_taskflow_operators.py
[2026-02-10T22:06:16.101+0000] {processor.py:840} INFO - DAG(s) 'example_dynamic_task_mapping_with_no_taskflow_operators' retrieved from /home/airflow/.local/lib/python3.12/site-packages/airflow/example_dags/example_dynamic_task_mapping_with_no_taskflow_operators.py
[2026-02-10T22:06:16.129+0000] {logging_mixin.py:188} INFO - [2026-02-10T22:06:16.129+0000] {dag.py:3096} INFO - Sync 1 DAGs
[2026-02-10T22:06:16.157+0000] {logging_mixin.py:188} INFO - [2026-02-10T22:06:16.157+0000] {dag.py:3954} INFO - Setting next_dagrun for example_dynamic_task_mapping_with_no_taskflow_operators to 2026-02-09 00:00:00+00:00, run_after=2026-02-10 00:00:00+00:00
[2026-02-10T22:06:16.177+0000] {processor.py:183} INFO - Processing /home/airflow/.local/lib/python3.12/site-packages/airflow/example_dags/example_dynamic_task_mapping_with_no_taskflow_operators.py took 0.098 seconds
[2026-02-10T22:06:46.426+0000] {processor.py:161} INFO - Started process (PID=634) to work on /home/airflow/.local/lib/python3.12/site-packages/airflow/example_dags/example_dynamic_task_mapping_with_no_taskflow_operators.py
[2026-02-10T22:06:46.427+0000] {processor.py:830} INFO - Processing file /home/airflow/.local/lib/python3.12/site-packages/airflow/example_dags/example_dynamic_task_mapping_with_no_taskflow_operators.py for tasks to queue
[2026-02-10T22:06:46.429+0000] {logging_mixin.py:188} INFO - [2026-02-10T22:06:46.429+0000] {dagbag.py:540} INFO - Filling up the DagBag from /home/airflow/.local/lib/python3.12/site-packages/airflow/example_dags/example_dynamic_task_mapping_with_no_taskflow_operators.py
[2026-02-10T22:06:46.437+0000] {processor.py:840} INFO - DAG(s) 'example_dynamic_task_mapping_with_no_taskflow_operators' retrieved from /home/airflow/.local/lib/python3.12/site-packages/airflow/example_dags/example_dynamic_task_mapping_with_no_taskflow_operators.py
[2026-02-10T22:06:46.462+0000] {logging_mixin.py:188} INFO - [2026-02-10T22:06:46.462+0000] {dag.py:3096} INFO - Sync 1 DAGs
[2026-02-10T22:06:46.488+0000] {logging_mixin.py:188} INFO - [2026-02-10T22:06:46.488+0000] {dag.py:3954} INFO - Setting next_dagrun for example_dynamic_task_mapping_with_no_taskflow_operators to 2026-02-09 00:00:00+00:00, run_after=2026-02-10 00:00:00+00:00
[2026-02-10T22:06:46.522+0000] {processor.py:183} INFO - Processing /home/airflow/.local/lib/python3.12/site-packages/airflow/example_dags/example_dynamic_task_mapping_with_no_taskflow_operators.py took 0.103 seconds
[2026-02-10T22:07:17.431+0000] {processor.py:161} INFO - Started process (PID=688) to work on /home/airflow/.local/lib/python3.12/site-packages/airflow/example_dags/example_dynamic_task_mapping_with_no_taskflow_operators.py
[2026-02-10T22:07:17.432+0000] {processor.py:830} INFO - Processing file /home/airflow/.local/lib/python3.12/site-packages/airflow/example_dags/example_dynamic_task_mapping_with_no_taskflow_operators.py for tasks to queue
[2026-02-10T22:07:17.436+0000] {logging_mixin.py:188} INFO - [2026-02-10T22:07:17.435+0000] {dagbag.py:540} INFO - Filling up the DagBag from /home/airflow/.local/lib/python3.12/site-packages/airflow/example_dags/example_dynamic_task_mapping_with_no_taskflow_operators.py
[2026-02-10T22:07:17.444+0000] {processor.py:840} INFO - DAG(s) 'example_dynamic_task_mapping_with_no_taskflow_operators' retrieved from /home/airflow/.local/lib/python3.12/site-packages/airflow/example_dags/example_dynamic_task_mapping_with_no_taskflow_operators.py
[2026-02-10T22:07:17.472+0000] {logging_mixin.py:188} INFO - [2026-02-10T22:07:17.472+0000] {dag.py:3096} INFO - Sync 1 DAGs
[2026-02-10T22:07:17.501+0000] {logging_mixin.py:188} INFO - [2026-02-10T22:07:17.501+0000] {dag.py:3954} INFO - Setting next_dagrun for example_dynamic_task_mapping_with_no_taskflow_operators to 2026-02-09 00:00:00+00:00, run_after=2026-02-10 00:00:00+00:00
[2026-02-10T22:07:17.535+0000] {processor.py:183} INFO - Processing /home/airflow/.local/lib/python3.12/site-packages/airflow/example_dags/example_dynamic_task_mapping_with_no_taskflow_operators.py took 0.109 seconds
[2026-02-10T22:07:47.795+0000] {processor.py:161} INFO - Started process (PID=742) to work on /home/airflow/.local/lib/python3.12/site-packages/airflow/example_dags/example_dynamic_task_mapping_with_no_taskflow_operators.py
[2026-02-10T22:07:47.796+0000] {processor.py:830} INFO - Processing file /home/airflow/.local/lib/python3.12/site-packages/airflow/example_dags/example_dynamic_task_mapping_with_no_taskflow_operators.py for tasks to queue
[2026-02-10T22:07:47.799+0000] {logging_mixin.py:188} INFO - [2026-02-10T22:07:47.798+0000] {dagbag.py:540} INFO - Filling up the DagBag from /home/airflow/.local/lib/python3.12/site-packages/airflow/example_dags/example_dynamic_task_mapping_with_no_taskflow_operators.py
[2026-02-10T22:07:47.807+0000] {processor.py:840} INFO - DAG(s) 'example_dynamic_task_mapping_with_no_taskflow_operators' retrieved from /home/airflow/.local/lib/python3.12/site-packages/airflow/example_dags/example_dynamic_task_mapping_with_no_taskflow_operators.py
[2026-02-10T22:07:47.832+0000] {logging_mixin.py:188} INFO - [2026-02-10T22:07:47.831+0000] {dag.py:3096} INFO - Sync 1 DAGs
[2026-02-10T22:07:47.860+0000] {logging_mixin.py:188} INFO - [2026-02-10T22:07:47.860+0000] {dag.py:3954} INFO - Setting next_dagrun for example_dynamic_task_mapping_with_no_taskflow_operators to 2026-02-09 00:00:00+00:00, run_after=2026-02-10 00:00:00+00:00
[2026-02-10T22:07:47.896+0000] {processor.py:183} INFO - Processing /home/airflow/.local/lib/python3.12/site-packages/airflow/example_dags/example_dynamic_task_mapping_with_no_taskflow_operators.py took 0.109 seconds
[2026-02-10T22:08:18.408+0000] {processor.py:161} INFO - Started process (PID=796) to work on /home/airflow/.local/lib/python3.12/site-packages/airflow/example_dags/example_dynamic_task_mapping_with_no_taskflow_operators.py
[2026-02-10T22:08:18.410+0000] {processor.py:830} INFO - Processing file /home/airflow/.local/lib/python3.12/site-packages/airflow/example_dags/example_dynamic_task_mapping_with_no_taskflow_operators.py for tasks to queue
[2026-02-10T22:08:18.413+0000] {logging_mixin.py:188} INFO - [2026-02-10T22:08:18.412+0000] {dagbag.py:540} INFO - Filling up the DagBag from /home/airflow/.local/lib/python3.12/site-packages/airflow/example_dags/example_dynamic_task_mapping_with_no_taskflow_operators.py
[2026-02-10T22:08:18.421+0000] {processor.py:840} INFO - DAG(s) 'example_dynamic_task_mapping_with_no_taskflow_operators' retrieved from /home/airflow/.local/lib/python3.12/site-packages/airflow/example_dags/example_dynamic_task_mapping_with_no_taskflow_operators.py
[2026-02-10T22:08:18.448+0000] {logging_mixin.py:188} INFO - [2026-02-10T22:08:18.448+0000] {dag.py:3096} INFO - Sync 1 DAGs
[2026-02-10T22:08:18.476+0000] {logging_mixin.py:188} INFO - [2026-02-10T22:08:18.475+0000] {dag.py:3954} INFO - Setting next_dagrun for example_dynamic_task_mapping_with_no_taskflow_operators to 2026-02-09 00:00:00+00:00, run_after=2026-02-10 00:00:00+00:00
[2026-02-10T22:08:18.508+0000] {processor.py:183} INFO - Processing /home/airflow/.local/lib/python3.12/site-packages/airflow/example_dags/example_dynamic_task_mapping_with_no_taskflow_operators.py took 0.107 seconds
[2026-02-10T22:13:43.965+0000] {processor.py:161} INFO - Started process (PID=40) to work on /home/airflow/.local/lib/python3.12/site-packages/airflow/example_dags/example_dynamic_task_mapping_with_no_taskflow_operators.py
[2026-02-10T22:13:43.973+0000] {processor.py:830} INFO - Processing file /home/airflow/.local/lib/python3.12/site-packages/airflow/example_dags/example_dynamic_task_mapping_with_no_taskflow_operators.py for tasks to queue
[2026-02-10T22:13:43.981+0000] {logging_mixin.py:188} INFO - [2026-02-10T22:13:43.980+0000] {dagbag.py:540} INFO - Filling up the DagBag from /home/airflow/.local/lib/python3.12/site-packages/airflow/example_dags/example_dynamic_task_mapping_with_no_taskflow_operators.py
[2026-02-10T22:13:44.059+0000] {processor.py:840} INFO - DAG(s) 'example_dynamic_task_mapping_with_no_taskflow_operators' retrieved from /home/airflow/.local/lib/python3.12/site-packages/airflow/example_dags/example_dynamic_task_mapping_with_no_taskflow_operators.py
[2026-02-10T22:13:44.801+0000] {logging_mixin.py:188} INFO - [2026-02-10T22:13:44.801+0000] {dag.py:3096} INFO - Sync 1 DAGs
[2026-02-10T22:13:44.977+0000] {logging_mixin.py:188} INFO - [2026-02-10T22:13:44.977+0000] {dag.py:3954} INFO - Setting next_dagrun for example_dynamic_task_mapping_with_no_taskflow_operators to 2026-02-09 00:00:00+00:00, run_after=2026-02-10 00:00:00+00:00
[2026-02-10T22:13:45.064+0000] {processor.py:183} INFO - Processing /home/airflow/.local/lib/python3.12/site-packages/airflow/example_dags/example_dynamic_task_mapping_with_no_taskflow_operators.py took 1.127 seconds
[2026-02-10T22:14:15.912+0000] {processor.py:161} INFO - Started process (PID=94) to work on /home/airflow/.local/lib/python3.12/site-packages/airflow/example_dags/example_dynamic_task_mapping_with_no_taskflow_operators.py
[2026-02-10T22:14:15.917+0000] {processor.py:830} INFO - Processing file /home/airflow/.local/lib/python3.12/site-packages/airflow/example_dags/example_dynamic_task_mapping_with_no_taskflow_operators.py for tasks to queue
[2026-02-10T22:14:15.923+0000] {logging_mixin.py:188} INFO - [2026-02-10T22:14:15.922+0000] {dagbag.py:540} INFO - Filling up the DagBag from /home/airflow/.local/lib/python3.12/site-packages/airflow/example_dags/example_dynamic_task_mapping_with_no_taskflow_operators.py
[2026-02-10T22:14:15.944+0000] {processor.py:840} INFO - DAG(s) 'example_dynamic_task_mapping_with_no_taskflow_operators' retrieved from /home/airflow/.local/lib/python3.12/site-packages/airflow/example_dags/example_dynamic_task_mapping_with_no_taskflow_operators.py
[2026-02-10T22:14:16.326+0000] {logging_mixin.py:188} INFO - [2026-02-10T22:14:16.325+0000] {dag.py:3096} INFO - Sync 1 DAGs
[2026-02-10T22:14:16.377+0000] {logging_mixin.py:188} INFO - [2026-02-10T22:14:16.376+0000] {dag.py:3954} INFO - Setting next_dagrun for example_dynamic_task_mapping_with_no_taskflow_operators to 2026-02-09 00:00:00+00:00, run_after=2026-02-10 00:00:00+00:00
[2026-02-10T22:14:16.523+0000] {processor.py:183} INFO - Processing /home/airflow/.local/lib/python3.12/site-packages/airflow/example_dags/example_dynamic_task_mapping_with_no_taskflow_operators.py took 0.626 seconds
[2026-02-10T22:14:47.234+0000] {processor.py:161} INFO - Started process (PID=148) to work on /home/airflow/.local/lib/python3.12/site-packages/airflow/example_dags/example_dynamic_task_mapping_with_no_taskflow_operators.py
[2026-02-10T22:14:47.235+0000] {processor.py:830} INFO - Processing file /home/airflow/.local/lib/python3.12/site-packages/airflow/example_dags/example_dynamic_task_mapping_with_no_taskflow_operators.py for tasks to queue
[2026-02-10T22:14:47.237+0000] {logging_mixin.py:188} INFO - [2026-02-10T22:14:47.236+0000] {dagbag.py:540} INFO - Filling up the DagBag from /home/airflow/.local/lib/python3.12/site-packages/airflow/example_dags/example_dynamic_task_mapping_with_no_taskflow_operators.py
[2026-02-10T22:14:47.244+0000] {processor.py:840} INFO - DAG(s) 'example_dynamic_task_mapping_with_no_taskflow_operators' retrieved from /home/airflow/.local/lib/python3.12/site-packages/airflow/example_dags/example_dynamic_task_mapping_with_no_taskflow_operators.py
[2026-02-10T22:14:47.264+0000] {logging_mixin.py:188} INFO - [2026-02-10T22:14:47.264+0000] {dag.py:3096} INFO - Sync 1 DAGs
[2026-02-10T22:14:47.286+0000] {logging_mixin.py:188} INFO - [2026-02-10T22:14:47.286+0000] {dag.py:3954} INFO - Setting next_dagrun for example_dynamic_task_mapping_with_no_taskflow_operators to 2026-02-09 00:00:00+00:00, run_after=2026-02-10 00:00:00+00:00
[2026-02-10T22:14:47.308+0000] {processor.py:183} INFO - Processing /home/airflow/.local/lib/python3.12/site-packages/airflow/example_dags/example_dynamic_task_mapping_with_no_taskflow_operators.py took 0.079 seconds
[2026-02-10T22:15:17.764+0000] {processor.py:161} INFO - Started process (PID=202) to work on /home/airflow/.local/lib/python3.12/site-packages/airflow/example_dags/example_dynamic_task_mapping_with_no_taskflow_operators.py
[2026-02-10T22:15:17.790+0000] {processor.py:830} INFO - Processing file /home/airflow/.local/lib/python3.12/site-packages/airflow/example_dags/example_dynamic_task_mapping_with_no_taskflow_operators.py for tasks to queue
[2026-02-10T22:15:17.797+0000] {logging_mixin.py:188} INFO - [2026-02-10T22:15:17.796+0000] {dagbag.py:540} INFO - Filling up the DagBag from /home/airflow/.local/lib/python3.12/site-packages/airflow/example_dags/example_dynamic_task_mapping_with_no_taskflow_operators.py
[2026-02-10T22:15:17.899+0000] {processor.py:840} INFO - DAG(s) 'example_dynamic_task_mapping_with_no_taskflow_operators' retrieved from /home/airflow/.local/lib/python3.12/site-packages/airflow/example_dags/example_dynamic_task_mapping_with_no_taskflow_operators.py
[2026-02-10T22:15:17.949+0000] {logging_mixin.py:188} INFO - [2026-02-10T22:15:17.948+0000] {dag.py:3096} INFO - Sync 1 DAGs
[2026-02-10T22:15:18.012+0000] {logging_mixin.py:188} INFO - [2026-02-10T22:15:18.011+0000] {dag.py:3954} INFO - Setting next_dagrun for example_dynamic_task_mapping_with_no_taskflow_operators to 2026-02-09 00:00:00+00:00, run_after=2026-02-10 00:00:00+00:00
[2026-02-10T22:15:18.062+0000] {processor.py:183} INFO - Processing /home/airflow/.local/lib/python3.12/site-packages/airflow/example_dags/example_dynamic_task_mapping_with_no_taskflow_operators.py took 0.318 seconds
[2026-02-10T22:15:48.581+0000] {processor.py:161} INFO - Started process (PID=256) to work on /home/airflow/.local/lib/python3.12/site-packages/airflow/example_dags/example_dynamic_task_mapping_with_no_taskflow_operators.py
[2026-02-10T22:15:48.582+0000] {processor.py:830} INFO - Processing file /home/airflow/.local/lib/python3.12/site-packages/airflow/example_dags/example_dynamic_task_mapping_with_no_taskflow_operators.py for tasks to queue
[2026-02-10T22:15:48.585+0000] {logging_mixin.py:188} INFO - [2026-02-10T22:15:48.585+0000] {dagbag.py:540} INFO - Filling up the DagBag from /home/airflow/.local/lib/python3.12/site-packages/airflow/example_dags/example_dynamic_task_mapping_with_no_taskflow_operators.py
[2026-02-10T22:15:48.600+0000] {processor.py:840} INFO - DAG(s) 'example_dynamic_task_mapping_with_no_taskflow_operators' retrieved from /home/airflow/.local/lib/python3.12/site-packages/airflow/example_dags/example_dynamic_task_mapping_with_no_taskflow_operators.py
[2026-02-10T22:15:48.633+0000] {logging_mixin.py:188} INFO - [2026-02-10T22:15:48.633+0000] {dag.py:3096} INFO - Sync 1 DAGs
[2026-02-10T22:15:48.680+0000] {logging_mixin.py:188} INFO - [2026-02-10T22:15:48.680+0000] {dag.py:3954} INFO - Setting next_dagrun for example_dynamic_task_mapping_with_no_taskflow_operators to 2026-02-09 00:00:00+00:00, run_after=2026-02-10 00:00:00+00:00
[2026-02-10T22:15:48.725+0000] {processor.py:183} INFO - Processing /home/airflow/.local/lib/python3.12/site-packages/airflow/example_dags/example_dynamic_task_mapping_with_no_taskflow_operators.py took 0.158 seconds
[2026-02-10T22:16:19.015+0000] {processor.py:161} INFO - Started process (PID=310) to work on /home/airflow/.local/lib/python3.12/site-packages/airflow/example_dags/example_dynamic_task_mapping_with_no_taskflow_operators.py
[2026-02-10T22:16:19.015+0000] {processor.py:830} INFO - Processing file /home/airflow/.local/lib/python3.12/site-packages/airflow/example_dags/example_dynamic_task_mapping_with_no_taskflow_operators.py for tasks to queue
[2026-02-10T22:16:19.017+0000] {logging_mixin.py:188} INFO - [2026-02-10T22:16:19.017+0000] {dagbag.py:540} INFO - Filling up the DagBag from /home/airflow/.local/lib/python3.12/site-packages/airflow/example_dags/example_dynamic_task_mapping_with_no_taskflow_operators.py
[2026-02-10T22:16:19.024+0000] {processor.py:840} INFO - DAG(s) 'example_dynamic_task_mapping_with_no_taskflow_operators' retrieved from /home/airflow/.local/lib/python3.12/site-packages/airflow/example_dags/example_dynamic_task_mapping_with_no_taskflow_operators.py
[2026-02-10T22:16:19.044+0000] {logging_mixin.py:188} INFO - [2026-02-10T22:16:19.044+0000] {dag.py:3096} INFO - Sync 1 DAGs
[2026-02-10T22:16:19.065+0000] {logging_mixin.py:188} INFO - [2026-02-10T22:16:19.065+0000] {dag.py:3954} INFO - Setting next_dagrun for example_dynamic_task_mapping_with_no_taskflow_operators to 2026-02-09 00:00:00+00:00, run_after=2026-02-10 00:00:00+00:00
[2026-02-10T22:16:19.087+0000] {processor.py:183} INFO - Processing /home/airflow/.local/lib/python3.12/site-packages/airflow/example_dags/example_dynamic_task_mapping_with_no_taskflow_operators.py took 0.078 seconds
[2026-02-10T22:16:49.969+0000] {processor.py:161} INFO - Started process (PID=364) to work on /home/airflow/.local/lib/python3.12/site-packages/airflow/example_dags/example_dynamic_task_mapping_with_no_taskflow_operators.py
[2026-02-10T22:16:49.971+0000] {processor.py:830} INFO - Processing file /home/airflow/.local/lib/python3.12/site-packages/airflow/example_dags/example_dynamic_task_mapping_with_no_taskflow_operators.py for tasks to queue
[2026-02-10T22:16:49.977+0000] {logging_mixin.py:188} INFO - [2026-02-10T22:16:49.976+0000] {dagbag.py:540} INFO - Filling up the DagBag from /home/airflow/.local/lib/python3.12/site-packages/airflow/example_dags/example_dynamic_task_mapping_with_no_taskflow_operators.py
[2026-02-10T22:16:49.991+0000] {processor.py:840} INFO - DAG(s) 'example_dynamic_task_mapping_with_no_taskflow_operators' retrieved from /home/airflow/.local/lib/python3.12/site-packages/airflow/example_dags/example_dynamic_task_mapping_with_no_taskflow_operators.py
[2026-02-10T22:16:50.031+0000] {logging_mixin.py:188} INFO - [2026-02-10T22:16:50.031+0000] {dag.py:3096} INFO - Sync 1 DAGs
[2026-02-10T22:16:50.075+0000] {logging_mixin.py:188} INFO - [2026-02-10T22:16:50.075+0000] {dag.py:3954} INFO - Setting next_dagrun for example_dynamic_task_mapping_with_no_taskflow_operators to 2026-02-09 00:00:00+00:00, run_after=2026-02-10 00:00:00+00:00
[2026-02-10T22:16:50.119+0000] {processor.py:183} INFO - Processing /home/airflow/.local/lib/python3.12/site-packages/airflow/example_dags/example_dynamic_task_mapping_with_no_taskflow_operators.py took 0.162 seconds
[2026-02-10T22:17:20.244+0000] {processor.py:161} INFO - Started process (PID=418) to work on /home/airflow/.local/lib/python3.12/site-packages/airflow/example_dags/example_dynamic_task_mapping_with_no_taskflow_operators.py
[2026-02-10T22:17:20.245+0000] {processor.py:830} INFO - Processing file /home/airflow/.local/lib/python3.12/site-packages/airflow/example_dags/example_dynamic_task_mapping_with_no_taskflow_operators.py for tasks to queue
[2026-02-10T22:17:20.247+0000] {logging_mixin.py:188} INFO - [2026-02-10T22:17:20.247+0000] {dagbag.py:540} INFO - Filling up the DagBag from /home/airflow/.local/lib/python3.12/site-packages/airflow/example_dags/example_dynamic_task_mapping_with_no_taskflow_operators.py
[2026-02-10T22:17:20.254+0000] {processor.py:840} INFO - DAG(s) 'example_dynamic_task_mapping_with_no_taskflow_operators' retrieved from /home/airflow/.local/lib/python3.12/site-packages/airflow/example_dags/example_dynamic_task_mapping_with_no_taskflow_operators.py
[2026-02-10T22:17:20.284+0000] {logging_mixin.py:188} INFO - [2026-02-10T22:17:20.282+0000] {dag.py:3096} INFO - Sync 1 DAGs
[2026-02-10T22:17:20.314+0000] {logging_mixin.py:188} INFO - [2026-02-10T22:17:20.314+0000] {dag.py:3954} INFO - Setting next_dagrun for example_dynamic_task_mapping_with_no_taskflow_operators to 2026-02-09 00:00:00+00:00, run_after=2026-02-10 00:00:00+00:00
[2026-02-10T22:17:20.335+0000] {processor.py:183} INFO - Processing /home/airflow/.local/lib/python3.12/site-packages/airflow/example_dags/example_dynamic_task_mapping_with_no_taskflow_operators.py took 0.097 seconds
[2026-02-10T22:17:50.674+0000] {processor.py:161} INFO - Started process (PID=472) to work on /home/airflow/.local/lib/python3.12/site-packages/airflow/example_dags/example_dynamic_task_mapping_with_no_taskflow_operators.py
[2026-02-10T22:17:50.675+0000] {processor.py:830} INFO - Processing file /home/airflow/.local/lib/python3.12/site-packages/airflow/example_dags/example_dynamic_task_mapping_with_no_taskflow_operators.py for tasks to queue
[2026-02-10T22:17:50.677+0000] {logging_mixin.py:188} INFO - [2026-02-10T22:17:50.677+0000] {dagbag.py:540} INFO - Filling up the DagBag from /home/airflow/.local/lib/python3.12/site-packages/airflow/example_dags/example_dynamic_task_mapping_with_no_taskflow_operators.py
[2026-02-10T22:17:50.683+0000] {processor.py:840} INFO - DAG(s) 'example_dynamic_task_mapping_with_no_taskflow_operators' retrieved from /home/airflow/.local/lib/python3.12/site-packages/airflow/example_dags/example_dynamic_task_mapping_with_no_taskflow_operators.py
[2026-02-10T22:17:50.702+0000] {logging_mixin.py:188} INFO - [2026-02-10T22:17:50.702+0000] {dag.py:3096} INFO - Sync 1 DAGs
[2026-02-10T22:17:50.723+0000] {logging_mixin.py:188} INFO - [2026-02-10T22:17:50.723+0000] {dag.py:3954} INFO - Setting next_dagrun for example_dynamic_task_mapping_with_no_taskflow_operators to 2026-02-09 00:00:00+00:00, run_after=2026-02-10 00:00:00+00:00
[2026-02-10T22:17:50.753+0000] {processor.py:183} INFO - Processing /home/airflow/.local/lib/python3.12/site-packages/airflow/example_dags/example_dynamic_task_mapping_with_no_taskflow_operators.py took 0.085 seconds
[2026-02-10T22:18:21.272+0000] {processor.py:161} INFO - Started process (PID=526) to work on /home/airflow/.local/lib/python3.12/site-packages/airflow/example_dags/example_dynamic_task_mapping_with_no_taskflow_operators.py
[2026-02-10T22:18:21.274+0000] {processor.py:830} INFO - Processing file /home/airflow/.local/lib/python3.12/site-packages/airflow/example_dags/example_dynamic_task_mapping_with_no_taskflow_operators.py for tasks to queue
[2026-02-10T22:18:21.277+0000] {logging_mixin.py:188} INFO - [2026-02-10T22:18:21.277+0000] {dagbag.py:540} INFO - Filling up the DagBag from /home/airflow/.local/lib/python3.12/site-packages/airflow/example_dags/example_dynamic_task_mapping_with_no_taskflow_operators.py
[2026-02-10T22:18:21.287+0000] {processor.py:840} INFO - DAG(s) 'example_dynamic_task_mapping_with_no_taskflow_operators' retrieved from /home/airflow/.local/lib/python3.12/site-packages/airflow/example_dags/example_dynamic_task_mapping_with_no_taskflow_operators.py
[2026-02-10T22:18:21.327+0000] {logging_mixin.py:188} INFO - [2026-02-10T22:18:21.327+0000] {dag.py:3096} INFO - Sync 1 DAGs
[2026-02-10T22:18:21.375+0000] {logging_mixin.py:188} INFO - [2026-02-10T22:18:21.375+0000] {dag.py:3954} INFO - Setting next_dagrun for example_dynamic_task_mapping_with_no_taskflow_operators to 2026-02-09 00:00:00+00:00, run_after=2026-02-10 00:00:00+00:00
[2026-02-10T22:18:21.402+0000] {processor.py:183} INFO - Processing /home/airflow/.local/lib/python3.12/site-packages/airflow/example_dags/example_dynamic_task_mapping_with_no_taskflow_operators.py took 0.140 seconds
[2026-02-10T22:18:51.964+0000] {processor.py:161} INFO - Started process (PID=580) to work on /home/airflow/.local/lib/python3.12/site-packages/airflow/example_dags/example_dynamic_task_mapping_with_no_taskflow_operators.py
[2026-02-10T22:18:51.966+0000] {processor.py:830} INFO - Processing file /home/airflow/.local/lib/python3.12/site-packages/airflow/example_dags/example_dynamic_task_mapping_with_no_taskflow_operators.py for tasks to queue
[2026-02-10T22:18:51.968+0000] {logging_mixin.py:188} INFO - [2026-02-10T22:18:51.967+0000] {dagbag.py:540} INFO - Filling up the DagBag from /home/airflow/.local/lib/python3.12/site-packages/airflow/example_dags/example_dynamic_task_mapping_with_no_taskflow_operators.py
[2026-02-10T22:18:51.974+0000] {processor.py:840} INFO - DAG(s) 'example_dynamic_task_mapping_with_no_taskflow_operators' retrieved from /home/airflow/.local/lib/python3.12/site-packages/airflow/example_dags/example_dynamic_task_mapping_with_no_taskflow_operators.py
[2026-02-10T22:18:51.995+0000] {logging_mixin.py:188} INFO - [2026-02-10T22:18:51.995+0000] {dag.py:3096} INFO - Sync 1 DAGs
[2026-02-10T22:18:52.018+0000] {logging_mixin.py:188} INFO - [2026-02-10T22:18:52.018+0000] {dag.py:3954} INFO - Setting next_dagrun for example_dynamic_task_mapping_with_no_taskflow_operators to 2026-02-09 00:00:00+00:00, run_after=2026-02-10 00:00:00+00:00
[2026-02-10T22:18:52.038+0000] {processor.py:183} INFO - Processing /home/airflow/.local/lib/python3.12/site-packages/airflow/example_dags/example_dynamic_task_mapping_with_no_taskflow_operators.py took 0.079 seconds
[2026-02-10T22:19:22.615+0000] {processor.py:161} INFO - Started process (PID=634) to work on /home/airflow/.local/lib/python3.12/site-packages/airflow/example_dags/example_dynamic_task_mapping_with_no_taskflow_operators.py
[2026-02-10T22:19:22.616+0000] {processor.py:830} INFO - Processing file /home/airflow/.local/lib/python3.12/site-packages/airflow/example_dags/example_dynamic_task_mapping_with_no_taskflow_operators.py for tasks to queue
[2026-02-10T22:19:22.618+0000] {logging_mixin.py:188} INFO - [2026-02-10T22:19:22.618+0000] {dagbag.py:540} INFO - Filling up the DagBag from /home/airflow/.local/lib/python3.12/site-packages/airflow/example_dags/example_dynamic_task_mapping_with_no_taskflow_operators.py
[2026-02-10T22:19:22.625+0000] {processor.py:840} INFO - DAG(s) 'example_dynamic_task_mapping_with_no_taskflow_operators' retrieved from /home/airflow/.local/lib/python3.12/site-packages/airflow/example_dags/example_dynamic_task_mapping_with_no_taskflow_operators.py
[2026-02-10T22:19:22.645+0000] {logging_mixin.py:188} INFO - [2026-02-10T22:19:22.645+0000] {dag.py:3096} INFO - Sync 1 DAGs
[2026-02-10T22:19:22.672+0000] {logging_mixin.py:188} INFO - [2026-02-10T22:19:22.672+0000] {dag.py:3954} INFO - Setting next_dagrun for example_dynamic_task_mapping_with_no_taskflow_operators to 2026-02-09 00:00:00+00:00, run_after=2026-02-10 00:00:00+00:00
[2026-02-10T22:19:22.694+0000] {processor.py:183} INFO - Processing /home/airflow/.local/lib/python3.12/site-packages/airflow/example_dags/example_dynamic_task_mapping_with_no_taskflow_operators.py took 0.084 seconds
[2026-02-10T22:19:52.801+0000] {processor.py:161} INFO - Started process (PID=688) to work on /home/airflow/.local/lib/python3.12/site-packages/airflow/example_dags/example_dynamic_task_mapping_with_no_taskflow_operators.py
[2026-02-10T22:19:52.802+0000] {processor.py:830} INFO - Processing file /home/airflow/.local/lib/python3.12/site-packages/airflow/example_dags/example_dynamic_task_mapping_with_no_taskflow_operators.py for tasks to queue
[2026-02-10T22:19:52.807+0000] {logging_mixin.py:188} INFO - [2026-02-10T22:19:52.806+0000] {dagbag.py:540} INFO - Filling up the DagBag from /home/airflow/.local/lib/python3.12/site-packages/airflow/example_dags/example_dynamic_task_mapping_with_no_taskflow_operators.py
[2026-02-10T22:19:52.814+0000] {processor.py:840} INFO - DAG(s) 'example_dynamic_task_mapping_with_no_taskflow_operators' retrieved from /home/airflow/.local/lib/python3.12/site-packages/airflow/example_dags/example_dynamic_task_mapping_with_no_taskflow_operators.py
[2026-02-10T22:19:52.839+0000] {logging_mixin.py:188} INFO - [2026-02-10T22:19:52.839+0000] {dag.py:3096} INFO - Sync 1 DAGs
[2026-02-10T22:19:52.869+0000] {logging_mixin.py:188} INFO - [2026-02-10T22:19:52.869+0000] {dag.py:3954} INFO - Setting next_dagrun for example_dynamic_task_mapping_with_no_taskflow_operators to 2026-02-09 00:00:00+00:00, run_after=2026-02-10 00:00:00+00:00
[2026-02-10T22:19:52.895+0000] {processor.py:183} INFO - Processing /home/airflow/.local/lib/python3.12/site-packages/airflow/example_dags/example_dynamic_task_mapping_with_no_taskflow_operators.py took 0.102 seconds
[2026-02-10T22:20:23.803+0000] {processor.py:161} INFO - Started process (PID=742) to work on /home/airflow/.local/lib/python3.12/site-packages/airflow/example_dags/example_dynamic_task_mapping_with_no_taskflow_operators.py
[2026-02-10T22:20:23.804+0000] {processor.py:830} INFO - Processing file /home/airflow/.local/lib/python3.12/site-packages/airflow/example_dags/example_dynamic_task_mapping_with_no_taskflow_operators.py for tasks to queue
[2026-02-10T22:20:23.807+0000] {logging_mixin.py:188} INFO - [2026-02-10T22:20:23.807+0000] {dagbag.py:540} INFO - Filling up the DagBag from /home/airflow/.local/lib/python3.12/site-packages/airflow/example_dags/example_dynamic_task_mapping_with_no_taskflow_operators.py
[2026-02-10T22:20:23.814+0000] {processor.py:840} INFO - DAG(s) 'example_dynamic_task_mapping_with_no_taskflow_operators' retrieved from /home/airflow/.local/lib/python3.12/site-packages/airflow/example_dags/example_dynamic_task_mapping_with_no_taskflow_operators.py
[2026-02-10T22:20:23.836+0000] {logging_mixin.py:188} INFO - [2026-02-10T22:20:23.835+0000] {dag.py:3096} INFO - Sync 1 DAGs
[2026-02-10T22:20:23.856+0000] {logging_mixin.py:188} INFO - [2026-02-10T22:20:23.855+0000] {dag.py:3954} INFO - Setting next_dagrun for example_dynamic_task_mapping_with_no_taskflow_operators to 2026-02-09 00:00:00+00:00, run_after=2026-02-10 00:00:00+00:00
[2026-02-10T22:20:23.886+0000] {processor.py:183} INFO - Processing /home/airflow/.local/lib/python3.12/site-packages/airflow/example_dags/example_dynamic_task_mapping_with_no_taskflow_operators.py took 0.088 seconds
[2026-02-10T22:20:54.874+0000] {processor.py:161} INFO - Started process (PID=796) to work on /home/airflow/.local/lib/python3.12/site-packages/airflow/example_dags/example_dynamic_task_mapping_with_no_taskflow_operators.py
[2026-02-10T22:20:54.876+0000] {processor.py:830} INFO - Processing file /home/airflow/.local/lib/python3.12/site-packages/airflow/example_dags/example_dynamic_task_mapping_with_no_taskflow_operators.py for tasks to queue
[2026-02-10T22:20:54.878+0000] {logging_mixin.py:188} INFO - [2026-02-10T22:20:54.877+0000] {dagbag.py:540} INFO - Filling up the DagBag from /home/airflow/.local/lib/python3.12/site-packages/airflow/example_dags/example_dynamic_task_mapping_with_no_taskflow_operators.py
[2026-02-10T22:20:54.885+0000] {processor.py:840} INFO - DAG(s) 'example_dynamic_task_mapping_with_no_taskflow_operators' retrieved from /home/airflow/.local/lib/python3.12/site-packages/airflow/example_dags/example_dynamic_task_mapping_with_no_taskflow_operators.py
[2026-02-10T22:20:54.908+0000] {logging_mixin.py:188} INFO - [2026-02-10T22:20:54.907+0000] {dag.py:3096} INFO - Sync 1 DAGs
[2026-02-10T22:20:54.931+0000] {logging_mixin.py:188} INFO - [2026-02-10T22:20:54.931+0000] {dag.py:3954} INFO - Setting next_dagrun for example_dynamic_task_mapping_with_no_taskflow_operators to 2026-02-09 00:00:00+00:00, run_after=2026-02-10 00:00:00+00:00
[2026-02-10T22:20:54.963+0000] {processor.py:183} INFO - Processing /home/airflow/.local/lib/python3.12/site-packages/airflow/example_dags/example_dynamic_task_mapping_with_no_taskflow_operators.py took 0.095 seconds
[2026-02-10T22:21:25.017+0000] {processor.py:161} INFO - Started process (PID=850) to work on /home/airflow/.local/lib/python3.12/site-packages/airflow/example_dags/example_dynamic_task_mapping_with_no_taskflow_operators.py
[2026-02-10T22:21:25.018+0000] {processor.py:830} INFO - Processing file /home/airflow/.local/lib/python3.12/site-packages/airflow/example_dags/example_dynamic_task_mapping_with_no_taskflow_operators.py for tasks to queue
[2026-02-10T22:21:25.020+0000] {logging_mixin.py:188} INFO - [2026-02-10T22:21:25.020+0000] {dagbag.py:540} INFO - Filling up the DagBag from /home/airflow/.local/lib/python3.12/site-packages/airflow/example_dags/example_dynamic_task_mapping_with_no_taskflow_operators.py
[2026-02-10T22:21:25.026+0000] {processor.py:840} INFO - DAG(s) 'example_dynamic_task_mapping_with_no_taskflow_operators' retrieved from /home/airflow/.local/lib/python3.12/site-packages/airflow/example_dags/example_dynamic_task_mapping_with_no_taskflow_operators.py
[2026-02-10T22:21:25.046+0000] {logging_mixin.py:188} INFO - [2026-02-10T22:21:25.046+0000] {dag.py:3096} INFO - Sync 1 DAGs
[2026-02-10T22:21:25.067+0000] {logging_mixin.py:188} INFO - [2026-02-10T22:21:25.067+0000] {dag.py:3954} INFO - Setting next_dagrun for example_dynamic_task_mapping_with_no_taskflow_operators to 2026-02-09 00:00:00+00:00, run_after=2026-02-10 00:00:00+00:00
[2026-02-10T22:21:25.097+0000] {processor.py:183} INFO - Processing /home/airflow/.local/lib/python3.12/site-packages/airflow/example_dags/example_dynamic_task_mapping_with_no_taskflow_operators.py took 0.086 seconds
[2026-02-10T22:21:55.510+0000] {processor.py:161} INFO - Started process (PID=904) to work on /home/airflow/.local/lib/python3.12/site-packages/airflow/example_dags/example_dynamic_task_mapping_with_no_taskflow_operators.py
[2026-02-10T22:21:55.511+0000] {processor.py:830} INFO - Processing file /home/airflow/.local/lib/python3.12/site-packages/airflow/example_dags/example_dynamic_task_mapping_with_no_taskflow_operators.py for tasks to queue
[2026-02-10T22:21:55.513+0000] {logging_mixin.py:188} INFO - [2026-02-10T22:21:55.513+0000] {dagbag.py:540} INFO - Filling up the DagBag from /home/airflow/.local/lib/python3.12/site-packages/airflow/example_dags/example_dynamic_task_mapping_with_no_taskflow_operators.py
[2026-02-10T22:21:55.519+0000] {processor.py:840} INFO - DAG(s) 'example_dynamic_task_mapping_with_no_taskflow_operators' retrieved from /home/airflow/.local/lib/python3.12/site-packages/airflow/example_dags/example_dynamic_task_mapping_with_no_taskflow_operators.py
[2026-02-10T22:21:55.539+0000] {logging_mixin.py:188} INFO - [2026-02-10T22:21:55.539+0000] {dag.py:3096} INFO - Sync 1 DAGs
[2026-02-10T22:21:55.561+0000] {logging_mixin.py:188} INFO - [2026-02-10T22:21:55.561+0000] {dag.py:3954} INFO - Setting next_dagrun for example_dynamic_task_mapping_with_no_taskflow_operators to 2026-02-09 00:00:00+00:00, run_after=2026-02-10 00:00:00+00:00
[2026-02-10T22:21:55.592+0000] {processor.py:183} INFO - Processing /home/airflow/.local/lib/python3.12/site-packages/airflow/example_dags/example_dynamic_task_mapping_with_no_taskflow_operators.py took 0.087 seconds
[2026-02-10T22:22:26.016+0000] {processor.py:161} INFO - Started process (PID=958) to work on /home/airflow/.local/lib/python3.12/site-packages/airflow/example_dags/example_dynamic_task_mapping_with_no_taskflow_operators.py
[2026-02-10T22:22:26.018+0000] {processor.py:830} INFO - Processing file /home/airflow/.local/lib/python3.12/site-packages/airflow/example_dags/example_dynamic_task_mapping_with_no_taskflow_operators.py for tasks to queue
[2026-02-10T22:22:26.021+0000] {logging_mixin.py:188} INFO - [2026-02-10T22:22:26.021+0000] {dagbag.py:540} INFO - Filling up the DagBag from /home/airflow/.local/lib/python3.12/site-packages/airflow/example_dags/example_dynamic_task_mapping_with_no_taskflow_operators.py
[2026-02-10T22:22:26.033+0000] {processor.py:840} INFO - DAG(s) 'example_dynamic_task_mapping_with_no_taskflow_operators' retrieved from /home/airflow/.local/lib/python3.12/site-packages/airflow/example_dags/example_dynamic_task_mapping_with_no_taskflow_operators.py
[2026-02-10T22:22:26.063+0000] {logging_mixin.py:188} INFO - [2026-02-10T22:22:26.063+0000] {dag.py:3096} INFO - Sync 1 DAGs
[2026-02-10T22:22:26.096+0000] {logging_mixin.py:188} INFO - [2026-02-10T22:22:26.096+0000] {dag.py:3954} INFO - Setting next_dagrun for example_dynamic_task_mapping_with_no_taskflow_operators to 2026-02-09 00:00:00+00:00, run_after=2026-02-10 00:00:00+00:00
[2026-02-10T22:22:26.124+0000] {processor.py:183} INFO - Processing /home/airflow/.local/lib/python3.12/site-packages/airflow/example_dags/example_dynamic_task_mapping_with_no_taskflow_operators.py took 0.118 seconds
[2026-02-10T22:22:56.358+0000] {processor.py:161} INFO - Started process (PID=1010) to work on /home/airflow/.local/lib/python3.12/site-packages/airflow/example_dags/example_dynamic_task_mapping_with_no_taskflow_operators.py
[2026-02-10T22:22:56.359+0000] {processor.py:830} INFO - Processing file /home/airflow/.local/lib/python3.12/site-packages/airflow/example_dags/example_dynamic_task_mapping_with_no_taskflow_operators.py for tasks to queue
[2026-02-10T22:22:56.362+0000] {logging_mixin.py:188} INFO - [2026-02-10T22:22:56.362+0000] {dagbag.py:540} INFO - Filling up the DagBag from /home/airflow/.local/lib/python3.12/site-packages/airflow/example_dags/example_dynamic_task_mapping_with_no_taskflow_operators.py
[2026-02-10T22:22:56.370+0000] {processor.py:840} INFO - DAG(s) 'example_dynamic_task_mapping_with_no_taskflow_operators' retrieved from /home/airflow/.local/lib/python3.12/site-packages/airflow/example_dags/example_dynamic_task_mapping_with_no_taskflow_operators.py
[2026-02-10T22:22:56.402+0000] {logging_mixin.py:188} INFO - [2026-02-10T22:22:56.401+0000] {dag.py:3096} INFO - Sync 1 DAGs
[2026-02-10T22:22:56.438+0000] {logging_mixin.py:188} INFO - [2026-02-10T22:22:56.437+0000] {dag.py:3954} INFO - Setting next_dagrun for example_dynamic_task_mapping_with_no_taskflow_operators to 2026-02-09 00:00:00+00:00, run_after=2026-02-10 00:00:00+00:00
[2026-02-10T22:22:56.465+0000] {processor.py:183} INFO - Processing /home/airflow/.local/lib/python3.12/site-packages/airflow/example_dags/example_dynamic_task_mapping_with_no_taskflow_operators.py took 0.119 seconds
[2026-02-10T22:23:26.999+0000] {processor.py:161} INFO - Started process (PID=1064) to work on /home/airflow/.local/lib/python3.12/site-packages/airflow/example_dags/example_dynamic_task_mapping_with_no_taskflow_operators.py
[2026-02-10T22:23:27.000+0000] {processor.py:830} INFO - Processing file /home/airflow/.local/lib/python3.12/site-packages/airflow/example_dags/example_dynamic_task_mapping_with_no_taskflow_operators.py for tasks to queue
[2026-02-10T22:23:27.003+0000] {logging_mixin.py:188} INFO - [2026-02-10T22:23:27.003+0000] {dagbag.py:540} INFO - Filling up the DagBag from /home/airflow/.local/lib/python3.12/site-packages/airflow/example_dags/example_dynamic_task_mapping_with_no_taskflow_operators.py
[2026-02-10T22:23:27.012+0000] {processor.py:840} INFO - DAG(s) 'example_dynamic_task_mapping_with_no_taskflow_operators' retrieved from /home/airflow/.local/lib/python3.12/site-packages/airflow/example_dags/example_dynamic_task_mapping_with_no_taskflow_operators.py
[2026-02-10T22:23:27.040+0000] {logging_mixin.py:188} INFO - [2026-02-10T22:23:27.040+0000] {dag.py:3096} INFO - Sync 1 DAGs
[2026-02-10T22:23:27.074+0000] {logging_mixin.py:188} INFO - [2026-02-10T22:23:27.074+0000] {dag.py:3954} INFO - Setting next_dagrun for example_dynamic_task_mapping_with_no_taskflow_operators to 2026-02-09 00:00:00+00:00, run_after=2026-02-10 00:00:00+00:00
[2026-02-10T22:23:27.106+0000] {processor.py:183} INFO - Processing /home/airflow/.local/lib/python3.12/site-packages/airflow/example_dags/example_dynamic_task_mapping_with_no_taskflow_operators.py took 0.115 seconds
[2026-02-10T22:23:57.383+0000] {processor.py:161} INFO - Started process (PID=1118) to work on /home/airflow/.local/lib/python3.12/site-packages/airflow/example_dags/example_dynamic_task_mapping_with_no_taskflow_operators.py
[2026-02-10T22:23:57.384+0000] {processor.py:830} INFO - Processing file /home/airflow/.local/lib/python3.12/site-packages/airflow/example_dags/example_dynamic_task_mapping_with_no_taskflow_operators.py for tasks to queue
[2026-02-10T22:23:57.386+0000] {logging_mixin.py:188} INFO - [2026-02-10T22:23:57.386+0000] {dagbag.py:540} INFO - Filling up the DagBag from /home/airflow/.local/lib/python3.12/site-packages/airflow/example_dags/example_dynamic_task_mapping_with_no_taskflow_operators.py
[2026-02-10T22:23:57.393+0000] {processor.py:840} INFO - DAG(s) 'example_dynamic_task_mapping_with_no_taskflow_operators' retrieved from /home/airflow/.local/lib/python3.12/site-packages/airflow/example_dags/example_dynamic_task_mapping_with_no_taskflow_operators.py
[2026-02-10T22:23:57.411+0000] {logging_mixin.py:188} INFO - [2026-02-10T22:23:57.411+0000] {dag.py:3096} INFO - Sync 1 DAGs
[2026-02-10T22:23:57.431+0000] {logging_mixin.py:188} INFO - [2026-02-10T22:23:57.431+0000] {dag.py:3954} INFO - Setting next_dagrun for example_dynamic_task_mapping_with_no_taskflow_operators to 2026-02-09 00:00:00+00:00, run_after=2026-02-10 00:00:00+00:00
[2026-02-10T22:23:57.451+0000] {processor.py:183} INFO - Processing /home/airflow/.local/lib/python3.12/site-packages/airflow/example_dags/example_dynamic_task_mapping_with_no_taskflow_operators.py took 0.074 seconds
[2026-02-10T22:24:27.969+0000] {processor.py:161} INFO - Started process (PID=1172) to work on /home/airflow/.local/lib/python3.12/site-packages/airflow/example_dags/example_dynamic_task_mapping_with_no_taskflow_operators.py
[2026-02-10T22:24:27.971+0000] {processor.py:830} INFO - Processing file /home/airflow/.local/lib/python3.12/site-packages/airflow/example_dags/example_dynamic_task_mapping_with_no_taskflow_operators.py for tasks to queue
[2026-02-10T22:24:27.975+0000] {logging_mixin.py:188} INFO - [2026-02-10T22:24:27.974+0000] {dagbag.py:540} INFO - Filling up the DagBag from /home/airflow/.local/lib/python3.12/site-packages/airflow/example_dags/example_dynamic_task_mapping_with_no_taskflow_operators.py
[2026-02-10T22:24:27.988+0000] {processor.py:840} INFO - DAG(s) 'example_dynamic_task_mapping_with_no_taskflow_operators' retrieved from /home/airflow/.local/lib/python3.12/site-packages/airflow/example_dags/example_dynamic_task_mapping_with_no_taskflow_operators.py
[2026-02-10T22:24:28.027+0000] {logging_mixin.py:188} INFO - [2026-02-10T22:24:28.026+0000] {dag.py:3096} INFO - Sync 1 DAGs
[2026-02-10T22:24:28.073+0000] {logging_mixin.py:188} INFO - [2026-02-10T22:24:28.072+0000] {dag.py:3954} INFO - Setting next_dagrun for example_dynamic_task_mapping_with_no_taskflow_operators to 2026-02-09 00:00:00+00:00, run_after=2026-02-10 00:00:00+00:00
[2026-02-10T22:24:28.112+0000] {processor.py:183} INFO - Processing /home/airflow/.local/lib/python3.12/site-packages/airflow/example_dags/example_dynamic_task_mapping_with_no_taskflow_operators.py took 0.152 seconds
[2026-02-10T22:24:58.618+0000] {processor.py:161} INFO - Started process (PID=1226) to work on /home/airflow/.local/lib/python3.12/site-packages/airflow/example_dags/example_dynamic_task_mapping_with_no_taskflow_operators.py
[2026-02-10T22:24:58.619+0000] {processor.py:830} INFO - Processing file /home/airflow/.local/lib/python3.12/site-packages/airflow/example_dags/example_dynamic_task_mapping_with_no_taskflow_operators.py for tasks to queue
[2026-02-10T22:24:58.622+0000] {logging_mixin.py:188} INFO - [2026-02-10T22:24:58.621+0000] {dagbag.py:540} INFO - Filling up the DagBag from /home/airflow/.local/lib/python3.12/site-packages/airflow/example_dags/example_dynamic_task_mapping_with_no_taskflow_operators.py
[2026-02-10T22:24:58.631+0000] {processor.py:840} INFO - DAG(s) 'example_dynamic_task_mapping_with_no_taskflow_operators' retrieved from /home/airflow/.local/lib/python3.12/site-packages/airflow/example_dags/example_dynamic_task_mapping_with_no_taskflow_operators.py
[2026-02-10T22:24:58.658+0000] {logging_mixin.py:188} INFO - [2026-02-10T22:24:58.658+0000] {dag.py:3096} INFO - Sync 1 DAGs
[2026-02-10T22:24:58.890+0000] {logging_mixin.py:188} INFO - [2026-02-10T22:24:58.890+0000] {dag.py:3954} INFO - Setting next_dagrun for example_dynamic_task_mapping_with_no_taskflow_operators to 2026-02-09 00:00:00+00:00, run_after=2026-02-10 00:00:00+00:00
[2026-02-10T22:24:58.924+0000] {processor.py:183} INFO - Processing /home/airflow/.local/lib/python3.12/site-packages/airflow/example_dags/example_dynamic_task_mapping_with_no_taskflow_operators.py took 0.312 seconds
[2026-02-10T22:25:29.134+0000] {processor.py:161} INFO - Started process (PID=1280) to work on /home/airflow/.local/lib/python3.12/site-packages/airflow/example_dags/example_dynamic_task_mapping_with_no_taskflow_operators.py
[2026-02-10T22:25:29.143+0000] {processor.py:830} INFO - Processing file /home/airflow/.local/lib/python3.12/site-packages/airflow/example_dags/example_dynamic_task_mapping_with_no_taskflow_operators.py for tasks to queue
[2026-02-10T22:25:29.165+0000] {logging_mixin.py:188} INFO - [2026-02-10T22:25:29.163+0000] {dagbag.py:540} INFO - Filling up the DagBag from /home/airflow/.local/lib/python3.12/site-packages/airflow/example_dags/example_dynamic_task_mapping_with_no_taskflow_operators.py
[2026-02-10T22:25:29.298+0000] {processor.py:840} INFO - DAG(s) 'example_dynamic_task_mapping_with_no_taskflow_operators' retrieved from /home/airflow/.local/lib/python3.12/site-packages/airflow/example_dags/example_dynamic_task_mapping_with_no_taskflow_operators.py
[2026-02-10T22:25:29.442+0000] {logging_mixin.py:188} INFO - [2026-02-10T22:25:29.441+0000] {dag.py:3096} INFO - Sync 1 DAGs
[2026-02-10T22:25:29.585+0000] {logging_mixin.py:188} INFO - [2026-02-10T22:25:29.584+0000] {dag.py:3954} INFO - Setting next_dagrun for example_dynamic_task_mapping_with_no_taskflow_operators to 2026-02-09 00:00:00+00:00, run_after=2026-02-10 00:00:00+00:00
[2026-02-10T22:25:29.754+0000] {processor.py:183} INFO - Processing /home/airflow/.local/lib/python3.12/site-packages/airflow/example_dags/example_dynamic_task_mapping_with_no_taskflow_operators.py took 0.668 seconds
[2026-02-10T22:26:00.809+0000] {processor.py:161} INFO - Started process (PID=1334) to work on /home/airflow/.local/lib/python3.12/site-packages/airflow/example_dags/example_dynamic_task_mapping_with_no_taskflow_operators.py
[2026-02-10T22:26:00.815+0000] {processor.py:830} INFO - Processing file /home/airflow/.local/lib/python3.12/site-packages/airflow/example_dags/example_dynamic_task_mapping_with_no_taskflow_operators.py for tasks to queue
[2026-02-10T22:26:00.826+0000] {logging_mixin.py:188} INFO - [2026-02-10T22:26:00.825+0000] {dagbag.py:540} INFO - Filling up the DagBag from /home/airflow/.local/lib/python3.12/site-packages/airflow/example_dags/example_dynamic_task_mapping_with_no_taskflow_operators.py
[2026-02-10T22:26:00.864+0000] {processor.py:840} INFO - DAG(s) 'example_dynamic_task_mapping_with_no_taskflow_operators' retrieved from /home/airflow/.local/lib/python3.12/site-packages/airflow/example_dags/example_dynamic_task_mapping_with_no_taskflow_operators.py
[2026-02-10T22:26:00.929+0000] {logging_mixin.py:188} INFO - [2026-02-10T22:26:00.929+0000] {dag.py:3096} INFO - Sync 1 DAGs
[2026-02-10T22:26:01.008+0000] {logging_mixin.py:188} INFO - [2026-02-10T22:26:01.008+0000] {dag.py:3954} INFO - Setting next_dagrun for example_dynamic_task_mapping_with_no_taskflow_operators to 2026-02-09 00:00:00+00:00, run_after=2026-02-10 00:00:00+00:00
[2026-02-10T22:26:01.071+0000] {processor.py:183} INFO - Processing /home/airflow/.local/lib/python3.12/site-packages/airflow/example_dags/example_dynamic_task_mapping_with_no_taskflow_operators.py took 0.298 seconds
[2026-02-10T22:26:31.206+0000] {processor.py:161} INFO - Started process (PID=1388) to work on /home/airflow/.local/lib/python3.12/site-packages/airflow/example_dags/example_dynamic_task_mapping_with_no_taskflow_operators.py
[2026-02-10T22:26:31.207+0000] {processor.py:830} INFO - Processing file /home/airflow/.local/lib/python3.12/site-packages/airflow/example_dags/example_dynamic_task_mapping_with_no_taskflow_operators.py for tasks to queue
[2026-02-10T22:26:31.210+0000] {logging_mixin.py:188} INFO - [2026-02-10T22:26:31.209+0000] {dagbag.py:540} INFO - Filling up the DagBag from /home/airflow/.local/lib/python3.12/site-packages/airflow/example_dags/example_dynamic_task_mapping_with_no_taskflow_operators.py
[2026-02-10T22:26:31.217+0000] {processor.py:840} INFO - DAG(s) 'example_dynamic_task_mapping_with_no_taskflow_operators' retrieved from /home/airflow/.local/lib/python3.12/site-packages/airflow/example_dags/example_dynamic_task_mapping_with_no_taskflow_operators.py
[2026-02-10T22:26:31.240+0000] {logging_mixin.py:188} INFO - [2026-02-10T22:26:31.240+0000] {dag.py:3096} INFO - Sync 1 DAGs
[2026-02-10T22:26:31.279+0000] {logging_mixin.py:188} INFO - [2026-02-10T22:26:31.279+0000] {dag.py:3954} INFO - Setting next_dagrun for example_dynamic_task_mapping_with_no_taskflow_operators to 2026-02-09 00:00:00+00:00, run_after=2026-02-10 00:00:00+00:00
[2026-02-10T22:26:31.304+0000] {processor.py:183} INFO - Processing /home/airflow/.local/lib/python3.12/site-packages/airflow/example_dags/example_dynamic_task_mapping_with_no_taskflow_operators.py took 0.105 seconds
[2026-02-10T22:27:02.234+0000] {processor.py:161} INFO - Started process (PID=1442) to work on /home/airflow/.local/lib/python3.12/site-packages/airflow/example_dags/example_dynamic_task_mapping_with_no_taskflow_operators.py
[2026-02-10T22:27:02.235+0000] {processor.py:830} INFO - Processing file /home/airflow/.local/lib/python3.12/site-packages/airflow/example_dags/example_dynamic_task_mapping_with_no_taskflow_operators.py for tasks to queue
[2026-02-10T22:27:02.239+0000] {logging_mixin.py:188} INFO - [2026-02-10T22:27:02.239+0000] {dagbag.py:540} INFO - Filling up the DagBag from /home/airflow/.local/lib/python3.12/site-packages/airflow/example_dags/example_dynamic_task_mapping_with_no_taskflow_operators.py
[2026-02-10T22:27:02.248+0000] {processor.py:840} INFO - DAG(s) 'example_dynamic_task_mapping_with_no_taskflow_operators' retrieved from /home/airflow/.local/lib/python3.12/site-packages/airflow/example_dags/example_dynamic_task_mapping_with_no_taskflow_operators.py
[2026-02-10T22:27:02.274+0000] {logging_mixin.py:188} INFO - [2026-02-10T22:27:02.273+0000] {dag.py:3096} INFO - Sync 1 DAGs
[2026-02-10T22:27:02.304+0000] {logging_mixin.py:188} INFO - [2026-02-10T22:27:02.303+0000] {dag.py:3954} INFO - Setting next_dagrun for example_dynamic_task_mapping_with_no_taskflow_operators to 2026-02-09 00:00:00+00:00, run_after=2026-02-10 00:00:00+00:00
[2026-02-10T22:27:02.329+0000] {processor.py:183} INFO - Processing /home/airflow/.local/lib/python3.12/site-packages/airflow/example_dags/example_dynamic_task_mapping_with_no_taskflow_operators.py took 0.103 seconds
[2026-02-10T22:27:32.806+0000] {processor.py:161} INFO - Started process (PID=1496) to work on /home/airflow/.local/lib/python3.12/site-packages/airflow/example_dags/example_dynamic_task_mapping_with_no_taskflow_operators.py
[2026-02-10T22:27:32.807+0000] {processor.py:830} INFO - Processing file /home/airflow/.local/lib/python3.12/site-packages/airflow/example_dags/example_dynamic_task_mapping_with_no_taskflow_operators.py for tasks to queue
[2026-02-10T22:27:32.809+0000] {logging_mixin.py:188} INFO - [2026-02-10T22:27:32.809+0000] {dagbag.py:540} INFO - Filling up the DagBag from /home/airflow/.local/lib/python3.12/site-packages/airflow/example_dags/example_dynamic_task_mapping_with_no_taskflow_operators.py
[2026-02-10T22:27:32.815+0000] {processor.py:840} INFO - DAG(s) 'example_dynamic_task_mapping_with_no_taskflow_operators' retrieved from /home/airflow/.local/lib/python3.12/site-packages/airflow/example_dags/example_dynamic_task_mapping_with_no_taskflow_operators.py
[2026-02-10T22:27:32.834+0000] {logging_mixin.py:188} INFO - [2026-02-10T22:27:32.834+0000] {dag.py:3096} INFO - Sync 1 DAGs
[2026-02-10T22:27:32.855+0000] {logging_mixin.py:188} INFO - [2026-02-10T22:27:32.855+0000] {dag.py:3954} INFO - Setting next_dagrun for example_dynamic_task_mapping_with_no_taskflow_operators to 2026-02-09 00:00:00+00:00, run_after=2026-02-10 00:00:00+00:00
[2026-02-10T22:27:32.875+0000] {processor.py:183} INFO - Processing /home/airflow/.local/lib/python3.12/site-packages/airflow/example_dags/example_dynamic_task_mapping_with_no_taskflow_operators.py took 0.074 seconds
[2026-02-10T22:28:03.028+0000] {processor.py:161} INFO - Started process (PID=1550) to work on /home/airflow/.local/lib/python3.12/site-packages/airflow/example_dags/example_dynamic_task_mapping_with_no_taskflow_operators.py
[2026-02-10T22:28:03.030+0000] {processor.py:830} INFO - Processing file /home/airflow/.local/lib/python3.12/site-packages/airflow/example_dags/example_dynamic_task_mapping_with_no_taskflow_operators.py for tasks to queue
[2026-02-10T22:28:03.032+0000] {logging_mixin.py:188} INFO - [2026-02-10T22:28:03.032+0000] {dagbag.py:540} INFO - Filling up the DagBag from /home/airflow/.local/lib/python3.12/site-packages/airflow/example_dags/example_dynamic_task_mapping_with_no_taskflow_operators.py
[2026-02-10T22:28:03.040+0000] {processor.py:840} INFO - DAG(s) 'example_dynamic_task_mapping_with_no_taskflow_operators' retrieved from /home/airflow/.local/lib/python3.12/site-packages/airflow/example_dags/example_dynamic_task_mapping_with_no_taskflow_operators.py
[2026-02-10T22:28:03.070+0000] {logging_mixin.py:188} INFO - [2026-02-10T22:28:03.070+0000] {dag.py:3096} INFO - Sync 1 DAGs
[2026-02-10T22:28:03.105+0000] {logging_mixin.py:188} INFO - [2026-02-10T22:28:03.105+0000] {dag.py:3954} INFO - Setting next_dagrun for example_dynamic_task_mapping_with_no_taskflow_operators to 2026-02-09 00:00:00+00:00, run_after=2026-02-10 00:00:00+00:00
[2026-02-10T22:28:03.130+0000] {processor.py:183} INFO - Processing /home/airflow/.local/lib/python3.12/site-packages/airflow/example_dags/example_dynamic_task_mapping_with_no_taskflow_operators.py took 0.110 seconds
[2026-02-10T22:35:10.786+0000] {processor.py:161} INFO - Started process (PID=40) to work on /home/airflow/.local/lib/python3.12/site-packages/airflow/example_dags/example_dynamic_task_mapping_with_no_taskflow_operators.py
[2026-02-10T22:35:10.791+0000] {processor.py:830} INFO - Processing file /home/airflow/.local/lib/python3.12/site-packages/airflow/example_dags/example_dynamic_task_mapping_with_no_taskflow_operators.py for tasks to queue
[2026-02-10T22:35:10.804+0000] {logging_mixin.py:188} INFO - [2026-02-10T22:35:10.803+0000] {dagbag.py:540} INFO - Filling up the DagBag from /home/airflow/.local/lib/python3.12/site-packages/airflow/example_dags/example_dynamic_task_mapping_with_no_taskflow_operators.py
[2026-02-10T22:35:10.857+0000] {processor.py:840} INFO - DAG(s) 'example_dynamic_task_mapping_with_no_taskflow_operators' retrieved from /home/airflow/.local/lib/python3.12/site-packages/airflow/example_dags/example_dynamic_task_mapping_with_no_taskflow_operators.py
[2026-02-10T22:35:11.022+0000] {logging_mixin.py:188} INFO - [2026-02-10T22:35:11.021+0000] {dag.py:3096} INFO - Sync 1 DAGs
[2026-02-10T22:35:11.155+0000] {logging_mixin.py:188} INFO - [2026-02-10T22:35:11.154+0000] {dag.py:3954} INFO - Setting next_dagrun for example_dynamic_task_mapping_with_no_taskflow_operators to 2026-02-09 00:00:00+00:00, run_after=2026-02-10 00:00:00+00:00
[2026-02-10T22:35:11.348+0000] {processor.py:183} INFO - Processing /home/airflow/.local/lib/python3.12/site-packages/airflow/example_dags/example_dynamic_task_mapping_with_no_taskflow_operators.py took 0.593 seconds
[2026-02-10T22:35:41.533+0000] {processor.py:161} INFO - Started process (PID=94) to work on /home/airflow/.local/lib/python3.12/site-packages/airflow/example_dags/example_dynamic_task_mapping_with_no_taskflow_operators.py
[2026-02-10T22:35:41.537+0000] {processor.py:830} INFO - Processing file /home/airflow/.local/lib/python3.12/site-packages/airflow/example_dags/example_dynamic_task_mapping_with_no_taskflow_operators.py for tasks to queue
[2026-02-10T22:35:41.553+0000] {logging_mixin.py:188} INFO - [2026-02-10T22:35:41.550+0000] {dagbag.py:540} INFO - Filling up the DagBag from /home/airflow/.local/lib/python3.12/site-packages/airflow/example_dags/example_dynamic_task_mapping_with_no_taskflow_operators.py
[2026-02-10T22:35:41.584+0000] {processor.py:840} INFO - DAG(s) 'example_dynamic_task_mapping_with_no_taskflow_operators' retrieved from /home/airflow/.local/lib/python3.12/site-packages/airflow/example_dags/example_dynamic_task_mapping_with_no_taskflow_operators.py
[2026-02-10T22:35:42.094+0000] {logging_mixin.py:188} INFO - [2026-02-10T22:35:42.093+0000] {dag.py:3096} INFO - Sync 1 DAGs
[2026-02-10T22:35:42.148+0000] {logging_mixin.py:188} INFO - [2026-02-10T22:35:42.147+0000] {dag.py:3954} INFO - Setting next_dagrun for example_dynamic_task_mapping_with_no_taskflow_operators to 2026-02-09 00:00:00+00:00, run_after=2026-02-10 00:00:00+00:00
[2026-02-10T22:35:42.201+0000] {processor.py:183} INFO - Processing /home/airflow/.local/lib/python3.12/site-packages/airflow/example_dags/example_dynamic_task_mapping_with_no_taskflow_operators.py took 0.696 seconds
[2026-02-10T22:36:12.462+0000] {processor.py:161} INFO - Started process (PID=148) to work on /home/airflow/.local/lib/python3.12/site-packages/airflow/example_dags/example_dynamic_task_mapping_with_no_taskflow_operators.py
[2026-02-10T22:36:12.463+0000] {processor.py:830} INFO - Processing file /home/airflow/.local/lib/python3.12/site-packages/airflow/example_dags/example_dynamic_task_mapping_with_no_taskflow_operators.py for tasks to queue
[2026-02-10T22:36:12.466+0000] {logging_mixin.py:188} INFO - [2026-02-10T22:36:12.466+0000] {dagbag.py:540} INFO - Filling up the DagBag from /home/airflow/.local/lib/python3.12/site-packages/airflow/example_dags/example_dynamic_task_mapping_with_no_taskflow_operators.py
[2026-02-10T22:36:12.476+0000] {processor.py:840} INFO - DAG(s) 'example_dynamic_task_mapping_with_no_taskflow_operators' retrieved from /home/airflow/.local/lib/python3.12/site-packages/airflow/example_dags/example_dynamic_task_mapping_with_no_taskflow_operators.py
[2026-02-10T22:36:12.506+0000] {logging_mixin.py:188} INFO - [2026-02-10T22:36:12.506+0000] {dag.py:3096} INFO - Sync 1 DAGs
[2026-02-10T22:36:12.537+0000] {logging_mixin.py:188} INFO - [2026-02-10T22:36:12.536+0000] {dag.py:3954} INFO - Setting next_dagrun for example_dynamic_task_mapping_with_no_taskflow_operators to 2026-02-09 00:00:00+00:00, run_after=2026-02-10 00:00:00+00:00
[2026-02-10T22:36:12.565+0000] {processor.py:183} INFO - Processing /home/airflow/.local/lib/python3.12/site-packages/airflow/example_dags/example_dynamic_task_mapping_with_no_taskflow_operators.py took 0.113 seconds
[2026-02-10T22:36:42.870+0000] {processor.py:161} INFO - Started process (PID=202) to work on /home/airflow/.local/lib/python3.12/site-packages/airflow/example_dags/example_dynamic_task_mapping_with_no_taskflow_operators.py
[2026-02-10T22:36:42.872+0000] {processor.py:830} INFO - Processing file /home/airflow/.local/lib/python3.12/site-packages/airflow/example_dags/example_dynamic_task_mapping_with_no_taskflow_operators.py for tasks to queue
[2026-02-10T22:36:42.875+0000] {logging_mixin.py:188} INFO - [2026-02-10T22:36:42.874+0000] {dagbag.py:540} INFO - Filling up the DagBag from /home/airflow/.local/lib/python3.12/site-packages/airflow/example_dags/example_dynamic_task_mapping_with_no_taskflow_operators.py
[2026-02-10T22:36:42.886+0000] {processor.py:840} INFO - DAG(s) 'example_dynamic_task_mapping_with_no_taskflow_operators' retrieved from /home/airflow/.local/lib/python3.12/site-packages/airflow/example_dags/example_dynamic_task_mapping_with_no_taskflow_operators.py
[2026-02-10T22:36:42.921+0000] {logging_mixin.py:188} INFO - [2026-02-10T22:36:42.920+0000] {dag.py:3096} INFO - Sync 1 DAGs
[2026-02-10T22:36:42.963+0000] {logging_mixin.py:188} INFO - [2026-02-10T22:36:42.963+0000] {dag.py:3954} INFO - Setting next_dagrun for example_dynamic_task_mapping_with_no_taskflow_operators to 2026-02-09 00:00:00+00:00, run_after=2026-02-10 00:00:00+00:00
[2026-02-10T22:36:42.995+0000] {processor.py:183} INFO - Processing /home/airflow/.local/lib/python3.12/site-packages/airflow/example_dags/example_dynamic_task_mapping_with_no_taskflow_operators.py took 0.134 seconds
[2026-02-10T22:37:13.071+0000] {processor.py:161} INFO - Started process (PID=256) to work on /home/airflow/.local/lib/python3.12/site-packages/airflow/example_dags/example_dynamic_task_mapping_with_no_taskflow_operators.py
[2026-02-10T22:37:13.072+0000] {processor.py:830} INFO - Processing file /home/airflow/.local/lib/python3.12/site-packages/airflow/example_dags/example_dynamic_task_mapping_with_no_taskflow_operators.py for tasks to queue
[2026-02-10T22:37:13.076+0000] {logging_mixin.py:188} INFO - [2026-02-10T22:37:13.075+0000] {dagbag.py:540} INFO - Filling up the DagBag from /home/airflow/.local/lib/python3.12/site-packages/airflow/example_dags/example_dynamic_task_mapping_with_no_taskflow_operators.py
[2026-02-10T22:37:13.085+0000] {processor.py:840} INFO - DAG(s) 'example_dynamic_task_mapping_with_no_taskflow_operators' retrieved from /home/airflow/.local/lib/python3.12/site-packages/airflow/example_dags/example_dynamic_task_mapping_with_no_taskflow_operators.py
[2026-02-10T22:37:13.116+0000] {logging_mixin.py:188} INFO - [2026-02-10T22:37:13.115+0000] {dag.py:3096} INFO - Sync 1 DAGs
[2026-02-10T22:37:13.146+0000] {logging_mixin.py:188} INFO - [2026-02-10T22:37:13.146+0000] {dag.py:3954} INFO - Setting next_dagrun for example_dynamic_task_mapping_with_no_taskflow_operators to 2026-02-09 00:00:00+00:00, run_after=2026-02-10 00:00:00+00:00
[2026-02-10T22:37:13.172+0000] {processor.py:183} INFO - Processing /home/airflow/.local/lib/python3.12/site-packages/airflow/example_dags/example_dynamic_task_mapping_with_no_taskflow_operators.py took 0.109 seconds
[2026-02-10T22:37:43.448+0000] {processor.py:161} INFO - Started process (PID=310) to work on /home/airflow/.local/lib/python3.12/site-packages/airflow/example_dags/example_dynamic_task_mapping_with_no_taskflow_operators.py
[2026-02-10T22:37:43.449+0000] {processor.py:830} INFO - Processing file /home/airflow/.local/lib/python3.12/site-packages/airflow/example_dags/example_dynamic_task_mapping_with_no_taskflow_operators.py for tasks to queue
[2026-02-10T22:37:43.451+0000] {logging_mixin.py:188} INFO - [2026-02-10T22:37:43.451+0000] {dagbag.py:540} INFO - Filling up the DagBag from /home/airflow/.local/lib/python3.12/site-packages/airflow/example_dags/example_dynamic_task_mapping_with_no_taskflow_operators.py
[2026-02-10T22:37:43.458+0000] {processor.py:840} INFO - DAG(s) 'example_dynamic_task_mapping_with_no_taskflow_operators' retrieved from /home/airflow/.local/lib/python3.12/site-packages/airflow/example_dags/example_dynamic_task_mapping_with_no_taskflow_operators.py
[2026-02-10T22:37:43.483+0000] {logging_mixin.py:188} INFO - [2026-02-10T22:37:43.482+0000] {dag.py:3096} INFO - Sync 1 DAGs
[2026-02-10T22:37:43.511+0000] {logging_mixin.py:188} INFO - [2026-02-10T22:37:43.510+0000] {dag.py:3954} INFO - Setting next_dagrun for example_dynamic_task_mapping_with_no_taskflow_operators to 2026-02-09 00:00:00+00:00, run_after=2026-02-10 00:00:00+00:00
[2026-02-10T22:37:43.535+0000] {processor.py:183} INFO - Processing /home/airflow/.local/lib/python3.12/site-packages/airflow/example_dags/example_dynamic_task_mapping_with_no_taskflow_operators.py took 0.094 seconds
[2026-02-10T22:38:13.767+0000] {processor.py:161} INFO - Started process (PID=364) to work on /home/airflow/.local/lib/python3.12/site-packages/airflow/example_dags/example_dynamic_task_mapping_with_no_taskflow_operators.py
[2026-02-10T22:38:13.768+0000] {processor.py:830} INFO - Processing file /home/airflow/.local/lib/python3.12/site-packages/airflow/example_dags/example_dynamic_task_mapping_with_no_taskflow_operators.py for tasks to queue
[2026-02-10T22:38:13.770+0000] {logging_mixin.py:188} INFO - [2026-02-10T22:38:13.769+0000] {dagbag.py:540} INFO - Filling up the DagBag from /home/airflow/.local/lib/python3.12/site-packages/airflow/example_dags/example_dynamic_task_mapping_with_no_taskflow_operators.py
[2026-02-10T22:38:13.777+0000] {processor.py:840} INFO - DAG(s) 'example_dynamic_task_mapping_with_no_taskflow_operators' retrieved from /home/airflow/.local/lib/python3.12/site-packages/airflow/example_dags/example_dynamic_task_mapping_with_no_taskflow_operators.py
[2026-02-10T22:38:13.800+0000] {logging_mixin.py:188} INFO - [2026-02-10T22:38:13.799+0000] {dag.py:3096} INFO - Sync 1 DAGs
[2026-02-10T22:38:13.824+0000] {logging_mixin.py:188} INFO - [2026-02-10T22:38:13.823+0000] {dag.py:3954} INFO - Setting next_dagrun for example_dynamic_task_mapping_with_no_taskflow_operators to 2026-02-09 00:00:00+00:00, run_after=2026-02-10 00:00:00+00:00
[2026-02-10T22:38:13.845+0000] {processor.py:183} INFO - Processing /home/airflow/.local/lib/python3.12/site-packages/airflow/example_dags/example_dynamic_task_mapping_with_no_taskflow_operators.py took 0.084 seconds
[2026-02-10T22:41:00.797+0000] {processor.py:161} INFO - Started process (PID=40) to work on /home/airflow/.local/lib/python3.12/site-packages/airflow/example_dags/example_dynamic_task_mapping_with_no_taskflow_operators.py
[2026-02-10T22:41:00.803+0000] {processor.py:830} INFO - Processing file /home/airflow/.local/lib/python3.12/site-packages/airflow/example_dags/example_dynamic_task_mapping_with_no_taskflow_operators.py for tasks to queue
[2026-02-10T22:41:00.818+0000] {logging_mixin.py:188} INFO - [2026-02-10T22:41:00.808+0000] {dagbag.py:540} INFO - Filling up the DagBag from /home/airflow/.local/lib/python3.12/site-packages/airflow/example_dags/example_dynamic_task_mapping_with_no_taskflow_operators.py
[2026-02-10T22:41:00.911+0000] {processor.py:840} INFO - DAG(s) 'example_dynamic_task_mapping_with_no_taskflow_operators' retrieved from /home/airflow/.local/lib/python3.12/site-packages/airflow/example_dags/example_dynamic_task_mapping_with_no_taskflow_operators.py
[2026-02-10T22:41:01.069+0000] {logging_mixin.py:188} INFO - [2026-02-10T22:41:01.068+0000] {dag.py:3096} INFO - Sync 1 DAGs
[2026-02-10T22:41:01.544+0000] {logging_mixin.py:188} INFO - [2026-02-10T22:41:01.543+0000] {dag.py:3954} INFO - Setting next_dagrun for example_dynamic_task_mapping_with_no_taskflow_operators to 2026-02-09 00:00:00+00:00, run_after=2026-02-10 00:00:00+00:00
[2026-02-10T22:41:01.628+0000] {processor.py:183} INFO - Processing /home/airflow/.local/lib/python3.12/site-packages/airflow/example_dags/example_dynamic_task_mapping_with_no_taskflow_operators.py took 0.884 seconds
[2026-02-10T22:41:34.481+0000] {processor.py:161} INFO - Started process (PID=94) to work on /home/airflow/.local/lib/python3.12/site-packages/airflow/example_dags/example_dynamic_task_mapping_with_no_taskflow_operators.py
[2026-02-10T22:41:34.485+0000] {processor.py:830} INFO - Processing file /home/airflow/.local/lib/python3.12/site-packages/airflow/example_dags/example_dynamic_task_mapping_with_no_taskflow_operators.py for tasks to queue
[2026-02-10T22:41:34.498+0000] {logging_mixin.py:188} INFO - [2026-02-10T22:41:34.495+0000] {dagbag.py:540} INFO - Filling up the DagBag from /home/airflow/.local/lib/python3.12/site-packages/airflow/example_dags/example_dynamic_task_mapping_with_no_taskflow_operators.py
[2026-02-10T22:41:34.533+0000] {processor.py:840} INFO - DAG(s) 'example_dynamic_task_mapping_with_no_taskflow_operators' retrieved from /home/airflow/.local/lib/python3.12/site-packages/airflow/example_dags/example_dynamic_task_mapping_with_no_taskflow_operators.py
[2026-02-10T22:41:35.111+0000] {logging_mixin.py:188} INFO - [2026-02-10T22:41:35.110+0000] {dag.py:3096} INFO - Sync 1 DAGs
[2026-02-10T22:41:35.196+0000] {logging_mixin.py:188} INFO - [2026-02-10T22:41:35.195+0000] {dag.py:3954} INFO - Setting next_dagrun for example_dynamic_task_mapping_with_no_taskflow_operators to 2026-02-09 00:00:00+00:00, run_after=2026-02-10 00:00:00+00:00
[2026-02-10T22:41:35.268+0000] {processor.py:183} INFO - Processing /home/airflow/.local/lib/python3.12/site-packages/airflow/example_dags/example_dynamic_task_mapping_with_no_taskflow_operators.py took 0.822 seconds
[2026-02-10T22:42:11.189+0000] {processor.py:161} INFO - Started process (PID=148) to work on /home/airflow/.local/lib/python3.12/site-packages/airflow/example_dags/example_dynamic_task_mapping_with_no_taskflow_operators.py
[2026-02-10T22:42:11.193+0000] {processor.py:830} INFO - Processing file /home/airflow/.local/lib/python3.12/site-packages/airflow/example_dags/example_dynamic_task_mapping_with_no_taskflow_operators.py for tasks to queue
[2026-02-10T22:42:11.206+0000] {logging_mixin.py:188} INFO - [2026-02-10T22:42:11.205+0000] {dagbag.py:540} INFO - Filling up the DagBag from /home/airflow/.local/lib/python3.12/site-packages/airflow/example_dags/example_dynamic_task_mapping_with_no_taskflow_operators.py
[2026-02-10T22:42:11.232+0000] {processor.py:840} INFO - DAG(s) 'example_dynamic_task_mapping_with_no_taskflow_operators' retrieved from /home/airflow/.local/lib/python3.12/site-packages/airflow/example_dags/example_dynamic_task_mapping_with_no_taskflow_operators.py
[2026-02-10T22:42:11.342+0000] {logging_mixin.py:188} INFO - [2026-02-10T22:42:11.341+0000] {dag.py:3096} INFO - Sync 1 DAGs
[2026-02-10T22:42:11.520+0000] {logging_mixin.py:188} INFO - [2026-02-10T22:42:11.519+0000] {dag.py:3954} INFO - Setting next_dagrun for example_dynamic_task_mapping_with_no_taskflow_operators to 2026-02-09 00:00:00+00:00, run_after=2026-02-10 00:00:00+00:00
[2026-02-10T22:42:11.701+0000] {processor.py:183} INFO - Processing /home/airflow/.local/lib/python3.12/site-packages/airflow/example_dags/example_dynamic_task_mapping_with_no_taskflow_operators.py took 0.537 seconds
[2026-02-10T22:42:42.164+0000] {processor.py:161} INFO - Started process (PID=200) to work on /home/airflow/.local/lib/python3.12/site-packages/airflow/example_dags/example_dynamic_task_mapping_with_no_taskflow_operators.py
[2026-02-10T22:42:42.166+0000] {processor.py:830} INFO - Processing file /home/airflow/.local/lib/python3.12/site-packages/airflow/example_dags/example_dynamic_task_mapping_with_no_taskflow_operators.py for tasks to queue
[2026-02-10T22:42:42.171+0000] {logging_mixin.py:188} INFO - [2026-02-10T22:42:42.170+0000] {dagbag.py:540} INFO - Filling up the DagBag from /home/airflow/.local/lib/python3.12/site-packages/airflow/example_dags/example_dynamic_task_mapping_with_no_taskflow_operators.py
[2026-02-10T22:42:42.189+0000] {processor.py:840} INFO - DAG(s) 'example_dynamic_task_mapping_with_no_taskflow_operators' retrieved from /home/airflow/.local/lib/python3.12/site-packages/airflow/example_dags/example_dynamic_task_mapping_with_no_taskflow_operators.py
[2026-02-10T22:42:42.238+0000] {logging_mixin.py:188} INFO - [2026-02-10T22:42:42.237+0000] {dag.py:3096} INFO - Sync 1 DAGs
[2026-02-10T22:42:42.304+0000] {logging_mixin.py:188} INFO - [2026-02-10T22:42:42.303+0000] {dag.py:3954} INFO - Setting next_dagrun for example_dynamic_task_mapping_with_no_taskflow_operators to 2026-02-09 00:00:00+00:00, run_after=2026-02-10 00:00:00+00:00
[2026-02-10T22:42:42.343+0000] {processor.py:183} INFO - Processing /home/airflow/.local/lib/python3.12/site-packages/airflow/example_dags/example_dynamic_task_mapping_with_no_taskflow_operators.py took 0.194 seconds
[2026-02-10T22:43:12.526+0000] {processor.py:161} INFO - Started process (PID=254) to work on /home/airflow/.local/lib/python3.12/site-packages/airflow/example_dags/example_dynamic_task_mapping_with_no_taskflow_operators.py
[2026-02-10T22:43:12.528+0000] {processor.py:830} INFO - Processing file /home/airflow/.local/lib/python3.12/site-packages/airflow/example_dags/example_dynamic_task_mapping_with_no_taskflow_operators.py for tasks to queue
[2026-02-10T22:43:12.531+0000] {logging_mixin.py:188} INFO - [2026-02-10T22:43:12.530+0000] {dagbag.py:540} INFO - Filling up the DagBag from /home/airflow/.local/lib/python3.12/site-packages/airflow/example_dags/example_dynamic_task_mapping_with_no_taskflow_operators.py
[2026-02-10T22:43:12.538+0000] {processor.py:840} INFO - DAG(s) 'example_dynamic_task_mapping_with_no_taskflow_operators' retrieved from /home/airflow/.local/lib/python3.12/site-packages/airflow/example_dags/example_dynamic_task_mapping_with_no_taskflow_operators.py
[2026-02-10T22:43:12.562+0000] {logging_mixin.py:188} INFO - [2026-02-10T22:43:12.562+0000] {dag.py:3096} INFO - Sync 1 DAGs
[2026-02-10T22:43:12.587+0000] {logging_mixin.py:188} INFO - [2026-02-10T22:43:12.587+0000] {dag.py:3954} INFO - Setting next_dagrun for example_dynamic_task_mapping_with_no_taskflow_operators to 2026-02-09 00:00:00+00:00, run_after=2026-02-10 00:00:00+00:00
[2026-02-10T22:43:12.621+0000] {processor.py:183} INFO - Processing /home/airflow/.local/lib/python3.12/site-packages/airflow/example_dags/example_dynamic_task_mapping_with_no_taskflow_operators.py took 0.101 seconds
[2026-02-10T22:43:42.967+0000] {processor.py:161} INFO - Started process (PID=308) to work on /home/airflow/.local/lib/python3.12/site-packages/airflow/example_dags/example_dynamic_task_mapping_with_no_taskflow_operators.py
[2026-02-10T22:43:42.969+0000] {processor.py:830} INFO - Processing file /home/airflow/.local/lib/python3.12/site-packages/airflow/example_dags/example_dynamic_task_mapping_with_no_taskflow_operators.py for tasks to queue
[2026-02-10T22:43:42.971+0000] {logging_mixin.py:188} INFO - [2026-02-10T22:43:42.971+0000] {dagbag.py:540} INFO - Filling up the DagBag from /home/airflow/.local/lib/python3.12/site-packages/airflow/example_dags/example_dynamic_task_mapping_with_no_taskflow_operators.py
[2026-02-10T22:43:42.979+0000] {processor.py:840} INFO - DAG(s) 'example_dynamic_task_mapping_with_no_taskflow_operators' retrieved from /home/airflow/.local/lib/python3.12/site-packages/airflow/example_dags/example_dynamic_task_mapping_with_no_taskflow_operators.py
[2026-02-10T22:43:43.003+0000] {logging_mixin.py:188} INFO - [2026-02-10T22:43:43.003+0000] {dag.py:3096} INFO - Sync 1 DAGs
[2026-02-10T22:43:43.033+0000] {logging_mixin.py:188} INFO - [2026-02-10T22:43:43.033+0000] {dag.py:3954} INFO - Setting next_dagrun for example_dynamic_task_mapping_with_no_taskflow_operators to 2026-02-09 00:00:00+00:00, run_after=2026-02-10 00:00:00+00:00
[2026-02-10T22:43:43.055+0000] {processor.py:183} INFO - Processing /home/airflow/.local/lib/python3.12/site-packages/airflow/example_dags/example_dynamic_task_mapping_with_no_taskflow_operators.py took 0.095 seconds
[2026-02-10T22:44:13.377+0000] {processor.py:161} INFO - Started process (PID=362) to work on /home/airflow/.local/lib/python3.12/site-packages/airflow/example_dags/example_dynamic_task_mapping_with_no_taskflow_operators.py
[2026-02-10T22:44:13.378+0000] {processor.py:830} INFO - Processing file /home/airflow/.local/lib/python3.12/site-packages/airflow/example_dags/example_dynamic_task_mapping_with_no_taskflow_operators.py for tasks to queue
[2026-02-10T22:44:13.381+0000] {logging_mixin.py:188} INFO - [2026-02-10T22:44:13.380+0000] {dagbag.py:540} INFO - Filling up the DagBag from /home/airflow/.local/lib/python3.12/site-packages/airflow/example_dags/example_dynamic_task_mapping_with_no_taskflow_operators.py
[2026-02-10T22:44:13.388+0000] {processor.py:840} INFO - DAG(s) 'example_dynamic_task_mapping_with_no_taskflow_operators' retrieved from /home/airflow/.local/lib/python3.12/site-packages/airflow/example_dags/example_dynamic_task_mapping_with_no_taskflow_operators.py
[2026-02-10T22:44:13.410+0000] {logging_mixin.py:188} INFO - [2026-02-10T22:44:13.410+0000] {dag.py:3096} INFO - Sync 1 DAGs
[2026-02-10T22:44:13.434+0000] {logging_mixin.py:188} INFO - [2026-02-10T22:44:13.434+0000] {dag.py:3954} INFO - Setting next_dagrun for example_dynamic_task_mapping_with_no_taskflow_operators to 2026-02-09 00:00:00+00:00, run_after=2026-02-10 00:00:00+00:00
[2026-02-10T22:44:13.466+0000] {processor.py:183} INFO - Processing /home/airflow/.local/lib/python3.12/site-packages/airflow/example_dags/example_dynamic_task_mapping_with_no_taskflow_operators.py took 0.096 seconds
[2026-02-10T22:44:43.972+0000] {processor.py:161} INFO - Started process (PID=416) to work on /home/airflow/.local/lib/python3.12/site-packages/airflow/example_dags/example_dynamic_task_mapping_with_no_taskflow_operators.py
[2026-02-10T22:44:43.973+0000] {processor.py:830} INFO - Processing file /home/airflow/.local/lib/python3.12/site-packages/airflow/example_dags/example_dynamic_task_mapping_with_no_taskflow_operators.py for tasks to queue
[2026-02-10T22:44:43.975+0000] {logging_mixin.py:188} INFO - [2026-02-10T22:44:43.974+0000] {dagbag.py:540} INFO - Filling up the DagBag from /home/airflow/.local/lib/python3.12/site-packages/airflow/example_dags/example_dynamic_task_mapping_with_no_taskflow_operators.py
[2026-02-10T22:44:43.982+0000] {processor.py:840} INFO - DAG(s) 'example_dynamic_task_mapping_with_no_taskflow_operators' retrieved from /home/airflow/.local/lib/python3.12/site-packages/airflow/example_dags/example_dynamic_task_mapping_with_no_taskflow_operators.py
[2026-02-10T22:44:44.001+0000] {logging_mixin.py:188} INFO - [2026-02-10T22:44:44.001+0000] {dag.py:3096} INFO - Sync 1 DAGs
[2026-02-10T22:44:44.021+0000] {logging_mixin.py:188} INFO - [2026-02-10T22:44:44.021+0000] {dag.py:3954} INFO - Setting next_dagrun for example_dynamic_task_mapping_with_no_taskflow_operators to 2026-02-09 00:00:00+00:00, run_after=2026-02-10 00:00:00+00:00
[2026-02-10T22:44:44.041+0000] {processor.py:183} INFO - Processing /home/airflow/.local/lib/python3.12/site-packages/airflow/example_dags/example_dynamic_task_mapping_with_no_taskflow_operators.py took 0.074 seconds
[2026-02-10T22:45:14.177+0000] {processor.py:161} INFO - Started process (PID=470) to work on /home/airflow/.local/lib/python3.12/site-packages/airflow/example_dags/example_dynamic_task_mapping_with_no_taskflow_operators.py
[2026-02-10T22:45:14.178+0000] {processor.py:830} INFO - Processing file /home/airflow/.local/lib/python3.12/site-packages/airflow/example_dags/example_dynamic_task_mapping_with_no_taskflow_operators.py for tasks to queue
[2026-02-10T22:45:14.180+0000] {logging_mixin.py:188} INFO - [2026-02-10T22:45:14.180+0000] {dagbag.py:540} INFO - Filling up the DagBag from /home/airflow/.local/lib/python3.12/site-packages/airflow/example_dags/example_dynamic_task_mapping_with_no_taskflow_operators.py
[2026-02-10T22:45:14.187+0000] {processor.py:840} INFO - DAG(s) 'example_dynamic_task_mapping_with_no_taskflow_operators' retrieved from /home/airflow/.local/lib/python3.12/site-packages/airflow/example_dags/example_dynamic_task_mapping_with_no_taskflow_operators.py
[2026-02-10T22:45:14.209+0000] {logging_mixin.py:188} INFO - [2026-02-10T22:45:14.208+0000] {dag.py:3096} INFO - Sync 1 DAGs
[2026-02-10T22:45:14.231+0000] {logging_mixin.py:188} INFO - [2026-02-10T22:45:14.231+0000] {dag.py:3954} INFO - Setting next_dagrun for example_dynamic_task_mapping_with_no_taskflow_operators to 2026-02-09 00:00:00+00:00, run_after=2026-02-10 00:00:00+00:00
[2026-02-10T22:45:14.254+0000] {processor.py:183} INFO - Processing /home/airflow/.local/lib/python3.12/site-packages/airflow/example_dags/example_dynamic_task_mapping_with_no_taskflow_operators.py took 0.083 seconds
[2026-02-10T22:45:44.325+0000] {processor.py:161} INFO - Started process (PID=524) to work on /home/airflow/.local/lib/python3.12/site-packages/airflow/example_dags/example_dynamic_task_mapping_with_no_taskflow_operators.py
[2026-02-10T22:45:44.326+0000] {processor.py:830} INFO - Processing file /home/airflow/.local/lib/python3.12/site-packages/airflow/example_dags/example_dynamic_task_mapping_with_no_taskflow_operators.py for tasks to queue
[2026-02-10T22:45:44.329+0000] {logging_mixin.py:188} INFO - [2026-02-10T22:45:44.328+0000] {dagbag.py:540} INFO - Filling up the DagBag from /home/airflow/.local/lib/python3.12/site-packages/airflow/example_dags/example_dynamic_task_mapping_with_no_taskflow_operators.py
[2026-02-10T22:45:44.336+0000] {processor.py:840} INFO - DAG(s) 'example_dynamic_task_mapping_with_no_taskflow_operators' retrieved from /home/airflow/.local/lib/python3.12/site-packages/airflow/example_dags/example_dynamic_task_mapping_with_no_taskflow_operators.py
[2026-02-10T22:45:44.356+0000] {logging_mixin.py:188} INFO - [2026-02-10T22:45:44.356+0000] {dag.py:3096} INFO - Sync 1 DAGs
[2026-02-10T22:45:44.376+0000] {logging_mixin.py:188} INFO - [2026-02-10T22:45:44.375+0000] {dag.py:3954} INFO - Setting next_dagrun for example_dynamic_task_mapping_with_no_taskflow_operators to 2026-02-09 00:00:00+00:00, run_after=2026-02-10 00:00:00+00:00
[2026-02-10T22:45:44.397+0000] {processor.py:183} INFO - Processing /home/airflow/.local/lib/python3.12/site-packages/airflow/example_dags/example_dynamic_task_mapping_with_no_taskflow_operators.py took 0.079 seconds
[2026-02-10T22:46:14.668+0000] {processor.py:161} INFO - Started process (PID=578) to work on /home/airflow/.local/lib/python3.12/site-packages/airflow/example_dags/example_dynamic_task_mapping_with_no_taskflow_operators.py
[2026-02-10T22:46:14.669+0000] {processor.py:830} INFO - Processing file /home/airflow/.local/lib/python3.12/site-packages/airflow/example_dags/example_dynamic_task_mapping_with_no_taskflow_operators.py for tasks to queue
[2026-02-10T22:46:14.671+0000] {logging_mixin.py:188} INFO - [2026-02-10T22:46:14.670+0000] {dagbag.py:540} INFO - Filling up the DagBag from /home/airflow/.local/lib/python3.12/site-packages/airflow/example_dags/example_dynamic_task_mapping_with_no_taskflow_operators.py
[2026-02-10T22:46:14.677+0000] {processor.py:840} INFO - DAG(s) 'example_dynamic_task_mapping_with_no_taskflow_operators' retrieved from /home/airflow/.local/lib/python3.12/site-packages/airflow/example_dags/example_dynamic_task_mapping_with_no_taskflow_operators.py
[2026-02-10T22:46:14.697+0000] {logging_mixin.py:188} INFO - [2026-02-10T22:46:14.697+0000] {dag.py:3096} INFO - Sync 1 DAGs
[2026-02-10T22:46:14.716+0000] {logging_mixin.py:188} INFO - [2026-02-10T22:46:14.716+0000] {dag.py:3954} INFO - Setting next_dagrun for example_dynamic_task_mapping_with_no_taskflow_operators to 2026-02-09 00:00:00+00:00, run_after=2026-02-10 00:00:00+00:00
[2026-02-10T22:46:14.737+0000] {processor.py:183} INFO - Processing /home/airflow/.local/lib/python3.12/site-packages/airflow/example_dags/example_dynamic_task_mapping_with_no_taskflow_operators.py took 0.075 seconds
[2026-02-10T22:46:45.289+0000] {processor.py:161} INFO - Started process (PID=632) to work on /home/airflow/.local/lib/python3.12/site-packages/airflow/example_dags/example_dynamic_task_mapping_with_no_taskflow_operators.py
[2026-02-10T22:46:45.292+0000] {processor.py:830} INFO - Processing file /home/airflow/.local/lib/python3.12/site-packages/airflow/example_dags/example_dynamic_task_mapping_with_no_taskflow_operators.py for tasks to queue
[2026-02-10T22:46:45.297+0000] {logging_mixin.py:188} INFO - [2026-02-10T22:46:45.296+0000] {dagbag.py:540} INFO - Filling up the DagBag from /home/airflow/.local/lib/python3.12/site-packages/airflow/example_dags/example_dynamic_task_mapping_with_no_taskflow_operators.py
[2026-02-10T22:46:45.312+0000] {processor.py:840} INFO - DAG(s) 'example_dynamic_task_mapping_with_no_taskflow_operators' retrieved from /home/airflow/.local/lib/python3.12/site-packages/airflow/example_dags/example_dynamic_task_mapping_with_no_taskflow_operators.py
[2026-02-10T22:46:45.358+0000] {logging_mixin.py:188} INFO - [2026-02-10T22:46:45.358+0000] {dag.py:3096} INFO - Sync 1 DAGs
[2026-02-10T22:46:45.408+0000] {logging_mixin.py:188} INFO - [2026-02-10T22:46:45.408+0000] {dag.py:3954} INFO - Setting next_dagrun for example_dynamic_task_mapping_with_no_taskflow_operators to 2026-02-09 00:00:00+00:00, run_after=2026-02-10 00:00:00+00:00
[2026-02-10T22:46:45.453+0000] {processor.py:183} INFO - Processing /home/airflow/.local/lib/python3.12/site-packages/airflow/example_dags/example_dynamic_task_mapping_with_no_taskflow_operators.py took 0.180 seconds
[2026-02-10T22:54:36.762+0000] {processor.py:161} INFO - Started process (PID=40) to work on /home/airflow/.local/lib/python3.12/site-packages/airflow/example_dags/example_dynamic_task_mapping_with_no_taskflow_operators.py
[2026-02-10T22:54:36.766+0000] {processor.py:830} INFO - Processing file /home/airflow/.local/lib/python3.12/site-packages/airflow/example_dags/example_dynamic_task_mapping_with_no_taskflow_operators.py for tasks to queue
[2026-02-10T22:54:36.797+0000] {logging_mixin.py:188} INFO - [2026-02-10T22:54:36.796+0000] {dagbag.py:540} INFO - Filling up the DagBag from /home/airflow/.local/lib/python3.12/site-packages/airflow/example_dags/example_dynamic_task_mapping_with_no_taskflow_operators.py
[2026-02-10T22:54:36.859+0000] {processor.py:840} INFO - DAG(s) 'example_dynamic_task_mapping_with_no_taskflow_operators' retrieved from /home/airflow/.local/lib/python3.12/site-packages/airflow/example_dags/example_dynamic_task_mapping_with_no_taskflow_operators.py
[2026-02-10T22:54:36.904+0000] {logging_mixin.py:188} INFO - [2026-02-10T22:54:36.903+0000] {dag.py:3096} INFO - Sync 1 DAGs
[2026-02-10T22:54:37.022+0000] {logging_mixin.py:188} INFO - [2026-02-10T22:54:37.022+0000] {dag.py:3954} INFO - Setting next_dagrun for example_dynamic_task_mapping_with_no_taskflow_operators to 2026-02-09 00:00:00+00:00, run_after=2026-02-10 00:00:00+00:00
[2026-02-10T22:54:37.172+0000] {processor.py:183} INFO - Processing /home/airflow/.local/lib/python3.12/site-packages/airflow/example_dags/example_dynamic_task_mapping_with_no_taskflow_operators.py took 0.448 seconds
[2026-02-10T22:55:08.784+0000] {processor.py:161} INFO - Started process (PID=94) to work on /home/airflow/.local/lib/python3.12/site-packages/airflow/example_dags/example_dynamic_task_mapping_with_no_taskflow_operators.py
[2026-02-10T22:55:08.788+0000] {processor.py:830} INFO - Processing file /home/airflow/.local/lib/python3.12/site-packages/airflow/example_dags/example_dynamic_task_mapping_with_no_taskflow_operators.py for tasks to queue
[2026-02-10T22:55:08.795+0000] {logging_mixin.py:188} INFO - [2026-02-10T22:55:08.794+0000] {dagbag.py:540} INFO - Filling up the DagBag from /home/airflow/.local/lib/python3.12/site-packages/airflow/example_dags/example_dynamic_task_mapping_with_no_taskflow_operators.py
[2026-02-10T22:55:08.821+0000] {processor.py:840} INFO - DAG(s) 'example_dynamic_task_mapping_with_no_taskflow_operators' retrieved from /home/airflow/.local/lib/python3.12/site-packages/airflow/example_dags/example_dynamic_task_mapping_with_no_taskflow_operators.py
[2026-02-10T22:55:09.246+0000] {logging_mixin.py:188} INFO - [2026-02-10T22:55:09.245+0000] {dag.py:3096} INFO - Sync 1 DAGs
[2026-02-10T22:55:09.316+0000] {logging_mixin.py:188} INFO - [2026-02-10T22:55:09.316+0000] {dag.py:3954} INFO - Setting next_dagrun for example_dynamic_task_mapping_with_no_taskflow_operators to 2026-02-09 00:00:00+00:00, run_after=2026-02-10 00:00:00+00:00
[2026-02-10T22:55:09.387+0000] {processor.py:183} INFO - Processing /home/airflow/.local/lib/python3.12/site-packages/airflow/example_dags/example_dynamic_task_mapping_with_no_taskflow_operators.py took 0.628 seconds
[2026-02-10T23:00:53.913+0000] {processor.py:161} INFO - Started process (PID=40) to work on /home/airflow/.local/lib/python3.12/site-packages/airflow/example_dags/example_dynamic_task_mapping_with_no_taskflow_operators.py
[2026-02-10T23:00:53.924+0000] {processor.py:830} INFO - Processing file /home/airflow/.local/lib/python3.12/site-packages/airflow/example_dags/example_dynamic_task_mapping_with_no_taskflow_operators.py for tasks to queue
[2026-02-10T23:00:53.938+0000] {logging_mixin.py:188} INFO - [2026-02-10T23:00:53.937+0000] {dagbag.py:540} INFO - Filling up the DagBag from /home/airflow/.local/lib/python3.12/site-packages/airflow/example_dags/example_dynamic_task_mapping_with_no_taskflow_operators.py
[2026-02-10T23:00:53.986+0000] {processor.py:840} INFO - DAG(s) 'example_dynamic_task_mapping_with_no_taskflow_operators' retrieved from /home/airflow/.local/lib/python3.12/site-packages/airflow/example_dags/example_dynamic_task_mapping_with_no_taskflow_operators.py
[2026-02-10T23:00:54.048+0000] {logging_mixin.py:188} INFO - [2026-02-10T23:00:54.048+0000] {dag.py:3096} INFO - Sync 1 DAGs
[2026-02-10T23:00:54.227+0000] {logging_mixin.py:188} INFO - [2026-02-10T23:00:54.226+0000] {dag.py:3954} INFO - Setting next_dagrun for example_dynamic_task_mapping_with_no_taskflow_operators to 2026-02-09 00:00:00+00:00, run_after=2026-02-10 00:00:00+00:00
[2026-02-10T23:00:54.364+0000] {processor.py:183} INFO - Processing /home/airflow/.local/lib/python3.12/site-packages/airflow/example_dags/example_dynamic_task_mapping_with_no_taskflow_operators.py took 0.501 seconds
[2026-02-10T23:01:24.634+0000] {processor.py:161} INFO - Started process (PID=94) to work on /home/airflow/.local/lib/python3.12/site-packages/airflow/example_dags/example_dynamic_task_mapping_with_no_taskflow_operators.py
[2026-02-10T23:01:24.636+0000] {processor.py:830} INFO - Processing file /home/airflow/.local/lib/python3.12/site-packages/airflow/example_dags/example_dynamic_task_mapping_with_no_taskflow_operators.py for tasks to queue
[2026-02-10T23:01:24.640+0000] {logging_mixin.py:188} INFO - [2026-02-10T23:01:24.640+0000] {dagbag.py:540} INFO - Filling up the DagBag from /home/airflow/.local/lib/python3.12/site-packages/airflow/example_dags/example_dynamic_task_mapping_with_no_taskflow_operators.py
[2026-02-10T23:01:24.655+0000] {processor.py:840} INFO - DAG(s) 'example_dynamic_task_mapping_with_no_taskflow_operators' retrieved from /home/airflow/.local/lib/python3.12/site-packages/airflow/example_dags/example_dynamic_task_mapping_with_no_taskflow_operators.py
[2026-02-10T23:01:24.834+0000] {logging_mixin.py:188} INFO - [2026-02-10T23:01:24.833+0000] {dag.py:3096} INFO - Sync 1 DAGs
[2026-02-10T23:01:24.864+0000] {logging_mixin.py:188} INFO - [2026-02-10T23:01:24.864+0000] {dag.py:3954} INFO - Setting next_dagrun for example_dynamic_task_mapping_with_no_taskflow_operators to 2026-02-09 00:00:00+00:00, run_after=2026-02-10 00:00:00+00:00
[2026-02-10T23:01:24.895+0000] {processor.py:183} INFO - Processing /home/airflow/.local/lib/python3.12/site-packages/airflow/example_dags/example_dynamic_task_mapping_with_no_taskflow_operators.py took 0.275 seconds
[2026-02-10T23:01:55.125+0000] {processor.py:161} INFO - Started process (PID=148) to work on /home/airflow/.local/lib/python3.12/site-packages/airflow/example_dags/example_dynamic_task_mapping_with_no_taskflow_operators.py
[2026-02-10T23:01:55.126+0000] {processor.py:830} INFO - Processing file /home/airflow/.local/lib/python3.12/site-packages/airflow/example_dags/example_dynamic_task_mapping_with_no_taskflow_operators.py for tasks to queue
[2026-02-10T23:01:55.128+0000] {logging_mixin.py:188} INFO - [2026-02-10T23:01:55.128+0000] {dagbag.py:540} INFO - Filling up the DagBag from /home/airflow/.local/lib/python3.12/site-packages/airflow/example_dags/example_dynamic_task_mapping_with_no_taskflow_operators.py
[2026-02-10T23:01:55.135+0000] {processor.py:840} INFO - DAG(s) 'example_dynamic_task_mapping_with_no_taskflow_operators' retrieved from /home/airflow/.local/lib/python3.12/site-packages/airflow/example_dags/example_dynamic_task_mapping_with_no_taskflow_operators.py
[2026-02-10T23:01:55.153+0000] {logging_mixin.py:188} INFO - [2026-02-10T23:01:55.153+0000] {dag.py:3096} INFO - Sync 1 DAGs
[2026-02-10T23:01:55.176+0000] {logging_mixin.py:188} INFO - [2026-02-10T23:01:55.175+0000] {dag.py:3954} INFO - Setting next_dagrun for example_dynamic_task_mapping_with_no_taskflow_operators to 2026-02-09 00:00:00+00:00, run_after=2026-02-10 00:00:00+00:00
[2026-02-10T23:01:55.197+0000] {processor.py:183} INFO - Processing /home/airflow/.local/lib/python3.12/site-packages/airflow/example_dags/example_dynamic_task_mapping_with_no_taskflow_operators.py took 0.078 seconds
[2026-02-10T23:02:25.593+0000] {processor.py:161} INFO - Started process (PID=202) to work on /home/airflow/.local/lib/python3.12/site-packages/airflow/example_dags/example_dynamic_task_mapping_with_no_taskflow_operators.py
[2026-02-10T23:02:25.594+0000] {processor.py:830} INFO - Processing file /home/airflow/.local/lib/python3.12/site-packages/airflow/example_dags/example_dynamic_task_mapping_with_no_taskflow_operators.py for tasks to queue
[2026-02-10T23:02:25.596+0000] {logging_mixin.py:188} INFO - [2026-02-10T23:02:25.595+0000] {dagbag.py:540} INFO - Filling up the DagBag from /home/airflow/.local/lib/python3.12/site-packages/airflow/example_dags/example_dynamic_task_mapping_with_no_taskflow_operators.py
[2026-02-10T23:02:25.602+0000] {processor.py:840} INFO - DAG(s) 'example_dynamic_task_mapping_with_no_taskflow_operators' retrieved from /home/airflow/.local/lib/python3.12/site-packages/airflow/example_dags/example_dynamic_task_mapping_with_no_taskflow_operators.py
[2026-02-10T23:02:25.621+0000] {logging_mixin.py:188} INFO - [2026-02-10T23:02:25.621+0000] {dag.py:3096} INFO - Sync 1 DAGs
[2026-02-10T23:02:25.640+0000] {logging_mixin.py:188} INFO - [2026-02-10T23:02:25.640+0000] {dag.py:3954} INFO - Setting next_dagrun for example_dynamic_task_mapping_with_no_taskflow_operators to 2026-02-09 00:00:00+00:00, run_after=2026-02-10 00:00:00+00:00
[2026-02-10T23:02:25.659+0000] {processor.py:183} INFO - Processing /home/airflow/.local/lib/python3.12/site-packages/airflow/example_dags/example_dynamic_task_mapping_with_no_taskflow_operators.py took 0.072 seconds
[2026-02-10T23:02:56.041+0000] {processor.py:161} INFO - Started process (PID=256) to work on /home/airflow/.local/lib/python3.12/site-packages/airflow/example_dags/example_dynamic_task_mapping_with_no_taskflow_operators.py
[2026-02-10T23:02:56.043+0000] {processor.py:830} INFO - Processing file /home/airflow/.local/lib/python3.12/site-packages/airflow/example_dags/example_dynamic_task_mapping_with_no_taskflow_operators.py for tasks to queue
[2026-02-10T23:02:56.044+0000] {logging_mixin.py:188} INFO - [2026-02-10T23:02:56.044+0000] {dagbag.py:540} INFO - Filling up the DagBag from /home/airflow/.local/lib/python3.12/site-packages/airflow/example_dags/example_dynamic_task_mapping_with_no_taskflow_operators.py
[2026-02-10T23:02:56.050+0000] {processor.py:840} INFO - DAG(s) 'example_dynamic_task_mapping_with_no_taskflow_operators' retrieved from /home/airflow/.local/lib/python3.12/site-packages/airflow/example_dags/example_dynamic_task_mapping_with_no_taskflow_operators.py
[2026-02-10T23:02:56.069+0000] {logging_mixin.py:188} INFO - [2026-02-10T23:02:56.069+0000] {dag.py:3096} INFO - Sync 1 DAGs
[2026-02-10T23:02:56.087+0000] {logging_mixin.py:188} INFO - [2026-02-10T23:02:56.087+0000] {dag.py:3954} INFO - Setting next_dagrun for example_dynamic_task_mapping_with_no_taskflow_operators to 2026-02-09 00:00:00+00:00, run_after=2026-02-10 00:00:00+00:00
[2026-02-10T23:02:56.105+0000] {processor.py:183} INFO - Processing /home/airflow/.local/lib/python3.12/site-packages/airflow/example_dags/example_dynamic_task_mapping_with_no_taskflow_operators.py took 0.069 seconds
[2026-02-10T23:03:26.481+0000] {processor.py:161} INFO - Started process (PID=310) to work on /home/airflow/.local/lib/python3.12/site-packages/airflow/example_dags/example_dynamic_task_mapping_with_no_taskflow_operators.py
[2026-02-10T23:03:26.481+0000] {processor.py:830} INFO - Processing file /home/airflow/.local/lib/python3.12/site-packages/airflow/example_dags/example_dynamic_task_mapping_with_no_taskflow_operators.py for tasks to queue
[2026-02-10T23:03:26.483+0000] {logging_mixin.py:188} INFO - [2026-02-10T23:03:26.483+0000] {dagbag.py:540} INFO - Filling up the DagBag from /home/airflow/.local/lib/python3.12/site-packages/airflow/example_dags/example_dynamic_task_mapping_with_no_taskflow_operators.py
[2026-02-10T23:03:26.490+0000] {processor.py:840} INFO - DAG(s) 'example_dynamic_task_mapping_with_no_taskflow_operators' retrieved from /home/airflow/.local/lib/python3.12/site-packages/airflow/example_dags/example_dynamic_task_mapping_with_no_taskflow_operators.py
[2026-02-10T23:03:26.510+0000] {logging_mixin.py:188} INFO - [2026-02-10T23:03:26.510+0000] {dag.py:3096} INFO - Sync 1 DAGs
[2026-02-10T23:03:26.529+0000] {logging_mixin.py:188} INFO - [2026-02-10T23:03:26.529+0000] {dag.py:3954} INFO - Setting next_dagrun for example_dynamic_task_mapping_with_no_taskflow_operators to 2026-02-09 00:00:00+00:00, run_after=2026-02-10 00:00:00+00:00
[2026-02-10T23:03:26.552+0000] {processor.py:183} INFO - Processing /home/airflow/.local/lib/python3.12/site-packages/airflow/example_dags/example_dynamic_task_mapping_with_no_taskflow_operators.py took 0.076 seconds
[2026-02-10T23:03:56.889+0000] {processor.py:161} INFO - Started process (PID=364) to work on /home/airflow/.local/lib/python3.12/site-packages/airflow/example_dags/example_dynamic_task_mapping_with_no_taskflow_operators.py
[2026-02-10T23:03:56.890+0000] {processor.py:830} INFO - Processing file /home/airflow/.local/lib/python3.12/site-packages/airflow/example_dags/example_dynamic_task_mapping_with_no_taskflow_operators.py for tasks to queue
[2026-02-10T23:03:56.891+0000] {logging_mixin.py:188} INFO - [2026-02-10T23:03:56.891+0000] {dagbag.py:540} INFO - Filling up the DagBag from /home/airflow/.local/lib/python3.12/site-packages/airflow/example_dags/example_dynamic_task_mapping_with_no_taskflow_operators.py
[2026-02-10T23:03:56.897+0000] {processor.py:840} INFO - DAG(s) 'example_dynamic_task_mapping_with_no_taskflow_operators' retrieved from /home/airflow/.local/lib/python3.12/site-packages/airflow/example_dags/example_dynamic_task_mapping_with_no_taskflow_operators.py
[2026-02-10T23:03:56.916+0000] {logging_mixin.py:188} INFO - [2026-02-10T23:03:56.916+0000] {dag.py:3096} INFO - Sync 1 DAGs
[2026-02-10T23:03:56.935+0000] {logging_mixin.py:188} INFO - [2026-02-10T23:03:56.935+0000] {dag.py:3954} INFO - Setting next_dagrun for example_dynamic_task_mapping_with_no_taskflow_operators to 2026-02-09 00:00:00+00:00, run_after=2026-02-10 00:00:00+00:00
[2026-02-10T23:03:56.955+0000] {processor.py:183} INFO - Processing /home/airflow/.local/lib/python3.12/site-packages/airflow/example_dags/example_dynamic_task_mapping_with_no_taskflow_operators.py took 0.071 seconds
[2026-02-10T23:04:27.479+0000] {processor.py:161} INFO - Started process (PID=418) to work on /home/airflow/.local/lib/python3.12/site-packages/airflow/example_dags/example_dynamic_task_mapping_with_no_taskflow_operators.py
[2026-02-10T23:04:27.480+0000] {processor.py:830} INFO - Processing file /home/airflow/.local/lib/python3.12/site-packages/airflow/example_dags/example_dynamic_task_mapping_with_no_taskflow_operators.py for tasks to queue
[2026-02-10T23:04:27.483+0000] {logging_mixin.py:188} INFO - [2026-02-10T23:04:27.482+0000] {dagbag.py:540} INFO - Filling up the DagBag from /home/airflow/.local/lib/python3.12/site-packages/airflow/example_dags/example_dynamic_task_mapping_with_no_taskflow_operators.py
[2026-02-10T23:04:27.492+0000] {processor.py:840} INFO - DAG(s) 'example_dynamic_task_mapping_with_no_taskflow_operators' retrieved from /home/airflow/.local/lib/python3.12/site-packages/airflow/example_dags/example_dynamic_task_mapping_with_no_taskflow_operators.py
[2026-02-10T23:04:27.522+0000] {logging_mixin.py:188} INFO - [2026-02-10T23:04:27.521+0000] {dag.py:3096} INFO - Sync 1 DAGs
[2026-02-10T23:04:27.559+0000] {logging_mixin.py:188} INFO - [2026-02-10T23:04:27.559+0000] {dag.py:3954} INFO - Setting next_dagrun for example_dynamic_task_mapping_with_no_taskflow_operators to 2026-02-09 00:00:00+00:00, run_after=2026-02-10 00:00:00+00:00
[2026-02-10T23:04:27.592+0000] {processor.py:183} INFO - Processing /home/airflow/.local/lib/python3.12/site-packages/airflow/example_dags/example_dynamic_task_mapping_with_no_taskflow_operators.py took 0.120 seconds
[2026-02-10T23:04:57.795+0000] {processor.py:161} INFO - Started process (PID=472) to work on /home/airflow/.local/lib/python3.12/site-packages/airflow/example_dags/example_dynamic_task_mapping_with_no_taskflow_operators.py
[2026-02-10T23:04:57.796+0000] {processor.py:830} INFO - Processing file /home/airflow/.local/lib/python3.12/site-packages/airflow/example_dags/example_dynamic_task_mapping_with_no_taskflow_operators.py for tasks to queue
[2026-02-10T23:04:57.798+0000] {logging_mixin.py:188} INFO - [2026-02-10T23:04:57.798+0000] {dagbag.py:540} INFO - Filling up the DagBag from /home/airflow/.local/lib/python3.12/site-packages/airflow/example_dags/example_dynamic_task_mapping_with_no_taskflow_operators.py
[2026-02-10T23:04:57.805+0000] {processor.py:840} INFO - DAG(s) 'example_dynamic_task_mapping_with_no_taskflow_operators' retrieved from /home/airflow/.local/lib/python3.12/site-packages/airflow/example_dags/example_dynamic_task_mapping_with_no_taskflow_operators.py
[2026-02-10T23:04:57.823+0000] {logging_mixin.py:188} INFO - [2026-02-10T23:04:57.823+0000] {dag.py:3096} INFO - Sync 1 DAGs
[2026-02-10T23:04:57.842+0000] {logging_mixin.py:188} INFO - [2026-02-10T23:04:57.842+0000] {dag.py:3954} INFO - Setting next_dagrun for example_dynamic_task_mapping_with_no_taskflow_operators to 2026-02-09 00:00:00+00:00, run_after=2026-02-10 00:00:00+00:00
[2026-02-10T23:04:57.858+0000] {processor.py:183} INFO - Processing /home/airflow/.local/lib/python3.12/site-packages/airflow/example_dags/example_dynamic_task_mapping_with_no_taskflow_operators.py took 0.068 seconds
[2026-02-10T23:05:27.934+0000] {processor.py:161} INFO - Started process (PID=526) to work on /home/airflow/.local/lib/python3.12/site-packages/airflow/example_dags/example_dynamic_task_mapping_with_no_taskflow_operators.py
[2026-02-10T23:05:27.935+0000] {processor.py:830} INFO - Processing file /home/airflow/.local/lib/python3.12/site-packages/airflow/example_dags/example_dynamic_task_mapping_with_no_taskflow_operators.py for tasks to queue
[2026-02-10T23:05:27.937+0000] {logging_mixin.py:188} INFO - [2026-02-10T23:05:27.937+0000] {dagbag.py:540} INFO - Filling up the DagBag from /home/airflow/.local/lib/python3.12/site-packages/airflow/example_dags/example_dynamic_task_mapping_with_no_taskflow_operators.py
[2026-02-10T23:05:27.943+0000] {processor.py:840} INFO - DAG(s) 'example_dynamic_task_mapping_with_no_taskflow_operators' retrieved from /home/airflow/.local/lib/python3.12/site-packages/airflow/example_dags/example_dynamic_task_mapping_with_no_taskflow_operators.py
[2026-02-10T23:05:27.961+0000] {logging_mixin.py:188} INFO - [2026-02-10T23:05:27.961+0000] {dag.py:3096} INFO - Sync 1 DAGs
[2026-02-10T23:05:27.978+0000] {logging_mixin.py:188} INFO - [2026-02-10T23:05:27.978+0000] {dag.py:3954} INFO - Setting next_dagrun for example_dynamic_task_mapping_with_no_taskflow_operators to 2026-02-09 00:00:00+00:00, run_after=2026-02-10 00:00:00+00:00
[2026-02-10T23:05:27.995+0000] {processor.py:183} INFO - Processing /home/airflow/.local/lib/python3.12/site-packages/airflow/example_dags/example_dynamic_task_mapping_with_no_taskflow_operators.py took 0.066 seconds
[2026-02-10T23:05:58.050+0000] {processor.py:161} INFO - Started process (PID=580) to work on /home/airflow/.local/lib/python3.12/site-packages/airflow/example_dags/example_dynamic_task_mapping_with_no_taskflow_operators.py
[2026-02-10T23:05:58.051+0000] {processor.py:830} INFO - Processing file /home/airflow/.local/lib/python3.12/site-packages/airflow/example_dags/example_dynamic_task_mapping_with_no_taskflow_operators.py for tasks to queue
[2026-02-10T23:05:58.052+0000] {logging_mixin.py:188} INFO - [2026-02-10T23:05:58.052+0000] {dagbag.py:540} INFO - Filling up the DagBag from /home/airflow/.local/lib/python3.12/site-packages/airflow/example_dags/example_dynamic_task_mapping_with_no_taskflow_operators.py
[2026-02-10T23:05:58.059+0000] {processor.py:840} INFO - DAG(s) 'example_dynamic_task_mapping_with_no_taskflow_operators' retrieved from /home/airflow/.local/lib/python3.12/site-packages/airflow/example_dags/example_dynamic_task_mapping_with_no_taskflow_operators.py
[2026-02-10T23:05:58.076+0000] {logging_mixin.py:188} INFO - [2026-02-10T23:05:58.076+0000] {dag.py:3096} INFO - Sync 1 DAGs
[2026-02-10T23:05:58.095+0000] {logging_mixin.py:188} INFO - [2026-02-10T23:05:58.095+0000] {dag.py:3954} INFO - Setting next_dagrun for example_dynamic_task_mapping_with_no_taskflow_operators to 2026-02-09 00:00:00+00:00, run_after=2026-02-10 00:00:00+00:00
[2026-02-10T23:05:58.112+0000] {processor.py:183} INFO - Processing /home/airflow/.local/lib/python3.12/site-packages/airflow/example_dags/example_dynamic_task_mapping_with_no_taskflow_operators.py took 0.068 seconds
[2026-02-10T23:06:28.339+0000] {processor.py:161} INFO - Started process (PID=634) to work on /home/airflow/.local/lib/python3.12/site-packages/airflow/example_dags/example_dynamic_task_mapping_with_no_taskflow_operators.py
[2026-02-10T23:06:28.340+0000] {processor.py:830} INFO - Processing file /home/airflow/.local/lib/python3.12/site-packages/airflow/example_dags/example_dynamic_task_mapping_with_no_taskflow_operators.py for tasks to queue
[2026-02-10T23:06:28.342+0000] {logging_mixin.py:188} INFO - [2026-02-10T23:06:28.342+0000] {dagbag.py:540} INFO - Filling up the DagBag from /home/airflow/.local/lib/python3.12/site-packages/airflow/example_dags/example_dynamic_task_mapping_with_no_taskflow_operators.py
[2026-02-10T23:06:28.348+0000] {processor.py:840} INFO - DAG(s) 'example_dynamic_task_mapping_with_no_taskflow_operators' retrieved from /home/airflow/.local/lib/python3.12/site-packages/airflow/example_dags/example_dynamic_task_mapping_with_no_taskflow_operators.py
[2026-02-10T23:06:28.368+0000] {logging_mixin.py:188} INFO - [2026-02-10T23:06:28.368+0000] {dag.py:3096} INFO - Sync 1 DAGs
[2026-02-10T23:06:28.388+0000] {logging_mixin.py:188} INFO - [2026-02-10T23:06:28.387+0000] {dag.py:3954} INFO - Setting next_dagrun for example_dynamic_task_mapping_with_no_taskflow_operators to 2026-02-09 00:00:00+00:00, run_after=2026-02-10 00:00:00+00:00
[2026-02-10T23:06:28.405+0000] {processor.py:183} INFO - Processing /home/airflow/.local/lib/python3.12/site-packages/airflow/example_dags/example_dynamic_task_mapping_with_no_taskflow_operators.py took 0.071 seconds
[2026-02-10T23:06:58.714+0000] {processor.py:161} INFO - Started process (PID=688) to work on /home/airflow/.local/lib/python3.12/site-packages/airflow/example_dags/example_dynamic_task_mapping_with_no_taskflow_operators.py
[2026-02-10T23:06:58.715+0000] {processor.py:830} INFO - Processing file /home/airflow/.local/lib/python3.12/site-packages/airflow/example_dags/example_dynamic_task_mapping_with_no_taskflow_operators.py for tasks to queue
[2026-02-10T23:06:58.717+0000] {logging_mixin.py:188} INFO - [2026-02-10T23:06:58.717+0000] {dagbag.py:540} INFO - Filling up the DagBag from /home/airflow/.local/lib/python3.12/site-packages/airflow/example_dags/example_dynamic_task_mapping_with_no_taskflow_operators.py
[2026-02-10T23:06:58.724+0000] {processor.py:840} INFO - DAG(s) 'example_dynamic_task_mapping_with_no_taskflow_operators' retrieved from /home/airflow/.local/lib/python3.12/site-packages/airflow/example_dags/example_dynamic_task_mapping_with_no_taskflow_operators.py
[2026-02-10T23:06:58.742+0000] {logging_mixin.py:188} INFO - [2026-02-10T23:06:58.742+0000] {dag.py:3096} INFO - Sync 1 DAGs
[2026-02-10T23:06:58.761+0000] {logging_mixin.py:188} INFO - [2026-02-10T23:06:58.760+0000] {dag.py:3954} INFO - Setting next_dagrun for example_dynamic_task_mapping_with_no_taskflow_operators to 2026-02-09 00:00:00+00:00, run_after=2026-02-10 00:00:00+00:00
[2026-02-10T23:06:58.778+0000] {processor.py:183} INFO - Processing /home/airflow/.local/lib/python3.12/site-packages/airflow/example_dags/example_dynamic_task_mapping_with_no_taskflow_operators.py took 0.069 seconds
[2026-02-10T23:07:28.919+0000] {processor.py:161} INFO - Started process (PID=742) to work on /home/airflow/.local/lib/python3.12/site-packages/airflow/example_dags/example_dynamic_task_mapping_with_no_taskflow_operators.py
[2026-02-10T23:07:28.920+0000] {processor.py:830} INFO - Processing file /home/airflow/.local/lib/python3.12/site-packages/airflow/example_dags/example_dynamic_task_mapping_with_no_taskflow_operators.py for tasks to queue
[2026-02-10T23:07:28.922+0000] {logging_mixin.py:188} INFO - [2026-02-10T23:07:28.922+0000] {dagbag.py:540} INFO - Filling up the DagBag from /home/airflow/.local/lib/python3.12/site-packages/airflow/example_dags/example_dynamic_task_mapping_with_no_taskflow_operators.py
[2026-02-10T23:07:28.928+0000] {processor.py:840} INFO - DAG(s) 'example_dynamic_task_mapping_with_no_taskflow_operators' retrieved from /home/airflow/.local/lib/python3.12/site-packages/airflow/example_dags/example_dynamic_task_mapping_with_no_taskflow_operators.py
[2026-02-10T23:07:28.947+0000] {logging_mixin.py:188} INFO - [2026-02-10T23:07:28.946+0000] {dag.py:3096} INFO - Sync 1 DAGs
[2026-02-10T23:07:28.965+0000] {logging_mixin.py:188} INFO - [2026-02-10T23:07:28.965+0000] {dag.py:3954} INFO - Setting next_dagrun for example_dynamic_task_mapping_with_no_taskflow_operators to 2026-02-09 00:00:00+00:00, run_after=2026-02-10 00:00:00+00:00
[2026-02-10T23:07:28.984+0000] {processor.py:183} INFO - Processing /home/airflow/.local/lib/python3.12/site-packages/airflow/example_dags/example_dynamic_task_mapping_with_no_taskflow_operators.py took 0.070 seconds
[2026-02-10T23:07:59.295+0000] {processor.py:161} INFO - Started process (PID=796) to work on /home/airflow/.local/lib/python3.12/site-packages/airflow/example_dags/example_dynamic_task_mapping_with_no_taskflow_operators.py
[2026-02-10T23:07:59.296+0000] {processor.py:830} INFO - Processing file /home/airflow/.local/lib/python3.12/site-packages/airflow/example_dags/example_dynamic_task_mapping_with_no_taskflow_operators.py for tasks to queue
[2026-02-10T23:07:59.298+0000] {logging_mixin.py:188} INFO - [2026-02-10T23:07:59.298+0000] {dagbag.py:540} INFO - Filling up the DagBag from /home/airflow/.local/lib/python3.12/site-packages/airflow/example_dags/example_dynamic_task_mapping_with_no_taskflow_operators.py
[2026-02-10T23:07:59.307+0000] {processor.py:840} INFO - DAG(s) 'example_dynamic_task_mapping_with_no_taskflow_operators' retrieved from /home/airflow/.local/lib/python3.12/site-packages/airflow/example_dags/example_dynamic_task_mapping_with_no_taskflow_operators.py
[2026-02-10T23:07:59.327+0000] {logging_mixin.py:188} INFO - [2026-02-10T23:07:59.327+0000] {dag.py:3096} INFO - Sync 1 DAGs
[2026-02-10T23:07:59.347+0000] {logging_mixin.py:188} INFO - [2026-02-10T23:07:59.346+0000] {dag.py:3954} INFO - Setting next_dagrun for example_dynamic_task_mapping_with_no_taskflow_operators to 2026-02-09 00:00:00+00:00, run_after=2026-02-10 00:00:00+00:00
[2026-02-10T23:07:59.365+0000] {processor.py:183} INFO - Processing /home/airflow/.local/lib/python3.12/site-packages/airflow/example_dags/example_dynamic_task_mapping_with_no_taskflow_operators.py took 0.076 seconds
[2026-02-10T23:08:29.474+0000] {processor.py:161} INFO - Started process (PID=850) to work on /home/airflow/.local/lib/python3.12/site-packages/airflow/example_dags/example_dynamic_task_mapping_with_no_taskflow_operators.py
[2026-02-10T23:08:29.475+0000] {processor.py:830} INFO - Processing file /home/airflow/.local/lib/python3.12/site-packages/airflow/example_dags/example_dynamic_task_mapping_with_no_taskflow_operators.py for tasks to queue
[2026-02-10T23:08:29.478+0000] {logging_mixin.py:188} INFO - [2026-02-10T23:08:29.477+0000] {dagbag.py:540} INFO - Filling up the DagBag from /home/airflow/.local/lib/python3.12/site-packages/airflow/example_dags/example_dynamic_task_mapping_with_no_taskflow_operators.py
[2026-02-10T23:08:29.485+0000] {processor.py:840} INFO - DAG(s) 'example_dynamic_task_mapping_with_no_taskflow_operators' retrieved from /home/airflow/.local/lib/python3.12/site-packages/airflow/example_dags/example_dynamic_task_mapping_with_no_taskflow_operators.py
[2026-02-10T23:08:29.507+0000] {logging_mixin.py:188} INFO - [2026-02-10T23:08:29.507+0000] {dag.py:3096} INFO - Sync 1 DAGs
[2026-02-10T23:08:29.527+0000] {logging_mixin.py:188} INFO - [2026-02-10T23:08:29.526+0000] {dag.py:3954} INFO - Setting next_dagrun for example_dynamic_task_mapping_with_no_taskflow_operators to 2026-02-09 00:00:00+00:00, run_after=2026-02-10 00:00:00+00:00
[2026-02-10T23:08:29.543+0000] {processor.py:183} INFO - Processing /home/airflow/.local/lib/python3.12/site-packages/airflow/example_dags/example_dynamic_task_mapping_with_no_taskflow_operators.py took 0.074 seconds
[2026-02-10T23:08:59.689+0000] {processor.py:161} INFO - Started process (PID=903) to work on /home/airflow/.local/lib/python3.12/site-packages/airflow/example_dags/example_dynamic_task_mapping_with_no_taskflow_operators.py
[2026-02-10T23:08:59.690+0000] {processor.py:830} INFO - Processing file /home/airflow/.local/lib/python3.12/site-packages/airflow/example_dags/example_dynamic_task_mapping_with_no_taskflow_operators.py for tasks to queue
[2026-02-10T23:08:59.693+0000] {logging_mixin.py:188} INFO - [2026-02-10T23:08:59.693+0000] {dagbag.py:540} INFO - Filling up the DagBag from /home/airflow/.local/lib/python3.12/site-packages/airflow/example_dags/example_dynamic_task_mapping_with_no_taskflow_operators.py
[2026-02-10T23:08:59.701+0000] {processor.py:840} INFO - DAG(s) 'example_dynamic_task_mapping_with_no_taskflow_operators' retrieved from /home/airflow/.local/lib/python3.12/site-packages/airflow/example_dags/example_dynamic_task_mapping_with_no_taskflow_operators.py
[2026-02-10T23:08:59.720+0000] {logging_mixin.py:188} INFO - [2026-02-10T23:08:59.719+0000] {dag.py:3096} INFO - Sync 1 DAGs
[2026-02-10T23:08:59.738+0000] {logging_mixin.py:188} INFO - [2026-02-10T23:08:59.738+0000] {dag.py:3954} INFO - Setting next_dagrun for example_dynamic_task_mapping_with_no_taskflow_operators to 2026-02-09 00:00:00+00:00, run_after=2026-02-10 00:00:00+00:00
[2026-02-10T23:08:59.760+0000] {processor.py:183} INFO - Processing /home/airflow/.local/lib/python3.12/site-packages/airflow/example_dags/example_dynamic_task_mapping_with_no_taskflow_operators.py took 0.076 seconds
[2026-02-10T23:09:29.930+0000] {processor.py:161} INFO - Started process (PID=957) to work on /home/airflow/.local/lib/python3.12/site-packages/airflow/example_dags/example_dynamic_task_mapping_with_no_taskflow_operators.py
[2026-02-10T23:09:29.931+0000] {processor.py:830} INFO - Processing file /home/airflow/.local/lib/python3.12/site-packages/airflow/example_dags/example_dynamic_task_mapping_with_no_taskflow_operators.py for tasks to queue
[2026-02-10T23:09:29.933+0000] {logging_mixin.py:188} INFO - [2026-02-10T23:09:29.932+0000] {dagbag.py:540} INFO - Filling up the DagBag from /home/airflow/.local/lib/python3.12/site-packages/airflow/example_dags/example_dynamic_task_mapping_with_no_taskflow_operators.py
[2026-02-10T23:09:29.939+0000] {processor.py:840} INFO - DAG(s) 'example_dynamic_task_mapping_with_no_taskflow_operators' retrieved from /home/airflow/.local/lib/python3.12/site-packages/airflow/example_dags/example_dynamic_task_mapping_with_no_taskflow_operators.py
[2026-02-10T23:09:29.963+0000] {logging_mixin.py:188} INFO - [2026-02-10T23:09:29.963+0000] {dag.py:3096} INFO - Sync 1 DAGs
[2026-02-10T23:09:29.982+0000] {logging_mixin.py:188} INFO - [2026-02-10T23:09:29.982+0000] {dag.py:3954} INFO - Setting next_dagrun for example_dynamic_task_mapping_with_no_taskflow_operators to 2026-02-09 00:00:00+00:00, run_after=2026-02-10 00:00:00+00:00
[2026-02-10T23:09:30.001+0000] {processor.py:183} INFO - Processing /home/airflow/.local/lib/python3.12/site-packages/airflow/example_dags/example_dynamic_task_mapping_with_no_taskflow_operators.py took 0.077 seconds
[2026-02-10T23:10:00.172+0000] {processor.py:161} INFO - Started process (PID=1011) to work on /home/airflow/.local/lib/python3.12/site-packages/airflow/example_dags/example_dynamic_task_mapping_with_no_taskflow_operators.py
[2026-02-10T23:10:00.173+0000] {processor.py:830} INFO - Processing file /home/airflow/.local/lib/python3.12/site-packages/airflow/example_dags/example_dynamic_task_mapping_with_no_taskflow_operators.py for tasks to queue
[2026-02-10T23:10:00.175+0000] {logging_mixin.py:188} INFO - [2026-02-10T23:10:00.175+0000] {dagbag.py:540} INFO - Filling up the DagBag from /home/airflow/.local/lib/python3.12/site-packages/airflow/example_dags/example_dynamic_task_mapping_with_no_taskflow_operators.py
[2026-02-10T23:10:00.181+0000] {processor.py:840} INFO - DAG(s) 'example_dynamic_task_mapping_with_no_taskflow_operators' retrieved from /home/airflow/.local/lib/python3.12/site-packages/airflow/example_dags/example_dynamic_task_mapping_with_no_taskflow_operators.py
[2026-02-10T23:10:00.199+0000] {logging_mixin.py:188} INFO - [2026-02-10T23:10:00.199+0000] {dag.py:3096} INFO - Sync 1 DAGs
[2026-02-10T23:10:00.217+0000] {logging_mixin.py:188} INFO - [2026-02-10T23:10:00.217+0000] {dag.py:3954} INFO - Setting next_dagrun for example_dynamic_task_mapping_with_no_taskflow_operators to 2026-02-09 00:00:00+00:00, run_after=2026-02-10 00:00:00+00:00
[2026-02-10T23:10:00.234+0000] {processor.py:183} INFO - Processing /home/airflow/.local/lib/python3.12/site-packages/airflow/example_dags/example_dynamic_task_mapping_with_no_taskflow_operators.py took 0.068 seconds
[2026-02-10T23:10:30.354+0000] {processor.py:161} INFO - Started process (PID=1065) to work on /home/airflow/.local/lib/python3.12/site-packages/airflow/example_dags/example_dynamic_task_mapping_with_no_taskflow_operators.py
[2026-02-10T23:10:30.356+0000] {processor.py:830} INFO - Processing file /home/airflow/.local/lib/python3.12/site-packages/airflow/example_dags/example_dynamic_task_mapping_with_no_taskflow_operators.py for tasks to queue
[2026-02-10T23:10:30.358+0000] {logging_mixin.py:188} INFO - [2026-02-10T23:10:30.358+0000] {dagbag.py:540} INFO - Filling up the DagBag from /home/airflow/.local/lib/python3.12/site-packages/airflow/example_dags/example_dynamic_task_mapping_with_no_taskflow_operators.py
[2026-02-10T23:10:30.366+0000] {processor.py:840} INFO - DAG(s) 'example_dynamic_task_mapping_with_no_taskflow_operators' retrieved from /home/airflow/.local/lib/python3.12/site-packages/airflow/example_dags/example_dynamic_task_mapping_with_no_taskflow_operators.py
[2026-02-10T23:10:30.390+0000] {logging_mixin.py:188} INFO - [2026-02-10T23:10:30.390+0000] {dag.py:3096} INFO - Sync 1 DAGs
[2026-02-10T23:10:30.413+0000] {logging_mixin.py:188} INFO - [2026-02-10T23:10:30.412+0000] {dag.py:3954} INFO - Setting next_dagrun for example_dynamic_task_mapping_with_no_taskflow_operators to 2026-02-09 00:00:00+00:00, run_after=2026-02-10 00:00:00+00:00
[2026-02-10T23:10:30.433+0000] {processor.py:183} INFO - Processing /home/airflow/.local/lib/python3.12/site-packages/airflow/example_dags/example_dynamic_task_mapping_with_no_taskflow_operators.py took 0.085 seconds
[2026-02-10T23:11:00.628+0000] {processor.py:161} INFO - Started process (PID=1119) to work on /home/airflow/.local/lib/python3.12/site-packages/airflow/example_dags/example_dynamic_task_mapping_with_no_taskflow_operators.py
[2026-02-10T23:11:00.630+0000] {processor.py:830} INFO - Processing file /home/airflow/.local/lib/python3.12/site-packages/airflow/example_dags/example_dynamic_task_mapping_with_no_taskflow_operators.py for tasks to queue
[2026-02-10T23:11:00.632+0000] {logging_mixin.py:188} INFO - [2026-02-10T23:11:00.632+0000] {dagbag.py:540} INFO - Filling up the DagBag from /home/airflow/.local/lib/python3.12/site-packages/airflow/example_dags/example_dynamic_task_mapping_with_no_taskflow_operators.py
[2026-02-10T23:11:00.638+0000] {processor.py:840} INFO - DAG(s) 'example_dynamic_task_mapping_with_no_taskflow_operators' retrieved from /home/airflow/.local/lib/python3.12/site-packages/airflow/example_dags/example_dynamic_task_mapping_with_no_taskflow_operators.py
[2026-02-10T23:11:00.657+0000] {logging_mixin.py:188} INFO - [2026-02-10T23:11:00.657+0000] {dag.py:3096} INFO - Sync 1 DAGs
[2026-02-10T23:11:00.677+0000] {logging_mixin.py:188} INFO - [2026-02-10T23:11:00.676+0000] {dag.py:3954} INFO - Setting next_dagrun for example_dynamic_task_mapping_with_no_taskflow_operators to 2026-02-09 00:00:00+00:00, run_after=2026-02-10 00:00:00+00:00
[2026-02-10T23:11:00.697+0000] {processor.py:183} INFO - Processing /home/airflow/.local/lib/python3.12/site-packages/airflow/example_dags/example_dynamic_task_mapping_with_no_taskflow_operators.py took 0.077 seconds
[2026-02-10T23:11:30.892+0000] {processor.py:161} INFO - Started process (PID=1173) to work on /home/airflow/.local/lib/python3.12/site-packages/airflow/example_dags/example_dynamic_task_mapping_with_no_taskflow_operators.py
[2026-02-10T23:11:30.893+0000] {processor.py:830} INFO - Processing file /home/airflow/.local/lib/python3.12/site-packages/airflow/example_dags/example_dynamic_task_mapping_with_no_taskflow_operators.py for tasks to queue
[2026-02-10T23:11:30.895+0000] {logging_mixin.py:188} INFO - [2026-02-10T23:11:30.894+0000] {dagbag.py:540} INFO - Filling up the DagBag from /home/airflow/.local/lib/python3.12/site-packages/airflow/example_dags/example_dynamic_task_mapping_with_no_taskflow_operators.py
[2026-02-10T23:11:30.901+0000] {processor.py:840} INFO - DAG(s) 'example_dynamic_task_mapping_with_no_taskflow_operators' retrieved from /home/airflow/.local/lib/python3.12/site-packages/airflow/example_dags/example_dynamic_task_mapping_with_no_taskflow_operators.py
[2026-02-10T23:11:30.923+0000] {logging_mixin.py:188} INFO - [2026-02-10T23:11:30.923+0000] {dag.py:3096} INFO - Sync 1 DAGs
[2026-02-10T23:11:30.942+0000] {logging_mixin.py:188} INFO - [2026-02-10T23:11:30.942+0000] {dag.py:3954} INFO - Setting next_dagrun for example_dynamic_task_mapping_with_no_taskflow_operators to 2026-02-09 00:00:00+00:00, run_after=2026-02-10 00:00:00+00:00
[2026-02-10T23:11:30.961+0000] {processor.py:183} INFO - Processing /home/airflow/.local/lib/python3.12/site-packages/airflow/example_dags/example_dynamic_task_mapping_with_no_taskflow_operators.py took 0.075 seconds
[2026-02-10T23:12:02.170+0000] {processor.py:161} INFO - Started process (PID=1228) to work on /home/airflow/.local/lib/python3.12/site-packages/airflow/example_dags/example_dynamic_task_mapping_with_no_taskflow_operators.py
[2026-02-10T23:12:02.171+0000] {processor.py:830} INFO - Processing file /home/airflow/.local/lib/python3.12/site-packages/airflow/example_dags/example_dynamic_task_mapping_with_no_taskflow_operators.py for tasks to queue
[2026-02-10T23:12:02.173+0000] {logging_mixin.py:188} INFO - [2026-02-10T23:12:02.173+0000] {dagbag.py:540} INFO - Filling up the DagBag from /home/airflow/.local/lib/python3.12/site-packages/airflow/example_dags/example_dynamic_task_mapping_with_no_taskflow_operators.py
[2026-02-10T23:12:02.179+0000] {processor.py:840} INFO - DAG(s) 'example_dynamic_task_mapping_with_no_taskflow_operators' retrieved from /home/airflow/.local/lib/python3.12/site-packages/airflow/example_dags/example_dynamic_task_mapping_with_no_taskflow_operators.py
[2026-02-10T23:12:02.197+0000] {logging_mixin.py:188} INFO - [2026-02-10T23:12:02.197+0000] {dag.py:3096} INFO - Sync 1 DAGs
[2026-02-10T23:12:02.344+0000] {logging_mixin.py:188} INFO - [2026-02-10T23:12:02.344+0000] {dag.py:3954} INFO - Setting next_dagrun for example_dynamic_task_mapping_with_no_taskflow_operators to 2026-02-09 00:00:00+00:00, run_after=2026-02-10 00:00:00+00:00
[2026-02-10T23:12:02.374+0000] {processor.py:183} INFO - Processing /home/airflow/.local/lib/python3.12/site-packages/airflow/example_dags/example_dynamic_task_mapping_with_no_taskflow_operators.py took 0.209 seconds
[2026-02-10T23:12:33.036+0000] {processor.py:161} INFO - Started process (PID=1282) to work on /home/airflow/.local/lib/python3.12/site-packages/airflow/example_dags/example_dynamic_task_mapping_with_no_taskflow_operators.py
[2026-02-10T23:12:33.037+0000] {processor.py:830} INFO - Processing file /home/airflow/.local/lib/python3.12/site-packages/airflow/example_dags/example_dynamic_task_mapping_with_no_taskflow_operators.py for tasks to queue
[2026-02-10T23:12:33.038+0000] {logging_mixin.py:188} INFO - [2026-02-10T23:12:33.038+0000] {dagbag.py:540} INFO - Filling up the DagBag from /home/airflow/.local/lib/python3.12/site-packages/airflow/example_dags/example_dynamic_task_mapping_with_no_taskflow_operators.py
[2026-02-10T23:12:33.045+0000] {processor.py:840} INFO - DAG(s) 'example_dynamic_task_mapping_with_no_taskflow_operators' retrieved from /home/airflow/.local/lib/python3.12/site-packages/airflow/example_dags/example_dynamic_task_mapping_with_no_taskflow_operators.py
[2026-02-10T23:12:33.061+0000] {logging_mixin.py:188} INFO - [2026-02-10T23:12:33.061+0000] {dag.py:3096} INFO - Sync 1 DAGs
[2026-02-10T23:12:33.085+0000] {logging_mixin.py:188} INFO - [2026-02-10T23:12:33.085+0000] {dag.py:3954} INFO - Setting next_dagrun for example_dynamic_task_mapping_with_no_taskflow_operators to 2026-02-09 00:00:00+00:00, run_after=2026-02-10 00:00:00+00:00
[2026-02-10T23:12:33.102+0000] {processor.py:183} INFO - Processing /home/airflow/.local/lib/python3.12/site-packages/airflow/example_dags/example_dynamic_task_mapping_with_no_taskflow_operators.py took 0.072 seconds
[2026-02-10T23:13:04.098+0000] {processor.py:161} INFO - Started process (PID=1336) to work on /home/airflow/.local/lib/python3.12/site-packages/airflow/example_dags/example_dynamic_task_mapping_with_no_taskflow_operators.py
[2026-02-10T23:13:04.099+0000] {processor.py:830} INFO - Processing file /home/airflow/.local/lib/python3.12/site-packages/airflow/example_dags/example_dynamic_task_mapping_with_no_taskflow_operators.py for tasks to queue
[2026-02-10T23:13:04.101+0000] {logging_mixin.py:188} INFO - [2026-02-10T23:13:04.101+0000] {dagbag.py:540} INFO - Filling up the DagBag from /home/airflow/.local/lib/python3.12/site-packages/airflow/example_dags/example_dynamic_task_mapping_with_no_taskflow_operators.py
[2026-02-10T23:13:04.255+0000] {processor.py:840} INFO - DAG(s) 'example_dynamic_task_mapping_with_no_taskflow_operators' retrieved from /home/airflow/.local/lib/python3.12/site-packages/airflow/example_dags/example_dynamic_task_mapping_with_no_taskflow_operators.py
[2026-02-10T23:13:04.271+0000] {logging_mixin.py:188} INFO - [2026-02-10T23:13:04.271+0000] {dag.py:3096} INFO - Sync 1 DAGs
[2026-02-10T23:13:04.290+0000] {logging_mixin.py:188} INFO - [2026-02-10T23:13:04.290+0000] {dag.py:3954} INFO - Setting next_dagrun for example_dynamic_task_mapping_with_no_taskflow_operators to 2026-02-09 00:00:00+00:00, run_after=2026-02-10 00:00:00+00:00
[2026-02-10T23:13:04.320+0000] {processor.py:183} INFO - Processing /home/airflow/.local/lib/python3.12/site-packages/airflow/example_dags/example_dynamic_task_mapping_with_no_taskflow_operators.py took 0.227 seconds
[2026-02-10T23:13:34.550+0000] {processor.py:161} INFO - Started process (PID=1390) to work on /home/airflow/.local/lib/python3.12/site-packages/airflow/example_dags/example_dynamic_task_mapping_with_no_taskflow_operators.py
[2026-02-10T23:13:34.551+0000] {processor.py:830} INFO - Processing file /home/airflow/.local/lib/python3.12/site-packages/airflow/example_dags/example_dynamic_task_mapping_with_no_taskflow_operators.py for tasks to queue
[2026-02-10T23:13:34.553+0000] {logging_mixin.py:188} INFO - [2026-02-10T23:13:34.553+0000] {dagbag.py:540} INFO - Filling up the DagBag from /home/airflow/.local/lib/python3.12/site-packages/airflow/example_dags/example_dynamic_task_mapping_with_no_taskflow_operators.py
[2026-02-10T23:13:34.559+0000] {processor.py:840} INFO - DAG(s) 'example_dynamic_task_mapping_with_no_taskflow_operators' retrieved from /home/airflow/.local/lib/python3.12/site-packages/airflow/example_dags/example_dynamic_task_mapping_with_no_taskflow_operators.py
[2026-02-10T23:13:34.579+0000] {logging_mixin.py:188} INFO - [2026-02-10T23:13:34.579+0000] {dag.py:3096} INFO - Sync 1 DAGs
[2026-02-10T23:13:34.597+0000] {logging_mixin.py:188} INFO - [2026-02-10T23:13:34.597+0000] {dag.py:3954} INFO - Setting next_dagrun for example_dynamic_task_mapping_with_no_taskflow_operators to 2026-02-09 00:00:00+00:00, run_after=2026-02-10 00:00:00+00:00
[2026-02-10T23:13:34.628+0000] {processor.py:183} INFO - Processing /home/airflow/.local/lib/python3.12/site-packages/airflow/example_dags/example_dynamic_task_mapping_with_no_taskflow_operators.py took 0.084 seconds
[2026-02-10T23:14:05.391+0000] {processor.py:161} INFO - Started process (PID=1444) to work on /home/airflow/.local/lib/python3.12/site-packages/airflow/example_dags/example_dynamic_task_mapping_with_no_taskflow_operators.py
[2026-02-10T23:14:05.392+0000] {processor.py:830} INFO - Processing file /home/airflow/.local/lib/python3.12/site-packages/airflow/example_dags/example_dynamic_task_mapping_with_no_taskflow_operators.py for tasks to queue
[2026-02-10T23:14:05.394+0000] {logging_mixin.py:188} INFO - [2026-02-10T23:14:05.394+0000] {dagbag.py:540} INFO - Filling up the DagBag from /home/airflow/.local/lib/python3.12/site-packages/airflow/example_dags/example_dynamic_task_mapping_with_no_taskflow_operators.py
[2026-02-10T23:14:05.400+0000] {processor.py:840} INFO - DAG(s) 'example_dynamic_task_mapping_with_no_taskflow_operators' retrieved from /home/airflow/.local/lib/python3.12/site-packages/airflow/example_dags/example_dynamic_task_mapping_with_no_taskflow_operators.py
[2026-02-10T23:14:05.419+0000] {logging_mixin.py:188} INFO - [2026-02-10T23:14:05.419+0000] {dag.py:3096} INFO - Sync 1 DAGs
[2026-02-10T23:14:05.437+0000] {logging_mixin.py:188} INFO - [2026-02-10T23:14:05.437+0000] {dag.py:3954} INFO - Setting next_dagrun for example_dynamic_task_mapping_with_no_taskflow_operators to 2026-02-09 00:00:00+00:00, run_after=2026-02-10 00:00:00+00:00
[2026-02-10T23:14:05.456+0000] {processor.py:183} INFO - Processing /home/airflow/.local/lib/python3.12/site-packages/airflow/example_dags/example_dynamic_task_mapping_with_no_taskflow_operators.py took 0.072 seconds
[2026-02-10T23:14:35.657+0000] {processor.py:161} INFO - Started process (PID=1498) to work on /home/airflow/.local/lib/python3.12/site-packages/airflow/example_dags/example_dynamic_task_mapping_with_no_taskflow_operators.py
[2026-02-10T23:14:35.658+0000] {processor.py:830} INFO - Processing file /home/airflow/.local/lib/python3.12/site-packages/airflow/example_dags/example_dynamic_task_mapping_with_no_taskflow_operators.py for tasks to queue
[2026-02-10T23:14:35.660+0000] {logging_mixin.py:188} INFO - [2026-02-10T23:14:35.660+0000] {dagbag.py:540} INFO - Filling up the DagBag from /home/airflow/.local/lib/python3.12/site-packages/airflow/example_dags/example_dynamic_task_mapping_with_no_taskflow_operators.py
[2026-02-10T23:14:35.666+0000] {processor.py:840} INFO - DAG(s) 'example_dynamic_task_mapping_with_no_taskflow_operators' retrieved from /home/airflow/.local/lib/python3.12/site-packages/airflow/example_dags/example_dynamic_task_mapping_with_no_taskflow_operators.py
[2026-02-10T23:14:35.687+0000] {logging_mixin.py:188} INFO - [2026-02-10T23:14:35.687+0000] {dag.py:3096} INFO - Sync 1 DAGs
[2026-02-10T23:14:35.708+0000] {logging_mixin.py:188} INFO - [2026-02-10T23:14:35.707+0000] {dag.py:3954} INFO - Setting next_dagrun for example_dynamic_task_mapping_with_no_taskflow_operators to 2026-02-09 00:00:00+00:00, run_after=2026-02-10 00:00:00+00:00
[2026-02-10T23:14:35.724+0000] {processor.py:183} INFO - Processing /home/airflow/.local/lib/python3.12/site-packages/airflow/example_dags/example_dynamic_task_mapping_with_no_taskflow_operators.py took 0.073 seconds
[2026-02-10T23:15:06.068+0000] {processor.py:161} INFO - Started process (PID=1552) to work on /home/airflow/.local/lib/python3.12/site-packages/airflow/example_dags/example_dynamic_task_mapping_with_no_taskflow_operators.py
[2026-02-10T23:15:06.070+0000] {processor.py:830} INFO - Processing file /home/airflow/.local/lib/python3.12/site-packages/airflow/example_dags/example_dynamic_task_mapping_with_no_taskflow_operators.py for tasks to queue
[2026-02-10T23:15:06.072+0000] {logging_mixin.py:188} INFO - [2026-02-10T23:15:06.072+0000] {dagbag.py:540} INFO - Filling up the DagBag from /home/airflow/.local/lib/python3.12/site-packages/airflow/example_dags/example_dynamic_task_mapping_with_no_taskflow_operators.py
[2026-02-10T23:15:06.082+0000] {processor.py:840} INFO - DAG(s) 'example_dynamic_task_mapping_with_no_taskflow_operators' retrieved from /home/airflow/.local/lib/python3.12/site-packages/airflow/example_dags/example_dynamic_task_mapping_with_no_taskflow_operators.py
[2026-02-10T23:15:06.103+0000] {logging_mixin.py:188} INFO - [2026-02-10T23:15:06.103+0000] {dag.py:3096} INFO - Sync 1 DAGs
[2026-02-10T23:15:06.130+0000] {logging_mixin.py:188} INFO - [2026-02-10T23:15:06.129+0000] {dag.py:3954} INFO - Setting next_dagrun for example_dynamic_task_mapping_with_no_taskflow_operators to 2026-02-09 00:00:00+00:00, run_after=2026-02-10 00:00:00+00:00
[2026-02-10T23:15:06.151+0000] {processor.py:183} INFO - Processing /home/airflow/.local/lib/python3.12/site-packages/airflow/example_dags/example_dynamic_task_mapping_with_no_taskflow_operators.py took 0.089 seconds
[2026-02-10T23:15:36.539+0000] {processor.py:161} INFO - Started process (PID=1606) to work on /home/airflow/.local/lib/python3.12/site-packages/airflow/example_dags/example_dynamic_task_mapping_with_no_taskflow_operators.py
[2026-02-10T23:15:36.541+0000] {processor.py:830} INFO - Processing file /home/airflow/.local/lib/python3.12/site-packages/airflow/example_dags/example_dynamic_task_mapping_with_no_taskflow_operators.py for tasks to queue
[2026-02-10T23:15:36.543+0000] {logging_mixin.py:188} INFO - [2026-02-10T23:15:36.543+0000] {dagbag.py:540} INFO - Filling up the DagBag from /home/airflow/.local/lib/python3.12/site-packages/airflow/example_dags/example_dynamic_task_mapping_with_no_taskflow_operators.py
[2026-02-10T23:15:36.549+0000] {processor.py:840} INFO - DAG(s) 'example_dynamic_task_mapping_with_no_taskflow_operators' retrieved from /home/airflow/.local/lib/python3.12/site-packages/airflow/example_dags/example_dynamic_task_mapping_with_no_taskflow_operators.py
[2026-02-10T23:15:36.571+0000] {logging_mixin.py:188} INFO - [2026-02-10T23:15:36.571+0000] {dag.py:3096} INFO - Sync 1 DAGs
[2026-02-10T23:15:36.594+0000] {logging_mixin.py:188} INFO - [2026-02-10T23:15:36.593+0000] {dag.py:3954} INFO - Setting next_dagrun for example_dynamic_task_mapping_with_no_taskflow_operators to 2026-02-09 00:00:00+00:00, run_after=2026-02-10 00:00:00+00:00
[2026-02-10T23:15:36.620+0000] {processor.py:183} INFO - Processing /home/airflow/.local/lib/python3.12/site-packages/airflow/example_dags/example_dynamic_task_mapping_with_no_taskflow_operators.py took 0.088 seconds
[2026-02-10T23:16:06.769+0000] {processor.py:161} INFO - Started process (PID=1660) to work on /home/airflow/.local/lib/python3.12/site-packages/airflow/example_dags/example_dynamic_task_mapping_with_no_taskflow_operators.py
[2026-02-10T23:16:06.771+0000] {processor.py:830} INFO - Processing file /home/airflow/.local/lib/python3.12/site-packages/airflow/example_dags/example_dynamic_task_mapping_with_no_taskflow_operators.py for tasks to queue
[2026-02-10T23:16:06.774+0000] {logging_mixin.py:188} INFO - [2026-02-10T23:16:06.773+0000] {dagbag.py:540} INFO - Filling up the DagBag from /home/airflow/.local/lib/python3.12/site-packages/airflow/example_dags/example_dynamic_task_mapping_with_no_taskflow_operators.py
[2026-02-10T23:16:06.782+0000] {processor.py:840} INFO - DAG(s) 'example_dynamic_task_mapping_with_no_taskflow_operators' retrieved from /home/airflow/.local/lib/python3.12/site-packages/airflow/example_dags/example_dynamic_task_mapping_with_no_taskflow_operators.py
[2026-02-10T23:16:06.811+0000] {logging_mixin.py:188} INFO - [2026-02-10T23:16:06.810+0000] {dag.py:3096} INFO - Sync 1 DAGs
[2026-02-10T23:16:06.844+0000] {logging_mixin.py:188} INFO - [2026-02-10T23:16:06.843+0000] {dag.py:3954} INFO - Setting next_dagrun for example_dynamic_task_mapping_with_no_taskflow_operators to 2026-02-09 00:00:00+00:00, run_after=2026-02-10 00:00:00+00:00
[2026-02-10T23:16:06.873+0000] {processor.py:183} INFO - Processing /home/airflow/.local/lib/python3.12/site-packages/airflow/example_dags/example_dynamic_task_mapping_with_no_taskflow_operators.py took 0.112 seconds
[2026-02-10T23:16:37.596+0000] {processor.py:161} INFO - Started process (PID=1712) to work on /home/airflow/.local/lib/python3.12/site-packages/airflow/example_dags/example_dynamic_task_mapping_with_no_taskflow_operators.py
[2026-02-10T23:16:37.597+0000] {processor.py:830} INFO - Processing file /home/airflow/.local/lib/python3.12/site-packages/airflow/example_dags/example_dynamic_task_mapping_with_no_taskflow_operators.py for tasks to queue
[2026-02-10T23:16:37.599+0000] {logging_mixin.py:188} INFO - [2026-02-10T23:16:37.599+0000] {dagbag.py:540} INFO - Filling up the DagBag from /home/airflow/.local/lib/python3.12/site-packages/airflow/example_dags/example_dynamic_task_mapping_with_no_taskflow_operators.py
[2026-02-10T23:16:37.606+0000] {processor.py:840} INFO - DAG(s) 'example_dynamic_task_mapping_with_no_taskflow_operators' retrieved from /home/airflow/.local/lib/python3.12/site-packages/airflow/example_dags/example_dynamic_task_mapping_with_no_taskflow_operators.py
[2026-02-10T23:16:37.628+0000] {logging_mixin.py:188} INFO - [2026-02-10T23:16:37.628+0000] {dag.py:3096} INFO - Sync 1 DAGs
[2026-02-10T23:16:37.653+0000] {logging_mixin.py:188} INFO - [2026-02-10T23:16:37.652+0000] {dag.py:3954} INFO - Setting next_dagrun for example_dynamic_task_mapping_with_no_taskflow_operators to 2026-02-09 00:00:00+00:00, run_after=2026-02-10 00:00:00+00:00
[2026-02-10T23:16:37.674+0000] {processor.py:183} INFO - Processing /home/airflow/.local/lib/python3.12/site-packages/airflow/example_dags/example_dynamic_task_mapping_with_no_taskflow_operators.py took 0.086 seconds
[2026-02-10T23:17:08.307+0000] {processor.py:161} INFO - Started process (PID=1766) to work on /home/airflow/.local/lib/python3.12/site-packages/airflow/example_dags/example_dynamic_task_mapping_with_no_taskflow_operators.py
[2026-02-10T23:17:08.309+0000] {processor.py:830} INFO - Processing file /home/airflow/.local/lib/python3.12/site-packages/airflow/example_dags/example_dynamic_task_mapping_with_no_taskflow_operators.py for tasks to queue
[2026-02-10T23:17:08.311+0000] {logging_mixin.py:188} INFO - [2026-02-10T23:17:08.310+0000] {dagbag.py:540} INFO - Filling up the DagBag from /home/airflow/.local/lib/python3.12/site-packages/airflow/example_dags/example_dynamic_task_mapping_with_no_taskflow_operators.py
[2026-02-10T23:17:08.320+0000] {processor.py:840} INFO - DAG(s) 'example_dynamic_task_mapping_with_no_taskflow_operators' retrieved from /home/airflow/.local/lib/python3.12/site-packages/airflow/example_dags/example_dynamic_task_mapping_with_no_taskflow_operators.py
[2026-02-10T23:17:08.341+0000] {logging_mixin.py:188} INFO - [2026-02-10T23:17:08.341+0000] {dag.py:3096} INFO - Sync 1 DAGs
[2026-02-10T23:17:08.361+0000] {logging_mixin.py:188} INFO - [2026-02-10T23:17:08.360+0000] {dag.py:3954} INFO - Setting next_dagrun for example_dynamic_task_mapping_with_no_taskflow_operators to 2026-02-09 00:00:00+00:00, run_after=2026-02-10 00:00:00+00:00
[2026-02-10T23:17:08.378+0000] {processor.py:183} INFO - Processing /home/airflow/.local/lib/python3.12/site-packages/airflow/example_dags/example_dynamic_task_mapping_with_no_taskflow_operators.py took 0.078 seconds
[2026-02-10T23:17:38.700+0000] {processor.py:161} INFO - Started process (PID=1820) to work on /home/airflow/.local/lib/python3.12/site-packages/airflow/example_dags/example_dynamic_task_mapping_with_no_taskflow_operators.py
[2026-02-10T23:17:38.701+0000] {processor.py:830} INFO - Processing file /home/airflow/.local/lib/python3.12/site-packages/airflow/example_dags/example_dynamic_task_mapping_with_no_taskflow_operators.py for tasks to queue
[2026-02-10T23:17:38.703+0000] {logging_mixin.py:188} INFO - [2026-02-10T23:17:38.703+0000] {dagbag.py:540} INFO - Filling up the DagBag from /home/airflow/.local/lib/python3.12/site-packages/airflow/example_dags/example_dynamic_task_mapping_with_no_taskflow_operators.py
[2026-02-10T23:17:38.709+0000] {processor.py:840} INFO - DAG(s) 'example_dynamic_task_mapping_with_no_taskflow_operators' retrieved from /home/airflow/.local/lib/python3.12/site-packages/airflow/example_dags/example_dynamic_task_mapping_with_no_taskflow_operators.py
[2026-02-10T23:17:38.730+0000] {logging_mixin.py:188} INFO - [2026-02-10T23:17:38.730+0000] {dag.py:3096} INFO - Sync 1 DAGs
[2026-02-10T23:17:38.752+0000] {logging_mixin.py:188} INFO - [2026-02-10T23:17:38.751+0000] {dag.py:3954} INFO - Setting next_dagrun for example_dynamic_task_mapping_with_no_taskflow_operators to 2026-02-09 00:00:00+00:00, run_after=2026-02-10 00:00:00+00:00
[2026-02-10T23:17:38.772+0000] {processor.py:183} INFO - Processing /home/airflow/.local/lib/python3.12/site-packages/airflow/example_dags/example_dynamic_task_mapping_with_no_taskflow_operators.py took 0.077 seconds
[2026-02-10T23:18:08.845+0000] {processor.py:161} INFO - Started process (PID=1874) to work on /home/airflow/.local/lib/python3.12/site-packages/airflow/example_dags/example_dynamic_task_mapping_with_no_taskflow_operators.py
[2026-02-10T23:18:08.846+0000] {processor.py:830} INFO - Processing file /home/airflow/.local/lib/python3.12/site-packages/airflow/example_dags/example_dynamic_task_mapping_with_no_taskflow_operators.py for tasks to queue
[2026-02-10T23:18:08.848+0000] {logging_mixin.py:188} INFO - [2026-02-10T23:18:08.847+0000] {dagbag.py:540} INFO - Filling up the DagBag from /home/airflow/.local/lib/python3.12/site-packages/airflow/example_dags/example_dynamic_task_mapping_with_no_taskflow_operators.py
[2026-02-10T23:18:08.856+0000] {processor.py:840} INFO - DAG(s) 'example_dynamic_task_mapping_with_no_taskflow_operators' retrieved from /home/airflow/.local/lib/python3.12/site-packages/airflow/example_dags/example_dynamic_task_mapping_with_no_taskflow_operators.py
[2026-02-10T23:18:08.874+0000] {logging_mixin.py:188} INFO - [2026-02-10T23:18:08.874+0000] {dag.py:3096} INFO - Sync 1 DAGs
[2026-02-10T23:18:08.894+0000] {logging_mixin.py:188} INFO - [2026-02-10T23:18:08.894+0000] {dag.py:3954} INFO - Setting next_dagrun for example_dynamic_task_mapping_with_no_taskflow_operators to 2026-02-09 00:00:00+00:00, run_after=2026-02-10 00:00:00+00:00
[2026-02-10T23:18:08.913+0000] {processor.py:183} INFO - Processing /home/airflow/.local/lib/python3.12/site-packages/airflow/example_dags/example_dynamic_task_mapping_with_no_taskflow_operators.py took 0.074 seconds
[2026-02-10T23:18:39.109+0000] {processor.py:161} INFO - Started process (PID=1928) to work on /home/airflow/.local/lib/python3.12/site-packages/airflow/example_dags/example_dynamic_task_mapping_with_no_taskflow_operators.py
[2026-02-10T23:18:39.112+0000] {processor.py:830} INFO - Processing file /home/airflow/.local/lib/python3.12/site-packages/airflow/example_dags/example_dynamic_task_mapping_with_no_taskflow_operators.py for tasks to queue
[2026-02-10T23:18:39.124+0000] {logging_mixin.py:188} INFO - [2026-02-10T23:18:39.124+0000] {dagbag.py:540} INFO - Filling up the DagBag from /home/airflow/.local/lib/python3.12/site-packages/airflow/example_dags/example_dynamic_task_mapping_with_no_taskflow_operators.py
[2026-02-10T23:18:39.142+0000] {processor.py:840} INFO - DAG(s) 'example_dynamic_task_mapping_with_no_taskflow_operators' retrieved from /home/airflow/.local/lib/python3.12/site-packages/airflow/example_dags/example_dynamic_task_mapping_with_no_taskflow_operators.py
[2026-02-10T23:18:39.181+0000] {logging_mixin.py:188} INFO - [2026-02-10T23:18:39.181+0000] {dag.py:3096} INFO - Sync 1 DAGs
[2026-02-10T23:18:39.272+0000] {logging_mixin.py:188} INFO - [2026-02-10T23:18:39.272+0000] {dag.py:3954} INFO - Setting next_dagrun for example_dynamic_task_mapping_with_no_taskflow_operators to 2026-02-09 00:00:00+00:00, run_after=2026-02-10 00:00:00+00:00
[2026-02-10T23:18:39.324+0000] {processor.py:183} INFO - Processing /home/airflow/.local/lib/python3.12/site-packages/airflow/example_dags/example_dynamic_task_mapping_with_no_taskflow_operators.py took 0.222 seconds
[2026-02-10T23:19:10.069+0000] {processor.py:161} INFO - Started process (PID=1982) to work on /home/airflow/.local/lib/python3.12/site-packages/airflow/example_dags/example_dynamic_task_mapping_with_no_taskflow_operators.py
[2026-02-10T23:19:10.070+0000] {processor.py:830} INFO - Processing file /home/airflow/.local/lib/python3.12/site-packages/airflow/example_dags/example_dynamic_task_mapping_with_no_taskflow_operators.py for tasks to queue
[2026-02-10T23:19:10.073+0000] {logging_mixin.py:188} INFO - [2026-02-10T23:19:10.072+0000] {dagbag.py:540} INFO - Filling up the DagBag from /home/airflow/.local/lib/python3.12/site-packages/airflow/example_dags/example_dynamic_task_mapping_with_no_taskflow_operators.py
[2026-02-10T23:19:10.079+0000] {processor.py:840} INFO - DAG(s) 'example_dynamic_task_mapping_with_no_taskflow_operators' retrieved from /home/airflow/.local/lib/python3.12/site-packages/airflow/example_dags/example_dynamic_task_mapping_with_no_taskflow_operators.py
[2026-02-10T23:19:10.098+0000] {logging_mixin.py:188} INFO - [2026-02-10T23:19:10.098+0000] {dag.py:3096} INFO - Sync 1 DAGs
[2026-02-10T23:19:10.119+0000] {logging_mixin.py:188} INFO - [2026-02-10T23:19:10.118+0000] {dag.py:3954} INFO - Setting next_dagrun for example_dynamic_task_mapping_with_no_taskflow_operators to 2026-02-09 00:00:00+00:00, run_after=2026-02-10 00:00:00+00:00
[2026-02-10T23:19:10.135+0000] {processor.py:183} INFO - Processing /home/airflow/.local/lib/python3.12/site-packages/airflow/example_dags/example_dynamic_task_mapping_with_no_taskflow_operators.py took 0.072 seconds
[2026-02-10T23:19:40.402+0000] {processor.py:161} INFO - Started process (PID=2036) to work on /home/airflow/.local/lib/python3.12/site-packages/airflow/example_dags/example_dynamic_task_mapping_with_no_taskflow_operators.py
[2026-02-10T23:19:40.404+0000] {processor.py:830} INFO - Processing file /home/airflow/.local/lib/python3.12/site-packages/airflow/example_dags/example_dynamic_task_mapping_with_no_taskflow_operators.py for tasks to queue
[2026-02-10T23:19:40.408+0000] {logging_mixin.py:188} INFO - [2026-02-10T23:19:40.406+0000] {dagbag.py:540} INFO - Filling up the DagBag from /home/airflow/.local/lib/python3.12/site-packages/airflow/example_dags/example_dynamic_task_mapping_with_no_taskflow_operators.py
[2026-02-10T23:19:40.418+0000] {processor.py:840} INFO - DAG(s) 'example_dynamic_task_mapping_with_no_taskflow_operators' retrieved from /home/airflow/.local/lib/python3.12/site-packages/airflow/example_dags/example_dynamic_task_mapping_with_no_taskflow_operators.py
[2026-02-10T23:19:40.439+0000] {logging_mixin.py:188} INFO - [2026-02-10T23:19:40.439+0000] {dag.py:3096} INFO - Sync 1 DAGs
[2026-02-10T23:19:40.459+0000] {logging_mixin.py:188} INFO - [2026-02-10T23:19:40.459+0000] {dag.py:3954} INFO - Setting next_dagrun for example_dynamic_task_mapping_with_no_taskflow_operators to 2026-02-09 00:00:00+00:00, run_after=2026-02-10 00:00:00+00:00
[2026-02-10T23:19:40.479+0000] {processor.py:183} INFO - Processing /home/airflow/.local/lib/python3.12/site-packages/airflow/example_dags/example_dynamic_task_mapping_with_no_taskflow_operators.py took 0.092 seconds
[2026-02-10T23:20:10.752+0000] {processor.py:161} INFO - Started process (PID=2090) to work on /home/airflow/.local/lib/python3.12/site-packages/airflow/example_dags/example_dynamic_task_mapping_with_no_taskflow_operators.py
[2026-02-10T23:20:10.753+0000] {processor.py:830} INFO - Processing file /home/airflow/.local/lib/python3.12/site-packages/airflow/example_dags/example_dynamic_task_mapping_with_no_taskflow_operators.py for tasks to queue
[2026-02-10T23:20:10.755+0000] {logging_mixin.py:188} INFO - [2026-02-10T23:20:10.755+0000] {dagbag.py:540} INFO - Filling up the DagBag from /home/airflow/.local/lib/python3.12/site-packages/airflow/example_dags/example_dynamic_task_mapping_with_no_taskflow_operators.py
[2026-02-10T23:20:10.762+0000] {processor.py:840} INFO - DAG(s) 'example_dynamic_task_mapping_with_no_taskflow_operators' retrieved from /home/airflow/.local/lib/python3.12/site-packages/airflow/example_dags/example_dynamic_task_mapping_with_no_taskflow_operators.py
[2026-02-10T23:20:10.780+0000] {logging_mixin.py:188} INFO - [2026-02-10T23:20:10.780+0000] {dag.py:3096} INFO - Sync 1 DAGs
[2026-02-10T23:20:10.798+0000] {logging_mixin.py:188} INFO - [2026-02-10T23:20:10.798+0000] {dag.py:3954} INFO - Setting next_dagrun for example_dynamic_task_mapping_with_no_taskflow_operators to 2026-02-09 00:00:00+00:00, run_after=2026-02-10 00:00:00+00:00
[2026-02-10T23:20:10.814+0000] {processor.py:183} INFO - Processing /home/airflow/.local/lib/python3.12/site-packages/airflow/example_dags/example_dynamic_task_mapping_with_no_taskflow_operators.py took 0.067 seconds
[2026-02-10T23:20:41.174+0000] {processor.py:161} INFO - Started process (PID=2144) to work on /home/airflow/.local/lib/python3.12/site-packages/airflow/example_dags/example_dynamic_task_mapping_with_no_taskflow_operators.py
[2026-02-10T23:20:41.175+0000] {processor.py:830} INFO - Processing file /home/airflow/.local/lib/python3.12/site-packages/airflow/example_dags/example_dynamic_task_mapping_with_no_taskflow_operators.py for tasks to queue
[2026-02-10T23:20:41.177+0000] {logging_mixin.py:188} INFO - [2026-02-10T23:20:41.177+0000] {dagbag.py:540} INFO - Filling up the DagBag from /home/airflow/.local/lib/python3.12/site-packages/airflow/example_dags/example_dynamic_task_mapping_with_no_taskflow_operators.py
[2026-02-10T23:20:41.184+0000] {processor.py:840} INFO - DAG(s) 'example_dynamic_task_mapping_with_no_taskflow_operators' retrieved from /home/airflow/.local/lib/python3.12/site-packages/airflow/example_dags/example_dynamic_task_mapping_with_no_taskflow_operators.py
[2026-02-10T23:20:41.210+0000] {logging_mixin.py:188} INFO - [2026-02-10T23:20:41.209+0000] {dag.py:3096} INFO - Sync 1 DAGs
[2026-02-10T23:20:41.238+0000] {logging_mixin.py:188} INFO - [2026-02-10T23:20:41.238+0000] {dag.py:3954} INFO - Setting next_dagrun for example_dynamic_task_mapping_with_no_taskflow_operators to 2026-02-09 00:00:00+00:00, run_after=2026-02-10 00:00:00+00:00
[2026-02-10T23:20:41.261+0000] {processor.py:183} INFO - Processing /home/airflow/.local/lib/python3.12/site-packages/airflow/example_dags/example_dynamic_task_mapping_with_no_taskflow_operators.py took 0.093 seconds
[2026-02-10T23:21:11.863+0000] {processor.py:161} INFO - Started process (PID=2198) to work on /home/airflow/.local/lib/python3.12/site-packages/airflow/example_dags/example_dynamic_task_mapping_with_no_taskflow_operators.py
[2026-02-10T23:21:11.864+0000] {processor.py:830} INFO - Processing file /home/airflow/.local/lib/python3.12/site-packages/airflow/example_dags/example_dynamic_task_mapping_with_no_taskflow_operators.py for tasks to queue
[2026-02-10T23:21:11.866+0000] {logging_mixin.py:188} INFO - [2026-02-10T23:21:11.865+0000] {dagbag.py:540} INFO - Filling up the DagBag from /home/airflow/.local/lib/python3.12/site-packages/airflow/example_dags/example_dynamic_task_mapping_with_no_taskflow_operators.py
[2026-02-10T23:21:11.874+0000] {processor.py:840} INFO - DAG(s) 'example_dynamic_task_mapping_with_no_taskflow_operators' retrieved from /home/airflow/.local/lib/python3.12/site-packages/airflow/example_dags/example_dynamic_task_mapping_with_no_taskflow_operators.py
[2026-02-10T23:21:11.893+0000] {logging_mixin.py:188} INFO - [2026-02-10T23:21:11.893+0000] {dag.py:3096} INFO - Sync 1 DAGs
[2026-02-10T23:21:11.916+0000] {logging_mixin.py:188} INFO - [2026-02-10T23:21:11.916+0000] {dag.py:3954} INFO - Setting next_dagrun for example_dynamic_task_mapping_with_no_taskflow_operators to 2026-02-09 00:00:00+00:00, run_after=2026-02-10 00:00:00+00:00
[2026-02-10T23:21:11.936+0000] {processor.py:183} INFO - Processing /home/airflow/.local/lib/python3.12/site-packages/airflow/example_dags/example_dynamic_task_mapping_with_no_taskflow_operators.py took 0.080 seconds
[2026-02-10T23:21:42.110+0000] {processor.py:161} INFO - Started process (PID=2252) to work on /home/airflow/.local/lib/python3.12/site-packages/airflow/example_dags/example_dynamic_task_mapping_with_no_taskflow_operators.py
[2026-02-10T23:21:42.111+0000] {processor.py:830} INFO - Processing file /home/airflow/.local/lib/python3.12/site-packages/airflow/example_dags/example_dynamic_task_mapping_with_no_taskflow_operators.py for tasks to queue
[2026-02-10T23:21:42.113+0000] {logging_mixin.py:188} INFO - [2026-02-10T23:21:42.113+0000] {dagbag.py:540} INFO - Filling up the DagBag from /home/airflow/.local/lib/python3.12/site-packages/airflow/example_dags/example_dynamic_task_mapping_with_no_taskflow_operators.py
[2026-02-10T23:21:42.119+0000] {processor.py:840} INFO - DAG(s) 'example_dynamic_task_mapping_with_no_taskflow_operators' retrieved from /home/airflow/.local/lib/python3.12/site-packages/airflow/example_dags/example_dynamic_task_mapping_with_no_taskflow_operators.py
[2026-02-10T23:21:42.138+0000] {logging_mixin.py:188} INFO - [2026-02-10T23:21:42.138+0000] {dag.py:3096} INFO - Sync 1 DAGs
[2026-02-10T23:21:42.161+0000] {logging_mixin.py:188} INFO - [2026-02-10T23:21:42.161+0000] {dag.py:3954} INFO - Setting next_dagrun for example_dynamic_task_mapping_with_no_taskflow_operators to 2026-02-09 00:00:00+00:00, run_after=2026-02-10 00:00:00+00:00
[2026-02-10T23:21:42.182+0000] {processor.py:183} INFO - Processing /home/airflow/.local/lib/python3.12/site-packages/airflow/example_dags/example_dynamic_task_mapping_with_no_taskflow_operators.py took 0.077 seconds
[2026-02-10T23:22:12.571+0000] {processor.py:161} INFO - Started process (PID=2306) to work on /home/airflow/.local/lib/python3.12/site-packages/airflow/example_dags/example_dynamic_task_mapping_with_no_taskflow_operators.py
[2026-02-10T23:22:12.572+0000] {processor.py:830} INFO - Processing file /home/airflow/.local/lib/python3.12/site-packages/airflow/example_dags/example_dynamic_task_mapping_with_no_taskflow_operators.py for tasks to queue
[2026-02-10T23:22:12.574+0000] {logging_mixin.py:188} INFO - [2026-02-10T23:22:12.574+0000] {dagbag.py:540} INFO - Filling up the DagBag from /home/airflow/.local/lib/python3.12/site-packages/airflow/example_dags/example_dynamic_task_mapping_with_no_taskflow_operators.py
[2026-02-10T23:22:12.582+0000] {processor.py:840} INFO - DAG(s) 'example_dynamic_task_mapping_with_no_taskflow_operators' retrieved from /home/airflow/.local/lib/python3.12/site-packages/airflow/example_dags/example_dynamic_task_mapping_with_no_taskflow_operators.py
[2026-02-10T23:22:12.602+0000] {logging_mixin.py:188} INFO - [2026-02-10T23:22:12.602+0000] {dag.py:3096} INFO - Sync 1 DAGs
[2026-02-10T23:22:12.627+0000] {logging_mixin.py:188} INFO - [2026-02-10T23:22:12.627+0000] {dag.py:3954} INFO - Setting next_dagrun for example_dynamic_task_mapping_with_no_taskflow_operators to 2026-02-09 00:00:00+00:00, run_after=2026-02-10 00:00:00+00:00
[2026-02-10T23:22:12.647+0000] {processor.py:183} INFO - Processing /home/airflow/.local/lib/python3.12/site-packages/airflow/example_dags/example_dynamic_task_mapping_with_no_taskflow_operators.py took 0.094 seconds
[2026-02-10T23:22:43.230+0000] {processor.py:161} INFO - Started process (PID=2360) to work on /home/airflow/.local/lib/python3.12/site-packages/airflow/example_dags/example_dynamic_task_mapping_with_no_taskflow_operators.py
[2026-02-10T23:22:43.231+0000] {processor.py:830} INFO - Processing file /home/airflow/.local/lib/python3.12/site-packages/airflow/example_dags/example_dynamic_task_mapping_with_no_taskflow_operators.py for tasks to queue
[2026-02-10T23:22:43.234+0000] {logging_mixin.py:188} INFO - [2026-02-10T23:22:43.234+0000] {dagbag.py:540} INFO - Filling up the DagBag from /home/airflow/.local/lib/python3.12/site-packages/airflow/example_dags/example_dynamic_task_mapping_with_no_taskflow_operators.py
[2026-02-10T23:22:43.243+0000] {processor.py:840} INFO - DAG(s) 'example_dynamic_task_mapping_with_no_taskflow_operators' retrieved from /home/airflow/.local/lib/python3.12/site-packages/airflow/example_dags/example_dynamic_task_mapping_with_no_taskflow_operators.py
[2026-02-10T23:22:43.270+0000] {logging_mixin.py:188} INFO - [2026-02-10T23:22:43.269+0000] {dag.py:3096} INFO - Sync 1 DAGs
[2026-02-10T23:22:43.300+0000] {logging_mixin.py:188} INFO - [2026-02-10T23:22:43.300+0000] {dag.py:3954} INFO - Setting next_dagrun for example_dynamic_task_mapping_with_no_taskflow_operators to 2026-02-09 00:00:00+00:00, run_after=2026-02-10 00:00:00+00:00
[2026-02-10T23:22:43.326+0000] {processor.py:183} INFO - Processing /home/airflow/.local/lib/python3.12/site-packages/airflow/example_dags/example_dynamic_task_mapping_with_no_taskflow_operators.py took 0.104 seconds
[2026-02-10T23:23:13.755+0000] {processor.py:161} INFO - Started process (PID=2414) to work on /home/airflow/.local/lib/python3.12/site-packages/airflow/example_dags/example_dynamic_task_mapping_with_no_taskflow_operators.py
[2026-02-10T23:23:13.758+0000] {processor.py:830} INFO - Processing file /home/airflow/.local/lib/python3.12/site-packages/airflow/example_dags/example_dynamic_task_mapping_with_no_taskflow_operators.py for tasks to queue
[2026-02-10T23:23:13.763+0000] {logging_mixin.py:188} INFO - [2026-02-10T23:23:13.762+0000] {dagbag.py:540} INFO - Filling up the DagBag from /home/airflow/.local/lib/python3.12/site-packages/airflow/example_dags/example_dynamic_task_mapping_with_no_taskflow_operators.py
[2026-02-10T23:23:13.782+0000] {processor.py:840} INFO - DAG(s) 'example_dynamic_task_mapping_with_no_taskflow_operators' retrieved from /home/airflow/.local/lib/python3.12/site-packages/airflow/example_dags/example_dynamic_task_mapping_with_no_taskflow_operators.py
[2026-02-10T23:23:13.835+0000] {logging_mixin.py:188} INFO - [2026-02-10T23:23:13.834+0000] {dag.py:3096} INFO - Sync 1 DAGs
[2026-02-10T23:23:13.894+0000] {logging_mixin.py:188} INFO - [2026-02-10T23:23:13.893+0000] {dag.py:3954} INFO - Setting next_dagrun for example_dynamic_task_mapping_with_no_taskflow_operators to 2026-02-09 00:00:00+00:00, run_after=2026-02-10 00:00:00+00:00
[2026-02-10T23:23:13.945+0000] {processor.py:183} INFO - Processing /home/airflow/.local/lib/python3.12/site-packages/airflow/example_dags/example_dynamic_task_mapping_with_no_taskflow_operators.py took 0.207 seconds
[2026-02-10T23:23:44.248+0000] {processor.py:161} INFO - Started process (PID=2468) to work on /home/airflow/.local/lib/python3.12/site-packages/airflow/example_dags/example_dynamic_task_mapping_with_no_taskflow_operators.py
[2026-02-10T23:23:44.251+0000] {processor.py:830} INFO - Processing file /home/airflow/.local/lib/python3.12/site-packages/airflow/example_dags/example_dynamic_task_mapping_with_no_taskflow_operators.py for tasks to queue
[2026-02-10T23:23:44.255+0000] {logging_mixin.py:188} INFO - [2026-02-10T23:23:44.254+0000] {dagbag.py:540} INFO - Filling up the DagBag from /home/airflow/.local/lib/python3.12/site-packages/airflow/example_dags/example_dynamic_task_mapping_with_no_taskflow_operators.py
[2026-02-10T23:23:44.274+0000] {processor.py:840} INFO - DAG(s) 'example_dynamic_task_mapping_with_no_taskflow_operators' retrieved from /home/airflow/.local/lib/python3.12/site-packages/airflow/example_dags/example_dynamic_task_mapping_with_no_taskflow_operators.py
[2026-02-10T23:23:44.320+0000] {logging_mixin.py:188} INFO - [2026-02-10T23:23:44.318+0000] {dag.py:3096} INFO - Sync 1 DAGs
[2026-02-10T23:23:44.379+0000] {logging_mixin.py:188} INFO - [2026-02-10T23:23:44.378+0000] {dag.py:3954} INFO - Setting next_dagrun for example_dynamic_task_mapping_with_no_taskflow_operators to 2026-02-09 00:00:00+00:00, run_after=2026-02-10 00:00:00+00:00
[2026-02-10T23:23:44.414+0000] {processor.py:183} INFO - Processing /home/airflow/.local/lib/python3.12/site-packages/airflow/example_dags/example_dynamic_task_mapping_with_no_taskflow_operators.py took 0.181 seconds
[2026-02-10T23:24:14.776+0000] {processor.py:161} INFO - Started process (PID=2522) to work on /home/airflow/.local/lib/python3.12/site-packages/airflow/example_dags/example_dynamic_task_mapping_with_no_taskflow_operators.py
[2026-02-10T23:24:14.777+0000] {processor.py:830} INFO - Processing file /home/airflow/.local/lib/python3.12/site-packages/airflow/example_dags/example_dynamic_task_mapping_with_no_taskflow_operators.py for tasks to queue
[2026-02-10T23:24:14.781+0000] {logging_mixin.py:188} INFO - [2026-02-10T23:24:14.780+0000] {dagbag.py:540} INFO - Filling up the DagBag from /home/airflow/.local/lib/python3.12/site-packages/airflow/example_dags/example_dynamic_task_mapping_with_no_taskflow_operators.py
[2026-02-10T23:24:14.790+0000] {processor.py:840} INFO - DAG(s) 'example_dynamic_task_mapping_with_no_taskflow_operators' retrieved from /home/airflow/.local/lib/python3.12/site-packages/airflow/example_dags/example_dynamic_task_mapping_with_no_taskflow_operators.py
[2026-02-10T23:24:14.818+0000] {logging_mixin.py:188} INFO - [2026-02-10T23:24:14.818+0000] {dag.py:3096} INFO - Sync 1 DAGs
[2026-02-10T23:24:14.847+0000] {logging_mixin.py:188} INFO - [2026-02-10T23:24:14.847+0000] {dag.py:3954} INFO - Setting next_dagrun for example_dynamic_task_mapping_with_no_taskflow_operators to 2026-02-09 00:00:00+00:00, run_after=2026-02-10 00:00:00+00:00
[2026-02-10T23:24:14.876+0000] {processor.py:183} INFO - Processing /home/airflow/.local/lib/python3.12/site-packages/airflow/example_dags/example_dynamic_task_mapping_with_no_taskflow_operators.py took 0.109 seconds
[2026-02-10T23:24:45.248+0000] {processor.py:161} INFO - Started process (PID=2576) to work on /home/airflow/.local/lib/python3.12/site-packages/airflow/example_dags/example_dynamic_task_mapping_with_no_taskflow_operators.py
[2026-02-10T23:24:45.251+0000] {processor.py:830} INFO - Processing file /home/airflow/.local/lib/python3.12/site-packages/airflow/example_dags/example_dynamic_task_mapping_with_no_taskflow_operators.py for tasks to queue
[2026-02-10T23:24:45.255+0000] {logging_mixin.py:188} INFO - [2026-02-10T23:24:45.254+0000] {dagbag.py:540} INFO - Filling up the DagBag from /home/airflow/.local/lib/python3.12/site-packages/airflow/example_dags/example_dynamic_task_mapping_with_no_taskflow_operators.py
[2026-02-10T23:24:45.271+0000] {processor.py:840} INFO - DAG(s) 'example_dynamic_task_mapping_with_no_taskflow_operators' retrieved from /home/airflow/.local/lib/python3.12/site-packages/airflow/example_dags/example_dynamic_task_mapping_with_no_taskflow_operators.py
[2026-02-10T23:24:45.307+0000] {logging_mixin.py:188} INFO - [2026-02-10T23:24:45.307+0000] {dag.py:3096} INFO - Sync 1 DAGs
[2026-02-10T23:24:45.349+0000] {logging_mixin.py:188} INFO - [2026-02-10T23:24:45.349+0000] {dag.py:3954} INFO - Setting next_dagrun for example_dynamic_task_mapping_with_no_taskflow_operators to 2026-02-09 00:00:00+00:00, run_after=2026-02-10 00:00:00+00:00
[2026-02-10T23:24:45.390+0000] {processor.py:183} INFO - Processing /home/airflow/.local/lib/python3.12/site-packages/airflow/example_dags/example_dynamic_task_mapping_with_no_taskflow_operators.py took 0.155 seconds
[2026-02-10T23:25:16.198+0000] {processor.py:161} INFO - Started process (PID=2630) to work on /home/airflow/.local/lib/python3.12/site-packages/airflow/example_dags/example_dynamic_task_mapping_with_no_taskflow_operators.py
[2026-02-10T23:25:16.200+0000] {processor.py:830} INFO - Processing file /home/airflow/.local/lib/python3.12/site-packages/airflow/example_dags/example_dynamic_task_mapping_with_no_taskflow_operators.py for tasks to queue
[2026-02-10T23:25:16.206+0000] {logging_mixin.py:188} INFO - [2026-02-10T23:25:16.206+0000] {dagbag.py:540} INFO - Filling up the DagBag from /home/airflow/.local/lib/python3.12/site-packages/airflow/example_dags/example_dynamic_task_mapping_with_no_taskflow_operators.py
[2026-02-10T23:25:16.221+0000] {processor.py:840} INFO - DAG(s) 'example_dynamic_task_mapping_with_no_taskflow_operators' retrieved from /home/airflow/.local/lib/python3.12/site-packages/airflow/example_dags/example_dynamic_task_mapping_with_no_taskflow_operators.py
[2026-02-10T23:25:16.289+0000] {logging_mixin.py:188} INFO - [2026-02-10T23:25:16.288+0000] {dag.py:3096} INFO - Sync 1 DAGs
[2026-02-10T23:25:16.366+0000] {logging_mixin.py:188} INFO - [2026-02-10T23:25:16.366+0000] {dag.py:3954} INFO - Setting next_dagrun for example_dynamic_task_mapping_with_no_taskflow_operators to 2026-02-09 00:00:00+00:00, run_after=2026-02-10 00:00:00+00:00
[2026-02-10T23:25:16.427+0000] {processor.py:183} INFO - Processing /home/airflow/.local/lib/python3.12/site-packages/airflow/example_dags/example_dynamic_task_mapping_with_no_taskflow_operators.py took 0.248 seconds
[2026-02-10T23:25:46.738+0000] {processor.py:161} INFO - Started process (PID=2684) to work on /home/airflow/.local/lib/python3.12/site-packages/airflow/example_dags/example_dynamic_task_mapping_with_no_taskflow_operators.py
[2026-02-10T23:25:46.740+0000] {processor.py:830} INFO - Processing file /home/airflow/.local/lib/python3.12/site-packages/airflow/example_dags/example_dynamic_task_mapping_with_no_taskflow_operators.py for tasks to queue
[2026-02-10T23:25:46.743+0000] {logging_mixin.py:188} INFO - [2026-02-10T23:25:46.742+0000] {dagbag.py:540} INFO - Filling up the DagBag from /home/airflow/.local/lib/python3.12/site-packages/airflow/example_dags/example_dynamic_task_mapping_with_no_taskflow_operators.py
[2026-02-10T23:25:46.753+0000] {processor.py:840} INFO - DAG(s) 'example_dynamic_task_mapping_with_no_taskflow_operators' retrieved from /home/airflow/.local/lib/python3.12/site-packages/airflow/example_dags/example_dynamic_task_mapping_with_no_taskflow_operators.py
[2026-02-10T23:25:46.787+0000] {logging_mixin.py:188} INFO - [2026-02-10T23:25:46.786+0000] {dag.py:3096} INFO - Sync 1 DAGs
[2026-02-10T23:25:46.818+0000] {logging_mixin.py:188} INFO - [2026-02-10T23:25:46.818+0000] {dag.py:3954} INFO - Setting next_dagrun for example_dynamic_task_mapping_with_no_taskflow_operators to 2026-02-09 00:00:00+00:00, run_after=2026-02-10 00:00:00+00:00
[2026-02-10T23:25:46.850+0000] {processor.py:183} INFO - Processing /home/airflow/.local/lib/python3.12/site-packages/airflow/example_dags/example_dynamic_task_mapping_with_no_taskflow_operators.py took 0.122 seconds
[2026-02-10T23:26:17.450+0000] {processor.py:161} INFO - Started process (PID=2738) to work on /home/airflow/.local/lib/python3.12/site-packages/airflow/example_dags/example_dynamic_task_mapping_with_no_taskflow_operators.py
[2026-02-10T23:26:17.451+0000] {processor.py:830} INFO - Processing file /home/airflow/.local/lib/python3.12/site-packages/airflow/example_dags/example_dynamic_task_mapping_with_no_taskflow_operators.py for tasks to queue
[2026-02-10T23:26:17.454+0000] {logging_mixin.py:188} INFO - [2026-02-10T23:26:17.454+0000] {dagbag.py:540} INFO - Filling up the DagBag from /home/airflow/.local/lib/python3.12/site-packages/airflow/example_dags/example_dynamic_task_mapping_with_no_taskflow_operators.py
[2026-02-10T23:26:17.466+0000] {processor.py:840} INFO - DAG(s) 'example_dynamic_task_mapping_with_no_taskflow_operators' retrieved from /home/airflow/.local/lib/python3.12/site-packages/airflow/example_dags/example_dynamic_task_mapping_with_no_taskflow_operators.py
[2026-02-10T23:26:17.493+0000] {logging_mixin.py:188} INFO - [2026-02-10T23:26:17.493+0000] {dag.py:3096} INFO - Sync 1 DAGs
[2026-02-10T23:26:17.521+0000] {logging_mixin.py:188} INFO - [2026-02-10T23:26:17.521+0000] {dag.py:3954} INFO - Setting next_dagrun for example_dynamic_task_mapping_with_no_taskflow_operators to 2026-02-09 00:00:00+00:00, run_after=2026-02-10 00:00:00+00:00
[2026-02-10T23:26:17.546+0000] {processor.py:183} INFO - Processing /home/airflow/.local/lib/python3.12/site-packages/airflow/example_dags/example_dynamic_task_mapping_with_no_taskflow_operators.py took 0.107 seconds
[2026-02-10T23:26:48.343+0000] {processor.py:161} INFO - Started process (PID=2792) to work on /home/airflow/.local/lib/python3.12/site-packages/airflow/example_dags/example_dynamic_task_mapping_with_no_taskflow_operators.py
[2026-02-10T23:26:48.351+0000] {processor.py:830} INFO - Processing file /home/airflow/.local/lib/python3.12/site-packages/airflow/example_dags/example_dynamic_task_mapping_with_no_taskflow_operators.py for tasks to queue
[2026-02-10T23:26:48.357+0000] {logging_mixin.py:188} INFO - [2026-02-10T23:26:48.356+0000] {dagbag.py:540} INFO - Filling up the DagBag from /home/airflow/.local/lib/python3.12/site-packages/airflow/example_dags/example_dynamic_task_mapping_with_no_taskflow_operators.py
[2026-02-10T23:26:48.377+0000] {processor.py:840} INFO - DAG(s) 'example_dynamic_task_mapping_with_no_taskflow_operators' retrieved from /home/airflow/.local/lib/python3.12/site-packages/airflow/example_dags/example_dynamic_task_mapping_with_no_taskflow_operators.py
[2026-02-10T23:26:48.437+0000] {logging_mixin.py:188} INFO - [2026-02-10T23:26:48.437+0000] {dag.py:3096} INFO - Sync 1 DAGs
[2026-02-10T23:26:48.508+0000] {logging_mixin.py:188} INFO - [2026-02-10T23:26:48.507+0000] {dag.py:3954} INFO - Setting next_dagrun for example_dynamic_task_mapping_with_no_taskflow_operators to 2026-02-09 00:00:00+00:00, run_after=2026-02-10 00:00:00+00:00
[2026-02-10T23:26:48.543+0000] {processor.py:183} INFO - Processing /home/airflow/.local/lib/python3.12/site-packages/airflow/example_dags/example_dynamic_task_mapping_with_no_taskflow_operators.py took 0.223 seconds
[2026-02-10T23:27:19.125+0000] {processor.py:161} INFO - Started process (PID=2846) to work on /home/airflow/.local/lib/python3.12/site-packages/airflow/example_dags/example_dynamic_task_mapping_with_no_taskflow_operators.py
[2026-02-10T23:27:19.127+0000] {processor.py:830} INFO - Processing file /home/airflow/.local/lib/python3.12/site-packages/airflow/example_dags/example_dynamic_task_mapping_with_no_taskflow_operators.py for tasks to queue
[2026-02-10T23:27:19.130+0000] {logging_mixin.py:188} INFO - [2026-02-10T23:27:19.130+0000] {dagbag.py:540} INFO - Filling up the DagBag from /home/airflow/.local/lib/python3.12/site-packages/airflow/example_dags/example_dynamic_task_mapping_with_no_taskflow_operators.py
[2026-02-10T23:27:19.142+0000] {processor.py:840} INFO - DAG(s) 'example_dynamic_task_mapping_with_no_taskflow_operators' retrieved from /home/airflow/.local/lib/python3.12/site-packages/airflow/example_dags/example_dynamic_task_mapping_with_no_taskflow_operators.py
[2026-02-10T23:27:19.176+0000] {logging_mixin.py:188} INFO - [2026-02-10T23:27:19.175+0000] {dag.py:3096} INFO - Sync 1 DAGs
[2026-02-10T23:27:19.207+0000] {logging_mixin.py:188} INFO - [2026-02-10T23:27:19.207+0000] {dag.py:3954} INFO - Setting next_dagrun for example_dynamic_task_mapping_with_no_taskflow_operators to 2026-02-09 00:00:00+00:00, run_after=2026-02-10 00:00:00+00:00
[2026-02-10T23:27:19.236+0000] {processor.py:183} INFO - Processing /home/airflow/.local/lib/python3.12/site-packages/airflow/example_dags/example_dynamic_task_mapping_with_no_taskflow_operators.py took 0.121 seconds
[2026-02-10T23:27:50.170+0000] {processor.py:161} INFO - Started process (PID=2900) to work on /home/airflow/.local/lib/python3.12/site-packages/airflow/example_dags/example_dynamic_task_mapping_with_no_taskflow_operators.py
[2026-02-10T23:27:50.171+0000] {processor.py:830} INFO - Processing file /home/airflow/.local/lib/python3.12/site-packages/airflow/example_dags/example_dynamic_task_mapping_with_no_taskflow_operators.py for tasks to queue
[2026-02-10T23:27:50.173+0000] {logging_mixin.py:188} INFO - [2026-02-10T23:27:50.173+0000] {dagbag.py:540} INFO - Filling up the DagBag from /home/airflow/.local/lib/python3.12/site-packages/airflow/example_dags/example_dynamic_task_mapping_with_no_taskflow_operators.py
[2026-02-10T23:27:50.180+0000] {processor.py:840} INFO - DAG(s) 'example_dynamic_task_mapping_with_no_taskflow_operators' retrieved from /home/airflow/.local/lib/python3.12/site-packages/airflow/example_dags/example_dynamic_task_mapping_with_no_taskflow_operators.py
[2026-02-10T23:27:50.201+0000] {logging_mixin.py:188} INFO - [2026-02-10T23:27:50.201+0000] {dag.py:3096} INFO - Sync 1 DAGs
[2026-02-10T23:27:50.227+0000] {logging_mixin.py:188} INFO - [2026-02-10T23:27:50.226+0000] {dag.py:3954} INFO - Setting next_dagrun for example_dynamic_task_mapping_with_no_taskflow_operators to 2026-02-09 00:00:00+00:00, run_after=2026-02-10 00:00:00+00:00
[2026-02-10T23:27:50.251+0000] {processor.py:183} INFO - Processing /home/airflow/.local/lib/python3.12/site-packages/airflow/example_dags/example_dynamic_task_mapping_with_no_taskflow_operators.py took 0.087 seconds
[2026-02-10T23:28:20.963+0000] {processor.py:161} INFO - Started process (PID=2954) to work on /home/airflow/.local/lib/python3.12/site-packages/airflow/example_dags/example_dynamic_task_mapping_with_no_taskflow_operators.py
[2026-02-10T23:28:20.965+0000] {processor.py:830} INFO - Processing file /home/airflow/.local/lib/python3.12/site-packages/airflow/example_dags/example_dynamic_task_mapping_with_no_taskflow_operators.py for tasks to queue
[2026-02-10T23:28:20.967+0000] {logging_mixin.py:188} INFO - [2026-02-10T23:28:20.966+0000] {dagbag.py:540} INFO - Filling up the DagBag from /home/airflow/.local/lib/python3.12/site-packages/airflow/example_dags/example_dynamic_task_mapping_with_no_taskflow_operators.py
[2026-02-10T23:28:20.976+0000] {processor.py:840} INFO - DAG(s) 'example_dynamic_task_mapping_with_no_taskflow_operators' retrieved from /home/airflow/.local/lib/python3.12/site-packages/airflow/example_dags/example_dynamic_task_mapping_with_no_taskflow_operators.py
[2026-02-10T23:28:20.999+0000] {logging_mixin.py:188} INFO - [2026-02-10T23:28:20.999+0000] {dag.py:3096} INFO - Sync 1 DAGs
[2026-02-10T23:28:21.020+0000] {logging_mixin.py:188} INFO - [2026-02-10T23:28:21.019+0000] {dag.py:3954} INFO - Setting next_dagrun for example_dynamic_task_mapping_with_no_taskflow_operators to 2026-02-09 00:00:00+00:00, run_after=2026-02-10 00:00:00+00:00
[2026-02-10T23:28:21.044+0000] {processor.py:183} INFO - Processing /home/airflow/.local/lib/python3.12/site-packages/airflow/example_dags/example_dynamic_task_mapping_with_no_taskflow_operators.py took 0.088 seconds
[2026-02-10T23:28:51.247+0000] {processor.py:161} INFO - Started process (PID=3008) to work on /home/airflow/.local/lib/python3.12/site-packages/airflow/example_dags/example_dynamic_task_mapping_with_no_taskflow_operators.py
[2026-02-10T23:28:51.248+0000] {processor.py:830} INFO - Processing file /home/airflow/.local/lib/python3.12/site-packages/airflow/example_dags/example_dynamic_task_mapping_with_no_taskflow_operators.py for tasks to queue
[2026-02-10T23:28:51.251+0000] {logging_mixin.py:188} INFO - [2026-02-10T23:28:51.251+0000] {dagbag.py:540} INFO - Filling up the DagBag from /home/airflow/.local/lib/python3.12/site-packages/airflow/example_dags/example_dynamic_task_mapping_with_no_taskflow_operators.py
[2026-02-10T23:28:51.261+0000] {processor.py:840} INFO - DAG(s) 'example_dynamic_task_mapping_with_no_taskflow_operators' retrieved from /home/airflow/.local/lib/python3.12/site-packages/airflow/example_dags/example_dynamic_task_mapping_with_no_taskflow_operators.py
[2026-02-10T23:28:51.282+0000] {logging_mixin.py:188} INFO - [2026-02-10T23:28:51.282+0000] {dag.py:3096} INFO - Sync 1 DAGs
[2026-02-10T23:28:51.314+0000] {logging_mixin.py:188} INFO - [2026-02-10T23:28:51.314+0000] {dag.py:3954} INFO - Setting next_dagrun for example_dynamic_task_mapping_with_no_taskflow_operators to 2026-02-09 00:00:00+00:00, run_after=2026-02-10 00:00:00+00:00
[2026-02-10T23:28:51.350+0000] {processor.py:183} INFO - Processing /home/airflow/.local/lib/python3.12/site-packages/airflow/example_dags/example_dynamic_task_mapping_with_no_taskflow_operators.py took 0.110 seconds
[2026-02-10T23:29:22.166+0000] {processor.py:161} INFO - Started process (PID=3062) to work on /home/airflow/.local/lib/python3.12/site-packages/airflow/example_dags/example_dynamic_task_mapping_with_no_taskflow_operators.py
[2026-02-10T23:29:22.168+0000] {processor.py:830} INFO - Processing file /home/airflow/.local/lib/python3.12/site-packages/airflow/example_dags/example_dynamic_task_mapping_with_no_taskflow_operators.py for tasks to queue
[2026-02-10T23:29:22.170+0000] {logging_mixin.py:188} INFO - [2026-02-10T23:29:22.170+0000] {dagbag.py:540} INFO - Filling up the DagBag from /home/airflow/.local/lib/python3.12/site-packages/airflow/example_dags/example_dynamic_task_mapping_with_no_taskflow_operators.py
[2026-02-10T23:29:22.178+0000] {processor.py:840} INFO - DAG(s) 'example_dynamic_task_mapping_with_no_taskflow_operators' retrieved from /home/airflow/.local/lib/python3.12/site-packages/airflow/example_dags/example_dynamic_task_mapping_with_no_taskflow_operators.py
[2026-02-10T23:29:22.203+0000] {logging_mixin.py:188} INFO - [2026-02-10T23:29:22.203+0000] {dag.py:3096} INFO - Sync 1 DAGs
[2026-02-10T23:29:22.227+0000] {logging_mixin.py:188} INFO - [2026-02-10T23:29:22.226+0000] {dag.py:3954} INFO - Setting next_dagrun for example_dynamic_task_mapping_with_no_taskflow_operators to 2026-02-09 00:00:00+00:00, run_after=2026-02-10 00:00:00+00:00
[2026-02-10T23:29:22.248+0000] {processor.py:183} INFO - Processing /home/airflow/.local/lib/python3.12/site-packages/airflow/example_dags/example_dynamic_task_mapping_with_no_taskflow_operators.py took 0.091 seconds
[2026-02-10T23:29:52.407+0000] {processor.py:161} INFO - Started process (PID=3116) to work on /home/airflow/.local/lib/python3.12/site-packages/airflow/example_dags/example_dynamic_task_mapping_with_no_taskflow_operators.py
[2026-02-10T23:29:52.408+0000] {processor.py:830} INFO - Processing file /home/airflow/.local/lib/python3.12/site-packages/airflow/example_dags/example_dynamic_task_mapping_with_no_taskflow_operators.py for tasks to queue
[2026-02-10T23:29:52.411+0000] {logging_mixin.py:188} INFO - [2026-02-10T23:29:52.410+0000] {dagbag.py:540} INFO - Filling up the DagBag from /home/airflow/.local/lib/python3.12/site-packages/airflow/example_dags/example_dynamic_task_mapping_with_no_taskflow_operators.py
[2026-02-10T23:29:52.418+0000] {processor.py:840} INFO - DAG(s) 'example_dynamic_task_mapping_with_no_taskflow_operators' retrieved from /home/airflow/.local/lib/python3.12/site-packages/airflow/example_dags/example_dynamic_task_mapping_with_no_taskflow_operators.py
[2026-02-10T23:29:52.444+0000] {logging_mixin.py:188} INFO - [2026-02-10T23:29:52.443+0000] {dag.py:3096} INFO - Sync 1 DAGs
[2026-02-10T23:29:52.469+0000] {logging_mixin.py:188} INFO - [2026-02-10T23:29:52.469+0000] {dag.py:3954} INFO - Setting next_dagrun for example_dynamic_task_mapping_with_no_taskflow_operators to 2026-02-09 00:00:00+00:00, run_after=2026-02-10 00:00:00+00:00
[2026-02-10T23:29:52.491+0000] {processor.py:183} INFO - Processing /home/airflow/.local/lib/python3.12/site-packages/airflow/example_dags/example_dynamic_task_mapping_with_no_taskflow_operators.py took 0.092 seconds
[2026-02-10T23:30:23.123+0000] {processor.py:161} INFO - Started process (PID=3170) to work on /home/airflow/.local/lib/python3.12/site-packages/airflow/example_dags/example_dynamic_task_mapping_with_no_taskflow_operators.py
[2026-02-10T23:30:23.124+0000] {processor.py:830} INFO - Processing file /home/airflow/.local/lib/python3.12/site-packages/airflow/example_dags/example_dynamic_task_mapping_with_no_taskflow_operators.py for tasks to queue
[2026-02-10T23:30:23.128+0000] {logging_mixin.py:188} INFO - [2026-02-10T23:30:23.127+0000] {dagbag.py:540} INFO - Filling up the DagBag from /home/airflow/.local/lib/python3.12/site-packages/airflow/example_dags/example_dynamic_task_mapping_with_no_taskflow_operators.py
[2026-02-10T23:30:23.137+0000] {processor.py:840} INFO - DAG(s) 'example_dynamic_task_mapping_with_no_taskflow_operators' retrieved from /home/airflow/.local/lib/python3.12/site-packages/airflow/example_dags/example_dynamic_task_mapping_with_no_taskflow_operators.py
[2026-02-10T23:30:23.174+0000] {logging_mixin.py:188} INFO - [2026-02-10T23:30:23.174+0000] {dag.py:3096} INFO - Sync 1 DAGs
[2026-02-10T23:30:23.216+0000] {logging_mixin.py:188} INFO - [2026-02-10T23:30:23.216+0000] {dag.py:3954} INFO - Setting next_dagrun for example_dynamic_task_mapping_with_no_taskflow_operators to 2026-02-09 00:00:00+00:00, run_after=2026-02-10 00:00:00+00:00
[2026-02-10T23:30:23.245+0000] {processor.py:183} INFO - Processing /home/airflow/.local/lib/python3.12/site-packages/airflow/example_dags/example_dynamic_task_mapping_with_no_taskflow_operators.py took 0.129 seconds
[2026-02-10T23:30:54.193+0000] {processor.py:161} INFO - Started process (PID=3224) to work on /home/airflow/.local/lib/python3.12/site-packages/airflow/example_dags/example_dynamic_task_mapping_with_no_taskflow_operators.py
[2026-02-10T23:30:54.195+0000] {processor.py:830} INFO - Processing file /home/airflow/.local/lib/python3.12/site-packages/airflow/example_dags/example_dynamic_task_mapping_with_no_taskflow_operators.py for tasks to queue
[2026-02-10T23:30:54.197+0000] {logging_mixin.py:188} INFO - [2026-02-10T23:30:54.197+0000] {dagbag.py:540} INFO - Filling up the DagBag from /home/airflow/.local/lib/python3.12/site-packages/airflow/example_dags/example_dynamic_task_mapping_with_no_taskflow_operators.py
[2026-02-10T23:30:54.205+0000] {processor.py:840} INFO - DAG(s) 'example_dynamic_task_mapping_with_no_taskflow_operators' retrieved from /home/airflow/.local/lib/python3.12/site-packages/airflow/example_dags/example_dynamic_task_mapping_with_no_taskflow_operators.py
[2026-02-10T23:30:54.229+0000] {logging_mixin.py:188} INFO - [2026-02-10T23:30:54.229+0000] {dag.py:3096} INFO - Sync 1 DAGs
[2026-02-10T23:30:54.254+0000] {logging_mixin.py:188} INFO - [2026-02-10T23:30:54.254+0000] {dag.py:3954} INFO - Setting next_dagrun for example_dynamic_task_mapping_with_no_taskflow_operators to 2026-02-09 00:00:00+00:00, run_after=2026-02-10 00:00:00+00:00
[2026-02-10T23:30:54.278+0000] {processor.py:183} INFO - Processing /home/airflow/.local/lib/python3.12/site-packages/airflow/example_dags/example_dynamic_task_mapping_with_no_taskflow_operators.py took 0.092 seconds
[2026-02-10T23:31:25.142+0000] {processor.py:161} INFO - Started process (PID=3278) to work on /home/airflow/.local/lib/python3.12/site-packages/airflow/example_dags/example_dynamic_task_mapping_with_no_taskflow_operators.py
[2026-02-10T23:31:25.144+0000] {processor.py:830} INFO - Processing file /home/airflow/.local/lib/python3.12/site-packages/airflow/example_dags/example_dynamic_task_mapping_with_no_taskflow_operators.py for tasks to queue
[2026-02-10T23:31:25.146+0000] {logging_mixin.py:188} INFO - [2026-02-10T23:31:25.146+0000] {dagbag.py:540} INFO - Filling up the DagBag from /home/airflow/.local/lib/python3.12/site-packages/airflow/example_dags/example_dynamic_task_mapping_with_no_taskflow_operators.py
[2026-02-10T23:31:25.153+0000] {processor.py:840} INFO - DAG(s) 'example_dynamic_task_mapping_with_no_taskflow_operators' retrieved from /home/airflow/.local/lib/python3.12/site-packages/airflow/example_dags/example_dynamic_task_mapping_with_no_taskflow_operators.py
[2026-02-10T23:31:25.176+0000] {logging_mixin.py:188} INFO - [2026-02-10T23:31:25.175+0000] {dag.py:3096} INFO - Sync 1 DAGs
[2026-02-10T23:31:25.198+0000] {logging_mixin.py:188} INFO - [2026-02-10T23:31:25.198+0000] {dag.py:3954} INFO - Setting next_dagrun for example_dynamic_task_mapping_with_no_taskflow_operators to 2026-02-09 00:00:00+00:00, run_after=2026-02-10 00:00:00+00:00
[2026-02-10T23:31:25.221+0000] {processor.py:183} INFO - Processing /home/airflow/.local/lib/python3.12/site-packages/airflow/example_dags/example_dynamic_task_mapping_with_no_taskflow_operators.py took 0.084 seconds
[2026-02-10T23:31:55.704+0000] {processor.py:161} INFO - Started process (PID=3332) to work on /home/airflow/.local/lib/python3.12/site-packages/airflow/example_dags/example_dynamic_task_mapping_with_no_taskflow_operators.py
[2026-02-10T23:31:55.705+0000] {processor.py:830} INFO - Processing file /home/airflow/.local/lib/python3.12/site-packages/airflow/example_dags/example_dynamic_task_mapping_with_no_taskflow_operators.py for tasks to queue
[2026-02-10T23:31:55.707+0000] {logging_mixin.py:188} INFO - [2026-02-10T23:31:55.707+0000] {dagbag.py:540} INFO - Filling up the DagBag from /home/airflow/.local/lib/python3.12/site-packages/airflow/example_dags/example_dynamic_task_mapping_with_no_taskflow_operators.py
[2026-02-10T23:31:55.714+0000] {processor.py:840} INFO - DAG(s) 'example_dynamic_task_mapping_with_no_taskflow_operators' retrieved from /home/airflow/.local/lib/python3.12/site-packages/airflow/example_dags/example_dynamic_task_mapping_with_no_taskflow_operators.py
[2026-02-10T23:31:55.734+0000] {logging_mixin.py:188} INFO - [2026-02-10T23:31:55.734+0000] {dag.py:3096} INFO - Sync 1 DAGs
[2026-02-10T23:31:55.758+0000] {logging_mixin.py:188} INFO - [2026-02-10T23:31:55.758+0000] {dag.py:3954} INFO - Setting next_dagrun for example_dynamic_task_mapping_with_no_taskflow_operators to 2026-02-09 00:00:00+00:00, run_after=2026-02-10 00:00:00+00:00
[2026-02-10T23:31:55.777+0000] {processor.py:183} INFO - Processing /home/airflow/.local/lib/python3.12/site-packages/airflow/example_dags/example_dynamic_task_mapping_with_no_taskflow_operators.py took 0.079 seconds
[2026-02-10T23:32:25.893+0000] {processor.py:161} INFO - Started process (PID=3386) to work on /home/airflow/.local/lib/python3.12/site-packages/airflow/example_dags/example_dynamic_task_mapping_with_no_taskflow_operators.py
[2026-02-10T23:32:25.894+0000] {processor.py:830} INFO - Processing file /home/airflow/.local/lib/python3.12/site-packages/airflow/example_dags/example_dynamic_task_mapping_with_no_taskflow_operators.py for tasks to queue
[2026-02-10T23:32:25.896+0000] {logging_mixin.py:188} INFO - [2026-02-10T23:32:25.896+0000] {dagbag.py:540} INFO - Filling up the DagBag from /home/airflow/.local/lib/python3.12/site-packages/airflow/example_dags/example_dynamic_task_mapping_with_no_taskflow_operators.py
[2026-02-10T23:32:25.903+0000] {processor.py:840} INFO - DAG(s) 'example_dynamic_task_mapping_with_no_taskflow_operators' retrieved from /home/airflow/.local/lib/python3.12/site-packages/airflow/example_dags/example_dynamic_task_mapping_with_no_taskflow_operators.py
[2026-02-10T23:32:25.924+0000] {logging_mixin.py:188} INFO - [2026-02-10T23:32:25.924+0000] {dag.py:3096} INFO - Sync 1 DAGs
[2026-02-10T23:32:25.946+0000] {logging_mixin.py:188} INFO - [2026-02-10T23:32:25.946+0000] {dag.py:3954} INFO - Setting next_dagrun for example_dynamic_task_mapping_with_no_taskflow_operators to 2026-02-09 00:00:00+00:00, run_after=2026-02-10 00:00:00+00:00
[2026-02-10T23:32:25.968+0000] {processor.py:183} INFO - Processing /home/airflow/.local/lib/python3.12/site-packages/airflow/example_dags/example_dynamic_task_mapping_with_no_taskflow_operators.py took 0.082 seconds
[2026-02-10T23:32:56.107+0000] {processor.py:161} INFO - Started process (PID=3440) to work on /home/airflow/.local/lib/python3.12/site-packages/airflow/example_dags/example_dynamic_task_mapping_with_no_taskflow_operators.py
[2026-02-10T23:32:56.108+0000] {processor.py:830} INFO - Processing file /home/airflow/.local/lib/python3.12/site-packages/airflow/example_dags/example_dynamic_task_mapping_with_no_taskflow_operators.py for tasks to queue
[2026-02-10T23:32:56.110+0000] {logging_mixin.py:188} INFO - [2026-02-10T23:32:56.110+0000] {dagbag.py:540} INFO - Filling up the DagBag from /home/airflow/.local/lib/python3.12/site-packages/airflow/example_dags/example_dynamic_task_mapping_with_no_taskflow_operators.py
[2026-02-10T23:32:56.116+0000] {processor.py:840} INFO - DAG(s) 'example_dynamic_task_mapping_with_no_taskflow_operators' retrieved from /home/airflow/.local/lib/python3.12/site-packages/airflow/example_dags/example_dynamic_task_mapping_with_no_taskflow_operators.py
[2026-02-10T23:32:56.137+0000] {logging_mixin.py:188} INFO - [2026-02-10T23:32:56.137+0000] {dag.py:3096} INFO - Sync 1 DAGs
[2026-02-10T23:32:56.158+0000] {logging_mixin.py:188} INFO - [2026-02-10T23:32:56.157+0000] {dag.py:3954} INFO - Setting next_dagrun for example_dynamic_task_mapping_with_no_taskflow_operators to 2026-02-09 00:00:00+00:00, run_after=2026-02-10 00:00:00+00:00
[2026-02-10T23:32:56.177+0000] {processor.py:183} INFO - Processing /home/airflow/.local/lib/python3.12/site-packages/airflow/example_dags/example_dynamic_task_mapping_with_no_taskflow_operators.py took 0.076 seconds
[2026-02-10T23:33:27.118+0000] {processor.py:161} INFO - Started process (PID=3494) to work on /home/airflow/.local/lib/python3.12/site-packages/airflow/example_dags/example_dynamic_task_mapping_with_no_taskflow_operators.py
[2026-02-10T23:33:27.119+0000] {processor.py:830} INFO - Processing file /home/airflow/.local/lib/python3.12/site-packages/airflow/example_dags/example_dynamic_task_mapping_with_no_taskflow_operators.py for tasks to queue
[2026-02-10T23:33:27.120+0000] {logging_mixin.py:188} INFO - [2026-02-10T23:33:27.120+0000] {dagbag.py:540} INFO - Filling up the DagBag from /home/airflow/.local/lib/python3.12/site-packages/airflow/example_dags/example_dynamic_task_mapping_with_no_taskflow_operators.py
[2026-02-10T23:33:27.127+0000] {processor.py:840} INFO - DAG(s) 'example_dynamic_task_mapping_with_no_taskflow_operators' retrieved from /home/airflow/.local/lib/python3.12/site-packages/airflow/example_dags/example_dynamic_task_mapping_with_no_taskflow_operators.py
[2026-02-10T23:33:27.147+0000] {logging_mixin.py:188} INFO - [2026-02-10T23:33:27.146+0000] {dag.py:3096} INFO - Sync 1 DAGs
[2026-02-10T23:33:27.167+0000] {logging_mixin.py:188} INFO - [2026-02-10T23:33:27.167+0000] {dag.py:3954} INFO - Setting next_dagrun for example_dynamic_task_mapping_with_no_taskflow_operators to 2026-02-09 00:00:00+00:00, run_after=2026-02-10 00:00:00+00:00
[2026-02-10T23:33:27.186+0000] {processor.py:183} INFO - Processing /home/airflow/.local/lib/python3.12/site-packages/airflow/example_dags/example_dynamic_task_mapping_with_no_taskflow_operators.py took 0.074 seconds
[2026-02-10T23:33:57.517+0000] {processor.py:161} INFO - Started process (PID=3548) to work on /home/airflow/.local/lib/python3.12/site-packages/airflow/example_dags/example_dynamic_task_mapping_with_no_taskflow_operators.py
[2026-02-10T23:33:57.518+0000] {processor.py:830} INFO - Processing file /home/airflow/.local/lib/python3.12/site-packages/airflow/example_dags/example_dynamic_task_mapping_with_no_taskflow_operators.py for tasks to queue
[2026-02-10T23:33:57.520+0000] {logging_mixin.py:188} INFO - [2026-02-10T23:33:57.520+0000] {dagbag.py:540} INFO - Filling up the DagBag from /home/airflow/.local/lib/python3.12/site-packages/airflow/example_dags/example_dynamic_task_mapping_with_no_taskflow_operators.py
[2026-02-10T23:33:57.528+0000] {processor.py:840} INFO - DAG(s) 'example_dynamic_task_mapping_with_no_taskflow_operators' retrieved from /home/airflow/.local/lib/python3.12/site-packages/airflow/example_dags/example_dynamic_task_mapping_with_no_taskflow_operators.py
[2026-02-10T23:33:57.549+0000] {logging_mixin.py:188} INFO - [2026-02-10T23:33:57.549+0000] {dag.py:3096} INFO - Sync 1 DAGs
[2026-02-10T23:33:57.570+0000] {logging_mixin.py:188} INFO - [2026-02-10T23:33:57.570+0000] {dag.py:3954} INFO - Setting next_dagrun for example_dynamic_task_mapping_with_no_taskflow_operators to 2026-02-09 00:00:00+00:00, run_after=2026-02-10 00:00:00+00:00
[2026-02-10T23:33:57.591+0000] {processor.py:183} INFO - Processing /home/airflow/.local/lib/python3.12/site-packages/airflow/example_dags/example_dynamic_task_mapping_with_no_taskflow_operators.py took 0.084 seconds
[2026-02-10T23:34:27.657+0000] {processor.py:161} INFO - Started process (PID=3602) to work on /home/airflow/.local/lib/python3.12/site-packages/airflow/example_dags/example_dynamic_task_mapping_with_no_taskflow_operators.py
[2026-02-10T23:34:27.658+0000] {processor.py:830} INFO - Processing file /home/airflow/.local/lib/python3.12/site-packages/airflow/example_dags/example_dynamic_task_mapping_with_no_taskflow_operators.py for tasks to queue
[2026-02-10T23:34:27.660+0000] {logging_mixin.py:188} INFO - [2026-02-10T23:34:27.660+0000] {dagbag.py:540} INFO - Filling up the DagBag from /home/airflow/.local/lib/python3.12/site-packages/airflow/example_dags/example_dynamic_task_mapping_with_no_taskflow_operators.py
[2026-02-10T23:34:27.669+0000] {processor.py:840} INFO - DAG(s) 'example_dynamic_task_mapping_with_no_taskflow_operators' retrieved from /home/airflow/.local/lib/python3.12/site-packages/airflow/example_dags/example_dynamic_task_mapping_with_no_taskflow_operators.py
[2026-02-10T23:34:27.693+0000] {logging_mixin.py:188} INFO - [2026-02-10T23:34:27.692+0000] {dag.py:3096} INFO - Sync 1 DAGs
[2026-02-10T23:34:27.716+0000] {logging_mixin.py:188} INFO - [2026-02-10T23:34:27.716+0000] {dag.py:3954} INFO - Setting next_dagrun for example_dynamic_task_mapping_with_no_taskflow_operators to 2026-02-09 00:00:00+00:00, run_after=2026-02-10 00:00:00+00:00
[2026-02-10T23:34:27.740+0000] {processor.py:183} INFO - Processing /home/airflow/.local/lib/python3.12/site-packages/airflow/example_dags/example_dynamic_task_mapping_with_no_taskflow_operators.py took 0.091 seconds
[2026-02-10T23:34:58.525+0000] {processor.py:161} INFO - Started process (PID=3656) to work on /home/airflow/.local/lib/python3.12/site-packages/airflow/example_dags/example_dynamic_task_mapping_with_no_taskflow_operators.py
[2026-02-10T23:34:58.526+0000] {processor.py:830} INFO - Processing file /home/airflow/.local/lib/python3.12/site-packages/airflow/example_dags/example_dynamic_task_mapping_with_no_taskflow_operators.py for tasks to queue
[2026-02-10T23:34:58.528+0000] {logging_mixin.py:188} INFO - [2026-02-10T23:34:58.528+0000] {dagbag.py:540} INFO - Filling up the DagBag from /home/airflow/.local/lib/python3.12/site-packages/airflow/example_dags/example_dynamic_task_mapping_with_no_taskflow_operators.py
[2026-02-10T23:34:58.535+0000] {processor.py:840} INFO - DAG(s) 'example_dynamic_task_mapping_with_no_taskflow_operators' retrieved from /home/airflow/.local/lib/python3.12/site-packages/airflow/example_dags/example_dynamic_task_mapping_with_no_taskflow_operators.py
[2026-02-10T23:34:58.553+0000] {logging_mixin.py:188} INFO - [2026-02-10T23:34:58.553+0000] {dag.py:3096} INFO - Sync 1 DAGs
[2026-02-10T23:34:58.573+0000] {logging_mixin.py:188} INFO - [2026-02-10T23:34:58.572+0000] {dag.py:3954} INFO - Setting next_dagrun for example_dynamic_task_mapping_with_no_taskflow_operators to 2026-02-09 00:00:00+00:00, run_after=2026-02-10 00:00:00+00:00
[2026-02-10T23:34:58.603+0000] {processor.py:183} INFO - Processing /home/airflow/.local/lib/python3.12/site-packages/airflow/example_dags/example_dynamic_task_mapping_with_no_taskflow_operators.py took 0.086 seconds
[2026-02-10T23:35:29.044+0000] {processor.py:161} INFO - Started process (PID=3710) to work on /home/airflow/.local/lib/python3.12/site-packages/airflow/example_dags/example_dynamic_task_mapping_with_no_taskflow_operators.py
[2026-02-10T23:35:29.045+0000] {processor.py:830} INFO - Processing file /home/airflow/.local/lib/python3.12/site-packages/airflow/example_dags/example_dynamic_task_mapping_with_no_taskflow_operators.py for tasks to queue
[2026-02-10T23:35:29.050+0000] {logging_mixin.py:188} INFO - [2026-02-10T23:35:29.049+0000] {dagbag.py:540} INFO - Filling up the DagBag from /home/airflow/.local/lib/python3.12/site-packages/airflow/example_dags/example_dynamic_task_mapping_with_no_taskflow_operators.py
[2026-02-10T23:35:29.059+0000] {processor.py:840} INFO - DAG(s) 'example_dynamic_task_mapping_with_no_taskflow_operators' retrieved from /home/airflow/.local/lib/python3.12/site-packages/airflow/example_dags/example_dynamic_task_mapping_with_no_taskflow_operators.py
[2026-02-10T23:35:29.087+0000] {logging_mixin.py:188} INFO - [2026-02-10T23:35:29.087+0000] {dag.py:3096} INFO - Sync 1 DAGs
[2026-02-10T23:35:29.121+0000] {logging_mixin.py:188} INFO - [2026-02-10T23:35:29.121+0000] {dag.py:3954} INFO - Setting next_dagrun for example_dynamic_task_mapping_with_no_taskflow_operators to 2026-02-09 00:00:00+00:00, run_after=2026-02-10 00:00:00+00:00
[2026-02-10T23:35:29.143+0000] {processor.py:183} INFO - Processing /home/airflow/.local/lib/python3.12/site-packages/airflow/example_dags/example_dynamic_task_mapping_with_no_taskflow_operators.py took 0.107 seconds
[2026-02-10T23:35:59.928+0000] {processor.py:161} INFO - Started process (PID=3764) to work on /home/airflow/.local/lib/python3.12/site-packages/airflow/example_dags/example_dynamic_task_mapping_with_no_taskflow_operators.py
[2026-02-10T23:35:59.930+0000] {processor.py:830} INFO - Processing file /home/airflow/.local/lib/python3.12/site-packages/airflow/example_dags/example_dynamic_task_mapping_with_no_taskflow_operators.py for tasks to queue
[2026-02-10T23:35:59.933+0000] {logging_mixin.py:188} INFO - [2026-02-10T23:35:59.933+0000] {dagbag.py:540} INFO - Filling up the DagBag from /home/airflow/.local/lib/python3.12/site-packages/airflow/example_dags/example_dynamic_task_mapping_with_no_taskflow_operators.py
[2026-02-10T23:35:59.940+0000] {processor.py:840} INFO - DAG(s) 'example_dynamic_task_mapping_with_no_taskflow_operators' retrieved from /home/airflow/.local/lib/python3.12/site-packages/airflow/example_dags/example_dynamic_task_mapping_with_no_taskflow_operators.py
[2026-02-10T23:35:59.964+0000] {logging_mixin.py:188} INFO - [2026-02-10T23:35:59.963+0000] {dag.py:3096} INFO - Sync 1 DAGs
[2026-02-10T23:35:59.987+0000] {logging_mixin.py:188} INFO - [2026-02-10T23:35:59.987+0000] {dag.py:3954} INFO - Setting next_dagrun for example_dynamic_task_mapping_with_no_taskflow_operators to 2026-02-09 00:00:00+00:00, run_after=2026-02-10 00:00:00+00:00
[2026-02-10T23:36:00.012+0000] {processor.py:183} INFO - Processing /home/airflow/.local/lib/python3.12/site-packages/airflow/example_dags/example_dynamic_task_mapping_with_no_taskflow_operators.py took 0.091 seconds
[2026-02-10T23:36:30.370+0000] {processor.py:161} INFO - Started process (PID=3818) to work on /home/airflow/.local/lib/python3.12/site-packages/airflow/example_dags/example_dynamic_task_mapping_with_no_taskflow_operators.py
[2026-02-10T23:36:30.371+0000] {processor.py:830} INFO - Processing file /home/airflow/.local/lib/python3.12/site-packages/airflow/example_dags/example_dynamic_task_mapping_with_no_taskflow_operators.py for tasks to queue
[2026-02-10T23:36:30.373+0000] {logging_mixin.py:188} INFO - [2026-02-10T23:36:30.373+0000] {dagbag.py:540} INFO - Filling up the DagBag from /home/airflow/.local/lib/python3.12/site-packages/airflow/example_dags/example_dynamic_task_mapping_with_no_taskflow_operators.py
[2026-02-10T23:36:30.380+0000] {processor.py:840} INFO - DAG(s) 'example_dynamic_task_mapping_with_no_taskflow_operators' retrieved from /home/airflow/.local/lib/python3.12/site-packages/airflow/example_dags/example_dynamic_task_mapping_with_no_taskflow_operators.py
[2026-02-10T23:36:30.400+0000] {logging_mixin.py:188} INFO - [2026-02-10T23:36:30.400+0000] {dag.py:3096} INFO - Sync 1 DAGs
[2026-02-10T23:36:30.426+0000] {logging_mixin.py:188} INFO - [2026-02-10T23:36:30.426+0000] {dag.py:3954} INFO - Setting next_dagrun for example_dynamic_task_mapping_with_no_taskflow_operators to 2026-02-09 00:00:00+00:00, run_after=2026-02-10 00:00:00+00:00
[2026-02-10T23:36:30.448+0000] {processor.py:183} INFO - Processing /home/airflow/.local/lib/python3.12/site-packages/airflow/example_dags/example_dynamic_task_mapping_with_no_taskflow_operators.py took 0.083 seconds
[2026-02-10T23:37:00.792+0000] {processor.py:161} INFO - Started process (PID=3872) to work on /home/airflow/.local/lib/python3.12/site-packages/airflow/example_dags/example_dynamic_task_mapping_with_no_taskflow_operators.py
[2026-02-10T23:37:00.793+0000] {processor.py:830} INFO - Processing file /home/airflow/.local/lib/python3.12/site-packages/airflow/example_dags/example_dynamic_task_mapping_with_no_taskflow_operators.py for tasks to queue
[2026-02-10T23:37:00.795+0000] {logging_mixin.py:188} INFO - [2026-02-10T23:37:00.795+0000] {dagbag.py:540} INFO - Filling up the DagBag from /home/airflow/.local/lib/python3.12/site-packages/airflow/example_dags/example_dynamic_task_mapping_with_no_taskflow_operators.py
[2026-02-10T23:37:00.802+0000] {processor.py:840} INFO - DAG(s) 'example_dynamic_task_mapping_with_no_taskflow_operators' retrieved from /home/airflow/.local/lib/python3.12/site-packages/airflow/example_dags/example_dynamic_task_mapping_with_no_taskflow_operators.py
[2026-02-10T23:37:00.822+0000] {logging_mixin.py:188} INFO - [2026-02-10T23:37:00.822+0000] {dag.py:3096} INFO - Sync 1 DAGs
[2026-02-10T23:37:00.846+0000] {logging_mixin.py:188} INFO - [2026-02-10T23:37:00.845+0000] {dag.py:3954} INFO - Setting next_dagrun for example_dynamic_task_mapping_with_no_taskflow_operators to 2026-02-09 00:00:00+00:00, run_after=2026-02-10 00:00:00+00:00
[2026-02-10T23:37:00.877+0000] {processor.py:183} INFO - Processing /home/airflow/.local/lib/python3.12/site-packages/airflow/example_dags/example_dynamic_task_mapping_with_no_taskflow_operators.py took 0.091 seconds
[2026-02-10T23:37:31.159+0000] {processor.py:161} INFO - Started process (PID=3926) to work on /home/airflow/.local/lib/python3.12/site-packages/airflow/example_dags/example_dynamic_task_mapping_with_no_taskflow_operators.py
[2026-02-10T23:37:31.162+0000] {processor.py:830} INFO - Processing file /home/airflow/.local/lib/python3.12/site-packages/airflow/example_dags/example_dynamic_task_mapping_with_no_taskflow_operators.py for tasks to queue
[2026-02-10T23:37:31.169+0000] {logging_mixin.py:188} INFO - [2026-02-10T23:37:31.167+0000] {dagbag.py:540} INFO - Filling up the DagBag from /home/airflow/.local/lib/python3.12/site-packages/airflow/example_dags/example_dynamic_task_mapping_with_no_taskflow_operators.py
[2026-02-10T23:37:31.189+0000] {processor.py:840} INFO - DAG(s) 'example_dynamic_task_mapping_with_no_taskflow_operators' retrieved from /home/airflow/.local/lib/python3.12/site-packages/airflow/example_dags/example_dynamic_task_mapping_with_no_taskflow_operators.py
[2026-02-10T23:37:31.251+0000] {logging_mixin.py:188} INFO - [2026-02-10T23:37:31.251+0000] {dag.py:3096} INFO - Sync 1 DAGs
[2026-02-10T23:37:31.317+0000] {logging_mixin.py:188} INFO - [2026-02-10T23:37:31.316+0000] {dag.py:3954} INFO - Setting next_dagrun for example_dynamic_task_mapping_with_no_taskflow_operators to 2026-02-09 00:00:00+00:00, run_after=2026-02-10 00:00:00+00:00
[2026-02-10T23:37:31.367+0000] {processor.py:183} INFO - Processing /home/airflow/.local/lib/python3.12/site-packages/airflow/example_dags/example_dynamic_task_mapping_with_no_taskflow_operators.py took 0.230 seconds
[2026-02-10T23:38:02.015+0000] {processor.py:161} INFO - Started process (PID=3980) to work on /home/airflow/.local/lib/python3.12/site-packages/airflow/example_dags/example_dynamic_task_mapping_with_no_taskflow_operators.py
[2026-02-10T23:38:02.017+0000] {processor.py:830} INFO - Processing file /home/airflow/.local/lib/python3.12/site-packages/airflow/example_dags/example_dynamic_task_mapping_with_no_taskflow_operators.py for tasks to queue
[2026-02-10T23:38:02.019+0000] {logging_mixin.py:188} INFO - [2026-02-10T23:38:02.018+0000] {dagbag.py:540} INFO - Filling up the DagBag from /home/airflow/.local/lib/python3.12/site-packages/airflow/example_dags/example_dynamic_task_mapping_with_no_taskflow_operators.py
[2026-02-10T23:38:02.026+0000] {processor.py:840} INFO - DAG(s) 'example_dynamic_task_mapping_with_no_taskflow_operators' retrieved from /home/airflow/.local/lib/python3.12/site-packages/airflow/example_dags/example_dynamic_task_mapping_with_no_taskflow_operators.py
[2026-02-10T23:38:02.048+0000] {logging_mixin.py:188} INFO - [2026-02-10T23:38:02.048+0000] {dag.py:3096} INFO - Sync 1 DAGs
[2026-02-10T23:38:02.068+0000] {logging_mixin.py:188} INFO - [2026-02-10T23:38:02.068+0000] {dag.py:3954} INFO - Setting next_dagrun for example_dynamic_task_mapping_with_no_taskflow_operators to 2026-02-09 00:00:00+00:00, run_after=2026-02-10 00:00:00+00:00
[2026-02-10T23:38:02.089+0000] {processor.py:183} INFO - Processing /home/airflow/.local/lib/python3.12/site-packages/airflow/example_dags/example_dynamic_task_mapping_with_no_taskflow_operators.py took 0.080 seconds
[2026-02-10T23:38:32.411+0000] {processor.py:161} INFO - Started process (PID=4034) to work on /home/airflow/.local/lib/python3.12/site-packages/airflow/example_dags/example_dynamic_task_mapping_with_no_taskflow_operators.py
[2026-02-10T23:38:32.412+0000] {processor.py:830} INFO - Processing file /home/airflow/.local/lib/python3.12/site-packages/airflow/example_dags/example_dynamic_task_mapping_with_no_taskflow_operators.py for tasks to queue
[2026-02-10T23:38:32.415+0000] {logging_mixin.py:188} INFO - [2026-02-10T23:38:32.415+0000] {dagbag.py:540} INFO - Filling up the DagBag from /home/airflow/.local/lib/python3.12/site-packages/airflow/example_dags/example_dynamic_task_mapping_with_no_taskflow_operators.py
[2026-02-10T23:38:32.423+0000] {processor.py:840} INFO - DAG(s) 'example_dynamic_task_mapping_with_no_taskflow_operators' retrieved from /home/airflow/.local/lib/python3.12/site-packages/airflow/example_dags/example_dynamic_task_mapping_with_no_taskflow_operators.py
[2026-02-10T23:38:32.448+0000] {logging_mixin.py:188} INFO - [2026-02-10T23:38:32.448+0000] {dag.py:3096} INFO - Sync 1 DAGs
[2026-02-10T23:38:32.473+0000] {logging_mixin.py:188} INFO - [2026-02-10T23:38:32.473+0000] {dag.py:3954} INFO - Setting next_dagrun for example_dynamic_task_mapping_with_no_taskflow_operators to 2026-02-09 00:00:00+00:00, run_after=2026-02-10 00:00:00+00:00
[2026-02-10T23:38:32.500+0000] {processor.py:183} INFO - Processing /home/airflow/.local/lib/python3.12/site-packages/airflow/example_dags/example_dynamic_task_mapping_with_no_taskflow_operators.py took 0.096 seconds
[2026-02-10T23:39:02.571+0000] {processor.py:161} INFO - Started process (PID=4088) to work on /home/airflow/.local/lib/python3.12/site-packages/airflow/example_dags/example_dynamic_task_mapping_with_no_taskflow_operators.py
[2026-02-10T23:39:02.572+0000] {processor.py:830} INFO - Processing file /home/airflow/.local/lib/python3.12/site-packages/airflow/example_dags/example_dynamic_task_mapping_with_no_taskflow_operators.py for tasks to queue
[2026-02-10T23:39:02.574+0000] {logging_mixin.py:188} INFO - [2026-02-10T23:39:02.574+0000] {dagbag.py:540} INFO - Filling up the DagBag from /home/airflow/.local/lib/python3.12/site-packages/airflow/example_dags/example_dynamic_task_mapping_with_no_taskflow_operators.py
[2026-02-10T23:39:02.582+0000] {processor.py:840} INFO - DAG(s) 'example_dynamic_task_mapping_with_no_taskflow_operators' retrieved from /home/airflow/.local/lib/python3.12/site-packages/airflow/example_dags/example_dynamic_task_mapping_with_no_taskflow_operators.py
[2026-02-10T23:39:02.607+0000] {logging_mixin.py:188} INFO - [2026-02-10T23:39:02.607+0000] {dag.py:3096} INFO - Sync 1 DAGs
[2026-02-10T23:39:02.631+0000] {logging_mixin.py:188} INFO - [2026-02-10T23:39:02.630+0000] {dag.py:3954} INFO - Setting next_dagrun for example_dynamic_task_mapping_with_no_taskflow_operators to 2026-02-09 00:00:00+00:00, run_after=2026-02-10 00:00:00+00:00
[2026-02-10T23:39:02.655+0000] {processor.py:183} INFO - Processing /home/airflow/.local/lib/python3.12/site-packages/airflow/example_dags/example_dynamic_task_mapping_with_no_taskflow_operators.py took 0.089 seconds
[2026-02-10T23:39:33.137+0000] {processor.py:161} INFO - Started process (PID=4142) to work on /home/airflow/.local/lib/python3.12/site-packages/airflow/example_dags/example_dynamic_task_mapping_with_no_taskflow_operators.py
[2026-02-10T23:39:33.138+0000] {processor.py:830} INFO - Processing file /home/airflow/.local/lib/python3.12/site-packages/airflow/example_dags/example_dynamic_task_mapping_with_no_taskflow_operators.py for tasks to queue
[2026-02-10T23:39:33.141+0000] {logging_mixin.py:188} INFO - [2026-02-10T23:39:33.140+0000] {dagbag.py:540} INFO - Filling up the DagBag from /home/airflow/.local/lib/python3.12/site-packages/airflow/example_dags/example_dynamic_task_mapping_with_no_taskflow_operators.py
[2026-02-10T23:39:33.149+0000] {processor.py:840} INFO - DAG(s) 'example_dynamic_task_mapping_with_no_taskflow_operators' retrieved from /home/airflow/.local/lib/python3.12/site-packages/airflow/example_dags/example_dynamic_task_mapping_with_no_taskflow_operators.py
[2026-02-10T23:39:33.173+0000] {logging_mixin.py:188} INFO - [2026-02-10T23:39:33.172+0000] {dag.py:3096} INFO - Sync 1 DAGs
[2026-02-10T23:39:33.201+0000] {logging_mixin.py:188} INFO - [2026-02-10T23:39:33.200+0000] {dag.py:3954} INFO - Setting next_dagrun for example_dynamic_task_mapping_with_no_taskflow_operators to 2026-02-09 00:00:00+00:00, run_after=2026-02-10 00:00:00+00:00
[2026-02-10T23:39:33.227+0000] {processor.py:183} INFO - Processing /home/airflow/.local/lib/python3.12/site-packages/airflow/example_dags/example_dynamic_task_mapping_with_no_taskflow_operators.py took 0.096 seconds
[2026-02-10T23:40:03.541+0000] {processor.py:161} INFO - Started process (PID=4196) to work on /home/airflow/.local/lib/python3.12/site-packages/airflow/example_dags/example_dynamic_task_mapping_with_no_taskflow_operators.py
[2026-02-10T23:40:03.542+0000] {processor.py:830} INFO - Processing file /home/airflow/.local/lib/python3.12/site-packages/airflow/example_dags/example_dynamic_task_mapping_with_no_taskflow_operators.py for tasks to queue
[2026-02-10T23:40:03.544+0000] {logging_mixin.py:188} INFO - [2026-02-10T23:40:03.543+0000] {dagbag.py:540} INFO - Filling up the DagBag from /home/airflow/.local/lib/python3.12/site-packages/airflow/example_dags/example_dynamic_task_mapping_with_no_taskflow_operators.py
[2026-02-10T23:40:03.550+0000] {processor.py:840} INFO - DAG(s) 'example_dynamic_task_mapping_with_no_taskflow_operators' retrieved from /home/airflow/.local/lib/python3.12/site-packages/airflow/example_dags/example_dynamic_task_mapping_with_no_taskflow_operators.py
[2026-02-10T23:40:03.570+0000] {logging_mixin.py:188} INFO - [2026-02-10T23:40:03.570+0000] {dag.py:3096} INFO - Sync 1 DAGs
[2026-02-10T23:40:03.593+0000] {logging_mixin.py:188} INFO - [2026-02-10T23:40:03.593+0000] {dag.py:3954} INFO - Setting next_dagrun for example_dynamic_task_mapping_with_no_taskflow_operators to 2026-02-09 00:00:00+00:00, run_after=2026-02-10 00:00:00+00:00
[2026-02-10T23:40:03.614+0000] {processor.py:183} INFO - Processing /home/airflow/.local/lib/python3.12/site-packages/airflow/example_dags/example_dynamic_task_mapping_with_no_taskflow_operators.py took 0.080 seconds
[2026-02-10T23:40:34.482+0000] {processor.py:161} INFO - Started process (PID=4250) to work on /home/airflow/.local/lib/python3.12/site-packages/airflow/example_dags/example_dynamic_task_mapping_with_no_taskflow_operators.py
[2026-02-10T23:40:34.483+0000] {processor.py:830} INFO - Processing file /home/airflow/.local/lib/python3.12/site-packages/airflow/example_dags/example_dynamic_task_mapping_with_no_taskflow_operators.py for tasks to queue
[2026-02-10T23:40:34.485+0000] {logging_mixin.py:188} INFO - [2026-02-10T23:40:34.485+0000] {dagbag.py:540} INFO - Filling up the DagBag from /home/airflow/.local/lib/python3.12/site-packages/airflow/example_dags/example_dynamic_task_mapping_with_no_taskflow_operators.py
[2026-02-10T23:40:34.492+0000] {processor.py:840} INFO - DAG(s) 'example_dynamic_task_mapping_with_no_taskflow_operators' retrieved from /home/airflow/.local/lib/python3.12/site-packages/airflow/example_dags/example_dynamic_task_mapping_with_no_taskflow_operators.py
[2026-02-10T23:40:34.513+0000] {logging_mixin.py:188} INFO - [2026-02-10T23:40:34.513+0000] {dag.py:3096} INFO - Sync 1 DAGs
[2026-02-10T23:40:34.534+0000] {logging_mixin.py:188} INFO - [2026-02-10T23:40:34.534+0000] {dag.py:3954} INFO - Setting next_dagrun for example_dynamic_task_mapping_with_no_taskflow_operators to 2026-02-09 00:00:00+00:00, run_after=2026-02-10 00:00:00+00:00
[2026-02-10T23:40:34.553+0000] {processor.py:183} INFO - Processing /home/airflow/.local/lib/python3.12/site-packages/airflow/example_dags/example_dynamic_task_mapping_with_no_taskflow_operators.py took 0.077 seconds
[2026-02-10T23:41:04.973+0000] {processor.py:161} INFO - Started process (PID=4304) to work on /home/airflow/.local/lib/python3.12/site-packages/airflow/example_dags/example_dynamic_task_mapping_with_no_taskflow_operators.py
[2026-02-10T23:41:04.974+0000] {processor.py:830} INFO - Processing file /home/airflow/.local/lib/python3.12/site-packages/airflow/example_dags/example_dynamic_task_mapping_with_no_taskflow_operators.py for tasks to queue
[2026-02-10T23:41:04.976+0000] {logging_mixin.py:188} INFO - [2026-02-10T23:41:04.975+0000] {dagbag.py:540} INFO - Filling up the DagBag from /home/airflow/.local/lib/python3.12/site-packages/airflow/example_dags/example_dynamic_task_mapping_with_no_taskflow_operators.py
[2026-02-10T23:41:04.982+0000] {processor.py:840} INFO - DAG(s) 'example_dynamic_task_mapping_with_no_taskflow_operators' retrieved from /home/airflow/.local/lib/python3.12/site-packages/airflow/example_dags/example_dynamic_task_mapping_with_no_taskflow_operators.py
[2026-02-10T23:41:05.003+0000] {logging_mixin.py:188} INFO - [2026-02-10T23:41:05.003+0000] {dag.py:3096} INFO - Sync 1 DAGs
[2026-02-10T23:41:05.024+0000] {logging_mixin.py:188} INFO - [2026-02-10T23:41:05.024+0000] {dag.py:3954} INFO - Setting next_dagrun for example_dynamic_task_mapping_with_no_taskflow_operators to 2026-02-09 00:00:00+00:00, run_after=2026-02-10 00:00:00+00:00
[2026-02-10T23:41:05.045+0000] {processor.py:183} INFO - Processing /home/airflow/.local/lib/python3.12/site-packages/airflow/example_dags/example_dynamic_task_mapping_with_no_taskflow_operators.py took 0.078 seconds
[2026-02-10T23:41:35.284+0000] {processor.py:161} INFO - Started process (PID=4358) to work on /home/airflow/.local/lib/python3.12/site-packages/airflow/example_dags/example_dynamic_task_mapping_with_no_taskflow_operators.py
[2026-02-10T23:41:35.285+0000] {processor.py:830} INFO - Processing file /home/airflow/.local/lib/python3.12/site-packages/airflow/example_dags/example_dynamic_task_mapping_with_no_taskflow_operators.py for tasks to queue
[2026-02-10T23:41:35.287+0000] {logging_mixin.py:188} INFO - [2026-02-10T23:41:35.286+0000] {dagbag.py:540} INFO - Filling up the DagBag from /home/airflow/.local/lib/python3.12/site-packages/airflow/example_dags/example_dynamic_task_mapping_with_no_taskflow_operators.py
[2026-02-10T23:41:35.293+0000] {processor.py:840} INFO - DAG(s) 'example_dynamic_task_mapping_with_no_taskflow_operators' retrieved from /home/airflow/.local/lib/python3.12/site-packages/airflow/example_dags/example_dynamic_task_mapping_with_no_taskflow_operators.py
[2026-02-10T23:41:35.313+0000] {logging_mixin.py:188} INFO - [2026-02-10T23:41:35.312+0000] {dag.py:3096} INFO - Sync 1 DAGs
[2026-02-10T23:41:35.333+0000] {logging_mixin.py:188} INFO - [2026-02-10T23:41:35.333+0000] {dag.py:3954} INFO - Setting next_dagrun for example_dynamic_task_mapping_with_no_taskflow_operators to 2026-02-09 00:00:00+00:00, run_after=2026-02-10 00:00:00+00:00
[2026-02-10T23:41:35.352+0000] {processor.py:183} INFO - Processing /home/airflow/.local/lib/python3.12/site-packages/airflow/example_dags/example_dynamic_task_mapping_with_no_taskflow_operators.py took 0.074 seconds
[2026-02-10T23:42:06.049+0000] {processor.py:161} INFO - Started process (PID=4412) to work on /home/airflow/.local/lib/python3.12/site-packages/airflow/example_dags/example_dynamic_task_mapping_with_no_taskflow_operators.py
[2026-02-10T23:42:06.050+0000] {processor.py:830} INFO - Processing file /home/airflow/.local/lib/python3.12/site-packages/airflow/example_dags/example_dynamic_task_mapping_with_no_taskflow_operators.py for tasks to queue
[2026-02-10T23:42:06.053+0000] {logging_mixin.py:188} INFO - [2026-02-10T23:42:06.052+0000] {dagbag.py:540} INFO - Filling up the DagBag from /home/airflow/.local/lib/python3.12/site-packages/airflow/example_dags/example_dynamic_task_mapping_with_no_taskflow_operators.py
[2026-02-10T23:42:06.060+0000] {processor.py:840} INFO - DAG(s) 'example_dynamic_task_mapping_with_no_taskflow_operators' retrieved from /home/airflow/.local/lib/python3.12/site-packages/airflow/example_dags/example_dynamic_task_mapping_with_no_taskflow_operators.py
[2026-02-10T23:42:06.083+0000] {logging_mixin.py:188} INFO - [2026-02-10T23:42:06.083+0000] {dag.py:3096} INFO - Sync 1 DAGs
[2026-02-10T23:42:06.109+0000] {logging_mixin.py:188} INFO - [2026-02-10T23:42:06.109+0000] {dag.py:3954} INFO - Setting next_dagrun for example_dynamic_task_mapping_with_no_taskflow_operators to 2026-02-09 00:00:00+00:00, run_after=2026-02-10 00:00:00+00:00
[2026-02-10T23:42:06.131+0000] {processor.py:183} INFO - Processing /home/airflow/.local/lib/python3.12/site-packages/airflow/example_dags/example_dynamic_task_mapping_with_no_taskflow_operators.py took 0.089 seconds
[2026-02-10T23:42:36.530+0000] {processor.py:161} INFO - Started process (PID=4466) to work on /home/airflow/.local/lib/python3.12/site-packages/airflow/example_dags/example_dynamic_task_mapping_with_no_taskflow_operators.py
[2026-02-10T23:42:36.532+0000] {processor.py:830} INFO - Processing file /home/airflow/.local/lib/python3.12/site-packages/airflow/example_dags/example_dynamic_task_mapping_with_no_taskflow_operators.py for tasks to queue
[2026-02-10T23:42:36.536+0000] {logging_mixin.py:188} INFO - [2026-02-10T23:42:36.535+0000] {dagbag.py:540} INFO - Filling up the DagBag from /home/airflow/.local/lib/python3.12/site-packages/airflow/example_dags/example_dynamic_task_mapping_with_no_taskflow_operators.py
[2026-02-10T23:42:36.543+0000] {processor.py:840} INFO - DAG(s) 'example_dynamic_task_mapping_with_no_taskflow_operators' retrieved from /home/airflow/.local/lib/python3.12/site-packages/airflow/example_dags/example_dynamic_task_mapping_with_no_taskflow_operators.py
[2026-02-10T23:42:36.567+0000] {logging_mixin.py:188} INFO - [2026-02-10T23:42:36.567+0000] {dag.py:3096} INFO - Sync 1 DAGs
[2026-02-10T23:42:36.592+0000] {logging_mixin.py:188} INFO - [2026-02-10T23:42:36.591+0000] {dag.py:3954} INFO - Setting next_dagrun for example_dynamic_task_mapping_with_no_taskflow_operators to 2026-02-09 00:00:00+00:00, run_after=2026-02-10 00:00:00+00:00
[2026-02-10T23:42:36.615+0000] {processor.py:183} INFO - Processing /home/airflow/.local/lib/python3.12/site-packages/airflow/example_dags/example_dynamic_task_mapping_with_no_taskflow_operators.py took 0.092 seconds
[2026-02-10T23:43:07.578+0000] {processor.py:161} INFO - Started process (PID=4520) to work on /home/airflow/.local/lib/python3.12/site-packages/airflow/example_dags/example_dynamic_task_mapping_with_no_taskflow_operators.py
[2026-02-10T23:43:07.579+0000] {processor.py:830} INFO - Processing file /home/airflow/.local/lib/python3.12/site-packages/airflow/example_dags/example_dynamic_task_mapping_with_no_taskflow_operators.py for tasks to queue
[2026-02-10T23:43:07.581+0000] {logging_mixin.py:188} INFO - [2026-02-10T23:43:07.581+0000] {dagbag.py:540} INFO - Filling up the DagBag from /home/airflow/.local/lib/python3.12/site-packages/airflow/example_dags/example_dynamic_task_mapping_with_no_taskflow_operators.py
[2026-02-10T23:43:07.588+0000] {processor.py:840} INFO - DAG(s) 'example_dynamic_task_mapping_with_no_taskflow_operators' retrieved from /home/airflow/.local/lib/python3.12/site-packages/airflow/example_dags/example_dynamic_task_mapping_with_no_taskflow_operators.py
[2026-02-10T23:43:07.607+0000] {logging_mixin.py:188} INFO - [2026-02-10T23:43:07.607+0000] {dag.py:3096} INFO - Sync 1 DAGs
[2026-02-10T23:43:07.630+0000] {logging_mixin.py:188} INFO - [2026-02-10T23:43:07.630+0000] {dag.py:3954} INFO - Setting next_dagrun for example_dynamic_task_mapping_with_no_taskflow_operators to 2026-02-09 00:00:00+00:00, run_after=2026-02-10 00:00:00+00:00
[2026-02-10T23:43:07.662+0000] {processor.py:183} INFO - Processing /home/airflow/.local/lib/python3.12/site-packages/airflow/example_dags/example_dynamic_task_mapping_with_no_taskflow_operators.py took 0.090 seconds
[2026-02-10T23:43:38.161+0000] {processor.py:161} INFO - Started process (PID=4574) to work on /home/airflow/.local/lib/python3.12/site-packages/airflow/example_dags/example_dynamic_task_mapping_with_no_taskflow_operators.py
[2026-02-10T23:43:38.162+0000] {processor.py:830} INFO - Processing file /home/airflow/.local/lib/python3.12/site-packages/airflow/example_dags/example_dynamic_task_mapping_with_no_taskflow_operators.py for tasks to queue
[2026-02-10T23:43:38.165+0000] {logging_mixin.py:188} INFO - [2026-02-10T23:43:38.164+0000] {dagbag.py:540} INFO - Filling up the DagBag from /home/airflow/.local/lib/python3.12/site-packages/airflow/example_dags/example_dynamic_task_mapping_with_no_taskflow_operators.py
[2026-02-10T23:43:38.172+0000] {processor.py:840} INFO - DAG(s) 'example_dynamic_task_mapping_with_no_taskflow_operators' retrieved from /home/airflow/.local/lib/python3.12/site-packages/airflow/example_dags/example_dynamic_task_mapping_with_no_taskflow_operators.py
[2026-02-10T23:43:38.195+0000] {logging_mixin.py:188} INFO - [2026-02-10T23:43:38.195+0000] {dag.py:3096} INFO - Sync 1 DAGs
[2026-02-10T23:43:38.232+0000] {logging_mixin.py:188} INFO - [2026-02-10T23:43:38.231+0000] {dag.py:3954} INFO - Setting next_dagrun for example_dynamic_task_mapping_with_no_taskflow_operators to 2026-02-09 00:00:00+00:00, run_after=2026-02-10 00:00:00+00:00
[2026-02-10T23:43:38.255+0000] {processor.py:183} INFO - Processing /home/airflow/.local/lib/python3.12/site-packages/airflow/example_dags/example_dynamic_task_mapping_with_no_taskflow_operators.py took 0.101 seconds
[2026-02-10T23:44:08.625+0000] {processor.py:161} INFO - Started process (PID=4628) to work on /home/airflow/.local/lib/python3.12/site-packages/airflow/example_dags/example_dynamic_task_mapping_with_no_taskflow_operators.py
[2026-02-10T23:44:08.626+0000] {processor.py:830} INFO - Processing file /home/airflow/.local/lib/python3.12/site-packages/airflow/example_dags/example_dynamic_task_mapping_with_no_taskflow_operators.py for tasks to queue
[2026-02-10T23:44:08.628+0000] {logging_mixin.py:188} INFO - [2026-02-10T23:44:08.628+0000] {dagbag.py:540} INFO - Filling up the DagBag from /home/airflow/.local/lib/python3.12/site-packages/airflow/example_dags/example_dynamic_task_mapping_with_no_taskflow_operators.py
[2026-02-10T23:44:08.635+0000] {processor.py:840} INFO - DAG(s) 'example_dynamic_task_mapping_with_no_taskflow_operators' retrieved from /home/airflow/.local/lib/python3.12/site-packages/airflow/example_dags/example_dynamic_task_mapping_with_no_taskflow_operators.py
[2026-02-10T23:44:08.653+0000] {logging_mixin.py:188} INFO - [2026-02-10T23:44:08.653+0000] {dag.py:3096} INFO - Sync 1 DAGs
[2026-02-10T23:44:08.674+0000] {logging_mixin.py:188} INFO - [2026-02-10T23:44:08.673+0000] {dag.py:3954} INFO - Setting next_dagrun for example_dynamic_task_mapping_with_no_taskflow_operators to 2026-02-09 00:00:00+00:00, run_after=2026-02-10 00:00:00+00:00
[2026-02-10T23:44:08.696+0000] {processor.py:183} INFO - Processing /home/airflow/.local/lib/python3.12/site-packages/airflow/example_dags/example_dynamic_task_mapping_with_no_taskflow_operators.py took 0.076 seconds
[2026-02-10T23:44:38.998+0000] {processor.py:161} INFO - Started process (PID=4682) to work on /home/airflow/.local/lib/python3.12/site-packages/airflow/example_dags/example_dynamic_task_mapping_with_no_taskflow_operators.py
[2026-02-10T23:44:39.000+0000] {processor.py:830} INFO - Processing file /home/airflow/.local/lib/python3.12/site-packages/airflow/example_dags/example_dynamic_task_mapping_with_no_taskflow_operators.py for tasks to queue
[2026-02-10T23:44:39.002+0000] {logging_mixin.py:188} INFO - [2026-02-10T23:44:39.002+0000] {dagbag.py:540} INFO - Filling up the DagBag from /home/airflow/.local/lib/python3.12/site-packages/airflow/example_dags/example_dynamic_task_mapping_with_no_taskflow_operators.py
[2026-02-10T23:44:39.009+0000] {processor.py:840} INFO - DAG(s) 'example_dynamic_task_mapping_with_no_taskflow_operators' retrieved from /home/airflow/.local/lib/python3.12/site-packages/airflow/example_dags/example_dynamic_task_mapping_with_no_taskflow_operators.py
[2026-02-10T23:44:39.029+0000] {logging_mixin.py:188} INFO - [2026-02-10T23:44:39.028+0000] {dag.py:3096} INFO - Sync 1 DAGs
[2026-02-10T23:44:39.056+0000] {logging_mixin.py:188} INFO - [2026-02-10T23:44:39.056+0000] {dag.py:3954} INFO - Setting next_dagrun for example_dynamic_task_mapping_with_no_taskflow_operators to 2026-02-09 00:00:00+00:00, run_after=2026-02-10 00:00:00+00:00
[2026-02-10T23:44:39.076+0000] {processor.py:183} INFO - Processing /home/airflow/.local/lib/python3.12/site-packages/airflow/example_dags/example_dynamic_task_mapping_with_no_taskflow_operators.py took 0.084 seconds
[2026-02-10T23:45:09.363+0000] {processor.py:161} INFO - Started process (PID=4736) to work on /home/airflow/.local/lib/python3.12/site-packages/airflow/example_dags/example_dynamic_task_mapping_with_no_taskflow_operators.py
[2026-02-10T23:45:09.365+0000] {processor.py:830} INFO - Processing file /home/airflow/.local/lib/python3.12/site-packages/airflow/example_dags/example_dynamic_task_mapping_with_no_taskflow_operators.py for tasks to queue
[2026-02-10T23:45:09.368+0000] {logging_mixin.py:188} INFO - [2026-02-10T23:45:09.367+0000] {dagbag.py:540} INFO - Filling up the DagBag from /home/airflow/.local/lib/python3.12/site-packages/airflow/example_dags/example_dynamic_task_mapping_with_no_taskflow_operators.py
[2026-02-10T23:45:09.378+0000] {processor.py:840} INFO - DAG(s) 'example_dynamic_task_mapping_with_no_taskflow_operators' retrieved from /home/airflow/.local/lib/python3.12/site-packages/airflow/example_dags/example_dynamic_task_mapping_with_no_taskflow_operators.py
[2026-02-10T23:45:09.400+0000] {logging_mixin.py:188} INFO - [2026-02-10T23:45:09.399+0000] {dag.py:3096} INFO - Sync 1 DAGs
[2026-02-10T23:45:09.419+0000] {logging_mixin.py:188} INFO - [2026-02-10T23:45:09.419+0000] {dag.py:3954} INFO - Setting next_dagrun for example_dynamic_task_mapping_with_no_taskflow_operators to 2026-02-09 00:00:00+00:00, run_after=2026-02-10 00:00:00+00:00
[2026-02-10T23:45:09.442+0000] {processor.py:183} INFO - Processing /home/airflow/.local/lib/python3.12/site-packages/airflow/example_dags/example_dynamic_task_mapping_with_no_taskflow_operators.py took 0.088 seconds
[2026-02-10T23:45:39.905+0000] {processor.py:161} INFO - Started process (PID=4790) to work on /home/airflow/.local/lib/python3.12/site-packages/airflow/example_dags/example_dynamic_task_mapping_with_no_taskflow_operators.py
[2026-02-10T23:45:39.907+0000] {processor.py:830} INFO - Processing file /home/airflow/.local/lib/python3.12/site-packages/airflow/example_dags/example_dynamic_task_mapping_with_no_taskflow_operators.py for tasks to queue
[2026-02-10T23:45:39.909+0000] {logging_mixin.py:188} INFO - [2026-02-10T23:45:39.909+0000] {dagbag.py:540} INFO - Filling up the DagBag from /home/airflow/.local/lib/python3.12/site-packages/airflow/example_dags/example_dynamic_task_mapping_with_no_taskflow_operators.py
[2026-02-10T23:45:39.916+0000] {processor.py:840} INFO - DAG(s) 'example_dynamic_task_mapping_with_no_taskflow_operators' retrieved from /home/airflow/.local/lib/python3.12/site-packages/airflow/example_dags/example_dynamic_task_mapping_with_no_taskflow_operators.py
[2026-02-10T23:45:39.940+0000] {logging_mixin.py:188} INFO - [2026-02-10T23:45:39.940+0000] {dag.py:3096} INFO - Sync 1 DAGs
[2026-02-10T23:45:39.966+0000] {logging_mixin.py:188} INFO - [2026-02-10T23:45:39.966+0000] {dag.py:3954} INFO - Setting next_dagrun for example_dynamic_task_mapping_with_no_taskflow_operators to 2026-02-09 00:00:00+00:00, run_after=2026-02-10 00:00:00+00:00
[2026-02-10T23:45:39.985+0000] {processor.py:183} INFO - Processing /home/airflow/.local/lib/python3.12/site-packages/airflow/example_dags/example_dynamic_task_mapping_with_no_taskflow_operators.py took 0.087 seconds
[2026-02-10T23:46:10.195+0000] {processor.py:161} INFO - Started process (PID=4844) to work on /home/airflow/.local/lib/python3.12/site-packages/airflow/example_dags/example_dynamic_task_mapping_with_no_taskflow_operators.py
[2026-02-10T23:46:10.197+0000] {processor.py:830} INFO - Processing file /home/airflow/.local/lib/python3.12/site-packages/airflow/example_dags/example_dynamic_task_mapping_with_no_taskflow_operators.py for tasks to queue
[2026-02-10T23:46:10.199+0000] {logging_mixin.py:188} INFO - [2026-02-10T23:46:10.199+0000] {dagbag.py:540} INFO - Filling up the DagBag from /home/airflow/.local/lib/python3.12/site-packages/airflow/example_dags/example_dynamic_task_mapping_with_no_taskflow_operators.py
[2026-02-10T23:46:10.209+0000] {processor.py:840} INFO - DAG(s) 'example_dynamic_task_mapping_with_no_taskflow_operators' retrieved from /home/airflow/.local/lib/python3.12/site-packages/airflow/example_dags/example_dynamic_task_mapping_with_no_taskflow_operators.py
[2026-02-10T23:46:10.235+0000] {logging_mixin.py:188} INFO - [2026-02-10T23:46:10.234+0000] {dag.py:3096} INFO - Sync 1 DAGs
[2026-02-10T23:46:10.266+0000] {logging_mixin.py:188} INFO - [2026-02-10T23:46:10.266+0000] {dag.py:3954} INFO - Setting next_dagrun for example_dynamic_task_mapping_with_no_taskflow_operators to 2026-02-09 00:00:00+00:00, run_after=2026-02-10 00:00:00+00:00
[2026-02-10T23:46:10.293+0000] {processor.py:183} INFO - Processing /home/airflow/.local/lib/python3.12/site-packages/airflow/example_dags/example_dynamic_task_mapping_with_no_taskflow_operators.py took 0.108 seconds
[2026-02-10T23:46:41.197+0000] {processor.py:161} INFO - Started process (PID=4898) to work on /home/airflow/.local/lib/python3.12/site-packages/airflow/example_dags/example_dynamic_task_mapping_with_no_taskflow_operators.py
[2026-02-10T23:46:41.198+0000] {processor.py:830} INFO - Processing file /home/airflow/.local/lib/python3.12/site-packages/airflow/example_dags/example_dynamic_task_mapping_with_no_taskflow_operators.py for tasks to queue
[2026-02-10T23:46:41.200+0000] {logging_mixin.py:188} INFO - [2026-02-10T23:46:41.199+0000] {dagbag.py:540} INFO - Filling up the DagBag from /home/airflow/.local/lib/python3.12/site-packages/airflow/example_dags/example_dynamic_task_mapping_with_no_taskflow_operators.py
[2026-02-10T23:46:41.206+0000] {processor.py:840} INFO - DAG(s) 'example_dynamic_task_mapping_with_no_taskflow_operators' retrieved from /home/airflow/.local/lib/python3.12/site-packages/airflow/example_dags/example_dynamic_task_mapping_with_no_taskflow_operators.py
[2026-02-10T23:46:41.226+0000] {logging_mixin.py:188} INFO - [2026-02-10T23:46:41.226+0000] {dag.py:3096} INFO - Sync 1 DAGs
[2026-02-10T23:46:41.246+0000] {logging_mixin.py:188} INFO - [2026-02-10T23:46:41.246+0000] {dag.py:3954} INFO - Setting next_dagrun for example_dynamic_task_mapping_with_no_taskflow_operators to 2026-02-09 00:00:00+00:00, run_after=2026-02-10 00:00:00+00:00
[2026-02-10T23:46:41.267+0000] {processor.py:183} INFO - Processing /home/airflow/.local/lib/python3.12/site-packages/airflow/example_dags/example_dynamic_task_mapping_with_no_taskflow_operators.py took 0.076 seconds
[2026-02-10T23:47:11.687+0000] {processor.py:161} INFO - Started process (PID=4952) to work on /home/airflow/.local/lib/python3.12/site-packages/airflow/example_dags/example_dynamic_task_mapping_with_no_taskflow_operators.py
[2026-02-10T23:47:11.688+0000] {processor.py:830} INFO - Processing file /home/airflow/.local/lib/python3.12/site-packages/airflow/example_dags/example_dynamic_task_mapping_with_no_taskflow_operators.py for tasks to queue
[2026-02-10T23:47:11.690+0000] {logging_mixin.py:188} INFO - [2026-02-10T23:47:11.690+0000] {dagbag.py:540} INFO - Filling up the DagBag from /home/airflow/.local/lib/python3.12/site-packages/airflow/example_dags/example_dynamic_task_mapping_with_no_taskflow_operators.py
[2026-02-10T23:47:11.696+0000] {processor.py:840} INFO - DAG(s) 'example_dynamic_task_mapping_with_no_taskflow_operators' retrieved from /home/airflow/.local/lib/python3.12/site-packages/airflow/example_dags/example_dynamic_task_mapping_with_no_taskflow_operators.py
[2026-02-10T23:47:11.716+0000] {logging_mixin.py:188} INFO - [2026-02-10T23:47:11.716+0000] {dag.py:3096} INFO - Sync 1 DAGs
[2026-02-10T23:47:11.736+0000] {logging_mixin.py:188} INFO - [2026-02-10T23:47:11.736+0000] {dag.py:3954} INFO - Setting next_dagrun for example_dynamic_task_mapping_with_no_taskflow_operators to 2026-02-09 00:00:00+00:00, run_after=2026-02-10 00:00:00+00:00
[2026-02-10T23:47:11.769+0000] {processor.py:183} INFO - Processing /home/airflow/.local/lib/python3.12/site-packages/airflow/example_dags/example_dynamic_task_mapping_with_no_taskflow_operators.py took 0.088 seconds
[2026-02-10T23:47:42.365+0000] {processor.py:161} INFO - Started process (PID=5006) to work on /home/airflow/.local/lib/python3.12/site-packages/airflow/example_dags/example_dynamic_task_mapping_with_no_taskflow_operators.py
[2026-02-10T23:47:42.366+0000] {processor.py:830} INFO - Processing file /home/airflow/.local/lib/python3.12/site-packages/airflow/example_dags/example_dynamic_task_mapping_with_no_taskflow_operators.py for tasks to queue
[2026-02-10T23:47:42.369+0000] {logging_mixin.py:188} INFO - [2026-02-10T23:47:42.369+0000] {dagbag.py:540} INFO - Filling up the DagBag from /home/airflow/.local/lib/python3.12/site-packages/airflow/example_dags/example_dynamic_task_mapping_with_no_taskflow_operators.py
[2026-02-10T23:47:42.379+0000] {processor.py:840} INFO - DAG(s) 'example_dynamic_task_mapping_with_no_taskflow_operators' retrieved from /home/airflow/.local/lib/python3.12/site-packages/airflow/example_dags/example_dynamic_task_mapping_with_no_taskflow_operators.py
[2026-02-10T23:47:42.406+0000] {logging_mixin.py:188} INFO - [2026-02-10T23:47:42.406+0000] {dag.py:3096} INFO - Sync 1 DAGs
[2026-02-10T23:47:42.431+0000] {logging_mixin.py:188} INFO - [2026-02-10T23:47:42.430+0000] {dag.py:3954} INFO - Setting next_dagrun for example_dynamic_task_mapping_with_no_taskflow_operators to 2026-02-09 00:00:00+00:00, run_after=2026-02-10 00:00:00+00:00
[2026-02-10T23:47:42.452+0000] {processor.py:183} INFO - Processing /home/airflow/.local/lib/python3.12/site-packages/airflow/example_dags/example_dynamic_task_mapping_with_no_taskflow_operators.py took 0.096 seconds
[2026-02-10T23:48:12.935+0000] {processor.py:161} INFO - Started process (PID=5060) to work on /home/airflow/.local/lib/python3.12/site-packages/airflow/example_dags/example_dynamic_task_mapping_with_no_taskflow_operators.py
[2026-02-10T23:48:12.936+0000] {processor.py:830} INFO - Processing file /home/airflow/.local/lib/python3.12/site-packages/airflow/example_dags/example_dynamic_task_mapping_with_no_taskflow_operators.py for tasks to queue
[2026-02-10T23:48:12.938+0000] {logging_mixin.py:188} INFO - [2026-02-10T23:48:12.938+0000] {dagbag.py:540} INFO - Filling up the DagBag from /home/airflow/.local/lib/python3.12/site-packages/airflow/example_dags/example_dynamic_task_mapping_with_no_taskflow_operators.py
[2026-02-10T23:48:12.944+0000] {processor.py:840} INFO - DAG(s) 'example_dynamic_task_mapping_with_no_taskflow_operators' retrieved from /home/airflow/.local/lib/python3.12/site-packages/airflow/example_dags/example_dynamic_task_mapping_with_no_taskflow_operators.py
[2026-02-10T23:48:12.964+0000] {logging_mixin.py:188} INFO - [2026-02-10T23:48:12.964+0000] {dag.py:3096} INFO - Sync 1 DAGs
[2026-02-10T23:48:12.985+0000] {logging_mixin.py:188} INFO - [2026-02-10T23:48:12.985+0000] {dag.py:3954} INFO - Setting next_dagrun for example_dynamic_task_mapping_with_no_taskflow_operators to 2026-02-09 00:00:00+00:00, run_after=2026-02-10 00:00:00+00:00
[2026-02-10T23:48:13.005+0000] {processor.py:183} INFO - Processing /home/airflow/.local/lib/python3.12/site-packages/airflow/example_dags/example_dynamic_task_mapping_with_no_taskflow_operators.py took 0.076 seconds
[2026-02-10T23:48:43.158+0000] {processor.py:161} INFO - Started process (PID=5114) to work on /home/airflow/.local/lib/python3.12/site-packages/airflow/example_dags/example_dynamic_task_mapping_with_no_taskflow_operators.py
[2026-02-10T23:48:43.159+0000] {processor.py:830} INFO - Processing file /home/airflow/.local/lib/python3.12/site-packages/airflow/example_dags/example_dynamic_task_mapping_with_no_taskflow_operators.py for tasks to queue
[2026-02-10T23:48:43.161+0000] {logging_mixin.py:188} INFO - [2026-02-10T23:48:43.161+0000] {dagbag.py:540} INFO - Filling up the DagBag from /home/airflow/.local/lib/python3.12/site-packages/airflow/example_dags/example_dynamic_task_mapping_with_no_taskflow_operators.py
[2026-02-10T23:48:43.168+0000] {processor.py:840} INFO - DAG(s) 'example_dynamic_task_mapping_with_no_taskflow_operators' retrieved from /home/airflow/.local/lib/python3.12/site-packages/airflow/example_dags/example_dynamic_task_mapping_with_no_taskflow_operators.py
[2026-02-10T23:48:43.188+0000] {logging_mixin.py:188} INFO - [2026-02-10T23:48:43.188+0000] {dag.py:3096} INFO - Sync 1 DAGs
[2026-02-10T23:48:43.208+0000] {logging_mixin.py:188} INFO - [2026-02-10T23:48:43.208+0000] {dag.py:3954} INFO - Setting next_dagrun for example_dynamic_task_mapping_with_no_taskflow_operators to 2026-02-09 00:00:00+00:00, run_after=2026-02-10 00:00:00+00:00
[2026-02-10T23:48:43.239+0000] {processor.py:183} INFO - Processing /home/airflow/.local/lib/python3.12/site-packages/airflow/example_dags/example_dynamic_task_mapping_with_no_taskflow_operators.py took 0.087 seconds
[2026-02-10T23:49:13.369+0000] {processor.py:161} INFO - Started process (PID=5168) to work on /home/airflow/.local/lib/python3.12/site-packages/airflow/example_dags/example_dynamic_task_mapping_with_no_taskflow_operators.py
[2026-02-10T23:49:13.371+0000] {processor.py:830} INFO - Processing file /home/airflow/.local/lib/python3.12/site-packages/airflow/example_dags/example_dynamic_task_mapping_with_no_taskflow_operators.py for tasks to queue
[2026-02-10T23:49:13.373+0000] {logging_mixin.py:188} INFO - [2026-02-10T23:49:13.373+0000] {dagbag.py:540} INFO - Filling up the DagBag from /home/airflow/.local/lib/python3.12/site-packages/airflow/example_dags/example_dynamic_task_mapping_with_no_taskflow_operators.py
[2026-02-10T23:49:13.380+0000] {processor.py:840} INFO - DAG(s) 'example_dynamic_task_mapping_with_no_taskflow_operators' retrieved from /home/airflow/.local/lib/python3.12/site-packages/airflow/example_dags/example_dynamic_task_mapping_with_no_taskflow_operators.py
[2026-02-10T23:49:13.401+0000] {logging_mixin.py:188} INFO - [2026-02-10T23:49:13.401+0000] {dag.py:3096} INFO - Sync 1 DAGs
[2026-02-10T23:49:13.421+0000] {logging_mixin.py:188} INFO - [2026-02-10T23:49:13.421+0000] {dag.py:3954} INFO - Setting next_dagrun for example_dynamic_task_mapping_with_no_taskflow_operators to 2026-02-09 00:00:00+00:00, run_after=2026-02-10 00:00:00+00:00
[2026-02-10T23:49:13.451+0000] {processor.py:183} INFO - Processing /home/airflow/.local/lib/python3.12/site-packages/airflow/example_dags/example_dynamic_task_mapping_with_no_taskflow_operators.py took 0.087 seconds
[2026-02-10T23:49:43.680+0000] {processor.py:161} INFO - Started process (PID=5222) to work on /home/airflow/.local/lib/python3.12/site-packages/airflow/example_dags/example_dynamic_task_mapping_with_no_taskflow_operators.py
[2026-02-10T23:49:43.682+0000] {processor.py:830} INFO - Processing file /home/airflow/.local/lib/python3.12/site-packages/airflow/example_dags/example_dynamic_task_mapping_with_no_taskflow_operators.py for tasks to queue
[2026-02-10T23:49:43.685+0000] {logging_mixin.py:188} INFO - [2026-02-10T23:49:43.684+0000] {dagbag.py:540} INFO - Filling up the DagBag from /home/airflow/.local/lib/python3.12/site-packages/airflow/example_dags/example_dynamic_task_mapping_with_no_taskflow_operators.py
[2026-02-10T23:49:43.693+0000] {processor.py:840} INFO - DAG(s) 'example_dynamic_task_mapping_with_no_taskflow_operators' retrieved from /home/airflow/.local/lib/python3.12/site-packages/airflow/example_dags/example_dynamic_task_mapping_with_no_taskflow_operators.py
[2026-02-10T23:49:43.725+0000] {logging_mixin.py:188} INFO - [2026-02-10T23:49:43.725+0000] {dag.py:3096} INFO - Sync 1 DAGs
[2026-02-10T23:49:43.752+0000] {logging_mixin.py:188} INFO - [2026-02-10T23:49:43.751+0000] {dag.py:3954} INFO - Setting next_dagrun for example_dynamic_task_mapping_with_no_taskflow_operators to 2026-02-09 00:00:00+00:00, run_after=2026-02-10 00:00:00+00:00
[2026-02-10T23:49:43.774+0000] {processor.py:183} INFO - Processing /home/airflow/.local/lib/python3.12/site-packages/airflow/example_dags/example_dynamic_task_mapping_with_no_taskflow_operators.py took 0.103 seconds
[2026-02-10T23:50:13.861+0000] {processor.py:161} INFO - Started process (PID=5276) to work on /home/airflow/.local/lib/python3.12/site-packages/airflow/example_dags/example_dynamic_task_mapping_with_no_taskflow_operators.py
[2026-02-10T23:50:13.863+0000] {processor.py:830} INFO - Processing file /home/airflow/.local/lib/python3.12/site-packages/airflow/example_dags/example_dynamic_task_mapping_with_no_taskflow_operators.py for tasks to queue
[2026-02-10T23:50:13.865+0000] {logging_mixin.py:188} INFO - [2026-02-10T23:50:13.864+0000] {dagbag.py:540} INFO - Filling up the DagBag from /home/airflow/.local/lib/python3.12/site-packages/airflow/example_dags/example_dynamic_task_mapping_with_no_taskflow_operators.py
[2026-02-10T23:50:13.871+0000] {processor.py:840} INFO - DAG(s) 'example_dynamic_task_mapping_with_no_taskflow_operators' retrieved from /home/airflow/.local/lib/python3.12/site-packages/airflow/example_dags/example_dynamic_task_mapping_with_no_taskflow_operators.py
[2026-02-10T23:50:13.893+0000] {logging_mixin.py:188} INFO - [2026-02-10T23:50:13.893+0000] {dag.py:3096} INFO - Sync 1 DAGs
[2026-02-10T23:50:13.916+0000] {logging_mixin.py:188} INFO - [2026-02-10T23:50:13.916+0000] {dag.py:3954} INFO - Setting next_dagrun for example_dynamic_task_mapping_with_no_taskflow_operators to 2026-02-09 00:00:00+00:00, run_after=2026-02-10 00:00:00+00:00
[2026-02-10T23:50:13.938+0000] {processor.py:183} INFO - Processing /home/airflow/.local/lib/python3.12/site-packages/airflow/example_dags/example_dynamic_task_mapping_with_no_taskflow_operators.py took 0.083 seconds
[2026-02-10T23:50:44.281+0000] {processor.py:161} INFO - Started process (PID=5330) to work on /home/airflow/.local/lib/python3.12/site-packages/airflow/example_dags/example_dynamic_task_mapping_with_no_taskflow_operators.py
[2026-02-10T23:50:44.283+0000] {processor.py:830} INFO - Processing file /home/airflow/.local/lib/python3.12/site-packages/airflow/example_dags/example_dynamic_task_mapping_with_no_taskflow_operators.py for tasks to queue
[2026-02-10T23:50:44.285+0000] {logging_mixin.py:188} INFO - [2026-02-10T23:50:44.285+0000] {dagbag.py:540} INFO - Filling up the DagBag from /home/airflow/.local/lib/python3.12/site-packages/airflow/example_dags/example_dynamic_task_mapping_with_no_taskflow_operators.py
[2026-02-10T23:50:44.292+0000] {processor.py:840} INFO - DAG(s) 'example_dynamic_task_mapping_with_no_taskflow_operators' retrieved from /home/airflow/.local/lib/python3.12/site-packages/airflow/example_dags/example_dynamic_task_mapping_with_no_taskflow_operators.py
[2026-02-10T23:50:44.313+0000] {logging_mixin.py:188} INFO - [2026-02-10T23:50:44.313+0000] {dag.py:3096} INFO - Sync 1 DAGs
[2026-02-10T23:50:44.335+0000] {logging_mixin.py:188} INFO - [2026-02-10T23:50:44.335+0000] {dag.py:3954} INFO - Setting next_dagrun for example_dynamic_task_mapping_with_no_taskflow_operators to 2026-02-09 00:00:00+00:00, run_after=2026-02-10 00:00:00+00:00
[2026-02-10T23:50:44.355+0000] {processor.py:183} INFO - Processing /home/airflow/.local/lib/python3.12/site-packages/airflow/example_dags/example_dynamic_task_mapping_with_no_taskflow_operators.py took 0.079 seconds
[2026-02-10T23:51:14.564+0000] {processor.py:161} INFO - Started process (PID=5384) to work on /home/airflow/.local/lib/python3.12/site-packages/airflow/example_dags/example_dynamic_task_mapping_with_no_taskflow_operators.py
[2026-02-10T23:51:14.565+0000] {processor.py:830} INFO - Processing file /home/airflow/.local/lib/python3.12/site-packages/airflow/example_dags/example_dynamic_task_mapping_with_no_taskflow_operators.py for tasks to queue
[2026-02-10T23:51:14.567+0000] {logging_mixin.py:188} INFO - [2026-02-10T23:51:14.567+0000] {dagbag.py:540} INFO - Filling up the DagBag from /home/airflow/.local/lib/python3.12/site-packages/airflow/example_dags/example_dynamic_task_mapping_with_no_taskflow_operators.py
[2026-02-10T23:51:14.577+0000] {processor.py:840} INFO - DAG(s) 'example_dynamic_task_mapping_with_no_taskflow_operators' retrieved from /home/airflow/.local/lib/python3.12/site-packages/airflow/example_dags/example_dynamic_task_mapping_with_no_taskflow_operators.py
[2026-02-10T23:51:14.600+0000] {logging_mixin.py:188} INFO - [2026-02-10T23:51:14.599+0000] {dag.py:3096} INFO - Sync 1 DAGs
[2026-02-10T23:51:14.626+0000] {logging_mixin.py:188} INFO - [2026-02-10T23:51:14.625+0000] {dag.py:3954} INFO - Setting next_dagrun for example_dynamic_task_mapping_with_no_taskflow_operators to 2026-02-09 00:00:00+00:00, run_after=2026-02-10 00:00:00+00:00
[2026-02-10T23:51:14.646+0000] {processor.py:183} INFO - Processing /home/airflow/.local/lib/python3.12/site-packages/airflow/example_dags/example_dynamic_task_mapping_with_no_taskflow_operators.py took 0.090 seconds
[2026-02-10T23:51:45.060+0000] {processor.py:161} INFO - Started process (PID=5438) to work on /home/airflow/.local/lib/python3.12/site-packages/airflow/example_dags/example_dynamic_task_mapping_with_no_taskflow_operators.py
[2026-02-10T23:51:45.062+0000] {processor.py:830} INFO - Processing file /home/airflow/.local/lib/python3.12/site-packages/airflow/example_dags/example_dynamic_task_mapping_with_no_taskflow_operators.py for tasks to queue
[2026-02-10T23:51:45.064+0000] {logging_mixin.py:188} INFO - [2026-02-10T23:51:45.064+0000] {dagbag.py:540} INFO - Filling up the DagBag from /home/airflow/.local/lib/python3.12/site-packages/airflow/example_dags/example_dynamic_task_mapping_with_no_taskflow_operators.py
[2026-02-10T23:51:45.071+0000] {processor.py:840} INFO - DAG(s) 'example_dynamic_task_mapping_with_no_taskflow_operators' retrieved from /home/airflow/.local/lib/python3.12/site-packages/airflow/example_dags/example_dynamic_task_mapping_with_no_taskflow_operators.py
[2026-02-10T23:51:45.095+0000] {logging_mixin.py:188} INFO - [2026-02-10T23:51:45.095+0000] {dag.py:3096} INFO - Sync 1 DAGs
[2026-02-10T23:51:45.117+0000] {logging_mixin.py:188} INFO - [2026-02-10T23:51:45.117+0000] {dag.py:3954} INFO - Setting next_dagrun for example_dynamic_task_mapping_with_no_taskflow_operators to 2026-02-09 00:00:00+00:00, run_after=2026-02-10 00:00:00+00:00
[2026-02-10T23:51:45.137+0000] {processor.py:183} INFO - Processing /home/airflow/.local/lib/python3.12/site-packages/airflow/example_dags/example_dynamic_task_mapping_with_no_taskflow_operators.py took 0.083 seconds
[2026-02-10T23:52:15.227+0000] {processor.py:161} INFO - Started process (PID=5492) to work on /home/airflow/.local/lib/python3.12/site-packages/airflow/example_dags/example_dynamic_task_mapping_with_no_taskflow_operators.py
[2026-02-10T23:52:15.228+0000] {processor.py:830} INFO - Processing file /home/airflow/.local/lib/python3.12/site-packages/airflow/example_dags/example_dynamic_task_mapping_with_no_taskflow_operators.py for tasks to queue
[2026-02-10T23:52:15.230+0000] {logging_mixin.py:188} INFO - [2026-02-10T23:52:15.229+0000] {dagbag.py:540} INFO - Filling up the DagBag from /home/airflow/.local/lib/python3.12/site-packages/airflow/example_dags/example_dynamic_task_mapping_with_no_taskflow_operators.py
[2026-02-10T23:52:15.236+0000] {processor.py:840} INFO - DAG(s) 'example_dynamic_task_mapping_with_no_taskflow_operators' retrieved from /home/airflow/.local/lib/python3.12/site-packages/airflow/example_dags/example_dynamic_task_mapping_with_no_taskflow_operators.py
[2026-02-10T23:52:15.256+0000] {logging_mixin.py:188} INFO - [2026-02-10T23:52:15.256+0000] {dag.py:3096} INFO - Sync 1 DAGs
[2026-02-10T23:52:15.278+0000] {logging_mixin.py:188} INFO - [2026-02-10T23:52:15.278+0000] {dag.py:3954} INFO - Setting next_dagrun for example_dynamic_task_mapping_with_no_taskflow_operators to 2026-02-09 00:00:00+00:00, run_after=2026-02-10 00:00:00+00:00
[2026-02-10T23:52:15.301+0000] {processor.py:183} INFO - Processing /home/airflow/.local/lib/python3.12/site-packages/airflow/example_dags/example_dynamic_task_mapping_with_no_taskflow_operators.py took 0.080 seconds
[2026-02-10T23:52:45.418+0000] {processor.py:161} INFO - Started process (PID=5546) to work on /home/airflow/.local/lib/python3.12/site-packages/airflow/example_dags/example_dynamic_task_mapping_with_no_taskflow_operators.py
[2026-02-10T23:52:45.419+0000] {processor.py:830} INFO - Processing file /home/airflow/.local/lib/python3.12/site-packages/airflow/example_dags/example_dynamic_task_mapping_with_no_taskflow_operators.py for tasks to queue
[2026-02-10T23:52:45.421+0000] {logging_mixin.py:188} INFO - [2026-02-10T23:52:45.420+0000] {dagbag.py:540} INFO - Filling up the DagBag from /home/airflow/.local/lib/python3.12/site-packages/airflow/example_dags/example_dynamic_task_mapping_with_no_taskflow_operators.py
[2026-02-10T23:52:45.429+0000] {processor.py:840} INFO - DAG(s) 'example_dynamic_task_mapping_with_no_taskflow_operators' retrieved from /home/airflow/.local/lib/python3.12/site-packages/airflow/example_dags/example_dynamic_task_mapping_with_no_taskflow_operators.py
[2026-02-10T23:52:45.450+0000] {logging_mixin.py:188} INFO - [2026-02-10T23:52:45.449+0000] {dag.py:3096} INFO - Sync 1 DAGs
[2026-02-10T23:52:45.473+0000] {logging_mixin.py:188} INFO - [2026-02-10T23:52:45.473+0000] {dag.py:3954} INFO - Setting next_dagrun for example_dynamic_task_mapping_with_no_taskflow_operators to 2026-02-09 00:00:00+00:00, run_after=2026-02-10 00:00:00+00:00
[2026-02-10T23:52:45.495+0000] {processor.py:183} INFO - Processing /home/airflow/.local/lib/python3.12/site-packages/airflow/example_dags/example_dynamic_task_mapping_with_no_taskflow_operators.py took 0.083 seconds
[2026-02-10T23:53:15.787+0000] {processor.py:161} INFO - Started process (PID=5600) to work on /home/airflow/.local/lib/python3.12/site-packages/airflow/example_dags/example_dynamic_task_mapping_with_no_taskflow_operators.py
[2026-02-10T23:53:15.788+0000] {processor.py:830} INFO - Processing file /home/airflow/.local/lib/python3.12/site-packages/airflow/example_dags/example_dynamic_task_mapping_with_no_taskflow_operators.py for tasks to queue
[2026-02-10T23:53:15.791+0000] {logging_mixin.py:188} INFO - [2026-02-10T23:53:15.791+0000] {dagbag.py:540} INFO - Filling up the DagBag from /home/airflow/.local/lib/python3.12/site-packages/airflow/example_dags/example_dynamic_task_mapping_with_no_taskflow_operators.py
[2026-02-10T23:53:15.798+0000] {processor.py:840} INFO - DAG(s) 'example_dynamic_task_mapping_with_no_taskflow_operators' retrieved from /home/airflow/.local/lib/python3.12/site-packages/airflow/example_dags/example_dynamic_task_mapping_with_no_taskflow_operators.py
[2026-02-10T23:53:15.818+0000] {logging_mixin.py:188} INFO - [2026-02-10T23:53:15.818+0000] {dag.py:3096} INFO - Sync 1 DAGs
[2026-02-10T23:53:15.839+0000] {logging_mixin.py:188} INFO - [2026-02-10T23:53:15.839+0000] {dag.py:3954} INFO - Setting next_dagrun for example_dynamic_task_mapping_with_no_taskflow_operators to 2026-02-09 00:00:00+00:00, run_after=2026-02-10 00:00:00+00:00
[2026-02-10T23:53:15.860+0000] {processor.py:183} INFO - Processing /home/airflow/.local/lib/python3.12/site-packages/airflow/example_dags/example_dynamic_task_mapping_with_no_taskflow_operators.py took 0.078 seconds
[2026-02-10T23:53:46.093+0000] {processor.py:161} INFO - Started process (PID=5654) to work on /home/airflow/.local/lib/python3.12/site-packages/airflow/example_dags/example_dynamic_task_mapping_with_no_taskflow_operators.py
[2026-02-10T23:53:46.095+0000] {processor.py:830} INFO - Processing file /home/airflow/.local/lib/python3.12/site-packages/airflow/example_dags/example_dynamic_task_mapping_with_no_taskflow_operators.py for tasks to queue
[2026-02-10T23:53:46.098+0000] {logging_mixin.py:188} INFO - [2026-02-10T23:53:46.097+0000] {dagbag.py:540} INFO - Filling up the DagBag from /home/airflow/.local/lib/python3.12/site-packages/airflow/example_dags/example_dynamic_task_mapping_with_no_taskflow_operators.py
[2026-02-10T23:53:46.105+0000] {processor.py:840} INFO - DAG(s) 'example_dynamic_task_mapping_with_no_taskflow_operators' retrieved from /home/airflow/.local/lib/python3.12/site-packages/airflow/example_dags/example_dynamic_task_mapping_with_no_taskflow_operators.py
[2026-02-10T23:53:46.130+0000] {logging_mixin.py:188} INFO - [2026-02-10T23:53:46.129+0000] {dag.py:3096} INFO - Sync 1 DAGs
[2026-02-10T23:53:46.161+0000] {logging_mixin.py:188} INFO - [2026-02-10T23:53:46.161+0000] {dag.py:3954} INFO - Setting next_dagrun for example_dynamic_task_mapping_with_no_taskflow_operators to 2026-02-09 00:00:00+00:00, run_after=2026-02-10 00:00:00+00:00
[2026-02-10T23:53:46.187+0000] {processor.py:183} INFO - Processing /home/airflow/.local/lib/python3.12/site-packages/airflow/example_dags/example_dynamic_task_mapping_with_no_taskflow_operators.py took 0.102 seconds
[2026-02-10T23:54:16.546+0000] {processor.py:161} INFO - Started process (PID=5708) to work on /home/airflow/.local/lib/python3.12/site-packages/airflow/example_dags/example_dynamic_task_mapping_with_no_taskflow_operators.py
[2026-02-10T23:54:16.547+0000] {processor.py:830} INFO - Processing file /home/airflow/.local/lib/python3.12/site-packages/airflow/example_dags/example_dynamic_task_mapping_with_no_taskflow_operators.py for tasks to queue
[2026-02-10T23:54:16.549+0000] {logging_mixin.py:188} INFO - [2026-02-10T23:54:16.549+0000] {dagbag.py:540} INFO - Filling up the DagBag from /home/airflow/.local/lib/python3.12/site-packages/airflow/example_dags/example_dynamic_task_mapping_with_no_taskflow_operators.py
[2026-02-10T23:54:16.556+0000] {processor.py:840} INFO - DAG(s) 'example_dynamic_task_mapping_with_no_taskflow_operators' retrieved from /home/airflow/.local/lib/python3.12/site-packages/airflow/example_dags/example_dynamic_task_mapping_with_no_taskflow_operators.py
[2026-02-10T23:54:16.577+0000] {logging_mixin.py:188} INFO - [2026-02-10T23:54:16.577+0000] {dag.py:3096} INFO - Sync 1 DAGs
[2026-02-10T23:54:16.601+0000] {logging_mixin.py:188} INFO - [2026-02-10T23:54:16.601+0000] {dag.py:3954} INFO - Setting next_dagrun for example_dynamic_task_mapping_with_no_taskflow_operators to 2026-02-09 00:00:00+00:00, run_after=2026-02-10 00:00:00+00:00
[2026-02-10T23:54:16.632+0000] {processor.py:183} INFO - Processing /home/airflow/.local/lib/python3.12/site-packages/airflow/example_dags/example_dynamic_task_mapping_with_no_taskflow_operators.py took 0.092 seconds
[2026-02-10T23:54:46.992+0000] {processor.py:161} INFO - Started process (PID=5762) to work on /home/airflow/.local/lib/python3.12/site-packages/airflow/example_dags/example_dynamic_task_mapping_with_no_taskflow_operators.py
[2026-02-10T23:54:46.994+0000] {processor.py:830} INFO - Processing file /home/airflow/.local/lib/python3.12/site-packages/airflow/example_dags/example_dynamic_task_mapping_with_no_taskflow_operators.py for tasks to queue
[2026-02-10T23:54:46.996+0000] {logging_mixin.py:188} INFO - [2026-02-10T23:54:46.996+0000] {dagbag.py:540} INFO - Filling up the DagBag from /home/airflow/.local/lib/python3.12/site-packages/airflow/example_dags/example_dynamic_task_mapping_with_no_taskflow_operators.py
[2026-02-10T23:54:47.020+0000] {processor.py:840} INFO - DAG(s) 'example_dynamic_task_mapping_with_no_taskflow_operators' retrieved from /home/airflow/.local/lib/python3.12/site-packages/airflow/example_dags/example_dynamic_task_mapping_with_no_taskflow_operators.py
[2026-02-10T23:54:47.040+0000] {logging_mixin.py:188} INFO - [2026-02-10T23:54:47.040+0000] {dag.py:3096} INFO - Sync 1 DAGs
[2026-02-10T23:54:47.066+0000] {logging_mixin.py:188} INFO - [2026-02-10T23:54:47.066+0000] {dag.py:3954} INFO - Setting next_dagrun for example_dynamic_task_mapping_with_no_taskflow_operators to 2026-02-09 00:00:00+00:00, run_after=2026-02-10 00:00:00+00:00
[2026-02-10T23:54:47.085+0000] {processor.py:183} INFO - Processing /home/airflow/.local/lib/python3.12/site-packages/airflow/example_dags/example_dynamic_task_mapping_with_no_taskflow_operators.py took 0.118 seconds
[2026-02-10T23:55:17.556+0000] {processor.py:161} INFO - Started process (PID=5816) to work on /home/airflow/.local/lib/python3.12/site-packages/airflow/example_dags/example_dynamic_task_mapping_with_no_taskflow_operators.py
[2026-02-10T23:55:17.558+0000] {processor.py:830} INFO - Processing file /home/airflow/.local/lib/python3.12/site-packages/airflow/example_dags/example_dynamic_task_mapping_with_no_taskflow_operators.py for tasks to queue
[2026-02-10T23:55:17.560+0000] {logging_mixin.py:188} INFO - [2026-02-10T23:55:17.559+0000] {dagbag.py:540} INFO - Filling up the DagBag from /home/airflow/.local/lib/python3.12/site-packages/airflow/example_dags/example_dynamic_task_mapping_with_no_taskflow_operators.py
[2026-02-10T23:55:17.566+0000] {processor.py:840} INFO - DAG(s) 'example_dynamic_task_mapping_with_no_taskflow_operators' retrieved from /home/airflow/.local/lib/python3.12/site-packages/airflow/example_dags/example_dynamic_task_mapping_with_no_taskflow_operators.py
[2026-02-10T23:55:17.587+0000] {logging_mixin.py:188} INFO - [2026-02-10T23:55:17.587+0000] {dag.py:3096} INFO - Sync 1 DAGs
[2026-02-10T23:55:17.613+0000] {logging_mixin.py:188} INFO - [2026-02-10T23:55:17.613+0000] {dag.py:3954} INFO - Setting next_dagrun for example_dynamic_task_mapping_with_no_taskflow_operators to 2026-02-09 00:00:00+00:00, run_after=2026-02-10 00:00:00+00:00
[2026-02-10T23:55:17.633+0000] {processor.py:183} INFO - Processing /home/airflow/.local/lib/python3.12/site-packages/airflow/example_dags/example_dynamic_task_mapping_with_no_taskflow_operators.py took 0.082 seconds
[2026-02-10T23:55:47.784+0000] {processor.py:161} INFO - Started process (PID=5870) to work on /home/airflow/.local/lib/python3.12/site-packages/airflow/example_dags/example_dynamic_task_mapping_with_no_taskflow_operators.py
[2026-02-10T23:55:47.785+0000] {processor.py:830} INFO - Processing file /home/airflow/.local/lib/python3.12/site-packages/airflow/example_dags/example_dynamic_task_mapping_with_no_taskflow_operators.py for tasks to queue
[2026-02-10T23:55:47.787+0000] {logging_mixin.py:188} INFO - [2026-02-10T23:55:47.787+0000] {dagbag.py:540} INFO - Filling up the DagBag from /home/airflow/.local/lib/python3.12/site-packages/airflow/example_dags/example_dynamic_task_mapping_with_no_taskflow_operators.py
[2026-02-10T23:55:47.794+0000] {processor.py:840} INFO - DAG(s) 'example_dynamic_task_mapping_with_no_taskflow_operators' retrieved from /home/airflow/.local/lib/python3.12/site-packages/airflow/example_dags/example_dynamic_task_mapping_with_no_taskflow_operators.py
[2026-02-10T23:55:47.816+0000] {logging_mixin.py:188} INFO - [2026-02-10T23:55:47.815+0000] {dag.py:3096} INFO - Sync 1 DAGs
[2026-02-10T23:55:47.838+0000] {logging_mixin.py:188} INFO - [2026-02-10T23:55:47.838+0000] {dag.py:3954} INFO - Setting next_dagrun for example_dynamic_task_mapping_with_no_taskflow_operators to 2026-02-09 00:00:00+00:00, run_after=2026-02-10 00:00:00+00:00
[2026-02-10T23:55:47.866+0000] {processor.py:183} INFO - Processing /home/airflow/.local/lib/python3.12/site-packages/airflow/example_dags/example_dynamic_task_mapping_with_no_taskflow_operators.py took 0.088 seconds
[2026-02-10T23:56:18.277+0000] {processor.py:161} INFO - Started process (PID=5924) to work on /home/airflow/.local/lib/python3.12/site-packages/airflow/example_dags/example_dynamic_task_mapping_with_no_taskflow_operators.py
[2026-02-10T23:56:18.278+0000] {processor.py:830} INFO - Processing file /home/airflow/.local/lib/python3.12/site-packages/airflow/example_dags/example_dynamic_task_mapping_with_no_taskflow_operators.py for tasks to queue
[2026-02-10T23:56:18.279+0000] {logging_mixin.py:188} INFO - [2026-02-10T23:56:18.279+0000] {dagbag.py:540} INFO - Filling up the DagBag from /home/airflow/.local/lib/python3.12/site-packages/airflow/example_dags/example_dynamic_task_mapping_with_no_taskflow_operators.py
[2026-02-10T23:56:18.286+0000] {processor.py:840} INFO - DAG(s) 'example_dynamic_task_mapping_with_no_taskflow_operators' retrieved from /home/airflow/.local/lib/python3.12/site-packages/airflow/example_dags/example_dynamic_task_mapping_with_no_taskflow_operators.py
[2026-02-10T23:56:18.306+0000] {logging_mixin.py:188} INFO - [2026-02-10T23:56:18.306+0000] {dag.py:3096} INFO - Sync 1 DAGs
[2026-02-10T23:56:18.328+0000] {logging_mixin.py:188} INFO - [2026-02-10T23:56:18.327+0000] {dag.py:3954} INFO - Setting next_dagrun for example_dynamic_task_mapping_with_no_taskflow_operators to 2026-02-09 00:00:00+00:00, run_after=2026-02-10 00:00:00+00:00
[2026-02-10T23:56:18.357+0000] {processor.py:183} INFO - Processing /home/airflow/.local/lib/python3.12/site-packages/airflow/example_dags/example_dynamic_task_mapping_with_no_taskflow_operators.py took 0.086 seconds
[2026-02-10T23:56:49.130+0000] {processor.py:161} INFO - Started process (PID=5976) to work on /home/airflow/.local/lib/python3.12/site-packages/airflow/example_dags/example_dynamic_task_mapping_with_no_taskflow_operators.py
[2026-02-10T23:56:49.131+0000] {processor.py:830} INFO - Processing file /home/airflow/.local/lib/python3.12/site-packages/airflow/example_dags/example_dynamic_task_mapping_with_no_taskflow_operators.py for tasks to queue
[2026-02-10T23:56:49.133+0000] {logging_mixin.py:188} INFO - [2026-02-10T23:56:49.132+0000] {dagbag.py:540} INFO - Filling up the DagBag from /home/airflow/.local/lib/python3.12/site-packages/airflow/example_dags/example_dynamic_task_mapping_with_no_taskflow_operators.py
[2026-02-10T23:56:49.140+0000] {processor.py:840} INFO - DAG(s) 'example_dynamic_task_mapping_with_no_taskflow_operators' retrieved from /home/airflow/.local/lib/python3.12/site-packages/airflow/example_dags/example_dynamic_task_mapping_with_no_taskflow_operators.py
[2026-02-10T23:56:49.165+0000] {logging_mixin.py:188} INFO - [2026-02-10T23:56:49.165+0000] {dag.py:3096} INFO - Sync 1 DAGs
[2026-02-10T23:56:49.190+0000] {logging_mixin.py:188} INFO - [2026-02-10T23:56:49.190+0000] {dag.py:3954} INFO - Setting next_dagrun for example_dynamic_task_mapping_with_no_taskflow_operators to 2026-02-09 00:00:00+00:00, run_after=2026-02-10 00:00:00+00:00
[2026-02-10T23:56:49.427+0000] {processor.py:183} INFO - Processing /home/airflow/.local/lib/python3.12/site-packages/airflow/example_dags/example_dynamic_task_mapping_with_no_taskflow_operators.py took 0.305 seconds
[2026-02-10T23:57:19.653+0000] {processor.py:161} INFO - Started process (PID=6030) to work on /home/airflow/.local/lib/python3.12/site-packages/airflow/example_dags/example_dynamic_task_mapping_with_no_taskflow_operators.py
[2026-02-10T23:57:19.654+0000] {processor.py:830} INFO - Processing file /home/airflow/.local/lib/python3.12/site-packages/airflow/example_dags/example_dynamic_task_mapping_with_no_taskflow_operators.py for tasks to queue
[2026-02-10T23:57:19.656+0000] {logging_mixin.py:188} INFO - [2026-02-10T23:57:19.656+0000] {dagbag.py:540} INFO - Filling up the DagBag from /home/airflow/.local/lib/python3.12/site-packages/airflow/example_dags/example_dynamic_task_mapping_with_no_taskflow_operators.py
[2026-02-10T23:57:19.663+0000] {processor.py:840} INFO - DAG(s) 'example_dynamic_task_mapping_with_no_taskflow_operators' retrieved from /home/airflow/.local/lib/python3.12/site-packages/airflow/example_dags/example_dynamic_task_mapping_with_no_taskflow_operators.py
[2026-02-10T23:57:19.683+0000] {logging_mixin.py:188} INFO - [2026-02-10T23:57:19.683+0000] {dag.py:3096} INFO - Sync 1 DAGs
[2026-02-10T23:57:19.703+0000] {logging_mixin.py:188} INFO - [2026-02-10T23:57:19.702+0000] {dag.py:3954} INFO - Setting next_dagrun for example_dynamic_task_mapping_with_no_taskflow_operators to 2026-02-09 00:00:00+00:00, run_after=2026-02-10 00:00:00+00:00
[2026-02-10T23:57:19.731+0000] {processor.py:183} INFO - Processing /home/airflow/.local/lib/python3.12/site-packages/airflow/example_dags/example_dynamic_task_mapping_with_no_taskflow_operators.py took 0.084 seconds
[2026-02-10T23:57:49.895+0000] {processor.py:161} INFO - Started process (PID=6084) to work on /home/airflow/.local/lib/python3.12/site-packages/airflow/example_dags/example_dynamic_task_mapping_with_no_taskflow_operators.py
[2026-02-10T23:57:49.896+0000] {processor.py:830} INFO - Processing file /home/airflow/.local/lib/python3.12/site-packages/airflow/example_dags/example_dynamic_task_mapping_with_no_taskflow_operators.py for tasks to queue
[2026-02-10T23:57:49.898+0000] {logging_mixin.py:188} INFO - [2026-02-10T23:57:49.898+0000] {dagbag.py:540} INFO - Filling up the DagBag from /home/airflow/.local/lib/python3.12/site-packages/airflow/example_dags/example_dynamic_task_mapping_with_no_taskflow_operators.py
[2026-02-10T23:57:49.904+0000] {processor.py:840} INFO - DAG(s) 'example_dynamic_task_mapping_with_no_taskflow_operators' retrieved from /home/airflow/.local/lib/python3.12/site-packages/airflow/example_dags/example_dynamic_task_mapping_with_no_taskflow_operators.py
[2026-02-10T23:57:49.926+0000] {logging_mixin.py:188} INFO - [2026-02-10T23:57:49.926+0000] {dag.py:3096} INFO - Sync 1 DAGs
[2026-02-10T23:57:49.947+0000] {logging_mixin.py:188} INFO - [2026-02-10T23:57:49.947+0000] {dag.py:3954} INFO - Setting next_dagrun for example_dynamic_task_mapping_with_no_taskflow_operators to 2026-02-09 00:00:00+00:00, run_after=2026-02-10 00:00:00+00:00
[2026-02-10T23:57:49.978+0000] {processor.py:183} INFO - Processing /home/airflow/.local/lib/python3.12/site-packages/airflow/example_dags/example_dynamic_task_mapping_with_no_taskflow_operators.py took 0.089 seconds
[2026-02-10T23:58:20.055+0000] {processor.py:161} INFO - Started process (PID=6138) to work on /home/airflow/.local/lib/python3.12/site-packages/airflow/example_dags/example_dynamic_task_mapping_with_no_taskflow_operators.py
[2026-02-10T23:58:20.057+0000] {processor.py:830} INFO - Processing file /home/airflow/.local/lib/python3.12/site-packages/airflow/example_dags/example_dynamic_task_mapping_with_no_taskflow_operators.py for tasks to queue
[2026-02-10T23:58:20.059+0000] {logging_mixin.py:188} INFO - [2026-02-10T23:58:20.059+0000] {dagbag.py:540} INFO - Filling up the DagBag from /home/airflow/.local/lib/python3.12/site-packages/airflow/example_dags/example_dynamic_task_mapping_with_no_taskflow_operators.py
[2026-02-10T23:58:20.068+0000] {processor.py:840} INFO - DAG(s) 'example_dynamic_task_mapping_with_no_taskflow_operators' retrieved from /home/airflow/.local/lib/python3.12/site-packages/airflow/example_dags/example_dynamic_task_mapping_with_no_taskflow_operators.py
[2026-02-10T23:58:20.094+0000] {logging_mixin.py:188} INFO - [2026-02-10T23:58:20.093+0000] {dag.py:3096} INFO - Sync 1 DAGs
[2026-02-10T23:58:20.136+0000] {logging_mixin.py:188} INFO - [2026-02-10T23:58:20.136+0000] {dag.py:3954} INFO - Setting next_dagrun for example_dynamic_task_mapping_with_no_taskflow_operators to 2026-02-09 00:00:00+00:00, run_after=2026-02-10 00:00:00+00:00
[2026-02-10T23:58:20.163+0000] {processor.py:183} INFO - Processing /home/airflow/.local/lib/python3.12/site-packages/airflow/example_dags/example_dynamic_task_mapping_with_no_taskflow_operators.py took 0.115 seconds
[2026-02-10T23:58:50.820+0000] {processor.py:161} INFO - Started process (PID=6192) to work on /home/airflow/.local/lib/python3.12/site-packages/airflow/example_dags/example_dynamic_task_mapping_with_no_taskflow_operators.py
[2026-02-10T23:58:50.821+0000] {processor.py:830} INFO - Processing file /home/airflow/.local/lib/python3.12/site-packages/airflow/example_dags/example_dynamic_task_mapping_with_no_taskflow_operators.py for tasks to queue
[2026-02-10T23:58:50.823+0000] {logging_mixin.py:188} INFO - [2026-02-10T23:58:50.823+0000] {dagbag.py:540} INFO - Filling up the DagBag from /home/airflow/.local/lib/python3.12/site-packages/airflow/example_dags/example_dynamic_task_mapping_with_no_taskflow_operators.py
[2026-02-10T23:58:50.829+0000] {processor.py:840} INFO - DAG(s) 'example_dynamic_task_mapping_with_no_taskflow_operators' retrieved from /home/airflow/.local/lib/python3.12/site-packages/airflow/example_dags/example_dynamic_task_mapping_with_no_taskflow_operators.py
[2026-02-10T23:58:50.851+0000] {logging_mixin.py:188} INFO - [2026-02-10T23:58:50.851+0000] {dag.py:3096} INFO - Sync 1 DAGs
[2026-02-10T23:58:51.069+0000] {logging_mixin.py:188} INFO - [2026-02-10T23:58:51.069+0000] {dag.py:3954} INFO - Setting next_dagrun for example_dynamic_task_mapping_with_no_taskflow_operators to 2026-02-09 00:00:00+00:00, run_after=2026-02-10 00:00:00+00:00
[2026-02-10T23:58:51.090+0000] {processor.py:183} INFO - Processing /home/airflow/.local/lib/python3.12/site-packages/airflow/example_dags/example_dynamic_task_mapping_with_no_taskflow_operators.py took 0.279 seconds
[2026-02-10T23:59:21.238+0000] {processor.py:161} INFO - Started process (PID=6246) to work on /home/airflow/.local/lib/python3.12/site-packages/airflow/example_dags/example_dynamic_task_mapping_with_no_taskflow_operators.py
[2026-02-10T23:59:21.239+0000] {processor.py:830} INFO - Processing file /home/airflow/.local/lib/python3.12/site-packages/airflow/example_dags/example_dynamic_task_mapping_with_no_taskflow_operators.py for tasks to queue
[2026-02-10T23:59:21.241+0000] {logging_mixin.py:188} INFO - [2026-02-10T23:59:21.241+0000] {dagbag.py:540} INFO - Filling up the DagBag from /home/airflow/.local/lib/python3.12/site-packages/airflow/example_dags/example_dynamic_task_mapping_with_no_taskflow_operators.py
[2026-02-10T23:59:21.247+0000] {processor.py:840} INFO - DAG(s) 'example_dynamic_task_mapping_with_no_taskflow_operators' retrieved from /home/airflow/.local/lib/python3.12/site-packages/airflow/example_dags/example_dynamic_task_mapping_with_no_taskflow_operators.py
[2026-02-10T23:59:21.268+0000] {logging_mixin.py:188} INFO - [2026-02-10T23:59:21.268+0000] {dag.py:3096} INFO - Sync 1 DAGs
[2026-02-10T23:59:21.288+0000] {logging_mixin.py:188} INFO - [2026-02-10T23:59:21.288+0000] {dag.py:3954} INFO - Setting next_dagrun for example_dynamic_task_mapping_with_no_taskflow_operators to 2026-02-09 00:00:00+00:00, run_after=2026-02-10 00:00:00+00:00
[2026-02-10T23:59:21.503+0000] {processor.py:183} INFO - Processing /home/airflow/.local/lib/python3.12/site-packages/airflow/example_dags/example_dynamic_task_mapping_with_no_taskflow_operators.py took 0.270 seconds
[2026-02-10T23:59:51.651+0000] {processor.py:161} INFO - Started process (PID=6300) to work on /home/airflow/.local/lib/python3.12/site-packages/airflow/example_dags/example_dynamic_task_mapping_with_no_taskflow_operators.py
[2026-02-10T23:59:51.652+0000] {processor.py:830} INFO - Processing file /home/airflow/.local/lib/python3.12/site-packages/airflow/example_dags/example_dynamic_task_mapping_with_no_taskflow_operators.py for tasks to queue
[2026-02-10T23:59:51.654+0000] {logging_mixin.py:188} INFO - [2026-02-10T23:59:51.654+0000] {dagbag.py:540} INFO - Filling up the DagBag from /home/airflow/.local/lib/python3.12/site-packages/airflow/example_dags/example_dynamic_task_mapping_with_no_taskflow_operators.py
[2026-02-10T23:59:51.661+0000] {processor.py:840} INFO - DAG(s) 'example_dynamic_task_mapping_with_no_taskflow_operators' retrieved from /home/airflow/.local/lib/python3.12/site-packages/airflow/example_dags/example_dynamic_task_mapping_with_no_taskflow_operators.py
[2026-02-10T23:59:51.682+0000] {logging_mixin.py:188} INFO - [2026-02-10T23:59:51.681+0000] {dag.py:3096} INFO - Sync 1 DAGs
[2026-02-10T23:59:51.702+0000] {logging_mixin.py:188} INFO - [2026-02-10T23:59:51.702+0000] {dag.py:3954} INFO - Setting next_dagrun for example_dynamic_task_mapping_with_no_taskflow_operators to 2026-02-09 00:00:00+00:00, run_after=2026-02-10 00:00:00+00:00
[2026-02-10T23:59:51.722+0000] {processor.py:183} INFO - Processing /home/airflow/.local/lib/python3.12/site-packages/airflow/example_dags/example_dynamic_task_mapping_with_no_taskflow_operators.py took 0.076 seconds
