[2026-02-10T01:19:05.763+0000] {processor.py:161} INFO - Started process (PID=59) to work on /home/airflow/.local/lib/python3.12/site-packages/airflow/example_dags/example_setup_teardown_taskflow.py
[2026-02-10T01:19:05.766+0000] {processor.py:830} INFO - Processing file /home/airflow/.local/lib/python3.12/site-packages/airflow/example_dags/example_setup_teardown_taskflow.py for tasks to queue
[2026-02-10T01:19:05.770+0000] {logging_mixin.py:188} INFO - [2026-02-10T01:19:05.769+0000] {dagbag.py:540} INFO - Filling up the DagBag from /home/airflow/.local/lib/python3.12/site-packages/airflow/example_dags/example_setup_teardown_taskflow.py
[2026-02-10T01:19:05.786+0000] {processor.py:840} INFO - DAG(s) 'example_setup_teardown_taskflow' retrieved from /home/airflow/.local/lib/python3.12/site-packages/airflow/example_dags/example_setup_teardown_taskflow.py
[2026-02-10T01:19:05.835+0000] {logging_mixin.py:188} INFO - [2026-02-10T01:19:05.835+0000] {dag.py:3096} INFO - Sync 1 DAGs
[2026-02-10T01:19:05.873+0000] {logging_mixin.py:188} INFO - [2026-02-10T01:19:05.873+0000] {dag.py:3954} INFO - Setting next_dagrun for example_setup_teardown_taskflow to 2026-02-09 00:00:00+00:00, run_after=2026-02-10 00:00:00+00:00
[2026-02-10T01:19:05.909+0000] {processor.py:183} INFO - Processing /home/airflow/.local/lib/python3.12/site-packages/airflow/example_dags/example_setup_teardown_taskflow.py took 0.155 seconds
[2026-02-10T01:30:09.197+0000] {processor.py:161} INFO - Started process (PID=60) to work on /home/airflow/.local/lib/python3.12/site-packages/airflow/example_dags/example_setup_teardown_taskflow.py
[2026-02-10T01:30:09.200+0000] {processor.py:830} INFO - Processing file /home/airflow/.local/lib/python3.12/site-packages/airflow/example_dags/example_setup_teardown_taskflow.py for tasks to queue
[2026-02-10T01:30:09.208+0000] {logging_mixin.py:188} INFO - [2026-02-10T01:30:09.207+0000] {dagbag.py:540} INFO - Filling up the DagBag from /home/airflow/.local/lib/python3.12/site-packages/airflow/example_dags/example_setup_teardown_taskflow.py
[2026-02-10T01:30:09.240+0000] {processor.py:840} INFO - DAG(s) 'example_setup_teardown_taskflow' retrieved from /home/airflow/.local/lib/python3.12/site-packages/airflow/example_dags/example_setup_teardown_taskflow.py
[2026-02-10T01:30:09.268+0000] {logging_mixin.py:188} INFO - [2026-02-10T01:30:09.268+0000] {dag.py:3096} INFO - Sync 1 DAGs
[2026-02-10T01:30:09.330+0000] {logging_mixin.py:188} INFO - [2026-02-10T01:30:09.330+0000] {dag.py:3954} INFO - Setting next_dagrun for example_setup_teardown_taskflow to 2026-02-09 00:00:00+00:00, run_after=2026-02-10 00:00:00+00:00
[2026-02-10T01:30:09.371+0000] {processor.py:183} INFO - Processing /home/airflow/.local/lib/python3.12/site-packages/airflow/example_dags/example_setup_teardown_taskflow.py took 0.189 seconds
[2026-02-10T01:30:39.551+0000] {processor.py:161} INFO - Started process (PID=114) to work on /home/airflow/.local/lib/python3.12/site-packages/airflow/example_dags/example_setup_teardown_taskflow.py
[2026-02-10T01:30:39.553+0000] {processor.py:830} INFO - Processing file /home/airflow/.local/lib/python3.12/site-packages/airflow/example_dags/example_setup_teardown_taskflow.py for tasks to queue
[2026-02-10T01:30:39.557+0000] {logging_mixin.py:188} INFO - [2026-02-10T01:30:39.557+0000] {dagbag.py:540} INFO - Filling up the DagBag from /home/airflow/.local/lib/python3.12/site-packages/airflow/example_dags/example_setup_teardown_taskflow.py
[2026-02-10T01:30:39.573+0000] {processor.py:840} INFO - DAG(s) 'example_setup_teardown_taskflow' retrieved from /home/airflow/.local/lib/python3.12/site-packages/airflow/example_dags/example_setup_teardown_taskflow.py
[2026-02-10T01:30:39.749+0000] {logging_mixin.py:188} INFO - [2026-02-10T01:30:39.748+0000] {dag.py:3096} INFO - Sync 1 DAGs
[2026-02-10T01:30:39.778+0000] {logging_mixin.py:188} INFO - [2026-02-10T01:30:39.777+0000] {dag.py:3954} INFO - Setting next_dagrun for example_setup_teardown_taskflow to 2026-02-09 00:00:00+00:00, run_after=2026-02-10 00:00:00+00:00
[2026-02-10T01:30:39.803+0000] {processor.py:183} INFO - Processing /home/airflow/.local/lib/python3.12/site-packages/airflow/example_dags/example_setup_teardown_taskflow.py took 0.262 seconds
[2026-02-10T01:31:10.671+0000] {processor.py:161} INFO - Started process (PID=168) to work on /home/airflow/.local/lib/python3.12/site-packages/airflow/example_dags/example_setup_teardown_taskflow.py
[2026-02-10T01:31:10.672+0000] {processor.py:830} INFO - Processing file /home/airflow/.local/lib/python3.12/site-packages/airflow/example_dags/example_setup_teardown_taskflow.py for tasks to queue
[2026-02-10T01:31:10.674+0000] {logging_mixin.py:188} INFO - [2026-02-10T01:31:10.673+0000] {dagbag.py:540} INFO - Filling up the DagBag from /home/airflow/.local/lib/python3.12/site-packages/airflow/example_dags/example_setup_teardown_taskflow.py
[2026-02-10T01:31:10.682+0000] {processor.py:840} INFO - DAG(s) 'example_setup_teardown_taskflow' retrieved from /home/airflow/.local/lib/python3.12/site-packages/airflow/example_dags/example_setup_teardown_taskflow.py
[2026-02-10T01:31:10.703+0000] {logging_mixin.py:188} INFO - [2026-02-10T01:31:10.703+0000] {dag.py:3096} INFO - Sync 1 DAGs
[2026-02-10T01:31:10.724+0000] {logging_mixin.py:188} INFO - [2026-02-10T01:31:10.724+0000] {dag.py:3954} INFO - Setting next_dagrun for example_setup_teardown_taskflow to 2026-02-09 00:00:00+00:00, run_after=2026-02-10 00:00:00+00:00
[2026-02-10T01:31:10.743+0000] {processor.py:183} INFO - Processing /home/airflow/.local/lib/python3.12/site-packages/airflow/example_dags/example_setup_teardown_taskflow.py took 0.077 seconds
[2026-02-10T01:31:41.415+0000] {processor.py:161} INFO - Started process (PID=222) to work on /home/airflow/.local/lib/python3.12/site-packages/airflow/example_dags/example_setup_teardown_taskflow.py
[2026-02-10T01:31:41.424+0000] {processor.py:830} INFO - Processing file /home/airflow/.local/lib/python3.12/site-packages/airflow/example_dags/example_setup_teardown_taskflow.py for tasks to queue
[2026-02-10T01:31:41.427+0000] {logging_mixin.py:188} INFO - [2026-02-10T01:31:41.426+0000] {dagbag.py:540} INFO - Filling up the DagBag from /home/airflow/.local/lib/python3.12/site-packages/airflow/example_dags/example_setup_teardown_taskflow.py
[2026-02-10T01:31:41.439+0000] {processor.py:840} INFO - DAG(s) 'example_setup_teardown_taskflow' retrieved from /home/airflow/.local/lib/python3.12/site-packages/airflow/example_dags/example_setup_teardown_taskflow.py
[2026-02-10T01:31:41.470+0000] {logging_mixin.py:188} INFO - [2026-02-10T01:31:41.470+0000] {dag.py:3096} INFO - Sync 1 DAGs
[2026-02-10T01:31:41.501+0000] {logging_mixin.py:188} INFO - [2026-02-10T01:31:41.500+0000] {dag.py:3954} INFO - Setting next_dagrun for example_setup_teardown_taskflow to 2026-02-09 00:00:00+00:00, run_after=2026-02-10 00:00:00+00:00
[2026-02-10T01:31:41.527+0000] {processor.py:183} INFO - Processing /home/airflow/.local/lib/python3.12/site-packages/airflow/example_dags/example_setup_teardown_taskflow.py took 0.119 seconds
[2026-02-10T01:32:12.437+0000] {processor.py:161} INFO - Started process (PID=276) to work on /home/airflow/.local/lib/python3.12/site-packages/airflow/example_dags/example_setup_teardown_taskflow.py
[2026-02-10T01:32:12.437+0000] {processor.py:830} INFO - Processing file /home/airflow/.local/lib/python3.12/site-packages/airflow/example_dags/example_setup_teardown_taskflow.py for tasks to queue
[2026-02-10T01:32:12.439+0000] {logging_mixin.py:188} INFO - [2026-02-10T01:32:12.439+0000] {dagbag.py:540} INFO - Filling up the DagBag from /home/airflow/.local/lib/python3.12/site-packages/airflow/example_dags/example_setup_teardown_taskflow.py
[2026-02-10T01:32:12.447+0000] {processor.py:840} INFO - DAG(s) 'example_setup_teardown_taskflow' retrieved from /home/airflow/.local/lib/python3.12/site-packages/airflow/example_dags/example_setup_teardown_taskflow.py
[2026-02-10T01:32:12.471+0000] {logging_mixin.py:188} INFO - [2026-02-10T01:32:12.470+0000] {dag.py:3096} INFO - Sync 1 DAGs
[2026-02-10T01:32:12.495+0000] {logging_mixin.py:188} INFO - [2026-02-10T01:32:12.495+0000] {dag.py:3954} INFO - Setting next_dagrun for example_setup_teardown_taskflow to 2026-02-09 00:00:00+00:00, run_after=2026-02-10 00:00:00+00:00
[2026-02-10T01:32:12.516+0000] {processor.py:183} INFO - Processing /home/airflow/.local/lib/python3.12/site-packages/airflow/example_dags/example_setup_teardown_taskflow.py took 0.085 seconds
[2026-02-10T01:32:42.579+0000] {processor.py:161} INFO - Started process (PID=330) to work on /home/airflow/.local/lib/python3.12/site-packages/airflow/example_dags/example_setup_teardown_taskflow.py
[2026-02-10T01:32:42.581+0000] {processor.py:830} INFO - Processing file /home/airflow/.local/lib/python3.12/site-packages/airflow/example_dags/example_setup_teardown_taskflow.py for tasks to queue
[2026-02-10T01:32:42.582+0000] {logging_mixin.py:188} INFO - [2026-02-10T01:32:42.582+0000] {dagbag.py:540} INFO - Filling up the DagBag from /home/airflow/.local/lib/python3.12/site-packages/airflow/example_dags/example_setup_teardown_taskflow.py
[2026-02-10T01:32:42.591+0000] {processor.py:840} INFO - DAG(s) 'example_setup_teardown_taskflow' retrieved from /home/airflow/.local/lib/python3.12/site-packages/airflow/example_dags/example_setup_teardown_taskflow.py
[2026-02-10T01:32:42.614+0000] {logging_mixin.py:188} INFO - [2026-02-10T01:32:42.614+0000] {dag.py:3096} INFO - Sync 1 DAGs
[2026-02-10T01:32:42.635+0000] {logging_mixin.py:188} INFO - [2026-02-10T01:32:42.635+0000] {dag.py:3954} INFO - Setting next_dagrun for example_setup_teardown_taskflow to 2026-02-09 00:00:00+00:00, run_after=2026-02-10 00:00:00+00:00
[2026-02-10T01:32:42.656+0000] {processor.py:183} INFO - Processing /home/airflow/.local/lib/python3.12/site-packages/airflow/example_dags/example_setup_teardown_taskflow.py took 0.082 seconds
[2026-02-10T01:33:12.699+0000] {processor.py:161} INFO - Started process (PID=383) to work on /home/airflow/.local/lib/python3.12/site-packages/airflow/example_dags/example_setup_teardown_taskflow.py
[2026-02-10T01:33:12.700+0000] {processor.py:830} INFO - Processing file /home/airflow/.local/lib/python3.12/site-packages/airflow/example_dags/example_setup_teardown_taskflow.py for tasks to queue
[2026-02-10T01:33:12.702+0000] {logging_mixin.py:188} INFO - [2026-02-10T01:33:12.702+0000] {dagbag.py:540} INFO - Filling up the DagBag from /home/airflow/.local/lib/python3.12/site-packages/airflow/example_dags/example_setup_teardown_taskflow.py
[2026-02-10T01:33:12.710+0000] {processor.py:840} INFO - DAG(s) 'example_setup_teardown_taskflow' retrieved from /home/airflow/.local/lib/python3.12/site-packages/airflow/example_dags/example_setup_teardown_taskflow.py
[2026-02-10T01:33:12.731+0000] {logging_mixin.py:188} INFO - [2026-02-10T01:33:12.730+0000] {dag.py:3096} INFO - Sync 1 DAGs
[2026-02-10T01:33:12.749+0000] {logging_mixin.py:188} INFO - [2026-02-10T01:33:12.749+0000] {dag.py:3954} INFO - Setting next_dagrun for example_setup_teardown_taskflow to 2026-02-09 00:00:00+00:00, run_after=2026-02-10 00:00:00+00:00
[2026-02-10T01:33:12.779+0000] {processor.py:183} INFO - Processing /home/airflow/.local/lib/python3.12/site-packages/airflow/example_dags/example_setup_teardown_taskflow.py took 0.086 seconds
[2026-02-10T01:33:42.881+0000] {processor.py:161} INFO - Started process (PID=437) to work on /home/airflow/.local/lib/python3.12/site-packages/airflow/example_dags/example_setup_teardown_taskflow.py
[2026-02-10T01:33:42.882+0000] {processor.py:830} INFO - Processing file /home/airflow/.local/lib/python3.12/site-packages/airflow/example_dags/example_setup_teardown_taskflow.py for tasks to queue
[2026-02-10T01:33:42.884+0000] {logging_mixin.py:188} INFO - [2026-02-10T01:33:42.884+0000] {dagbag.py:540} INFO - Filling up the DagBag from /home/airflow/.local/lib/python3.12/site-packages/airflow/example_dags/example_setup_teardown_taskflow.py
[2026-02-10T01:33:42.892+0000] {processor.py:840} INFO - DAG(s) 'example_setup_teardown_taskflow' retrieved from /home/airflow/.local/lib/python3.12/site-packages/airflow/example_dags/example_setup_teardown_taskflow.py
[2026-02-10T01:33:42.915+0000] {logging_mixin.py:188} INFO - [2026-02-10T01:33:42.915+0000] {dag.py:3096} INFO - Sync 1 DAGs
[2026-02-10T01:33:42.937+0000] {logging_mixin.py:188} INFO - [2026-02-10T01:33:42.936+0000] {dag.py:3954} INFO - Setting next_dagrun for example_setup_teardown_taskflow to 2026-02-09 00:00:00+00:00, run_after=2026-02-10 00:00:00+00:00
[2026-02-10T01:33:42.957+0000] {processor.py:183} INFO - Processing /home/airflow/.local/lib/python3.12/site-packages/airflow/example_dags/example_setup_teardown_taskflow.py took 0.081 seconds
[2026-02-10T01:34:13.370+0000] {processor.py:161} INFO - Started process (PID=491) to work on /home/airflow/.local/lib/python3.12/site-packages/airflow/example_dags/example_setup_teardown_taskflow.py
[2026-02-10T01:34:13.371+0000] {processor.py:830} INFO - Processing file /home/airflow/.local/lib/python3.12/site-packages/airflow/example_dags/example_setup_teardown_taskflow.py for tasks to queue
[2026-02-10T01:34:13.373+0000] {logging_mixin.py:188} INFO - [2026-02-10T01:34:13.373+0000] {dagbag.py:540} INFO - Filling up the DagBag from /home/airflow/.local/lib/python3.12/site-packages/airflow/example_dags/example_setup_teardown_taskflow.py
[2026-02-10T01:34:13.381+0000] {processor.py:840} INFO - DAG(s) 'example_setup_teardown_taskflow' retrieved from /home/airflow/.local/lib/python3.12/site-packages/airflow/example_dags/example_setup_teardown_taskflow.py
[2026-02-10T01:34:13.408+0000] {logging_mixin.py:188} INFO - [2026-02-10T01:34:13.408+0000] {dag.py:3096} INFO - Sync 1 DAGs
[2026-02-10T01:34:13.440+0000] {logging_mixin.py:188} INFO - [2026-02-10T01:34:13.440+0000] {dag.py:3954} INFO - Setting next_dagrun for example_setup_teardown_taskflow to 2026-02-09 00:00:00+00:00, run_after=2026-02-10 00:00:00+00:00
[2026-02-10T01:34:13.468+0000] {processor.py:183} INFO - Processing /home/airflow/.local/lib/python3.12/site-packages/airflow/example_dags/example_setup_teardown_taskflow.py took 0.103 seconds
[2026-02-10T01:34:43.635+0000] {processor.py:161} INFO - Started process (PID=545) to work on /home/airflow/.local/lib/python3.12/site-packages/airflow/example_dags/example_setup_teardown_taskflow.py
[2026-02-10T01:34:43.636+0000] {processor.py:830} INFO - Processing file /home/airflow/.local/lib/python3.12/site-packages/airflow/example_dags/example_setup_teardown_taskflow.py for tasks to queue
[2026-02-10T01:34:43.637+0000] {logging_mixin.py:188} INFO - [2026-02-10T01:34:43.637+0000] {dagbag.py:540} INFO - Filling up the DagBag from /home/airflow/.local/lib/python3.12/site-packages/airflow/example_dags/example_setup_teardown_taskflow.py
[2026-02-10T01:34:43.645+0000] {processor.py:840} INFO - DAG(s) 'example_setup_teardown_taskflow' retrieved from /home/airflow/.local/lib/python3.12/site-packages/airflow/example_dags/example_setup_teardown_taskflow.py
[2026-02-10T01:34:43.666+0000] {logging_mixin.py:188} INFO - [2026-02-10T01:34:43.666+0000] {dag.py:3096} INFO - Sync 1 DAGs
[2026-02-10T01:34:43.685+0000] {logging_mixin.py:188} INFO - [2026-02-10T01:34:43.685+0000] {dag.py:3954} INFO - Setting next_dagrun for example_setup_teardown_taskflow to 2026-02-09 00:00:00+00:00, run_after=2026-02-10 00:00:00+00:00
[2026-02-10T01:34:43.705+0000] {processor.py:183} INFO - Processing /home/airflow/.local/lib/python3.12/site-packages/airflow/example_dags/example_setup_teardown_taskflow.py took 0.075 seconds
[2026-02-10T01:35:14.103+0000] {processor.py:161} INFO - Started process (PID=599) to work on /home/airflow/.local/lib/python3.12/site-packages/airflow/example_dags/example_setup_teardown_taskflow.py
[2026-02-10T01:35:14.104+0000] {processor.py:830} INFO - Processing file /home/airflow/.local/lib/python3.12/site-packages/airflow/example_dags/example_setup_teardown_taskflow.py for tasks to queue
[2026-02-10T01:35:14.106+0000] {logging_mixin.py:188} INFO - [2026-02-10T01:35:14.106+0000] {dagbag.py:540} INFO - Filling up the DagBag from /home/airflow/.local/lib/python3.12/site-packages/airflow/example_dags/example_setup_teardown_taskflow.py
[2026-02-10T01:35:14.114+0000] {processor.py:840} INFO - DAG(s) 'example_setup_teardown_taskflow' retrieved from /home/airflow/.local/lib/python3.12/site-packages/airflow/example_dags/example_setup_teardown_taskflow.py
[2026-02-10T01:35:14.136+0000] {logging_mixin.py:188} INFO - [2026-02-10T01:35:14.136+0000] {dag.py:3096} INFO - Sync 1 DAGs
[2026-02-10T01:35:14.156+0000] {logging_mixin.py:188} INFO - [2026-02-10T01:35:14.156+0000] {dag.py:3954} INFO - Setting next_dagrun for example_setup_teardown_taskflow to 2026-02-09 00:00:00+00:00, run_after=2026-02-10 00:00:00+00:00
[2026-02-10T01:35:14.186+0000] {processor.py:183} INFO - Processing /home/airflow/.local/lib/python3.12/site-packages/airflow/example_dags/example_setup_teardown_taskflow.py took 0.089 seconds
[2026-02-10T01:35:44.242+0000] {processor.py:161} INFO - Started process (PID=653) to work on /home/airflow/.local/lib/python3.12/site-packages/airflow/example_dags/example_setup_teardown_taskflow.py
[2026-02-10T01:35:44.244+0000] {processor.py:830} INFO - Processing file /home/airflow/.local/lib/python3.12/site-packages/airflow/example_dags/example_setup_teardown_taskflow.py for tasks to queue
[2026-02-10T01:35:44.248+0000] {logging_mixin.py:188} INFO - [2026-02-10T01:35:44.248+0000] {dagbag.py:540} INFO - Filling up the DagBag from /home/airflow/.local/lib/python3.12/site-packages/airflow/example_dags/example_setup_teardown_taskflow.py
[2026-02-10T01:35:44.264+0000] {processor.py:840} INFO - DAG(s) 'example_setup_teardown_taskflow' retrieved from /home/airflow/.local/lib/python3.12/site-packages/airflow/example_dags/example_setup_teardown_taskflow.py
[2026-02-10T01:35:44.291+0000] {logging_mixin.py:188} INFO - [2026-02-10T01:35:44.290+0000] {dag.py:3096} INFO - Sync 1 DAGs
[2026-02-10T01:35:44.321+0000] {logging_mixin.py:188} INFO - [2026-02-10T01:35:44.321+0000] {dag.py:3954} INFO - Setting next_dagrun for example_setup_teardown_taskflow to 2026-02-09 00:00:00+00:00, run_after=2026-02-10 00:00:00+00:00
[2026-02-10T01:35:44.341+0000] {processor.py:183} INFO - Processing /home/airflow/.local/lib/python3.12/site-packages/airflow/example_dags/example_setup_teardown_taskflow.py took 0.110 seconds
[2026-02-10T01:36:14.539+0000] {processor.py:161} INFO - Started process (PID=707) to work on /home/airflow/.local/lib/python3.12/site-packages/airflow/example_dags/example_setup_teardown_taskflow.py
[2026-02-10T01:36:14.541+0000] {processor.py:830} INFO - Processing file /home/airflow/.local/lib/python3.12/site-packages/airflow/example_dags/example_setup_teardown_taskflow.py for tasks to queue
[2026-02-10T01:36:14.543+0000] {logging_mixin.py:188} INFO - [2026-02-10T01:36:14.543+0000] {dagbag.py:540} INFO - Filling up the DagBag from /home/airflow/.local/lib/python3.12/site-packages/airflow/example_dags/example_setup_teardown_taskflow.py
[2026-02-10T01:36:14.553+0000] {processor.py:840} INFO - DAG(s) 'example_setup_teardown_taskflow' retrieved from /home/airflow/.local/lib/python3.12/site-packages/airflow/example_dags/example_setup_teardown_taskflow.py
[2026-02-10T01:36:14.574+0000] {logging_mixin.py:188} INFO - [2026-02-10T01:36:14.574+0000] {dag.py:3096} INFO - Sync 1 DAGs
[2026-02-10T01:36:14.595+0000] {logging_mixin.py:188} INFO - [2026-02-10T01:36:14.594+0000] {dag.py:3954} INFO - Setting next_dagrun for example_setup_teardown_taskflow to 2026-02-09 00:00:00+00:00, run_after=2026-02-10 00:00:00+00:00
[2026-02-10T01:36:14.621+0000] {processor.py:183} INFO - Processing /home/airflow/.local/lib/python3.12/site-packages/airflow/example_dags/example_setup_teardown_taskflow.py took 0.089 seconds
[2026-02-10T01:36:44.987+0000] {processor.py:161} INFO - Started process (PID=761) to work on /home/airflow/.local/lib/python3.12/site-packages/airflow/example_dags/example_setup_teardown_taskflow.py
[2026-02-10T01:36:44.988+0000] {processor.py:830} INFO - Processing file /home/airflow/.local/lib/python3.12/site-packages/airflow/example_dags/example_setup_teardown_taskflow.py for tasks to queue
[2026-02-10T01:36:44.989+0000] {logging_mixin.py:188} INFO - [2026-02-10T01:36:44.989+0000] {dagbag.py:540} INFO - Filling up the DagBag from /home/airflow/.local/lib/python3.12/site-packages/airflow/example_dags/example_setup_teardown_taskflow.py
[2026-02-10T01:36:44.997+0000] {processor.py:840} INFO - DAG(s) 'example_setup_teardown_taskflow' retrieved from /home/airflow/.local/lib/python3.12/site-packages/airflow/example_dags/example_setup_teardown_taskflow.py
[2026-02-10T01:36:45.018+0000] {logging_mixin.py:188} INFO - [2026-02-10T01:36:45.018+0000] {dag.py:3096} INFO - Sync 1 DAGs
[2026-02-10T01:36:45.038+0000] {logging_mixin.py:188} INFO - [2026-02-10T01:36:45.038+0000] {dag.py:3954} INFO - Setting next_dagrun for example_setup_teardown_taskflow to 2026-02-09 00:00:00+00:00, run_after=2026-02-10 00:00:00+00:00
[2026-02-10T01:36:45.069+0000] {processor.py:183} INFO - Processing /home/airflow/.local/lib/python3.12/site-packages/airflow/example_dags/example_setup_teardown_taskflow.py took 0.088 seconds
[2026-02-10T01:39:37.361+0000] {processor.py:161} INFO - Started process (PID=59) to work on /home/airflow/.local/lib/python3.12/site-packages/airflow/example_dags/example_setup_teardown_taskflow.py
[2026-02-10T01:39:37.364+0000] {processor.py:830} INFO - Processing file /home/airflow/.local/lib/python3.12/site-packages/airflow/example_dags/example_setup_teardown_taskflow.py for tasks to queue
[2026-02-10T01:39:37.370+0000] {logging_mixin.py:188} INFO - [2026-02-10T01:39:37.369+0000] {dagbag.py:540} INFO - Filling up the DagBag from /home/airflow/.local/lib/python3.12/site-packages/airflow/example_dags/example_setup_teardown_taskflow.py
[2026-02-10T01:39:37.404+0000] {processor.py:840} INFO - DAG(s) 'example_setup_teardown_taskflow' retrieved from /home/airflow/.local/lib/python3.12/site-packages/airflow/example_dags/example_setup_teardown_taskflow.py
[2026-02-10T01:39:37.430+0000] {logging_mixin.py:188} INFO - [2026-02-10T01:39:37.429+0000] {dag.py:3096} INFO - Sync 1 DAGs
[2026-02-10T01:39:37.484+0000] {logging_mixin.py:188} INFO - [2026-02-10T01:39:37.483+0000] {dag.py:3954} INFO - Setting next_dagrun for example_setup_teardown_taskflow to 2026-02-09 00:00:00+00:00, run_after=2026-02-10 00:00:00+00:00
[2026-02-10T01:39:37.527+0000] {processor.py:183} INFO - Processing /home/airflow/.local/lib/python3.12/site-packages/airflow/example_dags/example_setup_teardown_taskflow.py took 0.186 seconds
[2026-02-10T01:40:07.948+0000] {processor.py:161} INFO - Started process (PID=113) to work on /home/airflow/.local/lib/python3.12/site-packages/airflow/example_dags/example_setup_teardown_taskflow.py
[2026-02-10T01:40:07.950+0000] {processor.py:830} INFO - Processing file /home/airflow/.local/lib/python3.12/site-packages/airflow/example_dags/example_setup_teardown_taskflow.py for tasks to queue
[2026-02-10T01:40:07.954+0000] {logging_mixin.py:188} INFO - [2026-02-10T01:40:07.954+0000] {dagbag.py:540} INFO - Filling up the DagBag from /home/airflow/.local/lib/python3.12/site-packages/airflow/example_dags/example_setup_teardown_taskflow.py
[2026-02-10T01:40:07.972+0000] {processor.py:840} INFO - DAG(s) 'example_setup_teardown_taskflow' retrieved from /home/airflow/.local/lib/python3.12/site-packages/airflow/example_dags/example_setup_teardown_taskflow.py
[2026-02-10T01:40:08.167+0000] {logging_mixin.py:188} INFO - [2026-02-10T01:40:08.167+0000] {dag.py:3096} INFO - Sync 1 DAGs
[2026-02-10T01:40:08.213+0000] {logging_mixin.py:188} INFO - [2026-02-10T01:40:08.213+0000] {dag.py:3954} INFO - Setting next_dagrun for example_setup_teardown_taskflow to 2026-02-09 00:00:00+00:00, run_after=2026-02-10 00:00:00+00:00
[2026-02-10T01:40:08.262+0000] {processor.py:183} INFO - Processing /home/airflow/.local/lib/python3.12/site-packages/airflow/example_dags/example_setup_teardown_taskflow.py took 0.324 seconds
[2026-02-10T01:40:38.336+0000] {processor.py:161} INFO - Started process (PID=167) to work on /home/airflow/.local/lib/python3.12/site-packages/airflow/example_dags/example_setup_teardown_taskflow.py
[2026-02-10T01:40:38.338+0000] {processor.py:830} INFO - Processing file /home/airflow/.local/lib/python3.12/site-packages/airflow/example_dags/example_setup_teardown_taskflow.py for tasks to queue
[2026-02-10T01:40:38.340+0000] {logging_mixin.py:188} INFO - [2026-02-10T01:40:38.340+0000] {dagbag.py:540} INFO - Filling up the DagBag from /home/airflow/.local/lib/python3.12/site-packages/airflow/example_dags/example_setup_teardown_taskflow.py
[2026-02-10T01:40:38.351+0000] {processor.py:840} INFO - DAG(s) 'example_setup_teardown_taskflow' retrieved from /home/airflow/.local/lib/python3.12/site-packages/airflow/example_dags/example_setup_teardown_taskflow.py
[2026-02-10T01:40:38.377+0000] {logging_mixin.py:188} INFO - [2026-02-10T01:40:38.377+0000] {dag.py:3096} INFO - Sync 1 DAGs
[2026-02-10T01:40:38.401+0000] {logging_mixin.py:188} INFO - [2026-02-10T01:40:38.401+0000] {dag.py:3954} INFO - Setting next_dagrun for example_setup_teardown_taskflow to 2026-02-09 00:00:00+00:00, run_after=2026-02-10 00:00:00+00:00
[2026-02-10T01:40:38.426+0000] {processor.py:183} INFO - Processing /home/airflow/.local/lib/python3.12/site-packages/airflow/example_dags/example_setup_teardown_taskflow.py took 0.097 seconds
[2026-02-10T01:41:08.517+0000] {processor.py:161} INFO - Started process (PID=221) to work on /home/airflow/.local/lib/python3.12/site-packages/airflow/example_dags/example_setup_teardown_taskflow.py
[2026-02-10T01:41:08.519+0000] {processor.py:830} INFO - Processing file /home/airflow/.local/lib/python3.12/site-packages/airflow/example_dags/example_setup_teardown_taskflow.py for tasks to queue
[2026-02-10T01:41:08.522+0000] {logging_mixin.py:188} INFO - [2026-02-10T01:41:08.521+0000] {dagbag.py:540} INFO - Filling up the DagBag from /home/airflow/.local/lib/python3.12/site-packages/airflow/example_dags/example_setup_teardown_taskflow.py
[2026-02-10T01:41:08.532+0000] {processor.py:840} INFO - DAG(s) 'example_setup_teardown_taskflow' retrieved from /home/airflow/.local/lib/python3.12/site-packages/airflow/example_dags/example_setup_teardown_taskflow.py
[2026-02-10T01:41:08.554+0000] {logging_mixin.py:188} INFO - [2026-02-10T01:41:08.554+0000] {dag.py:3096} INFO - Sync 1 DAGs
[2026-02-10T01:41:08.575+0000] {logging_mixin.py:188} INFO - [2026-02-10T01:41:08.575+0000] {dag.py:3954} INFO - Setting next_dagrun for example_setup_teardown_taskflow to 2026-02-09 00:00:00+00:00, run_after=2026-02-10 00:00:00+00:00
[2026-02-10T01:41:08.600+0000] {processor.py:183} INFO - Processing /home/airflow/.local/lib/python3.12/site-packages/airflow/example_dags/example_setup_teardown_taskflow.py took 0.089 seconds
[2026-02-10T01:41:39.417+0000] {processor.py:161} INFO - Started process (PID=275) to work on /home/airflow/.local/lib/python3.12/site-packages/airflow/example_dags/example_setup_teardown_taskflow.py
[2026-02-10T01:41:39.418+0000] {processor.py:830} INFO - Processing file /home/airflow/.local/lib/python3.12/site-packages/airflow/example_dags/example_setup_teardown_taskflow.py for tasks to queue
[2026-02-10T01:41:39.420+0000] {logging_mixin.py:188} INFO - [2026-02-10T01:41:39.420+0000] {dagbag.py:540} INFO - Filling up the DagBag from /home/airflow/.local/lib/python3.12/site-packages/airflow/example_dags/example_setup_teardown_taskflow.py
[2026-02-10T01:41:39.428+0000] {processor.py:840} INFO - DAG(s) 'example_setup_teardown_taskflow' retrieved from /home/airflow/.local/lib/python3.12/site-packages/airflow/example_dags/example_setup_teardown_taskflow.py
[2026-02-10T01:41:39.448+0000] {logging_mixin.py:188} INFO - [2026-02-10T01:41:39.447+0000] {dag.py:3096} INFO - Sync 1 DAGs
[2026-02-10T01:41:39.466+0000] {logging_mixin.py:188} INFO - [2026-02-10T01:41:39.466+0000] {dag.py:3954} INFO - Setting next_dagrun for example_setup_teardown_taskflow to 2026-02-09 00:00:00+00:00, run_after=2026-02-10 00:00:00+00:00
[2026-02-10T01:41:39.485+0000] {processor.py:183} INFO - Processing /home/airflow/.local/lib/python3.12/site-packages/airflow/example_dags/example_setup_teardown_taskflow.py took 0.073 seconds
[2026-02-10T01:42:10.558+0000] {processor.py:161} INFO - Started process (PID=329) to work on /home/airflow/.local/lib/python3.12/site-packages/airflow/example_dags/example_setup_teardown_taskflow.py
[2026-02-10T01:42:10.560+0000] {processor.py:830} INFO - Processing file /home/airflow/.local/lib/python3.12/site-packages/airflow/example_dags/example_setup_teardown_taskflow.py for tasks to queue
[2026-02-10T01:42:10.563+0000] {logging_mixin.py:188} INFO - [2026-02-10T01:42:10.562+0000] {dagbag.py:540} INFO - Filling up the DagBag from /home/airflow/.local/lib/python3.12/site-packages/airflow/example_dags/example_setup_teardown_taskflow.py
[2026-02-10T01:42:10.581+0000] {processor.py:840} INFO - DAG(s) 'example_setup_teardown_taskflow' retrieved from /home/airflow/.local/lib/python3.12/site-packages/airflow/example_dags/example_setup_teardown_taskflow.py
[2026-02-10T01:42:10.620+0000] {logging_mixin.py:188} INFO - [2026-02-10T01:42:10.620+0000] {dag.py:3096} INFO - Sync 1 DAGs
[2026-02-10T01:42:10.659+0000] {logging_mixin.py:188} INFO - [2026-02-10T01:42:10.659+0000] {dag.py:3954} INFO - Setting next_dagrun for example_setup_teardown_taskflow to 2026-02-09 00:00:00+00:00, run_after=2026-02-10 00:00:00+00:00
[2026-02-10T01:42:10.698+0000] {processor.py:183} INFO - Processing /home/airflow/.local/lib/python3.12/site-packages/airflow/example_dags/example_setup_teardown_taskflow.py took 0.149 seconds
[2026-02-10T01:42:41.204+0000] {processor.py:161} INFO - Started process (PID=383) to work on /home/airflow/.local/lib/python3.12/site-packages/airflow/example_dags/example_setup_teardown_taskflow.py
[2026-02-10T01:42:41.205+0000] {processor.py:830} INFO - Processing file /home/airflow/.local/lib/python3.12/site-packages/airflow/example_dags/example_setup_teardown_taskflow.py for tasks to queue
[2026-02-10T01:42:41.207+0000] {logging_mixin.py:188} INFO - [2026-02-10T01:42:41.207+0000] {dagbag.py:540} INFO - Filling up the DagBag from /home/airflow/.local/lib/python3.12/site-packages/airflow/example_dags/example_setup_teardown_taskflow.py
[2026-02-10T01:42:41.216+0000] {processor.py:840} INFO - DAG(s) 'example_setup_teardown_taskflow' retrieved from /home/airflow/.local/lib/python3.12/site-packages/airflow/example_dags/example_setup_teardown_taskflow.py
[2026-02-10T01:42:41.237+0000] {logging_mixin.py:188} INFO - [2026-02-10T01:42:41.237+0000] {dag.py:3096} INFO - Sync 1 DAGs
[2026-02-10T01:42:41.257+0000] {logging_mixin.py:188} INFO - [2026-02-10T01:42:41.257+0000] {dag.py:3954} INFO - Setting next_dagrun for example_setup_teardown_taskflow to 2026-02-09 00:00:00+00:00, run_after=2026-02-10 00:00:00+00:00
[2026-02-10T01:42:41.277+0000] {processor.py:183} INFO - Processing /home/airflow/.local/lib/python3.12/site-packages/airflow/example_dags/example_setup_teardown_taskflow.py took 0.078 seconds
[2026-02-10T01:44:08.478+0000] {processor.py:161} INFO - Started process (PID=59) to work on /home/airflow/.local/lib/python3.12/site-packages/airflow/example_dags/example_setup_teardown_taskflow.py
[2026-02-10T01:44:08.480+0000] {processor.py:830} INFO - Processing file /home/airflow/.local/lib/python3.12/site-packages/airflow/example_dags/example_setup_teardown_taskflow.py for tasks to queue
[2026-02-10T01:44:08.491+0000] {logging_mixin.py:188} INFO - [2026-02-10T01:44:08.490+0000] {dagbag.py:540} INFO - Filling up the DagBag from /home/airflow/.local/lib/python3.12/site-packages/airflow/example_dags/example_setup_teardown_taskflow.py
[2026-02-10T01:44:08.537+0000] {processor.py:840} INFO - DAG(s) 'example_setup_teardown_taskflow' retrieved from /home/airflow/.local/lib/python3.12/site-packages/airflow/example_dags/example_setup_teardown_taskflow.py
[2026-02-10T01:44:08.593+0000] {logging_mixin.py:188} INFO - [2026-02-10T01:44:08.592+0000] {dag.py:3096} INFO - Sync 1 DAGs
[2026-02-10T01:44:08.691+0000] {logging_mixin.py:188} INFO - [2026-02-10T01:44:08.690+0000] {dag.py:3954} INFO - Setting next_dagrun for example_setup_teardown_taskflow to 2026-02-09 00:00:00+00:00, run_after=2026-02-10 00:00:00+00:00
[2026-02-10T01:44:08.740+0000] {processor.py:183} INFO - Processing /home/airflow/.local/lib/python3.12/site-packages/airflow/example_dags/example_setup_teardown_taskflow.py took 0.280 seconds
[2026-02-10T01:44:39.425+0000] {processor.py:161} INFO - Started process (PID=113) to work on /home/airflow/.local/lib/python3.12/site-packages/airflow/example_dags/example_setup_teardown_taskflow.py
[2026-02-10T01:44:39.426+0000] {processor.py:830} INFO - Processing file /home/airflow/.local/lib/python3.12/site-packages/airflow/example_dags/example_setup_teardown_taskflow.py for tasks to queue
[2026-02-10T01:44:39.429+0000] {logging_mixin.py:188} INFO - [2026-02-10T01:44:39.428+0000] {dagbag.py:540} INFO - Filling up the DagBag from /home/airflow/.local/lib/python3.12/site-packages/airflow/example_dags/example_setup_teardown_taskflow.py
[2026-02-10T01:44:39.440+0000] {processor.py:840} INFO - DAG(s) 'example_setup_teardown_taskflow' retrieved from /home/airflow/.local/lib/python3.12/site-packages/airflow/example_dags/example_setup_teardown_taskflow.py
[2026-02-10T01:44:39.571+0000] {logging_mixin.py:188} INFO - [2026-02-10T01:44:39.571+0000] {dag.py:3096} INFO - Sync 1 DAGs
[2026-02-10T01:44:39.599+0000] {logging_mixin.py:188} INFO - [2026-02-10T01:44:39.599+0000] {dag.py:3954} INFO - Setting next_dagrun for example_setup_teardown_taskflow to 2026-02-09 00:00:00+00:00, run_after=2026-02-10 00:00:00+00:00
[2026-02-10T01:44:39.625+0000] {processor.py:183} INFO - Processing /home/airflow/.local/lib/python3.12/site-packages/airflow/example_dags/example_setup_teardown_taskflow.py took 0.208 seconds
[2026-02-10T01:46:57.457+0000] {processor.py:161} INFO - Started process (PID=59) to work on /home/airflow/.local/lib/python3.12/site-packages/airflow/example_dags/example_setup_teardown_taskflow.py
[2026-02-10T01:46:57.462+0000] {processor.py:830} INFO - Processing file /home/airflow/.local/lib/python3.12/site-packages/airflow/example_dags/example_setup_teardown_taskflow.py for tasks to queue
[2026-02-10T01:46:57.469+0000] {logging_mixin.py:188} INFO - [2026-02-10T01:46:57.468+0000] {dagbag.py:540} INFO - Filling up the DagBag from /home/airflow/.local/lib/python3.12/site-packages/airflow/example_dags/example_setup_teardown_taskflow.py
[2026-02-10T01:46:57.506+0000] {processor.py:840} INFO - DAG(s) 'example_setup_teardown_taskflow' retrieved from /home/airflow/.local/lib/python3.12/site-packages/airflow/example_dags/example_setup_teardown_taskflow.py
[2026-02-10T01:46:57.545+0000] {logging_mixin.py:188} INFO - [2026-02-10T01:46:57.545+0000] {dag.py:3096} INFO - Sync 1 DAGs
[2026-02-10T01:46:57.663+0000] {logging_mixin.py:188} INFO - [2026-02-10T01:46:57.663+0000] {dag.py:3954} INFO - Setting next_dagrun for example_setup_teardown_taskflow to 2026-02-09 00:00:00+00:00, run_after=2026-02-10 00:00:00+00:00
[2026-02-10T01:46:57.756+0000] {processor.py:183} INFO - Processing /home/airflow/.local/lib/python3.12/site-packages/airflow/example_dags/example_setup_teardown_taskflow.py took 0.322 seconds
[2026-02-10T01:47:27.992+0000] {processor.py:161} INFO - Started process (PID=113) to work on /home/airflow/.local/lib/python3.12/site-packages/airflow/example_dags/example_setup_teardown_taskflow.py
[2026-02-10T01:47:27.993+0000] {processor.py:830} INFO - Processing file /home/airflow/.local/lib/python3.12/site-packages/airflow/example_dags/example_setup_teardown_taskflow.py for tasks to queue
[2026-02-10T01:47:27.995+0000] {logging_mixin.py:188} INFO - [2026-02-10T01:47:27.995+0000] {dagbag.py:540} INFO - Filling up the DagBag from /home/airflow/.local/lib/python3.12/site-packages/airflow/example_dags/example_setup_teardown_taskflow.py
[2026-02-10T01:47:28.004+0000] {processor.py:840} INFO - DAG(s) 'example_setup_teardown_taskflow' retrieved from /home/airflow/.local/lib/python3.12/site-packages/airflow/example_dags/example_setup_teardown_taskflow.py
[2026-02-10T01:47:28.096+0000] {logging_mixin.py:188} INFO - [2026-02-10T01:47:28.096+0000] {dag.py:3096} INFO - Sync 1 DAGs
[2026-02-10T01:47:28.121+0000] {logging_mixin.py:188} INFO - [2026-02-10T01:47:28.121+0000] {dag.py:3954} INFO - Setting next_dagrun for example_setup_teardown_taskflow to 2026-02-09 00:00:00+00:00, run_after=2026-02-10 00:00:00+00:00
[2026-02-10T01:47:28.146+0000] {processor.py:183} INFO - Processing /home/airflow/.local/lib/python3.12/site-packages/airflow/example_dags/example_setup_teardown_taskflow.py took 0.161 seconds
[2026-02-10T01:47:59.002+0000] {processor.py:161} INFO - Started process (PID=167) to work on /home/airflow/.local/lib/python3.12/site-packages/airflow/example_dags/example_setup_teardown_taskflow.py
[2026-02-10T01:47:59.003+0000] {processor.py:830} INFO - Processing file /home/airflow/.local/lib/python3.12/site-packages/airflow/example_dags/example_setup_teardown_taskflow.py for tasks to queue
[2026-02-10T01:47:59.005+0000] {logging_mixin.py:188} INFO - [2026-02-10T01:47:59.005+0000] {dagbag.py:540} INFO - Filling up the DagBag from /home/airflow/.local/lib/python3.12/site-packages/airflow/example_dags/example_setup_teardown_taskflow.py
[2026-02-10T01:47:59.014+0000] {processor.py:840} INFO - DAG(s) 'example_setup_teardown_taskflow' retrieved from /home/airflow/.local/lib/python3.12/site-packages/airflow/example_dags/example_setup_teardown_taskflow.py
[2026-02-10T01:47:59.036+0000] {logging_mixin.py:188} INFO - [2026-02-10T01:47:59.035+0000] {dag.py:3096} INFO - Sync 1 DAGs
[2026-02-10T01:47:59.054+0000] {logging_mixin.py:188} INFO - [2026-02-10T01:47:59.054+0000] {dag.py:3954} INFO - Setting next_dagrun for example_setup_teardown_taskflow to 2026-02-09 00:00:00+00:00, run_after=2026-02-10 00:00:00+00:00
[2026-02-10T01:47:59.075+0000] {processor.py:183} INFO - Processing /home/airflow/.local/lib/python3.12/site-packages/airflow/example_dags/example_setup_teardown_taskflow.py took 0.078 seconds
[2026-02-10T01:48:29.501+0000] {processor.py:161} INFO - Started process (PID=221) to work on /home/airflow/.local/lib/python3.12/site-packages/airflow/example_dags/example_setup_teardown_taskflow.py
[2026-02-10T01:48:29.502+0000] {processor.py:830} INFO - Processing file /home/airflow/.local/lib/python3.12/site-packages/airflow/example_dags/example_setup_teardown_taskflow.py for tasks to queue
[2026-02-10T01:48:29.504+0000] {logging_mixin.py:188} INFO - [2026-02-10T01:48:29.504+0000] {dagbag.py:540} INFO - Filling up the DagBag from /home/airflow/.local/lib/python3.12/site-packages/airflow/example_dags/example_setup_teardown_taskflow.py
[2026-02-10T01:48:29.513+0000] {processor.py:840} INFO - DAG(s) 'example_setup_teardown_taskflow' retrieved from /home/airflow/.local/lib/python3.12/site-packages/airflow/example_dags/example_setup_teardown_taskflow.py
[2026-02-10T01:48:29.535+0000] {logging_mixin.py:188} INFO - [2026-02-10T01:48:29.535+0000] {dag.py:3096} INFO - Sync 1 DAGs
[2026-02-10T01:48:29.557+0000] {logging_mixin.py:188} INFO - [2026-02-10T01:48:29.557+0000] {dag.py:3954} INFO - Setting next_dagrun for example_setup_teardown_taskflow to 2026-02-09 00:00:00+00:00, run_after=2026-02-10 00:00:00+00:00
[2026-02-10T01:48:29.577+0000] {processor.py:183} INFO - Processing /home/airflow/.local/lib/python3.12/site-packages/airflow/example_dags/example_setup_teardown_taskflow.py took 0.081 seconds
[2026-02-10T01:49:00.008+0000] {processor.py:161} INFO - Started process (PID=275) to work on /home/airflow/.local/lib/python3.12/site-packages/airflow/example_dags/example_setup_teardown_taskflow.py
[2026-02-10T01:49:00.010+0000] {processor.py:830} INFO - Processing file /home/airflow/.local/lib/python3.12/site-packages/airflow/example_dags/example_setup_teardown_taskflow.py for tasks to queue
[2026-02-10T01:49:00.013+0000] {logging_mixin.py:188} INFO - [2026-02-10T01:49:00.012+0000] {dagbag.py:540} INFO - Filling up the DagBag from /home/airflow/.local/lib/python3.12/site-packages/airflow/example_dags/example_setup_teardown_taskflow.py
[2026-02-10T01:49:00.026+0000] {processor.py:840} INFO - DAG(s) 'example_setup_teardown_taskflow' retrieved from /home/airflow/.local/lib/python3.12/site-packages/airflow/example_dags/example_setup_teardown_taskflow.py
[2026-02-10T01:49:00.048+0000] {logging_mixin.py:188} INFO - [2026-02-10T01:49:00.048+0000] {dag.py:3096} INFO - Sync 1 DAGs
[2026-02-10T01:49:00.074+0000] {logging_mixin.py:188} INFO - [2026-02-10T01:49:00.074+0000] {dag.py:3954} INFO - Setting next_dagrun for example_setup_teardown_taskflow to 2026-02-09 00:00:00+00:00, run_after=2026-02-10 00:00:00+00:00
[2026-02-10T01:49:00.096+0000] {processor.py:183} INFO - Processing /home/airflow/.local/lib/python3.12/site-packages/airflow/example_dags/example_setup_teardown_taskflow.py took 0.094 seconds
[2026-02-10T01:49:30.433+0000] {processor.py:161} INFO - Started process (PID=329) to work on /home/airflow/.local/lib/python3.12/site-packages/airflow/example_dags/example_setup_teardown_taskflow.py
[2026-02-10T01:49:30.434+0000] {processor.py:830} INFO - Processing file /home/airflow/.local/lib/python3.12/site-packages/airflow/example_dags/example_setup_teardown_taskflow.py for tasks to queue
[2026-02-10T01:49:30.437+0000] {logging_mixin.py:188} INFO - [2026-02-10T01:49:30.436+0000] {dagbag.py:540} INFO - Filling up the DagBag from /home/airflow/.local/lib/python3.12/site-packages/airflow/example_dags/example_setup_teardown_taskflow.py
[2026-02-10T01:49:30.450+0000] {processor.py:840} INFO - DAG(s) 'example_setup_teardown_taskflow' retrieved from /home/airflow/.local/lib/python3.12/site-packages/airflow/example_dags/example_setup_teardown_taskflow.py
[2026-02-10T01:49:30.481+0000] {logging_mixin.py:188} INFO - [2026-02-10T01:49:30.480+0000] {dag.py:3096} INFO - Sync 1 DAGs
[2026-02-10T01:49:30.527+0000] {logging_mixin.py:188} INFO - [2026-02-10T01:49:30.527+0000] {dag.py:3954} INFO - Setting next_dagrun for example_setup_teardown_taskflow to 2026-02-09 00:00:00+00:00, run_after=2026-02-10 00:00:00+00:00
[2026-02-10T01:49:30.552+0000] {processor.py:183} INFO - Processing /home/airflow/.local/lib/python3.12/site-packages/airflow/example_dags/example_setup_teardown_taskflow.py took 0.129 seconds
[2026-02-10T01:50:01.262+0000] {processor.py:161} INFO - Started process (PID=383) to work on /home/airflow/.local/lib/python3.12/site-packages/airflow/example_dags/example_setup_teardown_taskflow.py
[2026-02-10T01:50:01.264+0000] {processor.py:830} INFO - Processing file /home/airflow/.local/lib/python3.12/site-packages/airflow/example_dags/example_setup_teardown_taskflow.py for tasks to queue
[2026-02-10T01:50:01.266+0000] {logging_mixin.py:188} INFO - [2026-02-10T01:50:01.266+0000] {dagbag.py:540} INFO - Filling up the DagBag from /home/airflow/.local/lib/python3.12/site-packages/airflow/example_dags/example_setup_teardown_taskflow.py
[2026-02-10T01:50:01.276+0000] {processor.py:840} INFO - DAG(s) 'example_setup_teardown_taskflow' retrieved from /home/airflow/.local/lib/python3.12/site-packages/airflow/example_dags/example_setup_teardown_taskflow.py
[2026-02-10T01:50:01.302+0000] {logging_mixin.py:188} INFO - [2026-02-10T01:50:01.302+0000] {dag.py:3096} INFO - Sync 1 DAGs
[2026-02-10T01:50:01.326+0000] {logging_mixin.py:188} INFO - [2026-02-10T01:50:01.325+0000] {dag.py:3954} INFO - Setting next_dagrun for example_setup_teardown_taskflow to 2026-02-09 00:00:00+00:00, run_after=2026-02-10 00:00:00+00:00
[2026-02-10T01:50:01.347+0000] {processor.py:183} INFO - Processing /home/airflow/.local/lib/python3.12/site-packages/airflow/example_dags/example_setup_teardown_taskflow.py took 0.091 seconds
[2026-02-10T01:50:31.701+0000] {processor.py:161} INFO - Started process (PID=437) to work on /home/airflow/.local/lib/python3.12/site-packages/airflow/example_dags/example_setup_teardown_taskflow.py
[2026-02-10T01:50:31.702+0000] {processor.py:830} INFO - Processing file /home/airflow/.local/lib/python3.12/site-packages/airflow/example_dags/example_setup_teardown_taskflow.py for tasks to queue
[2026-02-10T01:50:31.704+0000] {logging_mixin.py:188} INFO - [2026-02-10T01:50:31.703+0000] {dagbag.py:540} INFO - Filling up the DagBag from /home/airflow/.local/lib/python3.12/site-packages/airflow/example_dags/example_setup_teardown_taskflow.py
[2026-02-10T01:50:31.713+0000] {processor.py:840} INFO - DAG(s) 'example_setup_teardown_taskflow' retrieved from /home/airflow/.local/lib/python3.12/site-packages/airflow/example_dags/example_setup_teardown_taskflow.py
[2026-02-10T01:50:31.734+0000] {logging_mixin.py:188} INFO - [2026-02-10T01:50:31.734+0000] {dag.py:3096} INFO - Sync 1 DAGs
[2026-02-10T01:50:31.755+0000] {logging_mixin.py:188} INFO - [2026-02-10T01:50:31.755+0000] {dag.py:3954} INFO - Setting next_dagrun for example_setup_teardown_taskflow to 2026-02-09 00:00:00+00:00, run_after=2026-02-10 00:00:00+00:00
[2026-02-10T01:50:31.780+0000] {processor.py:183} INFO - Processing /home/airflow/.local/lib/python3.12/site-packages/airflow/example_dags/example_setup_teardown_taskflow.py took 0.085 seconds
[2026-02-10T01:51:01.932+0000] {processor.py:161} INFO - Started process (PID=491) to work on /home/airflow/.local/lib/python3.12/site-packages/airflow/example_dags/example_setup_teardown_taskflow.py
[2026-02-10T01:51:01.933+0000] {processor.py:830} INFO - Processing file /home/airflow/.local/lib/python3.12/site-packages/airflow/example_dags/example_setup_teardown_taskflow.py for tasks to queue
[2026-02-10T01:51:01.935+0000] {logging_mixin.py:188} INFO - [2026-02-10T01:51:01.934+0000] {dagbag.py:540} INFO - Filling up the DagBag from /home/airflow/.local/lib/python3.12/site-packages/airflow/example_dags/example_setup_teardown_taskflow.py
[2026-02-10T01:51:01.943+0000] {processor.py:840} INFO - DAG(s) 'example_setup_teardown_taskflow' retrieved from /home/airflow/.local/lib/python3.12/site-packages/airflow/example_dags/example_setup_teardown_taskflow.py
[2026-02-10T01:51:01.964+0000] {logging_mixin.py:188} INFO - [2026-02-10T01:51:01.964+0000] {dag.py:3096} INFO - Sync 1 DAGs
[2026-02-10T01:51:01.984+0000] {logging_mixin.py:188} INFO - [2026-02-10T01:51:01.984+0000] {dag.py:3954} INFO - Setting next_dagrun for example_setup_teardown_taskflow to 2026-02-09 00:00:00+00:00, run_after=2026-02-10 00:00:00+00:00
[2026-02-10T01:51:02.004+0000] {processor.py:183} INFO - Processing /home/airflow/.local/lib/python3.12/site-packages/airflow/example_dags/example_setup_teardown_taskflow.py took 0.078 seconds
[2026-02-10T01:51:32.419+0000] {processor.py:161} INFO - Started process (PID=544) to work on /home/airflow/.local/lib/python3.12/site-packages/airflow/example_dags/example_setup_teardown_taskflow.py
[2026-02-10T01:51:32.420+0000] {processor.py:830} INFO - Processing file /home/airflow/.local/lib/python3.12/site-packages/airflow/example_dags/example_setup_teardown_taskflow.py for tasks to queue
[2026-02-10T01:51:32.422+0000] {logging_mixin.py:188} INFO - [2026-02-10T01:51:32.422+0000] {dagbag.py:540} INFO - Filling up the DagBag from /home/airflow/.local/lib/python3.12/site-packages/airflow/example_dags/example_setup_teardown_taskflow.py
[2026-02-10T01:51:32.433+0000] {processor.py:840} INFO - DAG(s) 'example_setup_teardown_taskflow' retrieved from /home/airflow/.local/lib/python3.12/site-packages/airflow/example_dags/example_setup_teardown_taskflow.py
[2026-02-10T01:51:32.457+0000] {logging_mixin.py:188} INFO - [2026-02-10T01:51:32.457+0000] {dag.py:3096} INFO - Sync 1 DAGs
[2026-02-10T01:51:32.481+0000] {logging_mixin.py:188} INFO - [2026-02-10T01:51:32.481+0000] {dag.py:3954} INFO - Setting next_dagrun for example_setup_teardown_taskflow to 2026-02-09 00:00:00+00:00, run_after=2026-02-10 00:00:00+00:00
[2026-02-10T01:51:32.507+0000] {processor.py:183} INFO - Processing /home/airflow/.local/lib/python3.12/site-packages/airflow/example_dags/example_setup_teardown_taskflow.py took 0.094 seconds
[2026-02-10T01:52:02.809+0000] {processor.py:161} INFO - Started process (PID=598) to work on /home/airflow/.local/lib/python3.12/site-packages/airflow/example_dags/example_setup_teardown_taskflow.py
[2026-02-10T01:52:02.810+0000] {processor.py:830} INFO - Processing file /home/airflow/.local/lib/python3.12/site-packages/airflow/example_dags/example_setup_teardown_taskflow.py for tasks to queue
[2026-02-10T01:52:02.812+0000] {logging_mixin.py:188} INFO - [2026-02-10T01:52:02.812+0000] {dagbag.py:540} INFO - Filling up the DagBag from /home/airflow/.local/lib/python3.12/site-packages/airflow/example_dags/example_setup_teardown_taskflow.py
[2026-02-10T01:52:02.820+0000] {processor.py:840} INFO - DAG(s) 'example_setup_teardown_taskflow' retrieved from /home/airflow/.local/lib/python3.12/site-packages/airflow/example_dags/example_setup_teardown_taskflow.py
[2026-02-10T01:52:02.843+0000] {logging_mixin.py:188} INFO - [2026-02-10T01:52:02.842+0000] {dag.py:3096} INFO - Sync 1 DAGs
[2026-02-10T01:52:02.867+0000] {logging_mixin.py:188} INFO - [2026-02-10T01:52:02.867+0000] {dag.py:3954} INFO - Setting next_dagrun for example_setup_teardown_taskflow to 2026-02-09 00:00:00+00:00, run_after=2026-02-10 00:00:00+00:00
[2026-02-10T01:52:02.886+0000] {processor.py:183} INFO - Processing /home/airflow/.local/lib/python3.12/site-packages/airflow/example_dags/example_setup_teardown_taskflow.py took 0.082 seconds
[2026-02-10T01:52:33.261+0000] {processor.py:161} INFO - Started process (PID=652) to work on /home/airflow/.local/lib/python3.12/site-packages/airflow/example_dags/example_setup_teardown_taskflow.py
[2026-02-10T01:52:33.262+0000] {processor.py:830} INFO - Processing file /home/airflow/.local/lib/python3.12/site-packages/airflow/example_dags/example_setup_teardown_taskflow.py for tasks to queue
[2026-02-10T01:52:33.264+0000] {logging_mixin.py:188} INFO - [2026-02-10T01:52:33.264+0000] {dagbag.py:540} INFO - Filling up the DagBag from /home/airflow/.local/lib/python3.12/site-packages/airflow/example_dags/example_setup_teardown_taskflow.py
[2026-02-10T01:52:33.273+0000] {processor.py:840} INFO - DAG(s) 'example_setup_teardown_taskflow' retrieved from /home/airflow/.local/lib/python3.12/site-packages/airflow/example_dags/example_setup_teardown_taskflow.py
[2026-02-10T01:52:33.294+0000] {logging_mixin.py:188} INFO - [2026-02-10T01:52:33.294+0000] {dag.py:3096} INFO - Sync 1 DAGs
[2026-02-10T01:52:33.314+0000] {logging_mixin.py:188} INFO - [2026-02-10T01:52:33.314+0000] {dag.py:3954} INFO - Setting next_dagrun for example_setup_teardown_taskflow to 2026-02-09 00:00:00+00:00, run_after=2026-02-10 00:00:00+00:00
[2026-02-10T01:52:33.335+0000] {processor.py:183} INFO - Processing /home/airflow/.local/lib/python3.12/site-packages/airflow/example_dags/example_setup_teardown_taskflow.py took 0.079 seconds
[2026-02-10T01:53:03.809+0000] {processor.py:161} INFO - Started process (PID=706) to work on /home/airflow/.local/lib/python3.12/site-packages/airflow/example_dags/example_setup_teardown_taskflow.py
[2026-02-10T01:53:03.810+0000] {processor.py:830} INFO - Processing file /home/airflow/.local/lib/python3.12/site-packages/airflow/example_dags/example_setup_teardown_taskflow.py for tasks to queue
[2026-02-10T01:53:03.812+0000] {logging_mixin.py:188} INFO - [2026-02-10T01:53:03.811+0000] {dagbag.py:540} INFO - Filling up the DagBag from /home/airflow/.local/lib/python3.12/site-packages/airflow/example_dags/example_setup_teardown_taskflow.py
[2026-02-10T01:53:03.821+0000] {processor.py:840} INFO - DAG(s) 'example_setup_teardown_taskflow' retrieved from /home/airflow/.local/lib/python3.12/site-packages/airflow/example_dags/example_setup_teardown_taskflow.py
[2026-02-10T01:53:03.844+0000] {logging_mixin.py:188} INFO - [2026-02-10T01:53:03.843+0000] {dag.py:3096} INFO - Sync 1 DAGs
[2026-02-10T01:53:03.866+0000] {logging_mixin.py:188} INFO - [2026-02-10T01:53:03.866+0000] {dag.py:3954} INFO - Setting next_dagrun for example_setup_teardown_taskflow to 2026-02-09 00:00:00+00:00, run_after=2026-02-10 00:00:00+00:00
[2026-02-10T01:53:03.887+0000] {processor.py:183} INFO - Processing /home/airflow/.local/lib/python3.12/site-packages/airflow/example_dags/example_setup_teardown_taskflow.py took 0.083 seconds
[2026-02-10T01:53:34.435+0000] {processor.py:161} INFO - Started process (PID=760) to work on /home/airflow/.local/lib/python3.12/site-packages/airflow/example_dags/example_setup_teardown_taskflow.py
[2026-02-10T01:53:34.437+0000] {processor.py:830} INFO - Processing file /home/airflow/.local/lib/python3.12/site-packages/airflow/example_dags/example_setup_teardown_taskflow.py for tasks to queue
[2026-02-10T01:53:34.439+0000] {logging_mixin.py:188} INFO - [2026-02-10T01:53:34.439+0000] {dagbag.py:540} INFO - Filling up the DagBag from /home/airflow/.local/lib/python3.12/site-packages/airflow/example_dags/example_setup_teardown_taskflow.py
[2026-02-10T01:53:34.455+0000] {processor.py:840} INFO - DAG(s) 'example_setup_teardown_taskflow' retrieved from /home/airflow/.local/lib/python3.12/site-packages/airflow/example_dags/example_setup_teardown_taskflow.py
[2026-02-10T01:53:34.488+0000] {logging_mixin.py:188} INFO - [2026-02-10T01:53:34.488+0000] {dag.py:3096} INFO - Sync 1 DAGs
[2026-02-10T01:53:34.516+0000] {logging_mixin.py:188} INFO - [2026-02-10T01:53:34.515+0000] {dag.py:3954} INFO - Setting next_dagrun for example_setup_teardown_taskflow to 2026-02-09 00:00:00+00:00, run_after=2026-02-10 00:00:00+00:00
[2026-02-10T01:53:34.542+0000] {processor.py:183} INFO - Processing /home/airflow/.local/lib/python3.12/site-packages/airflow/example_dags/example_setup_teardown_taskflow.py took 0.113 seconds
[2026-02-10T01:54:05.555+0000] {processor.py:161} INFO - Started process (PID=815) to work on /home/airflow/.local/lib/python3.12/site-packages/airflow/example_dags/example_setup_teardown_taskflow.py
[2026-02-10T01:54:05.556+0000] {processor.py:830} INFO - Processing file /home/airflow/.local/lib/python3.12/site-packages/airflow/example_dags/example_setup_teardown_taskflow.py for tasks to queue
[2026-02-10T01:54:05.559+0000] {logging_mixin.py:188} INFO - [2026-02-10T01:54:05.559+0000] {dagbag.py:540} INFO - Filling up the DagBag from /home/airflow/.local/lib/python3.12/site-packages/airflow/example_dags/example_setup_teardown_taskflow.py
[2026-02-10T01:54:05.570+0000] {processor.py:840} INFO - DAG(s) 'example_setup_teardown_taskflow' retrieved from /home/airflow/.local/lib/python3.12/site-packages/airflow/example_dags/example_setup_teardown_taskflow.py
[2026-02-10T01:54:05.596+0000] {logging_mixin.py:188} INFO - [2026-02-10T01:54:05.595+0000] {dag.py:3096} INFO - Sync 1 DAGs
[2026-02-10T01:54:05.625+0000] {logging_mixin.py:188} INFO - [2026-02-10T01:54:05.625+0000] {dag.py:3954} INFO - Setting next_dagrun for example_setup_teardown_taskflow to 2026-02-09 00:00:00+00:00, run_after=2026-02-10 00:00:00+00:00
[2026-02-10T01:54:05.646+0000] {processor.py:183} INFO - Processing /home/airflow/.local/lib/python3.12/site-packages/airflow/example_dags/example_setup_teardown_taskflow.py took 0.098 seconds
[2026-02-10T01:54:35.978+0000] {processor.py:161} INFO - Started process (PID=869) to work on /home/airflow/.local/lib/python3.12/site-packages/airflow/example_dags/example_setup_teardown_taskflow.py
[2026-02-10T01:54:35.979+0000] {processor.py:830} INFO - Processing file /home/airflow/.local/lib/python3.12/site-packages/airflow/example_dags/example_setup_teardown_taskflow.py for tasks to queue
[2026-02-10T01:54:35.982+0000] {logging_mixin.py:188} INFO - [2026-02-10T01:54:35.981+0000] {dagbag.py:540} INFO - Filling up the DagBag from /home/airflow/.local/lib/python3.12/site-packages/airflow/example_dags/example_setup_teardown_taskflow.py
[2026-02-10T01:54:35.991+0000] {processor.py:840} INFO - DAG(s) 'example_setup_teardown_taskflow' retrieved from /home/airflow/.local/lib/python3.12/site-packages/airflow/example_dags/example_setup_teardown_taskflow.py
[2026-02-10T01:54:36.012+0000] {logging_mixin.py:188} INFO - [2026-02-10T01:54:36.012+0000] {dag.py:3096} INFO - Sync 1 DAGs
[2026-02-10T01:54:36.031+0000] {logging_mixin.py:188} INFO - [2026-02-10T01:54:36.031+0000] {dag.py:3954} INFO - Setting next_dagrun for example_setup_teardown_taskflow to 2026-02-09 00:00:00+00:00, run_after=2026-02-10 00:00:00+00:00
[2026-02-10T01:54:36.186+0000] {processor.py:183} INFO - Processing /home/airflow/.local/lib/python3.12/site-packages/airflow/example_dags/example_setup_teardown_taskflow.py took 0.215 seconds
[2026-02-10T01:55:06.932+0000] {processor.py:161} INFO - Started process (PID=923) to work on /home/airflow/.local/lib/python3.12/site-packages/airflow/example_dags/example_setup_teardown_taskflow.py
[2026-02-10T01:55:06.934+0000] {processor.py:830} INFO - Processing file /home/airflow/.local/lib/python3.12/site-packages/airflow/example_dags/example_setup_teardown_taskflow.py for tasks to queue
[2026-02-10T01:55:06.936+0000] {logging_mixin.py:188} INFO - [2026-02-10T01:55:06.936+0000] {dagbag.py:540} INFO - Filling up the DagBag from /home/airflow/.local/lib/python3.12/site-packages/airflow/example_dags/example_setup_teardown_taskflow.py
[2026-02-10T01:55:06.945+0000] {processor.py:840} INFO - DAG(s) 'example_setup_teardown_taskflow' retrieved from /home/airflow/.local/lib/python3.12/site-packages/airflow/example_dags/example_setup_teardown_taskflow.py
[2026-02-10T01:55:06.970+0000] {logging_mixin.py:188} INFO - [2026-02-10T01:55:06.970+0000] {dag.py:3096} INFO - Sync 1 DAGs
[2026-02-10T01:55:06.993+0000] {logging_mixin.py:188} INFO - [2026-02-10T01:55:06.993+0000] {dag.py:3954} INFO - Setting next_dagrun for example_setup_teardown_taskflow to 2026-02-09 00:00:00+00:00, run_after=2026-02-10 00:00:00+00:00
[2026-02-10T01:55:07.017+0000] {processor.py:183} INFO - Processing /home/airflow/.local/lib/python3.12/site-packages/airflow/example_dags/example_setup_teardown_taskflow.py took 0.091 seconds
[2026-02-10T01:55:37.459+0000] {processor.py:161} INFO - Started process (PID=977) to work on /home/airflow/.local/lib/python3.12/site-packages/airflow/example_dags/example_setup_teardown_taskflow.py
[2026-02-10T01:55:37.461+0000] {processor.py:830} INFO - Processing file /home/airflow/.local/lib/python3.12/site-packages/airflow/example_dags/example_setup_teardown_taskflow.py for tasks to queue
[2026-02-10T01:55:37.464+0000] {logging_mixin.py:188} INFO - [2026-02-10T01:55:37.463+0000] {dagbag.py:540} INFO - Filling up the DagBag from /home/airflow/.local/lib/python3.12/site-packages/airflow/example_dags/example_setup_teardown_taskflow.py
[2026-02-10T01:55:37.490+0000] {processor.py:840} INFO - DAG(s) 'example_setup_teardown_taskflow' retrieved from /home/airflow/.local/lib/python3.12/site-packages/airflow/example_dags/example_setup_teardown_taskflow.py
[2026-02-10T01:55:37.517+0000] {logging_mixin.py:188} INFO - [2026-02-10T01:55:37.517+0000] {dag.py:3096} INFO - Sync 1 DAGs
[2026-02-10T01:55:37.543+0000] {logging_mixin.py:188} INFO - [2026-02-10T01:55:37.543+0000] {dag.py:3954} INFO - Setting next_dagrun for example_setup_teardown_taskflow to 2026-02-09 00:00:00+00:00, run_after=2026-02-10 00:00:00+00:00
[2026-02-10T01:55:37.567+0000] {processor.py:183} INFO - Processing /home/airflow/.local/lib/python3.12/site-packages/airflow/example_dags/example_setup_teardown_taskflow.py took 0.113 seconds
[2026-02-10T01:56:08.305+0000] {processor.py:161} INFO - Started process (PID=1031) to work on /home/airflow/.local/lib/python3.12/site-packages/airflow/example_dags/example_setup_teardown_taskflow.py
[2026-02-10T01:56:08.307+0000] {processor.py:830} INFO - Processing file /home/airflow/.local/lib/python3.12/site-packages/airflow/example_dags/example_setup_teardown_taskflow.py for tasks to queue
[2026-02-10T01:56:08.310+0000] {logging_mixin.py:188} INFO - [2026-02-10T01:56:08.310+0000] {dagbag.py:540} INFO - Filling up the DagBag from /home/airflow/.local/lib/python3.12/site-packages/airflow/example_dags/example_setup_teardown_taskflow.py
[2026-02-10T01:56:08.325+0000] {processor.py:840} INFO - DAG(s) 'example_setup_teardown_taskflow' retrieved from /home/airflow/.local/lib/python3.12/site-packages/airflow/example_dags/example_setup_teardown_taskflow.py
[2026-02-10T01:56:08.351+0000] {logging_mixin.py:188} INFO - [2026-02-10T01:56:08.351+0000] {dag.py:3096} INFO - Sync 1 DAGs
[2026-02-10T01:56:08.373+0000] {logging_mixin.py:188} INFO - [2026-02-10T01:56:08.373+0000] {dag.py:3954} INFO - Setting next_dagrun for example_setup_teardown_taskflow to 2026-02-09 00:00:00+00:00, run_after=2026-02-10 00:00:00+00:00
[2026-02-10T01:56:08.394+0000] {processor.py:183} INFO - Processing /home/airflow/.local/lib/python3.12/site-packages/airflow/example_dags/example_setup_teardown_taskflow.py took 0.094 seconds
[2026-02-10T01:56:39.463+0000] {processor.py:161} INFO - Started process (PID=1085) to work on /home/airflow/.local/lib/python3.12/site-packages/airflow/example_dags/example_setup_teardown_taskflow.py
[2026-02-10T01:56:39.464+0000] {processor.py:830} INFO - Processing file /home/airflow/.local/lib/python3.12/site-packages/airflow/example_dags/example_setup_teardown_taskflow.py for tasks to queue
[2026-02-10T01:56:39.466+0000] {logging_mixin.py:188} INFO - [2026-02-10T01:56:39.466+0000] {dagbag.py:540} INFO - Filling up the DagBag from /home/airflow/.local/lib/python3.12/site-packages/airflow/example_dags/example_setup_teardown_taskflow.py
[2026-02-10T01:56:39.474+0000] {processor.py:840} INFO - DAG(s) 'example_setup_teardown_taskflow' retrieved from /home/airflow/.local/lib/python3.12/site-packages/airflow/example_dags/example_setup_teardown_taskflow.py
[2026-02-10T01:56:39.496+0000] {logging_mixin.py:188} INFO - [2026-02-10T01:56:39.496+0000] {dag.py:3096} INFO - Sync 1 DAGs
[2026-02-10T01:56:39.515+0000] {logging_mixin.py:188} INFO - [2026-02-10T01:56:39.515+0000] {dag.py:3954} INFO - Setting next_dagrun for example_setup_teardown_taskflow to 2026-02-09 00:00:00+00:00, run_after=2026-02-10 00:00:00+00:00
[2026-02-10T01:56:39.669+0000] {processor.py:183} INFO - Processing /home/airflow/.local/lib/python3.12/site-packages/airflow/example_dags/example_setup_teardown_taskflow.py took 0.211 seconds
[2026-02-10T01:57:09.956+0000] {processor.py:161} INFO - Started process (PID=1139) to work on /home/airflow/.local/lib/python3.12/site-packages/airflow/example_dags/example_setup_teardown_taskflow.py
[2026-02-10T01:57:09.957+0000] {processor.py:830} INFO - Processing file /home/airflow/.local/lib/python3.12/site-packages/airflow/example_dags/example_setup_teardown_taskflow.py for tasks to queue
[2026-02-10T01:57:09.959+0000] {logging_mixin.py:188} INFO - [2026-02-10T01:57:09.959+0000] {dagbag.py:540} INFO - Filling up the DagBag from /home/airflow/.local/lib/python3.12/site-packages/airflow/example_dags/example_setup_teardown_taskflow.py
[2026-02-10T01:57:09.967+0000] {processor.py:840} INFO - DAG(s) 'example_setup_teardown_taskflow' retrieved from /home/airflow/.local/lib/python3.12/site-packages/airflow/example_dags/example_setup_teardown_taskflow.py
[2026-02-10T01:57:09.988+0000] {logging_mixin.py:188} INFO - [2026-02-10T01:57:09.988+0000] {dag.py:3096} INFO - Sync 1 DAGs
[2026-02-10T01:57:10.009+0000] {logging_mixin.py:188} INFO - [2026-02-10T01:57:10.009+0000] {dag.py:3954} INFO - Setting next_dagrun for example_setup_teardown_taskflow to 2026-02-09 00:00:00+00:00, run_after=2026-02-10 00:00:00+00:00
[2026-02-10T01:57:10.030+0000] {processor.py:183} INFO - Processing /home/airflow/.local/lib/python3.12/site-packages/airflow/example_dags/example_setup_teardown_taskflow.py took 0.079 seconds
[2026-02-10T02:00:07.346+0000] {processor.py:161} INFO - Started process (PID=58) to work on /home/airflow/.local/lib/python3.12/site-packages/airflow/example_dags/example_setup_teardown_taskflow.py
[2026-02-10T02:00:07.349+0000] {processor.py:830} INFO - Processing file /home/airflow/.local/lib/python3.12/site-packages/airflow/example_dags/example_setup_teardown_taskflow.py for tasks to queue
[2026-02-10T02:00:07.365+0000] {logging_mixin.py:188} INFO - [2026-02-10T02:00:07.362+0000] {dagbag.py:540} INFO - Filling up the DagBag from /home/airflow/.local/lib/python3.12/site-packages/airflow/example_dags/example_setup_teardown_taskflow.py
[2026-02-10T02:00:07.436+0000] {processor.py:840} INFO - DAG(s) 'example_setup_teardown_taskflow' retrieved from /home/airflow/.local/lib/python3.12/site-packages/airflow/example_dags/example_setup_teardown_taskflow.py
[2026-02-10T02:00:07.477+0000] {logging_mixin.py:188} INFO - [2026-02-10T02:00:07.476+0000] {dag.py:3096} INFO - Sync 1 DAGs
[2026-02-10T02:00:07.555+0000] {logging_mixin.py:188} INFO - [2026-02-10T02:00:07.554+0000] {dag.py:3954} INFO - Setting next_dagrun for example_setup_teardown_taskflow to 2026-02-09 00:00:00+00:00, run_after=2026-02-10 00:00:00+00:00
[2026-02-10T02:00:07.614+0000] {processor.py:183} INFO - Processing /home/airflow/.local/lib/python3.12/site-packages/airflow/example_dags/example_setup_teardown_taskflow.py took 0.283 seconds
[2026-02-10T02:00:37.902+0000] {processor.py:161} INFO - Started process (PID=112) to work on /home/airflow/.local/lib/python3.12/site-packages/airflow/example_dags/example_setup_teardown_taskflow.py
[2026-02-10T02:00:37.903+0000] {processor.py:830} INFO - Processing file /home/airflow/.local/lib/python3.12/site-packages/airflow/example_dags/example_setup_teardown_taskflow.py for tasks to queue
[2026-02-10T02:00:37.905+0000] {logging_mixin.py:188} INFO - [2026-02-10T02:00:37.905+0000] {dagbag.py:540} INFO - Filling up the DagBag from /home/airflow/.local/lib/python3.12/site-packages/airflow/example_dags/example_setup_teardown_taskflow.py
[2026-02-10T02:00:37.914+0000] {processor.py:840} INFO - DAG(s) 'example_setup_teardown_taskflow' retrieved from /home/airflow/.local/lib/python3.12/site-packages/airflow/example_dags/example_setup_teardown_taskflow.py
[2026-02-10T02:00:38.010+0000] {logging_mixin.py:188} INFO - [2026-02-10T02:00:38.009+0000] {dag.py:3096} INFO - Sync 1 DAGs
[2026-02-10T02:00:38.029+0000] {logging_mixin.py:188} INFO - [2026-02-10T02:00:38.028+0000] {dag.py:3954} INFO - Setting next_dagrun for example_setup_teardown_taskflow to 2026-02-09 00:00:00+00:00, run_after=2026-02-10 00:00:00+00:00
[2026-02-10T02:00:38.049+0000] {processor.py:183} INFO - Processing /home/airflow/.local/lib/python3.12/site-packages/airflow/example_dags/example_setup_teardown_taskflow.py took 0.152 seconds
[2026-02-10T02:01:08.417+0000] {processor.py:161} INFO - Started process (PID=166) to work on /home/airflow/.local/lib/python3.12/site-packages/airflow/example_dags/example_setup_teardown_taskflow.py
[2026-02-10T02:01:08.418+0000] {processor.py:830} INFO - Processing file /home/airflow/.local/lib/python3.12/site-packages/airflow/example_dags/example_setup_teardown_taskflow.py for tasks to queue
[2026-02-10T02:01:08.421+0000] {logging_mixin.py:188} INFO - [2026-02-10T02:01:08.421+0000] {dagbag.py:540} INFO - Filling up the DagBag from /home/airflow/.local/lib/python3.12/site-packages/airflow/example_dags/example_setup_teardown_taskflow.py
[2026-02-10T02:01:08.430+0000] {processor.py:840} INFO - DAG(s) 'example_setup_teardown_taskflow' retrieved from /home/airflow/.local/lib/python3.12/site-packages/airflow/example_dags/example_setup_teardown_taskflow.py
[2026-02-10T02:01:08.450+0000] {logging_mixin.py:188} INFO - [2026-02-10T02:01:08.450+0000] {dag.py:3096} INFO - Sync 1 DAGs
[2026-02-10T02:01:08.469+0000] {logging_mixin.py:188} INFO - [2026-02-10T02:01:08.469+0000] {dag.py:3954} INFO - Setting next_dagrun for example_setup_teardown_taskflow to 2026-02-09 00:00:00+00:00, run_after=2026-02-10 00:00:00+00:00
[2026-02-10T02:01:08.488+0000] {processor.py:183} INFO - Processing /home/airflow/.local/lib/python3.12/site-packages/airflow/example_dags/example_setup_teardown_taskflow.py took 0.076 seconds
[2026-02-10T02:01:38.755+0000] {processor.py:161} INFO - Started process (PID=220) to work on /home/airflow/.local/lib/python3.12/site-packages/airflow/example_dags/example_setup_teardown_taskflow.py
[2026-02-10T02:01:38.756+0000] {processor.py:830} INFO - Processing file /home/airflow/.local/lib/python3.12/site-packages/airflow/example_dags/example_setup_teardown_taskflow.py for tasks to queue
[2026-02-10T02:01:38.759+0000] {logging_mixin.py:188} INFO - [2026-02-10T02:01:38.758+0000] {dagbag.py:540} INFO - Filling up the DagBag from /home/airflow/.local/lib/python3.12/site-packages/airflow/example_dags/example_setup_teardown_taskflow.py
[2026-02-10T02:01:38.767+0000] {processor.py:840} INFO - DAG(s) 'example_setup_teardown_taskflow' retrieved from /home/airflow/.local/lib/python3.12/site-packages/airflow/example_dags/example_setup_teardown_taskflow.py
[2026-02-10T02:01:38.789+0000] {logging_mixin.py:188} INFO - [2026-02-10T02:01:38.789+0000] {dag.py:3096} INFO - Sync 1 DAGs
[2026-02-10T02:01:38.811+0000] {logging_mixin.py:188} INFO - [2026-02-10T02:01:38.811+0000] {dag.py:3954} INFO - Setting next_dagrun for example_setup_teardown_taskflow to 2026-02-09 00:00:00+00:00, run_after=2026-02-10 00:00:00+00:00
[2026-02-10T02:01:38.829+0000] {processor.py:183} INFO - Processing /home/airflow/.local/lib/python3.12/site-packages/airflow/example_dags/example_setup_teardown_taskflow.py took 0.081 seconds
[2026-02-10T02:02:09.159+0000] {processor.py:161} INFO - Started process (PID=274) to work on /home/airflow/.local/lib/python3.12/site-packages/airflow/example_dags/example_setup_teardown_taskflow.py
[2026-02-10T02:02:09.162+0000] {processor.py:830} INFO - Processing file /home/airflow/.local/lib/python3.12/site-packages/airflow/example_dags/example_setup_teardown_taskflow.py for tasks to queue
[2026-02-10T02:02:09.164+0000] {logging_mixin.py:188} INFO - [2026-02-10T02:02:09.164+0000] {dagbag.py:540} INFO - Filling up the DagBag from /home/airflow/.local/lib/python3.12/site-packages/airflow/example_dags/example_setup_teardown_taskflow.py
[2026-02-10T02:02:09.174+0000] {processor.py:840} INFO - DAG(s) 'example_setup_teardown_taskflow' retrieved from /home/airflow/.local/lib/python3.12/site-packages/airflow/example_dags/example_setup_teardown_taskflow.py
[2026-02-10T02:02:09.196+0000] {logging_mixin.py:188} INFO - [2026-02-10T02:02:09.196+0000] {dag.py:3096} INFO - Sync 1 DAGs
[2026-02-10T02:02:09.216+0000] {logging_mixin.py:188} INFO - [2026-02-10T02:02:09.216+0000] {dag.py:3954} INFO - Setting next_dagrun for example_setup_teardown_taskflow to 2026-02-09 00:00:00+00:00, run_after=2026-02-10 00:00:00+00:00
[2026-02-10T02:02:09.242+0000] {processor.py:183} INFO - Processing /home/airflow/.local/lib/python3.12/site-packages/airflow/example_dags/example_setup_teardown_taskflow.py took 0.089 seconds
[2026-02-10T02:02:39.661+0000] {processor.py:161} INFO - Started process (PID=328) to work on /home/airflow/.local/lib/python3.12/site-packages/airflow/example_dags/example_setup_teardown_taskflow.py
[2026-02-10T02:02:39.662+0000] {processor.py:830} INFO - Processing file /home/airflow/.local/lib/python3.12/site-packages/airflow/example_dags/example_setup_teardown_taskflow.py for tasks to queue
[2026-02-10T02:02:39.664+0000] {logging_mixin.py:188} INFO - [2026-02-10T02:02:39.664+0000] {dagbag.py:540} INFO - Filling up the DagBag from /home/airflow/.local/lib/python3.12/site-packages/airflow/example_dags/example_setup_teardown_taskflow.py
[2026-02-10T02:02:39.674+0000] {processor.py:840} INFO - DAG(s) 'example_setup_teardown_taskflow' retrieved from /home/airflow/.local/lib/python3.12/site-packages/airflow/example_dags/example_setup_teardown_taskflow.py
[2026-02-10T02:02:39.699+0000] {logging_mixin.py:188} INFO - [2026-02-10T02:02:39.699+0000] {dag.py:3096} INFO - Sync 1 DAGs
[2026-02-10T02:02:39.725+0000] {logging_mixin.py:188} INFO - [2026-02-10T02:02:39.725+0000] {dag.py:3954} INFO - Setting next_dagrun for example_setup_teardown_taskflow to 2026-02-09 00:00:00+00:00, run_after=2026-02-10 00:00:00+00:00
[2026-02-10T02:02:39.750+0000] {processor.py:183} INFO - Processing /home/airflow/.local/lib/python3.12/site-packages/airflow/example_dags/example_setup_teardown_taskflow.py took 0.094 seconds
[2026-02-10T02:03:10.135+0000] {processor.py:161} INFO - Started process (PID=382) to work on /home/airflow/.local/lib/python3.12/site-packages/airflow/example_dags/example_setup_teardown_taskflow.py
[2026-02-10T02:03:10.136+0000] {processor.py:830} INFO - Processing file /home/airflow/.local/lib/python3.12/site-packages/airflow/example_dags/example_setup_teardown_taskflow.py for tasks to queue
[2026-02-10T02:03:10.138+0000] {logging_mixin.py:188} INFO - [2026-02-10T02:03:10.138+0000] {dagbag.py:540} INFO - Filling up the DagBag from /home/airflow/.local/lib/python3.12/site-packages/airflow/example_dags/example_setup_teardown_taskflow.py
[2026-02-10T02:03:10.148+0000] {processor.py:840} INFO - DAG(s) 'example_setup_teardown_taskflow' retrieved from /home/airflow/.local/lib/python3.12/site-packages/airflow/example_dags/example_setup_teardown_taskflow.py
[2026-02-10T02:03:10.169+0000] {logging_mixin.py:188} INFO - [2026-02-10T02:03:10.168+0000] {dag.py:3096} INFO - Sync 1 DAGs
[2026-02-10T02:03:10.189+0000] {logging_mixin.py:188} INFO - [2026-02-10T02:03:10.189+0000] {dag.py:3954} INFO - Setting next_dagrun for example_setup_teardown_taskflow to 2026-02-09 00:00:00+00:00, run_after=2026-02-10 00:00:00+00:00
[2026-02-10T02:03:10.209+0000] {processor.py:183} INFO - Processing /home/airflow/.local/lib/python3.12/site-packages/airflow/example_dags/example_setup_teardown_taskflow.py took 0.080 seconds
[2026-02-10T02:03:40.715+0000] {processor.py:161} INFO - Started process (PID=436) to work on /home/airflow/.local/lib/python3.12/site-packages/airflow/example_dags/example_setup_teardown_taskflow.py
[2026-02-10T02:03:40.717+0000] {processor.py:830} INFO - Processing file /home/airflow/.local/lib/python3.12/site-packages/airflow/example_dags/example_setup_teardown_taskflow.py for tasks to queue
[2026-02-10T02:03:40.719+0000] {logging_mixin.py:188} INFO - [2026-02-10T02:03:40.719+0000] {dagbag.py:540} INFO - Filling up the DagBag from /home/airflow/.local/lib/python3.12/site-packages/airflow/example_dags/example_setup_teardown_taskflow.py
[2026-02-10T02:03:40.731+0000] {processor.py:840} INFO - DAG(s) 'example_setup_teardown_taskflow' retrieved from /home/airflow/.local/lib/python3.12/site-packages/airflow/example_dags/example_setup_teardown_taskflow.py
[2026-02-10T02:03:40.754+0000] {logging_mixin.py:188} INFO - [2026-02-10T02:03:40.753+0000] {dag.py:3096} INFO - Sync 1 DAGs
[2026-02-10T02:03:40.776+0000] {logging_mixin.py:188} INFO - [2026-02-10T02:03:40.776+0000] {dag.py:3954} INFO - Setting next_dagrun for example_setup_teardown_taskflow to 2026-02-09 00:00:00+00:00, run_after=2026-02-10 00:00:00+00:00
[2026-02-10T02:03:40.793+0000] {processor.py:183} INFO - Processing /home/airflow/.local/lib/python3.12/site-packages/airflow/example_dags/example_setup_teardown_taskflow.py took 0.084 seconds
[2026-02-10T02:04:11.211+0000] {processor.py:161} INFO - Started process (PID=490) to work on /home/airflow/.local/lib/python3.12/site-packages/airflow/example_dags/example_setup_teardown_taskflow.py
[2026-02-10T02:04:11.212+0000] {processor.py:830} INFO - Processing file /home/airflow/.local/lib/python3.12/site-packages/airflow/example_dags/example_setup_teardown_taskflow.py for tasks to queue
[2026-02-10T02:04:11.215+0000] {logging_mixin.py:188} INFO - [2026-02-10T02:04:11.214+0000] {dagbag.py:540} INFO - Filling up the DagBag from /home/airflow/.local/lib/python3.12/site-packages/airflow/example_dags/example_setup_teardown_taskflow.py
[2026-02-10T02:04:11.223+0000] {processor.py:840} INFO - DAG(s) 'example_setup_teardown_taskflow' retrieved from /home/airflow/.local/lib/python3.12/site-packages/airflow/example_dags/example_setup_teardown_taskflow.py
[2026-02-10T02:04:11.244+0000] {logging_mixin.py:188} INFO - [2026-02-10T02:04:11.244+0000] {dag.py:3096} INFO - Sync 1 DAGs
[2026-02-10T02:04:11.264+0000] {logging_mixin.py:188} INFO - [2026-02-10T02:04:11.264+0000] {dag.py:3954} INFO - Setting next_dagrun for example_setup_teardown_taskflow to 2026-02-09 00:00:00+00:00, run_after=2026-02-10 00:00:00+00:00
[2026-02-10T02:04:11.286+0000] {processor.py:183} INFO - Processing /home/airflow/.local/lib/python3.12/site-packages/airflow/example_dags/example_setup_teardown_taskflow.py took 0.080 seconds
[2026-02-10T02:07:49.461+0000] {processor.py:161} INFO - Started process (PID=59) to work on /home/airflow/.local/lib/python3.12/site-packages/airflow/example_dags/example_setup_teardown_taskflow.py
[2026-02-10T02:07:49.463+0000] {processor.py:830} INFO - Processing file /home/airflow/.local/lib/python3.12/site-packages/airflow/example_dags/example_setup_teardown_taskflow.py for tasks to queue
[2026-02-10T02:07:49.469+0000] {logging_mixin.py:188} INFO - [2026-02-10T02:07:49.468+0000] {dagbag.py:540} INFO - Filling up the DagBag from /home/airflow/.local/lib/python3.12/site-packages/airflow/example_dags/example_setup_teardown_taskflow.py
[2026-02-10T02:07:49.512+0000] {processor.py:840} INFO - DAG(s) 'example_setup_teardown_taskflow' retrieved from /home/airflow/.local/lib/python3.12/site-packages/airflow/example_dags/example_setup_teardown_taskflow.py
[2026-02-10T02:07:49.622+0000] {logging_mixin.py:188} INFO - [2026-02-10T02:07:49.621+0000] {dag.py:3096} INFO - Sync 1 DAGs
[2026-02-10T02:07:49.706+0000] {logging_mixin.py:188} INFO - [2026-02-10T02:07:49.706+0000] {dag.py:3954} INFO - Setting next_dagrun for example_setup_teardown_taskflow to 2026-02-09 00:00:00+00:00, run_after=2026-02-10 00:00:00+00:00
[2026-02-10T02:07:49.769+0000] {processor.py:183} INFO - Processing /home/airflow/.local/lib/python3.12/site-packages/airflow/example_dags/example_setup_teardown_taskflow.py took 0.325 seconds
[2026-02-10T02:08:20.464+0000] {processor.py:161} INFO - Started process (PID=113) to work on /home/airflow/.local/lib/python3.12/site-packages/airflow/example_dags/example_setup_teardown_taskflow.py
[2026-02-10T02:08:20.465+0000] {processor.py:830} INFO - Processing file /home/airflow/.local/lib/python3.12/site-packages/airflow/example_dags/example_setup_teardown_taskflow.py for tasks to queue
[2026-02-10T02:08:20.468+0000] {logging_mixin.py:188} INFO - [2026-02-10T02:08:20.467+0000] {dagbag.py:540} INFO - Filling up the DagBag from /home/airflow/.local/lib/python3.12/site-packages/airflow/example_dags/example_setup_teardown_taskflow.py
[2026-02-10T02:08:20.482+0000] {processor.py:840} INFO - DAG(s) 'example_setup_teardown_taskflow' retrieved from /home/airflow/.local/lib/python3.12/site-packages/airflow/example_dags/example_setup_teardown_taskflow.py
[2026-02-10T02:08:20.620+0000] {logging_mixin.py:188} INFO - [2026-02-10T02:08:20.620+0000] {dag.py:3096} INFO - Sync 1 DAGs
[2026-02-10T02:08:20.644+0000] {logging_mixin.py:188} INFO - [2026-02-10T02:08:20.643+0000] {dag.py:3954} INFO - Setting next_dagrun for example_setup_teardown_taskflow to 2026-02-09 00:00:00+00:00, run_after=2026-02-10 00:00:00+00:00
[2026-02-10T02:08:20.682+0000] {processor.py:183} INFO - Processing /home/airflow/.local/lib/python3.12/site-packages/airflow/example_dags/example_setup_teardown_taskflow.py took 0.227 seconds
[2026-02-10T02:08:51.476+0000] {processor.py:161} INFO - Started process (PID=167) to work on /home/airflow/.local/lib/python3.12/site-packages/airflow/example_dags/example_setup_teardown_taskflow.py
[2026-02-10T02:08:51.477+0000] {processor.py:830} INFO - Processing file /home/airflow/.local/lib/python3.12/site-packages/airflow/example_dags/example_setup_teardown_taskflow.py for tasks to queue
[2026-02-10T02:08:51.479+0000] {logging_mixin.py:188} INFO - [2026-02-10T02:08:51.479+0000] {dagbag.py:540} INFO - Filling up the DagBag from /home/airflow/.local/lib/python3.12/site-packages/airflow/example_dags/example_setup_teardown_taskflow.py
[2026-02-10T02:08:51.493+0000] {processor.py:840} INFO - DAG(s) 'example_setup_teardown_taskflow' retrieved from /home/airflow/.local/lib/python3.12/site-packages/airflow/example_dags/example_setup_teardown_taskflow.py
[2026-02-10T02:08:51.518+0000] {logging_mixin.py:188} INFO - [2026-02-10T02:08:51.517+0000] {dag.py:3096} INFO - Sync 1 DAGs
[2026-02-10T02:08:51.541+0000] {logging_mixin.py:188} INFO - [2026-02-10T02:08:51.541+0000] {dag.py:3954} INFO - Setting next_dagrun for example_setup_teardown_taskflow to 2026-02-09 00:00:00+00:00, run_after=2026-02-10 00:00:00+00:00
[2026-02-10T02:08:51.563+0000] {processor.py:183} INFO - Processing /home/airflow/.local/lib/python3.12/site-packages/airflow/example_dags/example_setup_teardown_taskflow.py took 0.093 seconds
[2026-02-10T02:09:21.818+0000] {processor.py:161} INFO - Started process (PID=221) to work on /home/airflow/.local/lib/python3.12/site-packages/airflow/example_dags/example_setup_teardown_taskflow.py
[2026-02-10T02:09:21.819+0000] {processor.py:830} INFO - Processing file /home/airflow/.local/lib/python3.12/site-packages/airflow/example_dags/example_setup_teardown_taskflow.py for tasks to queue
[2026-02-10T02:09:21.821+0000] {logging_mixin.py:188} INFO - [2026-02-10T02:09:21.821+0000] {dagbag.py:540} INFO - Filling up the DagBag from /home/airflow/.local/lib/python3.12/site-packages/airflow/example_dags/example_setup_teardown_taskflow.py
[2026-02-10T02:09:21.829+0000] {processor.py:840} INFO - DAG(s) 'example_setup_teardown_taskflow' retrieved from /home/airflow/.local/lib/python3.12/site-packages/airflow/example_dags/example_setup_teardown_taskflow.py
[2026-02-10T02:09:21.848+0000] {logging_mixin.py:188} INFO - [2026-02-10T02:09:21.848+0000] {dag.py:3096} INFO - Sync 1 DAGs
[2026-02-10T02:09:21.867+0000] {logging_mixin.py:188} INFO - [2026-02-10T02:09:21.866+0000] {dag.py:3954} INFO - Setting next_dagrun for example_setup_teardown_taskflow to 2026-02-09 00:00:00+00:00, run_after=2026-02-10 00:00:00+00:00
[2026-02-10T02:09:21.886+0000] {processor.py:183} INFO - Processing /home/airflow/.local/lib/python3.12/site-packages/airflow/example_dags/example_setup_teardown_taskflow.py took 0.073 seconds
[2026-02-10T02:09:52.257+0000] {processor.py:161} INFO - Started process (PID=275) to work on /home/airflow/.local/lib/python3.12/site-packages/airflow/example_dags/example_setup_teardown_taskflow.py
[2026-02-10T02:09:52.258+0000] {processor.py:830} INFO - Processing file /home/airflow/.local/lib/python3.12/site-packages/airflow/example_dags/example_setup_teardown_taskflow.py for tasks to queue
[2026-02-10T02:09:52.260+0000] {logging_mixin.py:188} INFO - [2026-02-10T02:09:52.260+0000] {dagbag.py:540} INFO - Filling up the DagBag from /home/airflow/.local/lib/python3.12/site-packages/airflow/example_dags/example_setup_teardown_taskflow.py
[2026-02-10T02:09:52.269+0000] {processor.py:840} INFO - DAG(s) 'example_setup_teardown_taskflow' retrieved from /home/airflow/.local/lib/python3.12/site-packages/airflow/example_dags/example_setup_teardown_taskflow.py
[2026-02-10T02:09:52.290+0000] {logging_mixin.py:188} INFO - [2026-02-10T02:09:52.289+0000] {dag.py:3096} INFO - Sync 1 DAGs
[2026-02-10T02:09:52.309+0000] {logging_mixin.py:188} INFO - [2026-02-10T02:09:52.308+0000] {dag.py:3954} INFO - Setting next_dagrun for example_setup_teardown_taskflow to 2026-02-09 00:00:00+00:00, run_after=2026-02-10 00:00:00+00:00
[2026-02-10T02:09:52.329+0000] {processor.py:183} INFO - Processing /home/airflow/.local/lib/python3.12/site-packages/airflow/example_dags/example_setup_teardown_taskflow.py took 0.078 seconds
[2026-02-10T02:10:22.861+0000] {processor.py:161} INFO - Started process (PID=329) to work on /home/airflow/.local/lib/python3.12/site-packages/airflow/example_dags/example_setup_teardown_taskflow.py
[2026-02-10T02:10:22.862+0000] {processor.py:830} INFO - Processing file /home/airflow/.local/lib/python3.12/site-packages/airflow/example_dags/example_setup_teardown_taskflow.py for tasks to queue
[2026-02-10T02:10:22.864+0000] {logging_mixin.py:188} INFO - [2026-02-10T02:10:22.864+0000] {dagbag.py:540} INFO - Filling up the DagBag from /home/airflow/.local/lib/python3.12/site-packages/airflow/example_dags/example_setup_teardown_taskflow.py
[2026-02-10T02:10:22.873+0000] {processor.py:840} INFO - DAG(s) 'example_setup_teardown_taskflow' retrieved from /home/airflow/.local/lib/python3.12/site-packages/airflow/example_dags/example_setup_teardown_taskflow.py
[2026-02-10T02:10:22.896+0000] {logging_mixin.py:188} INFO - [2026-02-10T02:10:22.896+0000] {dag.py:3096} INFO - Sync 1 DAGs
[2026-02-10T02:10:22.919+0000] {logging_mixin.py:188} INFO - [2026-02-10T02:10:22.918+0000] {dag.py:3954} INFO - Setting next_dagrun for example_setup_teardown_taskflow to 2026-02-09 00:00:00+00:00, run_after=2026-02-10 00:00:00+00:00
[2026-02-10T02:10:22.938+0000] {processor.py:183} INFO - Processing /home/airflow/.local/lib/python3.12/site-packages/airflow/example_dags/example_setup_teardown_taskflow.py took 0.084 seconds
[2026-02-10T02:10:52.983+0000] {processor.py:161} INFO - Started process (PID=383) to work on /home/airflow/.local/lib/python3.12/site-packages/airflow/example_dags/example_setup_teardown_taskflow.py
[2026-02-10T02:10:52.984+0000] {processor.py:830} INFO - Processing file /home/airflow/.local/lib/python3.12/site-packages/airflow/example_dags/example_setup_teardown_taskflow.py for tasks to queue
[2026-02-10T02:10:52.986+0000] {logging_mixin.py:188} INFO - [2026-02-10T02:10:52.985+0000] {dagbag.py:540} INFO - Filling up the DagBag from /home/airflow/.local/lib/python3.12/site-packages/airflow/example_dags/example_setup_teardown_taskflow.py
[2026-02-10T02:10:52.994+0000] {processor.py:840} INFO - DAG(s) 'example_setup_teardown_taskflow' retrieved from /home/airflow/.local/lib/python3.12/site-packages/airflow/example_dags/example_setup_teardown_taskflow.py
[2026-02-10T02:10:53.016+0000] {logging_mixin.py:188} INFO - [2026-02-10T02:10:53.016+0000] {dag.py:3096} INFO - Sync 1 DAGs
[2026-02-10T02:10:53.035+0000] {logging_mixin.py:188} INFO - [2026-02-10T02:10:53.035+0000] {dag.py:3954} INFO - Setting next_dagrun for example_setup_teardown_taskflow to 2026-02-09 00:00:00+00:00, run_after=2026-02-10 00:00:00+00:00
[2026-02-10T02:10:53.055+0000] {processor.py:183} INFO - Processing /home/airflow/.local/lib/python3.12/site-packages/airflow/example_dags/example_setup_teardown_taskflow.py took 0.077 seconds
[2026-02-10T02:16:24.621+0000] {processor.py:161} INFO - Started process (PID=59) to work on /home/airflow/.local/lib/python3.12/site-packages/airflow/example_dags/example_setup_teardown_taskflow.py
[2026-02-10T02:16:24.623+0000] {processor.py:830} INFO - Processing file /home/airflow/.local/lib/python3.12/site-packages/airflow/example_dags/example_setup_teardown_taskflow.py for tasks to queue
[2026-02-10T02:16:24.629+0000] {logging_mixin.py:188} INFO - [2026-02-10T02:16:24.628+0000] {dagbag.py:540} INFO - Filling up the DagBag from /home/airflow/.local/lib/python3.12/site-packages/airflow/example_dags/example_setup_teardown_taskflow.py
[2026-02-10T02:16:24.653+0000] {processor.py:840} INFO - DAG(s) 'example_setup_teardown_taskflow' retrieved from /home/airflow/.local/lib/python3.12/site-packages/airflow/example_dags/example_setup_teardown_taskflow.py
[2026-02-10T02:16:24.677+0000] {logging_mixin.py:188} INFO - [2026-02-10T02:16:24.677+0000] {dag.py:3096} INFO - Sync 1 DAGs
[2026-02-10T02:16:24.733+0000] {logging_mixin.py:188} INFO - [2026-02-10T02:16:24.732+0000] {dag.py:3954} INFO - Setting next_dagrun for example_setup_teardown_taskflow to 2026-02-09 00:00:00+00:00, run_after=2026-02-10 00:00:00+00:00
[2026-02-10T02:16:24.777+0000] {processor.py:183} INFO - Processing /home/airflow/.local/lib/python3.12/site-packages/airflow/example_dags/example_setup_teardown_taskflow.py took 0.172 seconds
[2026-02-10T02:16:55.807+0000] {processor.py:161} INFO - Started process (PID=113) to work on /home/airflow/.local/lib/python3.12/site-packages/airflow/example_dags/example_setup_teardown_taskflow.py
[2026-02-10T02:16:55.809+0000] {processor.py:830} INFO - Processing file /home/airflow/.local/lib/python3.12/site-packages/airflow/example_dags/example_setup_teardown_taskflow.py for tasks to queue
[2026-02-10T02:16:55.811+0000] {logging_mixin.py:188} INFO - [2026-02-10T02:16:55.811+0000] {dagbag.py:540} INFO - Filling up the DagBag from /home/airflow/.local/lib/python3.12/site-packages/airflow/example_dags/example_setup_teardown_taskflow.py
[2026-02-10T02:16:55.822+0000] {processor.py:840} INFO - DAG(s) 'example_setup_teardown_taskflow' retrieved from /home/airflow/.local/lib/python3.12/site-packages/airflow/example_dags/example_setup_teardown_taskflow.py
[2026-02-10T02:16:55.952+0000] {logging_mixin.py:188} INFO - [2026-02-10T02:16:55.952+0000] {dag.py:3096} INFO - Sync 1 DAGs
[2026-02-10T02:16:55.978+0000] {logging_mixin.py:188} INFO - [2026-02-10T02:16:55.977+0000] {dag.py:3954} INFO - Setting next_dagrun for example_setup_teardown_taskflow to 2026-02-09 00:00:00+00:00, run_after=2026-02-10 00:00:00+00:00
[2026-02-10T02:16:56.005+0000] {processor.py:183} INFO - Processing /home/airflow/.local/lib/python3.12/site-packages/airflow/example_dags/example_setup_teardown_taskflow.py took 0.206 seconds
[2026-02-10T02:17:26.484+0000] {processor.py:161} INFO - Started process (PID=167) to work on /home/airflow/.local/lib/python3.12/site-packages/airflow/example_dags/example_setup_teardown_taskflow.py
[2026-02-10T02:17:26.485+0000] {processor.py:830} INFO - Processing file /home/airflow/.local/lib/python3.12/site-packages/airflow/example_dags/example_setup_teardown_taskflow.py for tasks to queue
[2026-02-10T02:17:26.487+0000] {logging_mixin.py:188} INFO - [2026-02-10T02:17:26.487+0000] {dagbag.py:540} INFO - Filling up the DagBag from /home/airflow/.local/lib/python3.12/site-packages/airflow/example_dags/example_setup_teardown_taskflow.py
[2026-02-10T02:17:26.497+0000] {processor.py:840} INFO - DAG(s) 'example_setup_teardown_taskflow' retrieved from /home/airflow/.local/lib/python3.12/site-packages/airflow/example_dags/example_setup_teardown_taskflow.py
[2026-02-10T02:17:26.519+0000] {logging_mixin.py:188} INFO - [2026-02-10T02:17:26.519+0000] {dag.py:3096} INFO - Sync 1 DAGs
[2026-02-10T02:17:26.540+0000] {logging_mixin.py:188} INFO - [2026-02-10T02:17:26.539+0000] {dag.py:3954} INFO - Setting next_dagrun for example_setup_teardown_taskflow to 2026-02-09 00:00:00+00:00, run_after=2026-02-10 00:00:00+00:00
[2026-02-10T02:17:26.558+0000] {processor.py:183} INFO - Processing /home/airflow/.local/lib/python3.12/site-packages/airflow/example_dags/example_setup_teardown_taskflow.py took 0.080 seconds
[2026-02-10T02:17:57.008+0000] {processor.py:161} INFO - Started process (PID=221) to work on /home/airflow/.local/lib/python3.12/site-packages/airflow/example_dags/example_setup_teardown_taskflow.py
[2026-02-10T02:17:57.009+0000] {processor.py:830} INFO - Processing file /home/airflow/.local/lib/python3.12/site-packages/airflow/example_dags/example_setup_teardown_taskflow.py for tasks to queue
[2026-02-10T02:17:57.011+0000] {logging_mixin.py:188} INFO - [2026-02-10T02:17:57.011+0000] {dagbag.py:540} INFO - Filling up the DagBag from /home/airflow/.local/lib/python3.12/site-packages/airflow/example_dags/example_setup_teardown_taskflow.py
[2026-02-10T02:17:57.022+0000] {processor.py:840} INFO - DAG(s) 'example_setup_teardown_taskflow' retrieved from /home/airflow/.local/lib/python3.12/site-packages/airflow/example_dags/example_setup_teardown_taskflow.py
[2026-02-10T02:17:57.043+0000] {logging_mixin.py:188} INFO - [2026-02-10T02:17:57.042+0000] {dag.py:3096} INFO - Sync 1 DAGs
[2026-02-10T02:17:57.064+0000] {logging_mixin.py:188} INFO - [2026-02-10T02:17:57.064+0000] {dag.py:3954} INFO - Setting next_dagrun for example_setup_teardown_taskflow to 2026-02-09 00:00:00+00:00, run_after=2026-02-10 00:00:00+00:00
[2026-02-10T02:17:57.086+0000] {processor.py:183} INFO - Processing /home/airflow/.local/lib/python3.12/site-packages/airflow/example_dags/example_setup_teardown_taskflow.py took 0.085 seconds
[2026-02-10T02:18:27.389+0000] {processor.py:161} INFO - Started process (PID=275) to work on /home/airflow/.local/lib/python3.12/site-packages/airflow/example_dags/example_setup_teardown_taskflow.py
[2026-02-10T02:18:27.390+0000] {processor.py:830} INFO - Processing file /home/airflow/.local/lib/python3.12/site-packages/airflow/example_dags/example_setup_teardown_taskflow.py for tasks to queue
[2026-02-10T02:18:27.392+0000] {logging_mixin.py:188} INFO - [2026-02-10T02:18:27.392+0000] {dagbag.py:540} INFO - Filling up the DagBag from /home/airflow/.local/lib/python3.12/site-packages/airflow/example_dags/example_setup_teardown_taskflow.py
[2026-02-10T02:18:27.401+0000] {processor.py:840} INFO - DAG(s) 'example_setup_teardown_taskflow' retrieved from /home/airflow/.local/lib/python3.12/site-packages/airflow/example_dags/example_setup_teardown_taskflow.py
[2026-02-10T02:18:27.426+0000] {logging_mixin.py:188} INFO - [2026-02-10T02:18:27.425+0000] {dag.py:3096} INFO - Sync 1 DAGs
[2026-02-10T02:18:27.460+0000] {logging_mixin.py:188} INFO - [2026-02-10T02:18:27.460+0000] {dag.py:3954} INFO - Setting next_dagrun for example_setup_teardown_taskflow to 2026-02-09 00:00:00+00:00, run_after=2026-02-10 00:00:00+00:00
[2026-02-10T02:18:27.485+0000] {processor.py:183} INFO - Processing /home/airflow/.local/lib/python3.12/site-packages/airflow/example_dags/example_setup_teardown_taskflow.py took 0.102 seconds
[2026-02-10T02:18:57.735+0000] {processor.py:161} INFO - Started process (PID=329) to work on /home/airflow/.local/lib/python3.12/site-packages/airflow/example_dags/example_setup_teardown_taskflow.py
[2026-02-10T02:18:57.737+0000] {processor.py:830} INFO - Processing file /home/airflow/.local/lib/python3.12/site-packages/airflow/example_dags/example_setup_teardown_taskflow.py for tasks to queue
[2026-02-10T02:18:57.740+0000] {logging_mixin.py:188} INFO - [2026-02-10T02:18:57.739+0000] {dagbag.py:540} INFO - Filling up the DagBag from /home/airflow/.local/lib/python3.12/site-packages/airflow/example_dags/example_setup_teardown_taskflow.py
[2026-02-10T02:18:57.753+0000] {processor.py:840} INFO - DAG(s) 'example_setup_teardown_taskflow' retrieved from /home/airflow/.local/lib/python3.12/site-packages/airflow/example_dags/example_setup_teardown_taskflow.py
[2026-02-10T02:18:57.783+0000] {logging_mixin.py:188} INFO - [2026-02-10T02:18:57.783+0000] {dag.py:3096} INFO - Sync 1 DAGs
[2026-02-10T02:18:57.812+0000] {logging_mixin.py:188} INFO - [2026-02-10T02:18:57.811+0000] {dag.py:3954} INFO - Setting next_dagrun for example_setup_teardown_taskflow to 2026-02-09 00:00:00+00:00, run_after=2026-02-10 00:00:00+00:00
[2026-02-10T02:18:57.835+0000] {processor.py:183} INFO - Processing /home/airflow/.local/lib/python3.12/site-packages/airflow/example_dags/example_setup_teardown_taskflow.py took 0.109 seconds
[2026-02-10T02:19:28.146+0000] {processor.py:161} INFO - Started process (PID=383) to work on /home/airflow/.local/lib/python3.12/site-packages/airflow/example_dags/example_setup_teardown_taskflow.py
[2026-02-10T02:19:28.148+0000] {processor.py:830} INFO - Processing file /home/airflow/.local/lib/python3.12/site-packages/airflow/example_dags/example_setup_teardown_taskflow.py for tasks to queue
[2026-02-10T02:19:28.150+0000] {logging_mixin.py:188} INFO - [2026-02-10T02:19:28.150+0000] {dagbag.py:540} INFO - Filling up the DagBag from /home/airflow/.local/lib/python3.12/site-packages/airflow/example_dags/example_setup_teardown_taskflow.py
[2026-02-10T02:19:28.162+0000] {processor.py:840} INFO - DAG(s) 'example_setup_teardown_taskflow' retrieved from /home/airflow/.local/lib/python3.12/site-packages/airflow/example_dags/example_setup_teardown_taskflow.py
[2026-02-10T02:19:28.189+0000] {logging_mixin.py:188} INFO - [2026-02-10T02:19:28.189+0000] {dag.py:3096} INFO - Sync 1 DAGs
[2026-02-10T02:19:28.213+0000] {logging_mixin.py:188} INFO - [2026-02-10T02:19:28.213+0000] {dag.py:3954} INFO - Setting next_dagrun for example_setup_teardown_taskflow to 2026-02-09 00:00:00+00:00, run_after=2026-02-10 00:00:00+00:00
[2026-02-10T02:19:28.235+0000] {processor.py:183} INFO - Processing /home/airflow/.local/lib/python3.12/site-packages/airflow/example_dags/example_setup_teardown_taskflow.py took 0.095 seconds
[2026-02-10T02:19:59.000+0000] {processor.py:161} INFO - Started process (PID=437) to work on /home/airflow/.local/lib/python3.12/site-packages/airflow/example_dags/example_setup_teardown_taskflow.py
[2026-02-10T02:19:59.001+0000] {processor.py:830} INFO - Processing file /home/airflow/.local/lib/python3.12/site-packages/airflow/example_dags/example_setup_teardown_taskflow.py for tasks to queue
[2026-02-10T02:19:59.003+0000] {logging_mixin.py:188} INFO - [2026-02-10T02:19:59.003+0000] {dagbag.py:540} INFO - Filling up the DagBag from /home/airflow/.local/lib/python3.12/site-packages/airflow/example_dags/example_setup_teardown_taskflow.py
[2026-02-10T02:19:59.011+0000] {processor.py:840} INFO - DAG(s) 'example_setup_teardown_taskflow' retrieved from /home/airflow/.local/lib/python3.12/site-packages/airflow/example_dags/example_setup_teardown_taskflow.py
[2026-02-10T02:19:59.033+0000] {logging_mixin.py:188} INFO - [2026-02-10T02:19:59.033+0000] {dag.py:3096} INFO - Sync 1 DAGs
[2026-02-10T02:19:59.051+0000] {logging_mixin.py:188} INFO - [2026-02-10T02:19:59.051+0000] {dag.py:3954} INFO - Setting next_dagrun for example_setup_teardown_taskflow to 2026-02-09 00:00:00+00:00, run_after=2026-02-10 00:00:00+00:00
[2026-02-10T02:19:59.073+0000] {processor.py:183} INFO - Processing /home/airflow/.local/lib/python3.12/site-packages/airflow/example_dags/example_setup_teardown_taskflow.py took 0.078 seconds
[2026-02-10T02:20:30.078+0000] {processor.py:161} INFO - Started process (PID=491) to work on /home/airflow/.local/lib/python3.12/site-packages/airflow/example_dags/example_setup_teardown_taskflow.py
[2026-02-10T02:20:30.084+0000] {processor.py:830} INFO - Processing file /home/airflow/.local/lib/python3.12/site-packages/airflow/example_dags/example_setup_teardown_taskflow.py for tasks to queue
[2026-02-10T02:20:30.087+0000] {logging_mixin.py:188} INFO - [2026-02-10T02:20:30.087+0000] {dagbag.py:540} INFO - Filling up the DagBag from /home/airflow/.local/lib/python3.12/site-packages/airflow/example_dags/example_setup_teardown_taskflow.py
[2026-02-10T02:20:30.097+0000] {processor.py:840} INFO - DAG(s) 'example_setup_teardown_taskflow' retrieved from /home/airflow/.local/lib/python3.12/site-packages/airflow/example_dags/example_setup_teardown_taskflow.py
[2026-02-10T02:20:30.123+0000] {logging_mixin.py:188} INFO - [2026-02-10T02:20:30.122+0000] {dag.py:3096} INFO - Sync 1 DAGs
[2026-02-10T02:20:30.155+0000] {logging_mixin.py:188} INFO - [2026-02-10T02:20:30.155+0000] {dag.py:3954} INFO - Setting next_dagrun for example_setup_teardown_taskflow to 2026-02-09 00:00:00+00:00, run_after=2026-02-10 00:00:00+00:00
[2026-02-10T02:20:30.175+0000] {processor.py:183} INFO - Processing /home/airflow/.local/lib/python3.12/site-packages/airflow/example_dags/example_setup_teardown_taskflow.py took 0.112 seconds
[2026-02-10T02:21:01.122+0000] {processor.py:161} INFO - Started process (PID=545) to work on /home/airflow/.local/lib/python3.12/site-packages/airflow/example_dags/example_setup_teardown_taskflow.py
[2026-02-10T02:21:01.124+0000] {processor.py:830} INFO - Processing file /home/airflow/.local/lib/python3.12/site-packages/airflow/example_dags/example_setup_teardown_taskflow.py for tasks to queue
[2026-02-10T02:21:01.126+0000] {logging_mixin.py:188} INFO - [2026-02-10T02:21:01.126+0000] {dagbag.py:540} INFO - Filling up the DagBag from /home/airflow/.local/lib/python3.12/site-packages/airflow/example_dags/example_setup_teardown_taskflow.py
[2026-02-10T02:21:01.135+0000] {processor.py:840} INFO - DAG(s) 'example_setup_teardown_taskflow' retrieved from /home/airflow/.local/lib/python3.12/site-packages/airflow/example_dags/example_setup_teardown_taskflow.py
[2026-02-10T02:21:01.160+0000] {logging_mixin.py:188} INFO - [2026-02-10T02:21:01.160+0000] {dag.py:3096} INFO - Sync 1 DAGs
[2026-02-10T02:21:01.187+0000] {logging_mixin.py:188} INFO - [2026-02-10T02:21:01.187+0000] {dag.py:3954} INFO - Setting next_dagrun for example_setup_teardown_taskflow to 2026-02-09 00:00:00+00:00, run_after=2026-02-10 00:00:00+00:00
[2026-02-10T02:21:01.208+0000] {processor.py:183} INFO - Processing /home/airflow/.local/lib/python3.12/site-packages/airflow/example_dags/example_setup_teardown_taskflow.py took 0.096 seconds
[2026-02-10T02:21:31.287+0000] {processor.py:161} INFO - Started process (PID=599) to work on /home/airflow/.local/lib/python3.12/site-packages/airflow/example_dags/example_setup_teardown_taskflow.py
[2026-02-10T02:21:31.288+0000] {processor.py:830} INFO - Processing file /home/airflow/.local/lib/python3.12/site-packages/airflow/example_dags/example_setup_teardown_taskflow.py for tasks to queue
[2026-02-10T02:21:31.290+0000] {logging_mixin.py:188} INFO - [2026-02-10T02:21:31.290+0000] {dagbag.py:540} INFO - Filling up the DagBag from /home/airflow/.local/lib/python3.12/site-packages/airflow/example_dags/example_setup_teardown_taskflow.py
[2026-02-10T02:21:31.301+0000] {processor.py:840} INFO - DAG(s) 'example_setup_teardown_taskflow' retrieved from /home/airflow/.local/lib/python3.12/site-packages/airflow/example_dags/example_setup_teardown_taskflow.py
[2026-02-10T02:21:31.322+0000] {logging_mixin.py:188} INFO - [2026-02-10T02:21:31.321+0000] {dag.py:3096} INFO - Sync 1 DAGs
[2026-02-10T02:21:31.343+0000] {logging_mixin.py:188} INFO - [2026-02-10T02:21:31.343+0000] {dag.py:3954} INFO - Setting next_dagrun for example_setup_teardown_taskflow to 2026-02-09 00:00:00+00:00, run_after=2026-02-10 00:00:00+00:00
[2026-02-10T02:21:31.364+0000] {processor.py:183} INFO - Processing /home/airflow/.local/lib/python3.12/site-packages/airflow/example_dags/example_setup_teardown_taskflow.py took 0.082 seconds
[2026-02-10T02:22:01.495+0000] {processor.py:161} INFO - Started process (PID=652) to work on /home/airflow/.local/lib/python3.12/site-packages/airflow/example_dags/example_setup_teardown_taskflow.py
[2026-02-10T02:22:01.496+0000] {processor.py:830} INFO - Processing file /home/airflow/.local/lib/python3.12/site-packages/airflow/example_dags/example_setup_teardown_taskflow.py for tasks to queue
[2026-02-10T02:22:01.498+0000] {logging_mixin.py:188} INFO - [2026-02-10T02:22:01.497+0000] {dagbag.py:540} INFO - Filling up the DagBag from /home/airflow/.local/lib/python3.12/site-packages/airflow/example_dags/example_setup_teardown_taskflow.py
[2026-02-10T02:22:01.506+0000] {processor.py:840} INFO - DAG(s) 'example_setup_teardown_taskflow' retrieved from /home/airflow/.local/lib/python3.12/site-packages/airflow/example_dags/example_setup_teardown_taskflow.py
[2026-02-10T02:22:01.526+0000] {logging_mixin.py:188} INFO - [2026-02-10T02:22:01.526+0000] {dag.py:3096} INFO - Sync 1 DAGs
[2026-02-10T02:22:01.546+0000] {logging_mixin.py:188} INFO - [2026-02-10T02:22:01.546+0000] {dag.py:3954} INFO - Setting next_dagrun for example_setup_teardown_taskflow to 2026-02-09 00:00:00+00:00, run_after=2026-02-10 00:00:00+00:00
[2026-02-10T02:22:01.566+0000] {processor.py:183} INFO - Processing /home/airflow/.local/lib/python3.12/site-packages/airflow/example_dags/example_setup_teardown_taskflow.py took 0.077 seconds
[2026-02-10T02:22:32.195+0000] {processor.py:161} INFO - Started process (PID=706) to work on /home/airflow/.local/lib/python3.12/site-packages/airflow/example_dags/example_setup_teardown_taskflow.py
[2026-02-10T02:22:32.197+0000] {processor.py:830} INFO - Processing file /home/airflow/.local/lib/python3.12/site-packages/airflow/example_dags/example_setup_teardown_taskflow.py for tasks to queue
[2026-02-10T02:22:32.199+0000] {logging_mixin.py:188} INFO - [2026-02-10T02:22:32.199+0000] {dagbag.py:540} INFO - Filling up the DagBag from /home/airflow/.local/lib/python3.12/site-packages/airflow/example_dags/example_setup_teardown_taskflow.py
[2026-02-10T02:22:32.215+0000] {processor.py:840} INFO - DAG(s) 'example_setup_teardown_taskflow' retrieved from /home/airflow/.local/lib/python3.12/site-packages/airflow/example_dags/example_setup_teardown_taskflow.py
[2026-02-10T02:22:32.248+0000] {logging_mixin.py:188} INFO - [2026-02-10T02:22:32.248+0000] {dag.py:3096} INFO - Sync 1 DAGs
[2026-02-10T02:22:32.272+0000] {logging_mixin.py:188} INFO - [2026-02-10T02:22:32.272+0000] {dag.py:3954} INFO - Setting next_dagrun for example_setup_teardown_taskflow to 2026-02-09 00:00:00+00:00, run_after=2026-02-10 00:00:00+00:00
[2026-02-10T02:22:32.295+0000] {processor.py:183} INFO - Processing /home/airflow/.local/lib/python3.12/site-packages/airflow/example_dags/example_setup_teardown_taskflow.py took 0.110 seconds
[2026-02-10T02:23:02.763+0000] {processor.py:161} INFO - Started process (PID=760) to work on /home/airflow/.local/lib/python3.12/site-packages/airflow/example_dags/example_setup_teardown_taskflow.py
[2026-02-10T02:23:02.764+0000] {processor.py:830} INFO - Processing file /home/airflow/.local/lib/python3.12/site-packages/airflow/example_dags/example_setup_teardown_taskflow.py for tasks to queue
[2026-02-10T02:23:02.765+0000] {logging_mixin.py:188} INFO - [2026-02-10T02:23:02.765+0000] {dagbag.py:540} INFO - Filling up the DagBag from /home/airflow/.local/lib/python3.12/site-packages/airflow/example_dags/example_setup_teardown_taskflow.py
[2026-02-10T02:23:02.774+0000] {processor.py:840} INFO - DAG(s) 'example_setup_teardown_taskflow' retrieved from /home/airflow/.local/lib/python3.12/site-packages/airflow/example_dags/example_setup_teardown_taskflow.py
[2026-02-10T02:23:02.796+0000] {logging_mixin.py:188} INFO - [2026-02-10T02:23:02.796+0000] {dag.py:3096} INFO - Sync 1 DAGs
[2026-02-10T02:23:02.817+0000] {logging_mixin.py:188} INFO - [2026-02-10T02:23:02.817+0000] {dag.py:3954} INFO - Setting next_dagrun for example_setup_teardown_taskflow to 2026-02-09 00:00:00+00:00, run_after=2026-02-10 00:00:00+00:00
[2026-02-10T02:23:02.838+0000] {processor.py:183} INFO - Processing /home/airflow/.local/lib/python3.12/site-packages/airflow/example_dags/example_setup_teardown_taskflow.py took 0.081 seconds
[2026-02-10T02:23:33.291+0000] {processor.py:161} INFO - Started process (PID=814) to work on /home/airflow/.local/lib/python3.12/site-packages/airflow/example_dags/example_setup_teardown_taskflow.py
[2026-02-10T02:23:33.293+0000] {processor.py:830} INFO - Processing file /home/airflow/.local/lib/python3.12/site-packages/airflow/example_dags/example_setup_teardown_taskflow.py for tasks to queue
[2026-02-10T02:23:33.295+0000] {logging_mixin.py:188} INFO - [2026-02-10T02:23:33.294+0000] {dagbag.py:540} INFO - Filling up the DagBag from /home/airflow/.local/lib/python3.12/site-packages/airflow/example_dags/example_setup_teardown_taskflow.py
[2026-02-10T02:23:33.303+0000] {processor.py:840} INFO - DAG(s) 'example_setup_teardown_taskflow' retrieved from /home/airflow/.local/lib/python3.12/site-packages/airflow/example_dags/example_setup_teardown_taskflow.py
[2026-02-10T02:23:33.322+0000] {logging_mixin.py:188} INFO - [2026-02-10T02:23:33.322+0000] {dag.py:3096} INFO - Sync 1 DAGs
[2026-02-10T02:23:33.341+0000] {logging_mixin.py:188} INFO - [2026-02-10T02:23:33.340+0000] {dag.py:3954} INFO - Setting next_dagrun for example_setup_teardown_taskflow to 2026-02-09 00:00:00+00:00, run_after=2026-02-10 00:00:00+00:00
[2026-02-10T02:23:33.361+0000] {processor.py:183} INFO - Processing /home/airflow/.local/lib/python3.12/site-packages/airflow/example_dags/example_setup_teardown_taskflow.py took 0.075 seconds
[2026-02-10T02:24:03.582+0000] {processor.py:161} INFO - Started process (PID=868) to work on /home/airflow/.local/lib/python3.12/site-packages/airflow/example_dags/example_setup_teardown_taskflow.py
[2026-02-10T02:24:03.583+0000] {processor.py:830} INFO - Processing file /home/airflow/.local/lib/python3.12/site-packages/airflow/example_dags/example_setup_teardown_taskflow.py for tasks to queue
[2026-02-10T02:24:03.585+0000] {logging_mixin.py:188} INFO - [2026-02-10T02:24:03.585+0000] {dagbag.py:540} INFO - Filling up the DagBag from /home/airflow/.local/lib/python3.12/site-packages/airflow/example_dags/example_setup_teardown_taskflow.py
[2026-02-10T02:24:03.593+0000] {processor.py:840} INFO - DAG(s) 'example_setup_teardown_taskflow' retrieved from /home/airflow/.local/lib/python3.12/site-packages/airflow/example_dags/example_setup_teardown_taskflow.py
[2026-02-10T02:24:03.614+0000] {logging_mixin.py:188} INFO - [2026-02-10T02:24:03.614+0000] {dag.py:3096} INFO - Sync 1 DAGs
[2026-02-10T02:24:03.633+0000] {logging_mixin.py:188} INFO - [2026-02-10T02:24:03.633+0000] {dag.py:3954} INFO - Setting next_dagrun for example_setup_teardown_taskflow to 2026-02-09 00:00:00+00:00, run_after=2026-02-10 00:00:00+00:00
[2026-02-10T02:24:03.652+0000] {processor.py:183} INFO - Processing /home/airflow/.local/lib/python3.12/site-packages/airflow/example_dags/example_setup_teardown_taskflow.py took 0.076 seconds
[2026-02-10T02:24:34.172+0000] {processor.py:161} INFO - Started process (PID=922) to work on /home/airflow/.local/lib/python3.12/site-packages/airflow/example_dags/example_setup_teardown_taskflow.py
[2026-02-10T02:24:34.173+0000] {processor.py:830} INFO - Processing file /home/airflow/.local/lib/python3.12/site-packages/airflow/example_dags/example_setup_teardown_taskflow.py for tasks to queue
[2026-02-10T02:24:34.176+0000] {logging_mixin.py:188} INFO - [2026-02-10T02:24:34.175+0000] {dagbag.py:540} INFO - Filling up the DagBag from /home/airflow/.local/lib/python3.12/site-packages/airflow/example_dags/example_setup_teardown_taskflow.py
[2026-02-10T02:24:34.185+0000] {processor.py:840} INFO - DAG(s) 'example_setup_teardown_taskflow' retrieved from /home/airflow/.local/lib/python3.12/site-packages/airflow/example_dags/example_setup_teardown_taskflow.py
[2026-02-10T02:24:34.207+0000] {logging_mixin.py:188} INFO - [2026-02-10T02:24:34.207+0000] {dag.py:3096} INFO - Sync 1 DAGs
[2026-02-10T02:24:34.228+0000] {logging_mixin.py:188} INFO - [2026-02-10T02:24:34.227+0000] {dag.py:3954} INFO - Setting next_dagrun for example_setup_teardown_taskflow to 2026-02-09 00:00:00+00:00, run_after=2026-02-10 00:00:00+00:00
[2026-02-10T02:24:34.249+0000] {processor.py:183} INFO - Processing /home/airflow/.local/lib/python3.12/site-packages/airflow/example_dags/example_setup_teardown_taskflow.py took 0.083 seconds
[2026-02-10T02:25:04.594+0000] {processor.py:161} INFO - Started process (PID=976) to work on /home/airflow/.local/lib/python3.12/site-packages/airflow/example_dags/example_setup_teardown_taskflow.py
[2026-02-10T02:25:04.596+0000] {processor.py:830} INFO - Processing file /home/airflow/.local/lib/python3.12/site-packages/airflow/example_dags/example_setup_teardown_taskflow.py for tasks to queue
[2026-02-10T02:25:04.598+0000] {logging_mixin.py:188} INFO - [2026-02-10T02:25:04.598+0000] {dagbag.py:540} INFO - Filling up the DagBag from /home/airflow/.local/lib/python3.12/site-packages/airflow/example_dags/example_setup_teardown_taskflow.py
[2026-02-10T02:25:04.607+0000] {processor.py:840} INFO - DAG(s) 'example_setup_teardown_taskflow' retrieved from /home/airflow/.local/lib/python3.12/site-packages/airflow/example_dags/example_setup_teardown_taskflow.py
[2026-02-10T02:25:04.630+0000] {logging_mixin.py:188} INFO - [2026-02-10T02:25:04.629+0000] {dag.py:3096} INFO - Sync 1 DAGs
[2026-02-10T02:25:04.653+0000] {logging_mixin.py:188} INFO - [2026-02-10T02:25:04.653+0000] {dag.py:3954} INFO - Setting next_dagrun for example_setup_teardown_taskflow to 2026-02-09 00:00:00+00:00, run_after=2026-02-10 00:00:00+00:00
[2026-02-10T02:25:04.675+0000] {processor.py:183} INFO - Processing /home/airflow/.local/lib/python3.12/site-packages/airflow/example_dags/example_setup_teardown_taskflow.py took 0.086 seconds
[2026-02-10T02:25:35.141+0000] {processor.py:161} INFO - Started process (PID=1030) to work on /home/airflow/.local/lib/python3.12/site-packages/airflow/example_dags/example_setup_teardown_taskflow.py
[2026-02-10T02:25:35.143+0000] {processor.py:830} INFO - Processing file /home/airflow/.local/lib/python3.12/site-packages/airflow/example_dags/example_setup_teardown_taskflow.py for tasks to queue
[2026-02-10T02:25:35.146+0000] {logging_mixin.py:188} INFO - [2026-02-10T02:25:35.146+0000] {dagbag.py:540} INFO - Filling up the DagBag from /home/airflow/.local/lib/python3.12/site-packages/airflow/example_dags/example_setup_teardown_taskflow.py
[2026-02-10T02:25:35.160+0000] {processor.py:840} INFO - DAG(s) 'example_setup_teardown_taskflow' retrieved from /home/airflow/.local/lib/python3.12/site-packages/airflow/example_dags/example_setup_teardown_taskflow.py
[2026-02-10T02:25:35.185+0000] {logging_mixin.py:188} INFO - [2026-02-10T02:25:35.185+0000] {dag.py:3096} INFO - Sync 1 DAGs
[2026-02-10T02:25:35.206+0000] {logging_mixin.py:188} INFO - [2026-02-10T02:25:35.206+0000] {dag.py:3954} INFO - Setting next_dagrun for example_setup_teardown_taskflow to 2026-02-09 00:00:00+00:00, run_after=2026-02-10 00:00:00+00:00
[2026-02-10T02:25:35.374+0000] {processor.py:183} INFO - Processing /home/airflow/.local/lib/python3.12/site-packages/airflow/example_dags/example_setup_teardown_taskflow.py took 0.239 seconds
[2026-02-10T02:26:05.538+0000] {processor.py:161} INFO - Started process (PID=1085) to work on /home/airflow/.local/lib/python3.12/site-packages/airflow/example_dags/example_setup_teardown_taskflow.py
[2026-02-10T02:26:05.540+0000] {processor.py:830} INFO - Processing file /home/airflow/.local/lib/python3.12/site-packages/airflow/example_dags/example_setup_teardown_taskflow.py for tasks to queue
[2026-02-10T02:26:05.542+0000] {logging_mixin.py:188} INFO - [2026-02-10T02:26:05.542+0000] {dagbag.py:540} INFO - Filling up the DagBag from /home/airflow/.local/lib/python3.12/site-packages/airflow/example_dags/example_setup_teardown_taskflow.py
[2026-02-10T02:26:05.550+0000] {processor.py:840} INFO - DAG(s) 'example_setup_teardown_taskflow' retrieved from /home/airflow/.local/lib/python3.12/site-packages/airflow/example_dags/example_setup_teardown_taskflow.py
[2026-02-10T02:26:05.573+0000] {logging_mixin.py:188} INFO - [2026-02-10T02:26:05.572+0000] {dag.py:3096} INFO - Sync 1 DAGs
[2026-02-10T02:26:05.599+0000] {logging_mixin.py:188} INFO - [2026-02-10T02:26:05.598+0000] {dag.py:3954} INFO - Setting next_dagrun for example_setup_teardown_taskflow to 2026-02-09 00:00:00+00:00, run_after=2026-02-10 00:00:00+00:00
[2026-02-10T02:26:05.622+0000] {processor.py:183} INFO - Processing /home/airflow/.local/lib/python3.12/site-packages/airflow/example_dags/example_setup_teardown_taskflow.py took 0.089 seconds
[2026-02-10T02:26:36.068+0000] {processor.py:161} INFO - Started process (PID=1138) to work on /home/airflow/.local/lib/python3.12/site-packages/airflow/example_dags/example_setup_teardown_taskflow.py
[2026-02-10T02:26:36.069+0000] {processor.py:830} INFO - Processing file /home/airflow/.local/lib/python3.12/site-packages/airflow/example_dags/example_setup_teardown_taskflow.py for tasks to queue
[2026-02-10T02:26:36.071+0000] {logging_mixin.py:188} INFO - [2026-02-10T02:26:36.071+0000] {dagbag.py:540} INFO - Filling up the DagBag from /home/airflow/.local/lib/python3.12/site-packages/airflow/example_dags/example_setup_teardown_taskflow.py
[2026-02-10T02:26:36.079+0000] {processor.py:840} INFO - DAG(s) 'example_setup_teardown_taskflow' retrieved from /home/airflow/.local/lib/python3.12/site-packages/airflow/example_dags/example_setup_teardown_taskflow.py
[2026-02-10T02:26:36.101+0000] {logging_mixin.py:188} INFO - [2026-02-10T02:26:36.100+0000] {dag.py:3096} INFO - Sync 1 DAGs
[2026-02-10T02:26:36.119+0000] {logging_mixin.py:188} INFO - [2026-02-10T02:26:36.119+0000] {dag.py:3954} INFO - Setting next_dagrun for example_setup_teardown_taskflow to 2026-02-09 00:00:00+00:00, run_after=2026-02-10 00:00:00+00:00
[2026-02-10T02:26:36.139+0000] {processor.py:183} INFO - Processing /home/airflow/.local/lib/python3.12/site-packages/airflow/example_dags/example_setup_teardown_taskflow.py took 0.076 seconds
[2026-02-10T02:27:06.486+0000] {processor.py:161} INFO - Started process (PID=1192) to work on /home/airflow/.local/lib/python3.12/site-packages/airflow/example_dags/example_setup_teardown_taskflow.py
[2026-02-10T02:27:06.487+0000] {processor.py:830} INFO - Processing file /home/airflow/.local/lib/python3.12/site-packages/airflow/example_dags/example_setup_teardown_taskflow.py for tasks to queue
[2026-02-10T02:27:06.489+0000] {logging_mixin.py:188} INFO - [2026-02-10T02:27:06.489+0000] {dagbag.py:540} INFO - Filling up the DagBag from /home/airflow/.local/lib/python3.12/site-packages/airflow/example_dags/example_setup_teardown_taskflow.py
[2026-02-10T02:27:06.497+0000] {processor.py:840} INFO - DAG(s) 'example_setup_teardown_taskflow' retrieved from /home/airflow/.local/lib/python3.12/site-packages/airflow/example_dags/example_setup_teardown_taskflow.py
[2026-02-10T02:27:06.647+0000] {logging_mixin.py:188} INFO - [2026-02-10T02:27:06.646+0000] {dag.py:3096} INFO - Sync 1 DAGs
[2026-02-10T02:27:06.664+0000] {logging_mixin.py:188} INFO - [2026-02-10T02:27:06.663+0000] {dag.py:3954} INFO - Setting next_dagrun for example_setup_teardown_taskflow to 2026-02-09 00:00:00+00:00, run_after=2026-02-10 00:00:00+00:00
[2026-02-10T02:27:06.680+0000] {processor.py:183} INFO - Processing /home/airflow/.local/lib/python3.12/site-packages/airflow/example_dags/example_setup_teardown_taskflow.py took 0.201 seconds
[2026-02-10T02:27:37.267+0000] {processor.py:161} INFO - Started process (PID=1246) to work on /home/airflow/.local/lib/python3.12/site-packages/airflow/example_dags/example_setup_teardown_taskflow.py
[2026-02-10T02:27:37.269+0000] {processor.py:830} INFO - Processing file /home/airflow/.local/lib/python3.12/site-packages/airflow/example_dags/example_setup_teardown_taskflow.py for tasks to queue
[2026-02-10T02:27:37.272+0000] {logging_mixin.py:188} INFO - [2026-02-10T02:27:37.272+0000] {dagbag.py:540} INFO - Filling up the DagBag from /home/airflow/.local/lib/python3.12/site-packages/airflow/example_dags/example_setup_teardown_taskflow.py
[2026-02-10T02:27:37.285+0000] {processor.py:840} INFO - DAG(s) 'example_setup_teardown_taskflow' retrieved from /home/airflow/.local/lib/python3.12/site-packages/airflow/example_dags/example_setup_teardown_taskflow.py
[2026-02-10T02:27:37.316+0000] {logging_mixin.py:188} INFO - [2026-02-10T02:27:37.316+0000] {dag.py:3096} INFO - Sync 1 DAGs
[2026-02-10T02:27:37.352+0000] {logging_mixin.py:188} INFO - [2026-02-10T02:27:37.352+0000] {dag.py:3954} INFO - Setting next_dagrun for example_setup_teardown_taskflow to 2026-02-09 00:00:00+00:00, run_after=2026-02-10 00:00:00+00:00
[2026-02-10T02:27:37.560+0000] {processor.py:183} INFO - Processing /home/airflow/.local/lib/python3.12/site-packages/airflow/example_dags/example_setup_teardown_taskflow.py took 0.300 seconds
[2026-02-10T02:28:08.227+0000] {processor.py:161} INFO - Started process (PID=1300) to work on /home/airflow/.local/lib/python3.12/site-packages/airflow/example_dags/example_setup_teardown_taskflow.py
[2026-02-10T02:28:08.230+0000] {processor.py:830} INFO - Processing file /home/airflow/.local/lib/python3.12/site-packages/airflow/example_dags/example_setup_teardown_taskflow.py for tasks to queue
[2026-02-10T02:28:08.233+0000] {logging_mixin.py:188} INFO - [2026-02-10T02:28:08.232+0000] {dagbag.py:540} INFO - Filling up the DagBag from /home/airflow/.local/lib/python3.12/site-packages/airflow/example_dags/example_setup_teardown_taskflow.py
[2026-02-10T02:28:08.242+0000] {processor.py:840} INFO - DAG(s) 'example_setup_teardown_taskflow' retrieved from /home/airflow/.local/lib/python3.12/site-packages/airflow/example_dags/example_setup_teardown_taskflow.py
[2026-02-10T02:28:08.262+0000] {logging_mixin.py:188} INFO - [2026-02-10T02:28:08.262+0000] {dag.py:3096} INFO - Sync 1 DAGs
[2026-02-10T02:28:08.282+0000] {logging_mixin.py:188} INFO - [2026-02-10T02:28:08.282+0000] {dag.py:3954} INFO - Setting next_dagrun for example_setup_teardown_taskflow to 2026-02-09 00:00:00+00:00, run_after=2026-02-10 00:00:00+00:00
[2026-02-10T02:28:08.302+0000] {processor.py:183} INFO - Processing /home/airflow/.local/lib/python3.12/site-packages/airflow/example_dags/example_setup_teardown_taskflow.py took 0.081 seconds
[2026-02-10T02:28:39.165+0000] {processor.py:161} INFO - Started process (PID=1354) to work on /home/airflow/.local/lib/python3.12/site-packages/airflow/example_dags/example_setup_teardown_taskflow.py
[2026-02-10T02:28:39.166+0000] {processor.py:830} INFO - Processing file /home/airflow/.local/lib/python3.12/site-packages/airflow/example_dags/example_setup_teardown_taskflow.py for tasks to queue
[2026-02-10T02:28:39.168+0000] {logging_mixin.py:188} INFO - [2026-02-10T02:28:39.168+0000] {dagbag.py:540} INFO - Filling up the DagBag from /home/airflow/.local/lib/python3.12/site-packages/airflow/example_dags/example_setup_teardown_taskflow.py
[2026-02-10T02:28:39.176+0000] {processor.py:840} INFO - DAG(s) 'example_setup_teardown_taskflow' retrieved from /home/airflow/.local/lib/python3.12/site-packages/airflow/example_dags/example_setup_teardown_taskflow.py
[2026-02-10T02:28:39.197+0000] {logging_mixin.py:188} INFO - [2026-02-10T02:28:39.197+0000] {dag.py:3096} INFO - Sync 1 DAGs
[2026-02-10T02:28:39.215+0000] {logging_mixin.py:188} INFO - [2026-02-10T02:28:39.215+0000] {dag.py:3954} INFO - Setting next_dagrun for example_setup_teardown_taskflow to 2026-02-09 00:00:00+00:00, run_after=2026-02-10 00:00:00+00:00
[2026-02-10T02:28:39.232+0000] {processor.py:183} INFO - Processing /home/airflow/.local/lib/python3.12/site-packages/airflow/example_dags/example_setup_teardown_taskflow.py took 0.074 seconds
[2026-02-10T02:29:09.692+0000] {processor.py:161} INFO - Started process (PID=1408) to work on /home/airflow/.local/lib/python3.12/site-packages/airflow/example_dags/example_setup_teardown_taskflow.py
[2026-02-10T02:29:09.693+0000] {processor.py:830} INFO - Processing file /home/airflow/.local/lib/python3.12/site-packages/airflow/example_dags/example_setup_teardown_taskflow.py for tasks to queue
[2026-02-10T02:29:09.696+0000] {logging_mixin.py:188} INFO - [2026-02-10T02:29:09.695+0000] {dagbag.py:540} INFO - Filling up the DagBag from /home/airflow/.local/lib/python3.12/site-packages/airflow/example_dags/example_setup_teardown_taskflow.py
[2026-02-10T02:29:09.709+0000] {processor.py:840} INFO - DAG(s) 'example_setup_teardown_taskflow' retrieved from /home/airflow/.local/lib/python3.12/site-packages/airflow/example_dags/example_setup_teardown_taskflow.py
[2026-02-10T02:29:09.736+0000] {logging_mixin.py:188} INFO - [2026-02-10T02:29:09.736+0000] {dag.py:3096} INFO - Sync 1 DAGs
[2026-02-10T02:29:09.761+0000] {logging_mixin.py:188} INFO - [2026-02-10T02:29:09.760+0000] {dag.py:3954} INFO - Setting next_dagrun for example_setup_teardown_taskflow to 2026-02-09 00:00:00+00:00, run_after=2026-02-10 00:00:00+00:00
[2026-02-10T02:29:09.781+0000] {processor.py:183} INFO - Processing /home/airflow/.local/lib/python3.12/site-packages/airflow/example_dags/example_setup_teardown_taskflow.py took 0.099 seconds
[2026-02-10T02:29:40.380+0000] {processor.py:161} INFO - Started process (PID=1462) to work on /home/airflow/.local/lib/python3.12/site-packages/airflow/example_dags/example_setup_teardown_taskflow.py
[2026-02-10T02:29:40.381+0000] {processor.py:830} INFO - Processing file /home/airflow/.local/lib/python3.12/site-packages/airflow/example_dags/example_setup_teardown_taskflow.py for tasks to queue
[2026-02-10T02:29:40.384+0000] {logging_mixin.py:188} INFO - [2026-02-10T02:29:40.383+0000] {dagbag.py:540} INFO - Filling up the DagBag from /home/airflow/.local/lib/python3.12/site-packages/airflow/example_dags/example_setup_teardown_taskflow.py
[2026-02-10T02:29:40.393+0000] {processor.py:840} INFO - DAG(s) 'example_setup_teardown_taskflow' retrieved from /home/airflow/.local/lib/python3.12/site-packages/airflow/example_dags/example_setup_teardown_taskflow.py
[2026-02-10T02:29:40.414+0000] {logging_mixin.py:188} INFO - [2026-02-10T02:29:40.414+0000] {dag.py:3096} INFO - Sync 1 DAGs
[2026-02-10T02:29:40.433+0000] {logging_mixin.py:188} INFO - [2026-02-10T02:29:40.433+0000] {dag.py:3954} INFO - Setting next_dagrun for example_setup_teardown_taskflow to 2026-02-09 00:00:00+00:00, run_after=2026-02-10 00:00:00+00:00
[2026-02-10T02:29:40.453+0000] {processor.py:183} INFO - Processing /home/airflow/.local/lib/python3.12/site-packages/airflow/example_dags/example_setup_teardown_taskflow.py took 0.081 seconds
[2026-02-10T02:30:10.595+0000] {processor.py:161} INFO - Started process (PID=1516) to work on /home/airflow/.local/lib/python3.12/site-packages/airflow/example_dags/example_setup_teardown_taskflow.py
[2026-02-10T02:30:10.597+0000] {processor.py:830} INFO - Processing file /home/airflow/.local/lib/python3.12/site-packages/airflow/example_dags/example_setup_teardown_taskflow.py for tasks to queue
[2026-02-10T02:30:10.599+0000] {logging_mixin.py:188} INFO - [2026-02-10T02:30:10.598+0000] {dagbag.py:540} INFO - Filling up the DagBag from /home/airflow/.local/lib/python3.12/site-packages/airflow/example_dags/example_setup_teardown_taskflow.py
[2026-02-10T02:30:10.608+0000] {processor.py:840} INFO - DAG(s) 'example_setup_teardown_taskflow' retrieved from /home/airflow/.local/lib/python3.12/site-packages/airflow/example_dags/example_setup_teardown_taskflow.py
[2026-02-10T02:30:10.630+0000] {logging_mixin.py:188} INFO - [2026-02-10T02:30:10.630+0000] {dag.py:3096} INFO - Sync 1 DAGs
[2026-02-10T02:30:10.660+0000] {logging_mixin.py:188} INFO - [2026-02-10T02:30:10.660+0000] {dag.py:3954} INFO - Setting next_dagrun for example_setup_teardown_taskflow to 2026-02-09 00:00:00+00:00, run_after=2026-02-10 00:00:00+00:00
[2026-02-10T02:30:10.691+0000] {processor.py:183} INFO - Processing /home/airflow/.local/lib/python3.12/site-packages/airflow/example_dags/example_setup_teardown_taskflow.py took 0.103 seconds
[2026-02-10T02:30:41.089+0000] {processor.py:161} INFO - Started process (PID=1570) to work on /home/airflow/.local/lib/python3.12/site-packages/airflow/example_dags/example_setup_teardown_taskflow.py
[2026-02-10T02:30:41.090+0000] {processor.py:830} INFO - Processing file /home/airflow/.local/lib/python3.12/site-packages/airflow/example_dags/example_setup_teardown_taskflow.py for tasks to queue
[2026-02-10T02:30:41.092+0000] {logging_mixin.py:188} INFO - [2026-02-10T02:30:41.092+0000] {dagbag.py:540} INFO - Filling up the DagBag from /home/airflow/.local/lib/python3.12/site-packages/airflow/example_dags/example_setup_teardown_taskflow.py
[2026-02-10T02:30:41.101+0000] {processor.py:840} INFO - DAG(s) 'example_setup_teardown_taskflow' retrieved from /home/airflow/.local/lib/python3.12/site-packages/airflow/example_dags/example_setup_teardown_taskflow.py
[2026-02-10T02:30:41.125+0000] {logging_mixin.py:188} INFO - [2026-02-10T02:30:41.125+0000] {dag.py:3096} INFO - Sync 1 DAGs
[2026-02-10T02:30:41.162+0000] {logging_mixin.py:188} INFO - [2026-02-10T02:30:41.162+0000] {dag.py:3954} INFO - Setting next_dagrun for example_setup_teardown_taskflow to 2026-02-09 00:00:00+00:00, run_after=2026-02-10 00:00:00+00:00
[2026-02-10T02:30:41.197+0000] {processor.py:183} INFO - Processing /home/airflow/.local/lib/python3.12/site-packages/airflow/example_dags/example_setup_teardown_taskflow.py took 0.113 seconds
[2026-02-10T02:31:11.430+0000] {processor.py:161} INFO - Started process (PID=1624) to work on /home/airflow/.local/lib/python3.12/site-packages/airflow/example_dags/example_setup_teardown_taskflow.py
[2026-02-10T02:31:11.431+0000] {processor.py:830} INFO - Processing file /home/airflow/.local/lib/python3.12/site-packages/airflow/example_dags/example_setup_teardown_taskflow.py for tasks to queue
[2026-02-10T02:31:11.433+0000] {logging_mixin.py:188} INFO - [2026-02-10T02:31:11.433+0000] {dagbag.py:540} INFO - Filling up the DagBag from /home/airflow/.local/lib/python3.12/site-packages/airflow/example_dags/example_setup_teardown_taskflow.py
[2026-02-10T02:31:11.442+0000] {processor.py:840} INFO - DAG(s) 'example_setup_teardown_taskflow' retrieved from /home/airflow/.local/lib/python3.12/site-packages/airflow/example_dags/example_setup_teardown_taskflow.py
[2026-02-10T02:31:11.463+0000] {logging_mixin.py:188} INFO - [2026-02-10T02:31:11.462+0000] {dag.py:3096} INFO - Sync 1 DAGs
[2026-02-10T02:31:11.487+0000] {logging_mixin.py:188} INFO - [2026-02-10T02:31:11.487+0000] {dag.py:3954} INFO - Setting next_dagrun for example_setup_teardown_taskflow to 2026-02-09 00:00:00+00:00, run_after=2026-02-10 00:00:00+00:00
[2026-02-10T02:31:11.507+0000] {processor.py:183} INFO - Processing /home/airflow/.local/lib/python3.12/site-packages/airflow/example_dags/example_setup_teardown_taskflow.py took 0.082 seconds
[2026-02-10T02:31:41.957+0000] {processor.py:161} INFO - Started process (PID=1678) to work on /home/airflow/.local/lib/python3.12/site-packages/airflow/example_dags/example_setup_teardown_taskflow.py
[2026-02-10T02:31:41.959+0000] {processor.py:830} INFO - Processing file /home/airflow/.local/lib/python3.12/site-packages/airflow/example_dags/example_setup_teardown_taskflow.py for tasks to queue
[2026-02-10T02:31:41.962+0000] {logging_mixin.py:188} INFO - [2026-02-10T02:31:41.961+0000] {dagbag.py:540} INFO - Filling up the DagBag from /home/airflow/.local/lib/python3.12/site-packages/airflow/example_dags/example_setup_teardown_taskflow.py
[2026-02-10T02:31:41.972+0000] {processor.py:840} INFO - DAG(s) 'example_setup_teardown_taskflow' retrieved from /home/airflow/.local/lib/python3.12/site-packages/airflow/example_dags/example_setup_teardown_taskflow.py
[2026-02-10T02:31:41.992+0000] {logging_mixin.py:188} INFO - [2026-02-10T02:31:41.992+0000] {dag.py:3096} INFO - Sync 1 DAGs
[2026-02-10T02:31:42.011+0000] {logging_mixin.py:188} INFO - [2026-02-10T02:31:42.011+0000] {dag.py:3954} INFO - Setting next_dagrun for example_setup_teardown_taskflow to 2026-02-09 00:00:00+00:00, run_after=2026-02-10 00:00:00+00:00
[2026-02-10T02:31:42.052+0000] {processor.py:183} INFO - Processing /home/airflow/.local/lib/python3.12/site-packages/airflow/example_dags/example_setup_teardown_taskflow.py took 0.103 seconds
[2026-02-10T02:32:12.223+0000] {processor.py:161} INFO - Started process (PID=1732) to work on /home/airflow/.local/lib/python3.12/site-packages/airflow/example_dags/example_setup_teardown_taskflow.py
[2026-02-10T02:32:12.224+0000] {processor.py:830} INFO - Processing file /home/airflow/.local/lib/python3.12/site-packages/airflow/example_dags/example_setup_teardown_taskflow.py for tasks to queue
[2026-02-10T02:32:12.226+0000] {logging_mixin.py:188} INFO - [2026-02-10T02:32:12.226+0000] {dagbag.py:540} INFO - Filling up the DagBag from /home/airflow/.local/lib/python3.12/site-packages/airflow/example_dags/example_setup_teardown_taskflow.py
[2026-02-10T02:32:12.234+0000] {processor.py:840} INFO - DAG(s) 'example_setup_teardown_taskflow' retrieved from /home/airflow/.local/lib/python3.12/site-packages/airflow/example_dags/example_setup_teardown_taskflow.py
[2026-02-10T02:32:12.254+0000] {logging_mixin.py:188} INFO - [2026-02-10T02:32:12.254+0000] {dag.py:3096} INFO - Sync 1 DAGs
[2026-02-10T02:32:12.272+0000] {logging_mixin.py:188} INFO - [2026-02-10T02:32:12.272+0000] {dag.py:3954} INFO - Setting next_dagrun for example_setup_teardown_taskflow to 2026-02-09 00:00:00+00:00, run_after=2026-02-10 00:00:00+00:00
[2026-02-10T02:32:12.292+0000] {processor.py:183} INFO - Processing /home/airflow/.local/lib/python3.12/site-packages/airflow/example_dags/example_setup_teardown_taskflow.py took 0.075 seconds
[2026-02-10T02:32:42.540+0000] {processor.py:161} INFO - Started process (PID=1786) to work on /home/airflow/.local/lib/python3.12/site-packages/airflow/example_dags/example_setup_teardown_taskflow.py
[2026-02-10T02:32:42.542+0000] {processor.py:830} INFO - Processing file /home/airflow/.local/lib/python3.12/site-packages/airflow/example_dags/example_setup_teardown_taskflow.py for tasks to queue
[2026-02-10T02:32:42.545+0000] {logging_mixin.py:188} INFO - [2026-02-10T02:32:42.544+0000] {dagbag.py:540} INFO - Filling up the DagBag from /home/airflow/.local/lib/python3.12/site-packages/airflow/example_dags/example_setup_teardown_taskflow.py
[2026-02-10T02:32:42.557+0000] {processor.py:840} INFO - DAG(s) 'example_setup_teardown_taskflow' retrieved from /home/airflow/.local/lib/python3.12/site-packages/airflow/example_dags/example_setup_teardown_taskflow.py
[2026-02-10T02:32:42.592+0000] {logging_mixin.py:188} INFO - [2026-02-10T02:32:42.591+0000] {dag.py:3096} INFO - Sync 1 DAGs
[2026-02-10T02:32:42.622+0000] {logging_mixin.py:188} INFO - [2026-02-10T02:32:42.622+0000] {dag.py:3954} INFO - Setting next_dagrun for example_setup_teardown_taskflow to 2026-02-09 00:00:00+00:00, run_after=2026-02-10 00:00:00+00:00
[2026-02-10T02:32:42.647+0000] {processor.py:183} INFO - Processing /home/airflow/.local/lib/python3.12/site-packages/airflow/example_dags/example_setup_teardown_taskflow.py took 0.119 seconds
[2026-02-10T02:34:52.694+0000] {processor.py:161} INFO - Started process (PID=59) to work on /home/airflow/.local/lib/python3.12/site-packages/airflow/example_dags/example_setup_teardown_taskflow.py
[2026-02-10T02:34:52.707+0000] {processor.py:830} INFO - Processing file /home/airflow/.local/lib/python3.12/site-packages/airflow/example_dags/example_setup_teardown_taskflow.py for tasks to queue
[2026-02-10T02:34:52.731+0000] {logging_mixin.py:188} INFO - [2026-02-10T02:34:52.726+0000] {dagbag.py:540} INFO - Filling up the DagBag from /home/airflow/.local/lib/python3.12/site-packages/airflow/example_dags/example_setup_teardown_taskflow.py
[2026-02-10T02:34:52.810+0000] {processor.py:840} INFO - DAG(s) 'example_setup_teardown_taskflow' retrieved from /home/airflow/.local/lib/python3.12/site-packages/airflow/example_dags/example_setup_teardown_taskflow.py
[2026-02-10T02:34:52.861+0000] {logging_mixin.py:188} INFO - [2026-02-10T02:34:52.859+0000] {dag.py:3096} INFO - Sync 1 DAGs
[2026-02-10T02:34:52.944+0000] {logging_mixin.py:188} INFO - [2026-02-10T02:34:52.943+0000] {dag.py:3954} INFO - Setting next_dagrun for example_setup_teardown_taskflow to 2026-02-09 00:00:00+00:00, run_after=2026-02-10 00:00:00+00:00
[2026-02-10T02:34:53.009+0000] {processor.py:183} INFO - Processing /home/airflow/.local/lib/python3.12/site-packages/airflow/example_dags/example_setup_teardown_taskflow.py took 0.437 seconds
[2026-02-10T02:35:23.207+0000] {processor.py:161} INFO - Started process (PID=113) to work on /home/airflow/.local/lib/python3.12/site-packages/airflow/example_dags/example_setup_teardown_taskflow.py
[2026-02-10T02:35:23.208+0000] {processor.py:830} INFO - Processing file /home/airflow/.local/lib/python3.12/site-packages/airflow/example_dags/example_setup_teardown_taskflow.py for tasks to queue
[2026-02-10T02:35:23.211+0000] {logging_mixin.py:188} INFO - [2026-02-10T02:35:23.210+0000] {dagbag.py:540} INFO - Filling up the DagBag from /home/airflow/.local/lib/python3.12/site-packages/airflow/example_dags/example_setup_teardown_taskflow.py
[2026-02-10T02:35:23.221+0000] {processor.py:840} INFO - DAG(s) 'example_setup_teardown_taskflow' retrieved from /home/airflow/.local/lib/python3.12/site-packages/airflow/example_dags/example_setup_teardown_taskflow.py
[2026-02-10T02:35:23.320+0000] {logging_mixin.py:188} INFO - [2026-02-10T02:35:23.320+0000] {dag.py:3096} INFO - Sync 1 DAGs
[2026-02-10T02:35:23.339+0000] {logging_mixin.py:188} INFO - [2026-02-10T02:35:23.339+0000] {dag.py:3954} INFO - Setting next_dagrun for example_setup_teardown_taskflow to 2026-02-09 00:00:00+00:00, run_after=2026-02-10 00:00:00+00:00
[2026-02-10T02:35:23.360+0000] {processor.py:183} INFO - Processing /home/airflow/.local/lib/python3.12/site-packages/airflow/example_dags/example_setup_teardown_taskflow.py took 0.159 seconds
[2026-02-10T02:38:42.475+0000] {processor.py:161} INFO - Started process (PID=59) to work on /home/airflow/.local/lib/python3.12/site-packages/airflow/example_dags/example_setup_teardown_taskflow.py
[2026-02-10T02:38:42.478+0000] {processor.py:830} INFO - Processing file /home/airflow/.local/lib/python3.12/site-packages/airflow/example_dags/example_setup_teardown_taskflow.py for tasks to queue
[2026-02-10T02:38:42.484+0000] {logging_mixin.py:188} INFO - [2026-02-10T02:38:42.483+0000] {dagbag.py:540} INFO - Filling up the DagBag from /home/airflow/.local/lib/python3.12/site-packages/airflow/example_dags/example_setup_teardown_taskflow.py
[2026-02-10T02:38:42.518+0000] {processor.py:840} INFO - DAG(s) 'example_setup_teardown_taskflow' retrieved from /home/airflow/.local/lib/python3.12/site-packages/airflow/example_dags/example_setup_teardown_taskflow.py
[2026-02-10T02:38:42.547+0000] {logging_mixin.py:188} INFO - [2026-02-10T02:38:42.547+0000] {dag.py:3096} INFO - Sync 1 DAGs
[2026-02-10T02:38:42.614+0000] {logging_mixin.py:188} INFO - [2026-02-10T02:38:42.614+0000] {dag.py:3954} INFO - Setting next_dagrun for example_setup_teardown_taskflow to 2026-02-09 00:00:00+00:00, run_after=2026-02-10 00:00:00+00:00
[2026-02-10T02:38:42.673+0000] {processor.py:183} INFO - Processing /home/airflow/.local/lib/python3.12/site-packages/airflow/example_dags/example_setup_teardown_taskflow.py took 0.211 seconds
[2026-02-10T02:39:13.431+0000] {processor.py:161} INFO - Started process (PID=113) to work on /home/airflow/.local/lib/python3.12/site-packages/airflow/example_dags/example_setup_teardown_taskflow.py
[2026-02-10T02:39:13.433+0000] {processor.py:830} INFO - Processing file /home/airflow/.local/lib/python3.12/site-packages/airflow/example_dags/example_setup_teardown_taskflow.py for tasks to queue
[2026-02-10T02:39:13.435+0000] {logging_mixin.py:188} INFO - [2026-02-10T02:39:13.434+0000] {dagbag.py:540} INFO - Filling up the DagBag from /home/airflow/.local/lib/python3.12/site-packages/airflow/example_dags/example_setup_teardown_taskflow.py
[2026-02-10T02:39:13.443+0000] {processor.py:840} INFO - DAG(s) 'example_setup_teardown_taskflow' retrieved from /home/airflow/.local/lib/python3.12/site-packages/airflow/example_dags/example_setup_teardown_taskflow.py
[2026-02-10T02:39:13.546+0000] {logging_mixin.py:188} INFO - [2026-02-10T02:39:13.545+0000] {dag.py:3096} INFO - Sync 1 DAGs
[2026-02-10T02:39:13.565+0000] {logging_mixin.py:188} INFO - [2026-02-10T02:39:13.564+0000] {dag.py:3954} INFO - Setting next_dagrun for example_setup_teardown_taskflow to 2026-02-09 00:00:00+00:00, run_after=2026-02-10 00:00:00+00:00
[2026-02-10T02:39:13.585+0000] {processor.py:183} INFO - Processing /home/airflow/.local/lib/python3.12/site-packages/airflow/example_dags/example_setup_teardown_taskflow.py took 0.159 seconds
[2026-02-10T02:39:43.719+0000] {processor.py:161} INFO - Started process (PID=167) to work on /home/airflow/.local/lib/python3.12/site-packages/airflow/example_dags/example_setup_teardown_taskflow.py
[2026-02-10T02:39:43.720+0000] {processor.py:830} INFO - Processing file /home/airflow/.local/lib/python3.12/site-packages/airflow/example_dags/example_setup_teardown_taskflow.py for tasks to queue
[2026-02-10T02:39:43.722+0000] {logging_mixin.py:188} INFO - [2026-02-10T02:39:43.722+0000] {dagbag.py:540} INFO - Filling up the DagBag from /home/airflow/.local/lib/python3.12/site-packages/airflow/example_dags/example_setup_teardown_taskflow.py
[2026-02-10T02:39:43.735+0000] {processor.py:840} INFO - DAG(s) 'example_setup_teardown_taskflow' retrieved from /home/airflow/.local/lib/python3.12/site-packages/airflow/example_dags/example_setup_teardown_taskflow.py
[2026-02-10T02:39:43.764+0000] {logging_mixin.py:188} INFO - [2026-02-10T02:39:43.764+0000] {dag.py:3096} INFO - Sync 1 DAGs
[2026-02-10T02:39:43.791+0000] {logging_mixin.py:188} INFO - [2026-02-10T02:39:43.791+0000] {dag.py:3954} INFO - Setting next_dagrun for example_setup_teardown_taskflow to 2026-02-09 00:00:00+00:00, run_after=2026-02-10 00:00:00+00:00
[2026-02-10T02:39:43.817+0000] {processor.py:183} INFO - Processing /home/airflow/.local/lib/python3.12/site-packages/airflow/example_dags/example_setup_teardown_taskflow.py took 0.105 seconds
[2026-02-10T02:40:13.959+0000] {processor.py:161} INFO - Started process (PID=221) to work on /home/airflow/.local/lib/python3.12/site-packages/airflow/example_dags/example_setup_teardown_taskflow.py
[2026-02-10T02:40:13.960+0000] {processor.py:830} INFO - Processing file /home/airflow/.local/lib/python3.12/site-packages/airflow/example_dags/example_setup_teardown_taskflow.py for tasks to queue
[2026-02-10T02:40:13.964+0000] {logging_mixin.py:188} INFO - [2026-02-10T02:40:13.963+0000] {dagbag.py:540} INFO - Filling up the DagBag from /home/airflow/.local/lib/python3.12/site-packages/airflow/example_dags/example_setup_teardown_taskflow.py
[2026-02-10T02:40:13.973+0000] {processor.py:840} INFO - DAG(s) 'example_setup_teardown_taskflow' retrieved from /home/airflow/.local/lib/python3.12/site-packages/airflow/example_dags/example_setup_teardown_taskflow.py
[2026-02-10T02:40:13.999+0000] {logging_mixin.py:188} INFO - [2026-02-10T02:40:13.999+0000] {dag.py:3096} INFO - Sync 1 DAGs
[2026-02-10T02:40:14.025+0000] {logging_mixin.py:188} INFO - [2026-02-10T02:40:14.024+0000] {dag.py:3954} INFO - Setting next_dagrun for example_setup_teardown_taskflow to 2026-02-09 00:00:00+00:00, run_after=2026-02-10 00:00:00+00:00
[2026-02-10T02:40:14.047+0000] {processor.py:183} INFO - Processing /home/airflow/.local/lib/python3.12/site-packages/airflow/example_dags/example_setup_teardown_taskflow.py took 0.094 seconds
[2026-02-10T02:40:44.453+0000] {processor.py:161} INFO - Started process (PID=275) to work on /home/airflow/.local/lib/python3.12/site-packages/airflow/example_dags/example_setup_teardown_taskflow.py
[2026-02-10T02:40:44.454+0000] {processor.py:830} INFO - Processing file /home/airflow/.local/lib/python3.12/site-packages/airflow/example_dags/example_setup_teardown_taskflow.py for tasks to queue
[2026-02-10T02:40:44.459+0000] {logging_mixin.py:188} INFO - [2026-02-10T02:40:44.458+0000] {dagbag.py:540} INFO - Filling up the DagBag from /home/airflow/.local/lib/python3.12/site-packages/airflow/example_dags/example_setup_teardown_taskflow.py
[2026-02-10T02:40:44.470+0000] {processor.py:840} INFO - DAG(s) 'example_setup_teardown_taskflow' retrieved from /home/airflow/.local/lib/python3.12/site-packages/airflow/example_dags/example_setup_teardown_taskflow.py
[2026-02-10T02:40:44.492+0000] {logging_mixin.py:188} INFO - [2026-02-10T02:40:44.492+0000] {dag.py:3096} INFO - Sync 1 DAGs
[2026-02-10T02:40:44.514+0000] {logging_mixin.py:188} INFO - [2026-02-10T02:40:44.514+0000] {dag.py:3954} INFO - Setting next_dagrun for example_setup_teardown_taskflow to 2026-02-09 00:00:00+00:00, run_after=2026-02-10 00:00:00+00:00
[2026-02-10T02:40:44.533+0000] {processor.py:183} INFO - Processing /home/airflow/.local/lib/python3.12/site-packages/airflow/example_dags/example_setup_teardown_taskflow.py took 0.088 seconds
[2026-02-10T02:41:14.693+0000] {processor.py:161} INFO - Started process (PID=329) to work on /home/airflow/.local/lib/python3.12/site-packages/airflow/example_dags/example_setup_teardown_taskflow.py
[2026-02-10T02:41:14.694+0000] {processor.py:830} INFO - Processing file /home/airflow/.local/lib/python3.12/site-packages/airflow/example_dags/example_setup_teardown_taskflow.py for tasks to queue
[2026-02-10T02:41:14.696+0000] {logging_mixin.py:188} INFO - [2026-02-10T02:41:14.696+0000] {dagbag.py:540} INFO - Filling up the DagBag from /home/airflow/.local/lib/python3.12/site-packages/airflow/example_dags/example_setup_teardown_taskflow.py
[2026-02-10T02:41:14.704+0000] {processor.py:840} INFO - DAG(s) 'example_setup_teardown_taskflow' retrieved from /home/airflow/.local/lib/python3.12/site-packages/airflow/example_dags/example_setup_teardown_taskflow.py
[2026-02-10T02:41:14.726+0000] {logging_mixin.py:188} INFO - [2026-02-10T02:41:14.726+0000] {dag.py:3096} INFO - Sync 1 DAGs
[2026-02-10T02:41:14.744+0000] {logging_mixin.py:188} INFO - [2026-02-10T02:41:14.744+0000] {dag.py:3954} INFO - Setting next_dagrun for example_setup_teardown_taskflow to 2026-02-09 00:00:00+00:00, run_after=2026-02-10 00:00:00+00:00
[2026-02-10T02:41:14.773+0000] {processor.py:183} INFO - Processing /home/airflow/.local/lib/python3.12/site-packages/airflow/example_dags/example_setup_teardown_taskflow.py took 0.085 seconds
[2026-02-10T02:44:45.989+0000] {processor.py:161} INFO - Started process (PID=59) to work on /home/airflow/.local/lib/python3.12/site-packages/airflow/example_dags/example_setup_teardown_taskflow.py
[2026-02-10T02:44:46.002+0000] {processor.py:830} INFO - Processing file /home/airflow/.local/lib/python3.12/site-packages/airflow/example_dags/example_setup_teardown_taskflow.py for tasks to queue
[2026-02-10T02:44:46.015+0000] {logging_mixin.py:188} INFO - [2026-02-10T02:44:46.014+0000] {dagbag.py:540} INFO - Filling up the DagBag from /home/airflow/.local/lib/python3.12/site-packages/airflow/example_dags/example_setup_teardown_taskflow.py
[2026-02-10T02:44:46.073+0000] {processor.py:840} INFO - DAG(s) 'example_setup_teardown_taskflow' retrieved from /home/airflow/.local/lib/python3.12/site-packages/airflow/example_dags/example_setup_teardown_taskflow.py
[2026-02-10T02:44:46.108+0000] {logging_mixin.py:188} INFO - [2026-02-10T02:44:46.107+0000] {dag.py:3096} INFO - Sync 1 DAGs
[2026-02-10T02:44:46.199+0000] {logging_mixin.py:188} INFO - [2026-02-10T02:44:46.198+0000] {dag.py:3954} INFO - Setting next_dagrun for example_setup_teardown_taskflow to 2026-02-09 00:00:00+00:00, run_after=2026-02-10 00:00:00+00:00
[2026-02-10T02:44:46.254+0000] {processor.py:183} INFO - Processing /home/airflow/.local/lib/python3.12/site-packages/airflow/example_dags/example_setup_teardown_taskflow.py took 0.310 seconds
[2026-02-10T02:45:16.689+0000] {processor.py:161} INFO - Started process (PID=113) to work on /home/airflow/.local/lib/python3.12/site-packages/airflow/example_dags/example_setup_teardown_taskflow.py
[2026-02-10T02:45:16.692+0000] {processor.py:830} INFO - Processing file /home/airflow/.local/lib/python3.12/site-packages/airflow/example_dags/example_setup_teardown_taskflow.py for tasks to queue
[2026-02-10T02:45:16.698+0000] {logging_mixin.py:188} INFO - [2026-02-10T02:45:16.697+0000] {dagbag.py:540} INFO - Filling up the DagBag from /home/airflow/.local/lib/python3.12/site-packages/airflow/example_dags/example_setup_teardown_taskflow.py
[2026-02-10T02:45:16.718+0000] {processor.py:840} INFO - DAG(s) 'example_setup_teardown_taskflow' retrieved from /home/airflow/.local/lib/python3.12/site-packages/airflow/example_dags/example_setup_teardown_taskflow.py
[2026-02-10T02:45:17.013+0000] {logging_mixin.py:188} INFO - [2026-02-10T02:45:17.013+0000] {dag.py:3096} INFO - Sync 1 DAGs
[2026-02-10T02:45:17.084+0000] {logging_mixin.py:188} INFO - [2026-02-10T02:45:17.083+0000] {dag.py:3954} INFO - Setting next_dagrun for example_setup_teardown_taskflow to 2026-02-09 00:00:00+00:00, run_after=2026-02-10 00:00:00+00:00
[2026-02-10T02:45:17.158+0000] {processor.py:183} INFO - Processing /home/airflow/.local/lib/python3.12/site-packages/airflow/example_dags/example_setup_teardown_taskflow.py took 0.483 seconds
[2026-02-10T02:45:47.505+0000] {processor.py:161} INFO - Started process (PID=167) to work on /home/airflow/.local/lib/python3.12/site-packages/airflow/example_dags/example_setup_teardown_taskflow.py
[2026-02-10T02:45:47.506+0000] {processor.py:830} INFO - Processing file /home/airflow/.local/lib/python3.12/site-packages/airflow/example_dags/example_setup_teardown_taskflow.py for tasks to queue
[2026-02-10T02:45:47.508+0000] {logging_mixin.py:188} INFO - [2026-02-10T02:45:47.508+0000] {dagbag.py:540} INFO - Filling up the DagBag from /home/airflow/.local/lib/python3.12/site-packages/airflow/example_dags/example_setup_teardown_taskflow.py
[2026-02-10T02:45:47.516+0000] {processor.py:840} INFO - DAG(s) 'example_setup_teardown_taskflow' retrieved from /home/airflow/.local/lib/python3.12/site-packages/airflow/example_dags/example_setup_teardown_taskflow.py
[2026-02-10T02:45:47.537+0000] {logging_mixin.py:188} INFO - [2026-02-10T02:45:47.536+0000] {dag.py:3096} INFO - Sync 1 DAGs
[2026-02-10T02:45:47.558+0000] {logging_mixin.py:188} INFO - [2026-02-10T02:45:47.558+0000] {dag.py:3954} INFO - Setting next_dagrun for example_setup_teardown_taskflow to 2026-02-09 00:00:00+00:00, run_after=2026-02-10 00:00:00+00:00
[2026-02-10T02:45:47.577+0000] {processor.py:183} INFO - Processing /home/airflow/.local/lib/python3.12/site-packages/airflow/example_dags/example_setup_teardown_taskflow.py took 0.077 seconds
[2026-02-10T02:46:17.704+0000] {processor.py:161} INFO - Started process (PID=221) to work on /home/airflow/.local/lib/python3.12/site-packages/airflow/example_dags/example_setup_teardown_taskflow.py
[2026-02-10T02:46:17.706+0000] {processor.py:830} INFO - Processing file /home/airflow/.local/lib/python3.12/site-packages/airflow/example_dags/example_setup_teardown_taskflow.py for tasks to queue
[2026-02-10T02:46:17.710+0000] {logging_mixin.py:188} INFO - [2026-02-10T02:46:17.709+0000] {dagbag.py:540} INFO - Filling up the DagBag from /home/airflow/.local/lib/python3.12/site-packages/airflow/example_dags/example_setup_teardown_taskflow.py
[2026-02-10T02:46:17.728+0000] {processor.py:840} INFO - DAG(s) 'example_setup_teardown_taskflow' retrieved from /home/airflow/.local/lib/python3.12/site-packages/airflow/example_dags/example_setup_teardown_taskflow.py
[2026-02-10T02:46:17.767+0000] {logging_mixin.py:188} INFO - [2026-02-10T02:46:17.766+0000] {dag.py:3096} INFO - Sync 1 DAGs
[2026-02-10T02:46:17.807+0000] {logging_mixin.py:188} INFO - [2026-02-10T02:46:17.807+0000] {dag.py:3954} INFO - Setting next_dagrun for example_setup_teardown_taskflow to 2026-02-09 00:00:00+00:00, run_after=2026-02-10 00:00:00+00:00
[2026-02-10T02:46:17.837+0000] {processor.py:183} INFO - Processing /home/airflow/.local/lib/python3.12/site-packages/airflow/example_dags/example_setup_teardown_taskflow.py took 0.143 seconds
[2026-02-10T02:46:48.547+0000] {processor.py:161} INFO - Started process (PID=275) to work on /home/airflow/.local/lib/python3.12/site-packages/airflow/example_dags/example_setup_teardown_taskflow.py
[2026-02-10T02:46:48.548+0000] {processor.py:830} INFO - Processing file /home/airflow/.local/lib/python3.12/site-packages/airflow/example_dags/example_setup_teardown_taskflow.py for tasks to queue
[2026-02-10T02:46:48.550+0000] {logging_mixin.py:188} INFO - [2026-02-10T02:46:48.550+0000] {dagbag.py:540} INFO - Filling up the DagBag from /home/airflow/.local/lib/python3.12/site-packages/airflow/example_dags/example_setup_teardown_taskflow.py
[2026-02-10T02:46:48.559+0000] {processor.py:840} INFO - DAG(s) 'example_setup_teardown_taskflow' retrieved from /home/airflow/.local/lib/python3.12/site-packages/airflow/example_dags/example_setup_teardown_taskflow.py
[2026-02-10T02:46:48.579+0000] {logging_mixin.py:188} INFO - [2026-02-10T02:46:48.579+0000] {dag.py:3096} INFO - Sync 1 DAGs
[2026-02-10T02:46:48.599+0000] {logging_mixin.py:188} INFO - [2026-02-10T02:46:48.599+0000] {dag.py:3954} INFO - Setting next_dagrun for example_setup_teardown_taskflow to 2026-02-09 00:00:00+00:00, run_after=2026-02-10 00:00:00+00:00
[2026-02-10T02:46:48.616+0000] {processor.py:183} INFO - Processing /home/airflow/.local/lib/python3.12/site-packages/airflow/example_dags/example_setup_teardown_taskflow.py took 0.075 seconds
[2026-02-10T02:47:19.694+0000] {processor.py:161} INFO - Started process (PID=329) to work on /home/airflow/.local/lib/python3.12/site-packages/airflow/example_dags/example_setup_teardown_taskflow.py
[2026-02-10T02:47:19.696+0000] {processor.py:830} INFO - Processing file /home/airflow/.local/lib/python3.12/site-packages/airflow/example_dags/example_setup_teardown_taskflow.py for tasks to queue
[2026-02-10T02:47:19.700+0000] {logging_mixin.py:188} INFO - [2026-02-10T02:47:19.700+0000] {dagbag.py:540} INFO - Filling up the DagBag from /home/airflow/.local/lib/python3.12/site-packages/airflow/example_dags/example_setup_teardown_taskflow.py
[2026-02-10T02:47:19.716+0000] {processor.py:840} INFO - DAG(s) 'example_setup_teardown_taskflow' retrieved from /home/airflow/.local/lib/python3.12/site-packages/airflow/example_dags/example_setup_teardown_taskflow.py
[2026-02-10T02:47:19.750+0000] {logging_mixin.py:188} INFO - [2026-02-10T02:47:19.749+0000] {dag.py:3096} INFO - Sync 1 DAGs
[2026-02-10T02:47:19.780+0000] {logging_mixin.py:188} INFO - [2026-02-10T02:47:19.780+0000] {dag.py:3954} INFO - Setting next_dagrun for example_setup_teardown_taskflow to 2026-02-09 00:00:00+00:00, run_after=2026-02-10 00:00:00+00:00
[2026-02-10T02:47:19.805+0000] {processor.py:183} INFO - Processing /home/airflow/.local/lib/python3.12/site-packages/airflow/example_dags/example_setup_teardown_taskflow.py took 0.121 seconds
[2026-02-10T02:47:49.920+0000] {processor.py:161} INFO - Started process (PID=383) to work on /home/airflow/.local/lib/python3.12/site-packages/airflow/example_dags/example_setup_teardown_taskflow.py
[2026-02-10T02:47:49.921+0000] {processor.py:830} INFO - Processing file /home/airflow/.local/lib/python3.12/site-packages/airflow/example_dags/example_setup_teardown_taskflow.py for tasks to queue
[2026-02-10T02:47:49.924+0000] {logging_mixin.py:188} INFO - [2026-02-10T02:47:49.924+0000] {dagbag.py:540} INFO - Filling up the DagBag from /home/airflow/.local/lib/python3.12/site-packages/airflow/example_dags/example_setup_teardown_taskflow.py
[2026-02-10T02:47:49.933+0000] {processor.py:840} INFO - DAG(s) 'example_setup_teardown_taskflow' retrieved from /home/airflow/.local/lib/python3.12/site-packages/airflow/example_dags/example_setup_teardown_taskflow.py
[2026-02-10T02:47:49.958+0000] {logging_mixin.py:188} INFO - [2026-02-10T02:47:49.957+0000] {dag.py:3096} INFO - Sync 1 DAGs
[2026-02-10T02:47:49.980+0000] {logging_mixin.py:188} INFO - [2026-02-10T02:47:49.980+0000] {dag.py:3954} INFO - Setting next_dagrun for example_setup_teardown_taskflow to 2026-02-09 00:00:00+00:00, run_after=2026-02-10 00:00:00+00:00
[2026-02-10T02:47:50.001+0000] {processor.py:183} INFO - Processing /home/airflow/.local/lib/python3.12/site-packages/airflow/example_dags/example_setup_teardown_taskflow.py took 0.087 seconds
[2026-02-10T02:48:20.763+0000] {processor.py:161} INFO - Started process (PID=437) to work on /home/airflow/.local/lib/python3.12/site-packages/airflow/example_dags/example_setup_teardown_taskflow.py
[2026-02-10T02:48:20.764+0000] {processor.py:830} INFO - Processing file /home/airflow/.local/lib/python3.12/site-packages/airflow/example_dags/example_setup_teardown_taskflow.py for tasks to queue
[2026-02-10T02:48:20.766+0000] {logging_mixin.py:188} INFO - [2026-02-10T02:48:20.765+0000] {dagbag.py:540} INFO - Filling up the DagBag from /home/airflow/.local/lib/python3.12/site-packages/airflow/example_dags/example_setup_teardown_taskflow.py
[2026-02-10T02:48:20.776+0000] {processor.py:840} INFO - DAG(s) 'example_setup_teardown_taskflow' retrieved from /home/airflow/.local/lib/python3.12/site-packages/airflow/example_dags/example_setup_teardown_taskflow.py
[2026-02-10T02:48:20.797+0000] {logging_mixin.py:188} INFO - [2026-02-10T02:48:20.797+0000] {dag.py:3096} INFO - Sync 1 DAGs
[2026-02-10T02:48:20.819+0000] {logging_mixin.py:188} INFO - [2026-02-10T02:48:20.819+0000] {dag.py:3954} INFO - Setting next_dagrun for example_setup_teardown_taskflow to 2026-02-09 00:00:00+00:00, run_after=2026-02-10 00:00:00+00:00
[2026-02-10T02:48:20.842+0000] {processor.py:183} INFO - Processing /home/airflow/.local/lib/python3.12/site-packages/airflow/example_dags/example_setup_teardown_taskflow.py took 0.087 seconds
[2026-02-10T02:48:50.897+0000] {processor.py:161} INFO - Started process (PID=490) to work on /home/airflow/.local/lib/python3.12/site-packages/airflow/example_dags/example_setup_teardown_taskflow.py
[2026-02-10T02:48:50.899+0000] {processor.py:830} INFO - Processing file /home/airflow/.local/lib/python3.12/site-packages/airflow/example_dags/example_setup_teardown_taskflow.py for tasks to queue
[2026-02-10T02:48:50.900+0000] {logging_mixin.py:188} INFO - [2026-02-10T02:48:50.900+0000] {dagbag.py:540} INFO - Filling up the DagBag from /home/airflow/.local/lib/python3.12/site-packages/airflow/example_dags/example_setup_teardown_taskflow.py
[2026-02-10T02:48:50.908+0000] {processor.py:840} INFO - DAG(s) 'example_setup_teardown_taskflow' retrieved from /home/airflow/.local/lib/python3.12/site-packages/airflow/example_dags/example_setup_teardown_taskflow.py
[2026-02-10T02:48:50.928+0000] {logging_mixin.py:188} INFO - [2026-02-10T02:48:50.928+0000] {dag.py:3096} INFO - Sync 1 DAGs
[2026-02-10T02:48:50.947+0000] {logging_mixin.py:188} INFO - [2026-02-10T02:48:50.947+0000] {dag.py:3954} INFO - Setting next_dagrun for example_setup_teardown_taskflow to 2026-02-09 00:00:00+00:00, run_after=2026-02-10 00:00:00+00:00
[2026-02-10T02:48:50.966+0000] {processor.py:183} INFO - Processing /home/airflow/.local/lib/python3.12/site-packages/airflow/example_dags/example_setup_teardown_taskflow.py took 0.074 seconds
[2026-02-10T02:49:21.111+0000] {processor.py:161} INFO - Started process (PID=544) to work on /home/airflow/.local/lib/python3.12/site-packages/airflow/example_dags/example_setup_teardown_taskflow.py
[2026-02-10T02:49:21.112+0000] {processor.py:830} INFO - Processing file /home/airflow/.local/lib/python3.12/site-packages/airflow/example_dags/example_setup_teardown_taskflow.py for tasks to queue
[2026-02-10T02:49:21.114+0000] {logging_mixin.py:188} INFO - [2026-02-10T02:49:21.114+0000] {dagbag.py:540} INFO - Filling up the DagBag from /home/airflow/.local/lib/python3.12/site-packages/airflow/example_dags/example_setup_teardown_taskflow.py
[2026-02-10T02:49:21.122+0000] {processor.py:840} INFO - DAG(s) 'example_setup_teardown_taskflow' retrieved from /home/airflow/.local/lib/python3.12/site-packages/airflow/example_dags/example_setup_teardown_taskflow.py
[2026-02-10T02:49:21.143+0000] {logging_mixin.py:188} INFO - [2026-02-10T02:49:21.143+0000] {dag.py:3096} INFO - Sync 1 DAGs
[2026-02-10T02:49:21.163+0000] {logging_mixin.py:188} INFO - [2026-02-10T02:49:21.162+0000] {dag.py:3954} INFO - Setting next_dagrun for example_setup_teardown_taskflow to 2026-02-09 00:00:00+00:00, run_after=2026-02-10 00:00:00+00:00
[2026-02-10T02:49:21.182+0000] {processor.py:183} INFO - Processing /home/airflow/.local/lib/python3.12/site-packages/airflow/example_dags/example_setup_teardown_taskflow.py took 0.076 seconds
[2026-02-10T02:49:51.497+0000] {processor.py:161} INFO - Started process (PID=598) to work on /home/airflow/.local/lib/python3.12/site-packages/airflow/example_dags/example_setup_teardown_taskflow.py
[2026-02-10T02:49:51.498+0000] {processor.py:830} INFO - Processing file /home/airflow/.local/lib/python3.12/site-packages/airflow/example_dags/example_setup_teardown_taskflow.py for tasks to queue
[2026-02-10T02:49:51.500+0000] {logging_mixin.py:188} INFO - [2026-02-10T02:49:51.500+0000] {dagbag.py:540} INFO - Filling up the DagBag from /home/airflow/.local/lib/python3.12/site-packages/airflow/example_dags/example_setup_teardown_taskflow.py
[2026-02-10T02:49:51.508+0000] {processor.py:840} INFO - DAG(s) 'example_setup_teardown_taskflow' retrieved from /home/airflow/.local/lib/python3.12/site-packages/airflow/example_dags/example_setup_teardown_taskflow.py
[2026-02-10T02:49:51.529+0000] {logging_mixin.py:188} INFO - [2026-02-10T02:49:51.528+0000] {dag.py:3096} INFO - Sync 1 DAGs
[2026-02-10T02:49:51.548+0000] {logging_mixin.py:188} INFO - [2026-02-10T02:49:51.548+0000] {dag.py:3954} INFO - Setting next_dagrun for example_setup_teardown_taskflow to 2026-02-09 00:00:00+00:00, run_after=2026-02-10 00:00:00+00:00
[2026-02-10T02:49:51.568+0000] {processor.py:183} INFO - Processing /home/airflow/.local/lib/python3.12/site-packages/airflow/example_dags/example_setup_teardown_taskflow.py took 0.077 seconds
[2026-02-10T02:50:21.767+0000] {processor.py:161} INFO - Started process (PID=652) to work on /home/airflow/.local/lib/python3.12/site-packages/airflow/example_dags/example_setup_teardown_taskflow.py
[2026-02-10T02:50:21.768+0000] {processor.py:830} INFO - Processing file /home/airflow/.local/lib/python3.12/site-packages/airflow/example_dags/example_setup_teardown_taskflow.py for tasks to queue
[2026-02-10T02:50:21.770+0000] {logging_mixin.py:188} INFO - [2026-02-10T02:50:21.770+0000] {dagbag.py:540} INFO - Filling up the DagBag from /home/airflow/.local/lib/python3.12/site-packages/airflow/example_dags/example_setup_teardown_taskflow.py
[2026-02-10T02:50:21.778+0000] {processor.py:840} INFO - DAG(s) 'example_setup_teardown_taskflow' retrieved from /home/airflow/.local/lib/python3.12/site-packages/airflow/example_dags/example_setup_teardown_taskflow.py
[2026-02-10T02:50:21.806+0000] {logging_mixin.py:188} INFO - [2026-02-10T02:50:21.805+0000] {dag.py:3096} INFO - Sync 1 DAGs
[2026-02-10T02:50:21.832+0000] {logging_mixin.py:188} INFO - [2026-02-10T02:50:21.832+0000] {dag.py:3954} INFO - Setting next_dagrun for example_setup_teardown_taskflow to 2026-02-09 00:00:00+00:00, run_after=2026-02-10 00:00:00+00:00
[2026-02-10T02:50:21.854+0000] {processor.py:183} INFO - Processing /home/airflow/.local/lib/python3.12/site-packages/airflow/example_dags/example_setup_teardown_taskflow.py took 0.094 seconds
[2026-02-10T02:50:52.256+0000] {processor.py:161} INFO - Started process (PID=706) to work on /home/airflow/.local/lib/python3.12/site-packages/airflow/example_dags/example_setup_teardown_taskflow.py
[2026-02-10T02:50:52.257+0000] {processor.py:830} INFO - Processing file /home/airflow/.local/lib/python3.12/site-packages/airflow/example_dags/example_setup_teardown_taskflow.py for tasks to queue
[2026-02-10T02:50:52.260+0000] {logging_mixin.py:188} INFO - [2026-02-10T02:50:52.260+0000] {dagbag.py:540} INFO - Filling up the DagBag from /home/airflow/.local/lib/python3.12/site-packages/airflow/example_dags/example_setup_teardown_taskflow.py
[2026-02-10T02:50:52.272+0000] {processor.py:840} INFO - DAG(s) 'example_setup_teardown_taskflow' retrieved from /home/airflow/.local/lib/python3.12/site-packages/airflow/example_dags/example_setup_teardown_taskflow.py
[2026-02-10T02:50:52.310+0000] {logging_mixin.py:188} INFO - [2026-02-10T02:50:52.309+0000] {dag.py:3096} INFO - Sync 1 DAGs
[2026-02-10T02:50:52.349+0000] {logging_mixin.py:188} INFO - [2026-02-10T02:50:52.348+0000] {dag.py:3954} INFO - Setting next_dagrun for example_setup_teardown_taskflow to 2026-02-09 00:00:00+00:00, run_after=2026-02-10 00:00:00+00:00
[2026-02-10T02:50:52.379+0000] {processor.py:183} INFO - Processing /home/airflow/.local/lib/python3.12/site-packages/airflow/example_dags/example_setup_teardown_taskflow.py took 0.133 seconds
[2026-02-10T02:51:22.655+0000] {processor.py:161} INFO - Started process (PID=760) to work on /home/airflow/.local/lib/python3.12/site-packages/airflow/example_dags/example_setup_teardown_taskflow.py
[2026-02-10T02:51:22.656+0000] {processor.py:830} INFO - Processing file /home/airflow/.local/lib/python3.12/site-packages/airflow/example_dags/example_setup_teardown_taskflow.py for tasks to queue
[2026-02-10T02:51:22.658+0000] {logging_mixin.py:188} INFO - [2026-02-10T02:51:22.658+0000] {dagbag.py:540} INFO - Filling up the DagBag from /home/airflow/.local/lib/python3.12/site-packages/airflow/example_dags/example_setup_teardown_taskflow.py
[2026-02-10T02:51:22.667+0000] {processor.py:840} INFO - DAG(s) 'example_setup_teardown_taskflow' retrieved from /home/airflow/.local/lib/python3.12/site-packages/airflow/example_dags/example_setup_teardown_taskflow.py
[2026-02-10T02:51:22.687+0000] {logging_mixin.py:188} INFO - [2026-02-10T02:51:22.687+0000] {dag.py:3096} INFO - Sync 1 DAGs
[2026-02-10T02:51:22.707+0000] {logging_mixin.py:188} INFO - [2026-02-10T02:51:22.707+0000] {dag.py:3954} INFO - Setting next_dagrun for example_setup_teardown_taskflow to 2026-02-09 00:00:00+00:00, run_after=2026-02-10 00:00:00+00:00
[2026-02-10T02:51:22.727+0000] {processor.py:183} INFO - Processing /home/airflow/.local/lib/python3.12/site-packages/airflow/example_dags/example_setup_teardown_taskflow.py took 0.078 seconds
[2026-02-10T22:01:11.905+0000] {processor.py:161} INFO - Started process (PID=59) to work on /home/airflow/.local/lib/python3.12/site-packages/airflow/example_dags/example_setup_teardown_taskflow.py
[2026-02-10T22:01:11.909+0000] {processor.py:830} INFO - Processing file /home/airflow/.local/lib/python3.12/site-packages/airflow/example_dags/example_setup_teardown_taskflow.py for tasks to queue
[2026-02-10T22:01:11.920+0000] {logging_mixin.py:188} INFO - [2026-02-10T22:01:11.919+0000] {dagbag.py:540} INFO - Filling up the DagBag from /home/airflow/.local/lib/python3.12/site-packages/airflow/example_dags/example_setup_teardown_taskflow.py
[2026-02-10T22:01:11.997+0000] {processor.py:840} INFO - DAG(s) 'example_setup_teardown_taskflow' retrieved from /home/airflow/.local/lib/python3.12/site-packages/airflow/example_dags/example_setup_teardown_taskflow.py
[2026-02-10T22:01:12.031+0000] {logging_mixin.py:188} INFO - [2026-02-10T22:01:12.030+0000] {dag.py:3096} INFO - Sync 1 DAGs
[2026-02-10T22:01:12.119+0000] {logging_mixin.py:188} INFO - [2026-02-10T22:01:12.118+0000] {dag.py:3954} INFO - Setting next_dagrun for example_setup_teardown_taskflow to 2026-02-09 00:00:00+00:00, run_after=2026-02-10 00:00:00+00:00
[2026-02-10T22:01:12.178+0000] {processor.py:183} INFO - Processing /home/airflow/.local/lib/python3.12/site-packages/airflow/example_dags/example_setup_teardown_taskflow.py took 0.321 seconds
[2026-02-10T22:01:46.227+0000] {processor.py:161} INFO - Started process (PID=113) to work on /home/airflow/.local/lib/python3.12/site-packages/airflow/example_dags/example_setup_teardown_taskflow.py
[2026-02-10T22:01:46.229+0000] {processor.py:830} INFO - Processing file /home/airflow/.local/lib/python3.12/site-packages/airflow/example_dags/example_setup_teardown_taskflow.py for tasks to queue
[2026-02-10T22:01:46.235+0000] {logging_mixin.py:188} INFO - [2026-02-10T22:01:46.234+0000] {dagbag.py:540} INFO - Filling up the DagBag from /home/airflow/.local/lib/python3.12/site-packages/airflow/example_dags/example_setup_teardown_taskflow.py
[2026-02-10T22:01:46.258+0000] {processor.py:840} INFO - DAG(s) 'example_setup_teardown_taskflow' retrieved from /home/airflow/.local/lib/python3.12/site-packages/airflow/example_dags/example_setup_teardown_taskflow.py
[2026-02-10T22:01:46.506+0000] {logging_mixin.py:188} INFO - [2026-02-10T22:01:46.505+0000] {dag.py:3096} INFO - Sync 1 DAGs
[2026-02-10T22:01:46.541+0000] {logging_mixin.py:188} INFO - [2026-02-10T22:01:46.541+0000] {dag.py:3954} INFO - Setting next_dagrun for example_setup_teardown_taskflow to 2026-02-09 00:00:00+00:00, run_after=2026-02-10 00:00:00+00:00
[2026-02-10T22:01:46.579+0000] {processor.py:183} INFO - Processing /home/airflow/.local/lib/python3.12/site-packages/airflow/example_dags/example_setup_teardown_taskflow.py took 0.366 seconds
[2026-02-10T22:02:17.004+0000] {processor.py:161} INFO - Started process (PID=167) to work on /home/airflow/.local/lib/python3.12/site-packages/airflow/example_dags/example_setup_teardown_taskflow.py
[2026-02-10T22:02:17.005+0000] {processor.py:830} INFO - Processing file /home/airflow/.local/lib/python3.12/site-packages/airflow/example_dags/example_setup_teardown_taskflow.py for tasks to queue
[2026-02-10T22:02:17.007+0000] {logging_mixin.py:188} INFO - [2026-02-10T22:02:17.007+0000] {dagbag.py:540} INFO - Filling up the DagBag from /home/airflow/.local/lib/python3.12/site-packages/airflow/example_dags/example_setup_teardown_taskflow.py
[2026-02-10T22:02:17.017+0000] {processor.py:840} INFO - DAG(s) 'example_setup_teardown_taskflow' retrieved from /home/airflow/.local/lib/python3.12/site-packages/airflow/example_dags/example_setup_teardown_taskflow.py
[2026-02-10T22:02:17.037+0000] {logging_mixin.py:188} INFO - [2026-02-10T22:02:17.037+0000] {dag.py:3096} INFO - Sync 1 DAGs
[2026-02-10T22:02:17.061+0000] {logging_mixin.py:188} INFO - [2026-02-10T22:02:17.061+0000] {dag.py:3954} INFO - Setting next_dagrun for example_setup_teardown_taskflow to 2026-02-09 00:00:00+00:00, run_after=2026-02-10 00:00:00+00:00
[2026-02-10T22:02:17.082+0000] {processor.py:183} INFO - Processing /home/airflow/.local/lib/python3.12/site-packages/airflow/example_dags/example_setup_teardown_taskflow.py took 0.083 seconds
[2026-02-10T22:02:47.750+0000] {processor.py:161} INFO - Started process (PID=221) to work on /home/airflow/.local/lib/python3.12/site-packages/airflow/example_dags/example_setup_teardown_taskflow.py
[2026-02-10T22:02:47.751+0000] {processor.py:830} INFO - Processing file /home/airflow/.local/lib/python3.12/site-packages/airflow/example_dags/example_setup_teardown_taskflow.py for tasks to queue
[2026-02-10T22:02:47.753+0000] {logging_mixin.py:188} INFO - [2026-02-10T22:02:47.753+0000] {dagbag.py:540} INFO - Filling up the DagBag from /home/airflow/.local/lib/python3.12/site-packages/airflow/example_dags/example_setup_teardown_taskflow.py
[2026-02-10T22:02:47.764+0000] {processor.py:840} INFO - DAG(s) 'example_setup_teardown_taskflow' retrieved from /home/airflow/.local/lib/python3.12/site-packages/airflow/example_dags/example_setup_teardown_taskflow.py
[2026-02-10T22:02:47.791+0000] {logging_mixin.py:188} INFO - [2026-02-10T22:02:47.791+0000] {dag.py:3096} INFO - Sync 1 DAGs
[2026-02-10T22:02:47.819+0000] {logging_mixin.py:188} INFO - [2026-02-10T22:02:47.818+0000] {dag.py:3954} INFO - Setting next_dagrun for example_setup_teardown_taskflow to 2026-02-09 00:00:00+00:00, run_after=2026-02-10 00:00:00+00:00
[2026-02-10T22:02:47.844+0000] {processor.py:183} INFO - Processing /home/airflow/.local/lib/python3.12/site-packages/airflow/example_dags/example_setup_teardown_taskflow.py took 0.102 seconds
[2026-02-10T22:03:18.230+0000] {processor.py:161} INFO - Started process (PID=275) to work on /home/airflow/.local/lib/python3.12/site-packages/airflow/example_dags/example_setup_teardown_taskflow.py
[2026-02-10T22:03:18.231+0000] {processor.py:830} INFO - Processing file /home/airflow/.local/lib/python3.12/site-packages/airflow/example_dags/example_setup_teardown_taskflow.py for tasks to queue
[2026-02-10T22:03:18.233+0000] {logging_mixin.py:188} INFO - [2026-02-10T22:03:18.232+0000] {dagbag.py:540} INFO - Filling up the DagBag from /home/airflow/.local/lib/python3.12/site-packages/airflow/example_dags/example_setup_teardown_taskflow.py
[2026-02-10T22:03:18.240+0000] {processor.py:840} INFO - DAG(s) 'example_setup_teardown_taskflow' retrieved from /home/airflow/.local/lib/python3.12/site-packages/airflow/example_dags/example_setup_teardown_taskflow.py
[2026-02-10T22:03:18.261+0000] {logging_mixin.py:188} INFO - [2026-02-10T22:03:18.261+0000] {dag.py:3096} INFO - Sync 1 DAGs
[2026-02-10T22:03:18.281+0000] {logging_mixin.py:188} INFO - [2026-02-10T22:03:18.281+0000] {dag.py:3954} INFO - Setting next_dagrun for example_setup_teardown_taskflow to 2026-02-09 00:00:00+00:00, run_after=2026-02-10 00:00:00+00:00
[2026-02-10T22:03:18.300+0000] {processor.py:183} INFO - Processing /home/airflow/.local/lib/python3.12/site-packages/airflow/example_dags/example_setup_teardown_taskflow.py took 0.076 seconds
[2026-02-10T22:03:48.641+0000] {processor.py:161} INFO - Started process (PID=329) to work on /home/airflow/.local/lib/python3.12/site-packages/airflow/example_dags/example_setup_teardown_taskflow.py
[2026-02-10T22:03:48.641+0000] {processor.py:830} INFO - Processing file /home/airflow/.local/lib/python3.12/site-packages/airflow/example_dags/example_setup_teardown_taskflow.py for tasks to queue
[2026-02-10T22:03:48.643+0000] {logging_mixin.py:188} INFO - [2026-02-10T22:03:48.643+0000] {dagbag.py:540} INFO - Filling up the DagBag from /home/airflow/.local/lib/python3.12/site-packages/airflow/example_dags/example_setup_teardown_taskflow.py
[2026-02-10T22:03:48.651+0000] {processor.py:840} INFO - DAG(s) 'example_setup_teardown_taskflow' retrieved from /home/airflow/.local/lib/python3.12/site-packages/airflow/example_dags/example_setup_teardown_taskflow.py
[2026-02-10T22:03:48.671+0000] {logging_mixin.py:188} INFO - [2026-02-10T22:03:48.671+0000] {dag.py:3096} INFO - Sync 1 DAGs
[2026-02-10T22:03:48.690+0000] {logging_mixin.py:188} INFO - [2026-02-10T22:03:48.690+0000] {dag.py:3954} INFO - Setting next_dagrun for example_setup_teardown_taskflow to 2026-02-09 00:00:00+00:00, run_after=2026-02-10 00:00:00+00:00
[2026-02-10T22:03:48.711+0000] {processor.py:183} INFO - Processing /home/airflow/.local/lib/python3.12/site-packages/airflow/example_dags/example_setup_teardown_taskflow.py took 0.076 seconds
[2026-02-10T22:04:19.462+0000] {processor.py:161} INFO - Started process (PID=383) to work on /home/airflow/.local/lib/python3.12/site-packages/airflow/example_dags/example_setup_teardown_taskflow.py
[2026-02-10T22:04:19.463+0000] {processor.py:830} INFO - Processing file /home/airflow/.local/lib/python3.12/site-packages/airflow/example_dags/example_setup_teardown_taskflow.py for tasks to queue
[2026-02-10T22:04:19.465+0000] {logging_mixin.py:188} INFO - [2026-02-10T22:04:19.465+0000] {dagbag.py:540} INFO - Filling up the DagBag from /home/airflow/.local/lib/python3.12/site-packages/airflow/example_dags/example_setup_teardown_taskflow.py
[2026-02-10T22:04:19.476+0000] {processor.py:840} INFO - DAG(s) 'example_setup_teardown_taskflow' retrieved from /home/airflow/.local/lib/python3.12/site-packages/airflow/example_dags/example_setup_teardown_taskflow.py
[2026-02-10T22:04:19.499+0000] {logging_mixin.py:188} INFO - [2026-02-10T22:04:19.499+0000] {dag.py:3096} INFO - Sync 1 DAGs
[2026-02-10T22:04:19.523+0000] {logging_mixin.py:188} INFO - [2026-02-10T22:04:19.523+0000] {dag.py:3954} INFO - Setting next_dagrun for example_setup_teardown_taskflow to 2026-02-09 00:00:00+00:00, run_after=2026-02-10 00:00:00+00:00
[2026-02-10T22:04:19.545+0000] {processor.py:183} INFO - Processing /home/airflow/.local/lib/python3.12/site-packages/airflow/example_dags/example_setup_teardown_taskflow.py took 0.092 seconds
[2026-02-10T22:04:50.181+0000] {processor.py:161} INFO - Started process (PID=437) to work on /home/airflow/.local/lib/python3.12/site-packages/airflow/example_dags/example_setup_teardown_taskflow.py
[2026-02-10T22:04:50.182+0000] {processor.py:830} INFO - Processing file /home/airflow/.local/lib/python3.12/site-packages/airflow/example_dags/example_setup_teardown_taskflow.py for tasks to queue
[2026-02-10T22:04:50.185+0000] {logging_mixin.py:188} INFO - [2026-02-10T22:04:50.184+0000] {dagbag.py:540} INFO - Filling up the DagBag from /home/airflow/.local/lib/python3.12/site-packages/airflow/example_dags/example_setup_teardown_taskflow.py
[2026-02-10T22:04:50.200+0000] {processor.py:840} INFO - DAG(s) 'example_setup_teardown_taskflow' retrieved from /home/airflow/.local/lib/python3.12/site-packages/airflow/example_dags/example_setup_teardown_taskflow.py
[2026-02-10T22:04:50.227+0000] {logging_mixin.py:188} INFO - [2026-02-10T22:04:50.227+0000] {dag.py:3096} INFO - Sync 1 DAGs
[2026-02-10T22:04:50.251+0000] {logging_mixin.py:188} INFO - [2026-02-10T22:04:50.250+0000] {dag.py:3954} INFO - Setting next_dagrun for example_setup_teardown_taskflow to 2026-02-09 00:00:00+00:00, run_after=2026-02-10 00:00:00+00:00
[2026-02-10T22:04:50.273+0000] {processor.py:183} INFO - Processing /home/airflow/.local/lib/python3.12/site-packages/airflow/example_dags/example_setup_teardown_taskflow.py took 0.099 seconds
[2026-02-10T22:05:20.527+0000] {processor.py:161} INFO - Started process (PID=491) to work on /home/airflow/.local/lib/python3.12/site-packages/airflow/example_dags/example_setup_teardown_taskflow.py
[2026-02-10T22:05:20.527+0000] {processor.py:830} INFO - Processing file /home/airflow/.local/lib/python3.12/site-packages/airflow/example_dags/example_setup_teardown_taskflow.py for tasks to queue
[2026-02-10T22:05:20.529+0000] {logging_mixin.py:188} INFO - [2026-02-10T22:05:20.529+0000] {dagbag.py:540} INFO - Filling up the DagBag from /home/airflow/.local/lib/python3.12/site-packages/airflow/example_dags/example_setup_teardown_taskflow.py
[2026-02-10T22:05:20.537+0000] {processor.py:840} INFO - DAG(s) 'example_setup_teardown_taskflow' retrieved from /home/airflow/.local/lib/python3.12/site-packages/airflow/example_dags/example_setup_teardown_taskflow.py
[2026-02-10T22:05:20.559+0000] {logging_mixin.py:188} INFO - [2026-02-10T22:05:20.559+0000] {dag.py:3096} INFO - Sync 1 DAGs
[2026-02-10T22:05:20.578+0000] {logging_mixin.py:188} INFO - [2026-02-10T22:05:20.578+0000] {dag.py:3954} INFO - Setting next_dagrun for example_setup_teardown_taskflow to 2026-02-09 00:00:00+00:00, run_after=2026-02-10 00:00:00+00:00
[2026-02-10T22:05:20.597+0000] {processor.py:183} INFO - Processing /home/airflow/.local/lib/python3.12/site-packages/airflow/example_dags/example_setup_teardown_taskflow.py took 0.076 seconds
[2026-02-10T22:05:50.728+0000] {processor.py:161} INFO - Started process (PID=545) to work on /home/airflow/.local/lib/python3.12/site-packages/airflow/example_dags/example_setup_teardown_taskflow.py
[2026-02-10T22:05:50.729+0000] {processor.py:830} INFO - Processing file /home/airflow/.local/lib/python3.12/site-packages/airflow/example_dags/example_setup_teardown_taskflow.py for tasks to queue
[2026-02-10T22:05:50.731+0000] {logging_mixin.py:188} INFO - [2026-02-10T22:05:50.731+0000] {dagbag.py:540} INFO - Filling up the DagBag from /home/airflow/.local/lib/python3.12/site-packages/airflow/example_dags/example_setup_teardown_taskflow.py
[2026-02-10T22:05:50.740+0000] {processor.py:840} INFO - DAG(s) 'example_setup_teardown_taskflow' retrieved from /home/airflow/.local/lib/python3.12/site-packages/airflow/example_dags/example_setup_teardown_taskflow.py
[2026-02-10T22:05:50.763+0000] {logging_mixin.py:188} INFO - [2026-02-10T22:05:50.763+0000] {dag.py:3096} INFO - Sync 1 DAGs
[2026-02-10T22:05:50.785+0000] {logging_mixin.py:188} INFO - [2026-02-10T22:05:50.785+0000] {dag.py:3954} INFO - Setting next_dagrun for example_setup_teardown_taskflow to 2026-02-09 00:00:00+00:00, run_after=2026-02-10 00:00:00+00:00
[2026-02-10T22:05:50.807+0000] {processor.py:183} INFO - Processing /home/airflow/.local/lib/python3.12/site-packages/airflow/example_dags/example_setup_teardown_taskflow.py took 0.086 seconds
[2026-02-10T22:06:21.284+0000] {processor.py:161} INFO - Started process (PID=599) to work on /home/airflow/.local/lib/python3.12/site-packages/airflow/example_dags/example_setup_teardown_taskflow.py
[2026-02-10T22:06:21.285+0000] {processor.py:830} INFO - Processing file /home/airflow/.local/lib/python3.12/site-packages/airflow/example_dags/example_setup_teardown_taskflow.py for tasks to queue
[2026-02-10T22:06:21.289+0000] {logging_mixin.py:188} INFO - [2026-02-10T22:06:21.288+0000] {dagbag.py:540} INFO - Filling up the DagBag from /home/airflow/.local/lib/python3.12/site-packages/airflow/example_dags/example_setup_teardown_taskflow.py
[2026-02-10T22:06:21.298+0000] {processor.py:840} INFO - DAG(s) 'example_setup_teardown_taskflow' retrieved from /home/airflow/.local/lib/python3.12/site-packages/airflow/example_dags/example_setup_teardown_taskflow.py
[2026-02-10T22:06:21.321+0000] {logging_mixin.py:188} INFO - [2026-02-10T22:06:21.320+0000] {dag.py:3096} INFO - Sync 1 DAGs
[2026-02-10T22:06:21.351+0000] {logging_mixin.py:188} INFO - [2026-02-10T22:06:21.351+0000] {dag.py:3954} INFO - Setting next_dagrun for example_setup_teardown_taskflow to 2026-02-09 00:00:00+00:00, run_after=2026-02-10 00:00:00+00:00
[2026-02-10T22:06:21.376+0000] {processor.py:183} INFO - Processing /home/airflow/.local/lib/python3.12/site-packages/airflow/example_dags/example_setup_teardown_taskflow.py took 0.097 seconds
[2026-02-10T22:06:51.871+0000] {processor.py:161} INFO - Started process (PID=653) to work on /home/airflow/.local/lib/python3.12/site-packages/airflow/example_dags/example_setup_teardown_taskflow.py
[2026-02-10T22:06:51.873+0000] {processor.py:830} INFO - Processing file /home/airflow/.local/lib/python3.12/site-packages/airflow/example_dags/example_setup_teardown_taskflow.py for tasks to queue
[2026-02-10T22:06:51.877+0000] {logging_mixin.py:188} INFO - [2026-02-10T22:06:51.876+0000] {dagbag.py:540} INFO - Filling up the DagBag from /home/airflow/.local/lib/python3.12/site-packages/airflow/example_dags/example_setup_teardown_taskflow.py
[2026-02-10T22:06:51.893+0000] {processor.py:840} INFO - DAG(s) 'example_setup_teardown_taskflow' retrieved from /home/airflow/.local/lib/python3.12/site-packages/airflow/example_dags/example_setup_teardown_taskflow.py
[2026-02-10T22:06:51.924+0000] {logging_mixin.py:188} INFO - [2026-02-10T22:06:51.924+0000] {dag.py:3096} INFO - Sync 1 DAGs
[2026-02-10T22:06:51.955+0000] {logging_mixin.py:188} INFO - [2026-02-10T22:06:51.955+0000] {dag.py:3954} INFO - Setting next_dagrun for example_setup_teardown_taskflow to 2026-02-09 00:00:00+00:00, run_after=2026-02-10 00:00:00+00:00
[2026-02-10T22:06:51.981+0000] {processor.py:183} INFO - Processing /home/airflow/.local/lib/python3.12/site-packages/airflow/example_dags/example_setup_teardown_taskflow.py took 0.118 seconds
[2026-02-10T22:07:22.591+0000] {processor.py:161} INFO - Started process (PID=707) to work on /home/airflow/.local/lib/python3.12/site-packages/airflow/example_dags/example_setup_teardown_taskflow.py
[2026-02-10T22:07:22.592+0000] {processor.py:830} INFO - Processing file /home/airflow/.local/lib/python3.12/site-packages/airflow/example_dags/example_setup_teardown_taskflow.py for tasks to queue
[2026-02-10T22:07:22.594+0000] {logging_mixin.py:188} INFO - [2026-02-10T22:07:22.593+0000] {dagbag.py:540} INFO - Filling up the DagBag from /home/airflow/.local/lib/python3.12/site-packages/airflow/example_dags/example_setup_teardown_taskflow.py
[2026-02-10T22:07:22.603+0000] {processor.py:840} INFO - DAG(s) 'example_setup_teardown_taskflow' retrieved from /home/airflow/.local/lib/python3.12/site-packages/airflow/example_dags/example_setup_teardown_taskflow.py
[2026-02-10T22:07:22.627+0000] {logging_mixin.py:188} INFO - [2026-02-10T22:07:22.626+0000] {dag.py:3096} INFO - Sync 1 DAGs
[2026-02-10T22:07:22.650+0000] {logging_mixin.py:188} INFO - [2026-02-10T22:07:22.649+0000] {dag.py:3954} INFO - Setting next_dagrun for example_setup_teardown_taskflow to 2026-02-09 00:00:00+00:00, run_after=2026-02-10 00:00:00+00:00
[2026-02-10T22:07:22.672+0000] {processor.py:183} INFO - Processing /home/airflow/.local/lib/python3.12/site-packages/airflow/example_dags/example_setup_teardown_taskflow.py took 0.087 seconds
[2026-02-10T22:07:53.128+0000] {processor.py:161} INFO - Started process (PID=761) to work on /home/airflow/.local/lib/python3.12/site-packages/airflow/example_dags/example_setup_teardown_taskflow.py
[2026-02-10T22:07:53.130+0000] {processor.py:830} INFO - Processing file /home/airflow/.local/lib/python3.12/site-packages/airflow/example_dags/example_setup_teardown_taskflow.py for tasks to queue
[2026-02-10T22:07:53.135+0000] {logging_mixin.py:188} INFO - [2026-02-10T22:07:53.134+0000] {dagbag.py:540} INFO - Filling up the DagBag from /home/airflow/.local/lib/python3.12/site-packages/airflow/example_dags/example_setup_teardown_taskflow.py
[2026-02-10T22:07:53.157+0000] {processor.py:840} INFO - DAG(s) 'example_setup_teardown_taskflow' retrieved from /home/airflow/.local/lib/python3.12/site-packages/airflow/example_dags/example_setup_teardown_taskflow.py
[2026-02-10T22:07:53.196+0000] {logging_mixin.py:188} INFO - [2026-02-10T22:07:53.195+0000] {dag.py:3096} INFO - Sync 1 DAGs
[2026-02-10T22:07:53.236+0000] {logging_mixin.py:188} INFO - [2026-02-10T22:07:53.236+0000] {dag.py:3954} INFO - Setting next_dagrun for example_setup_teardown_taskflow to 2026-02-09 00:00:00+00:00, run_after=2026-02-10 00:00:00+00:00
[2026-02-10T22:07:53.269+0000] {processor.py:183} INFO - Processing /home/airflow/.local/lib/python3.12/site-packages/airflow/example_dags/example_setup_teardown_taskflow.py took 0.154 seconds
[2026-02-10T22:08:24.532+0000] {processor.py:161} INFO - Started process (PID=815) to work on /home/airflow/.local/lib/python3.12/site-packages/airflow/example_dags/example_setup_teardown_taskflow.py
[2026-02-10T22:08:24.535+0000] {processor.py:830} INFO - Processing file /home/airflow/.local/lib/python3.12/site-packages/airflow/example_dags/example_setup_teardown_taskflow.py for tasks to queue
[2026-02-10T22:08:24.542+0000] {logging_mixin.py:188} INFO - [2026-02-10T22:08:24.541+0000] {dagbag.py:540} INFO - Filling up the DagBag from /home/airflow/.local/lib/python3.12/site-packages/airflow/example_dags/example_setup_teardown_taskflow.py
[2026-02-10T22:08:24.585+0000] {processor.py:840} INFO - DAG(s) 'example_setup_teardown_taskflow' retrieved from /home/airflow/.local/lib/python3.12/site-packages/airflow/example_dags/example_setup_teardown_taskflow.py
[2026-02-10T22:08:24.641+0000] {logging_mixin.py:188} INFO - [2026-02-10T22:08:24.641+0000] {dag.py:3096} INFO - Sync 1 DAGs
[2026-02-10T22:08:24.701+0000] {logging_mixin.py:188} INFO - [2026-02-10T22:08:24.701+0000] {dag.py:3954} INFO - Setting next_dagrun for example_setup_teardown_taskflow to 2026-02-09 00:00:00+00:00, run_after=2026-02-10 00:00:00+00:00
[2026-02-10T22:08:24.744+0000] {processor.py:183} INFO - Processing /home/airflow/.local/lib/python3.12/site-packages/airflow/example_dags/example_setup_teardown_taskflow.py took 0.227 seconds
[2026-02-10T22:13:53.925+0000] {processor.py:161} INFO - Started process (PID=59) to work on /home/airflow/.local/lib/python3.12/site-packages/airflow/example_dags/example_setup_teardown_taskflow.py
[2026-02-10T22:13:53.944+0000] {processor.py:830} INFO - Processing file /home/airflow/.local/lib/python3.12/site-packages/airflow/example_dags/example_setup_teardown_taskflow.py for tasks to queue
[2026-02-10T22:13:53.973+0000] {logging_mixin.py:188} INFO - [2026-02-10T22:13:53.972+0000] {dagbag.py:540} INFO - Filling up the DagBag from /home/airflow/.local/lib/python3.12/site-packages/airflow/example_dags/example_setup_teardown_taskflow.py
[2026-02-10T22:13:54.024+0000] {processor.py:840} INFO - DAG(s) 'example_setup_teardown_taskflow' retrieved from /home/airflow/.local/lib/python3.12/site-packages/airflow/example_dags/example_setup_teardown_taskflow.py
[2026-02-10T22:13:54.095+0000] {logging_mixin.py:188} INFO - [2026-02-10T22:13:54.093+0000] {dag.py:3096} INFO - Sync 1 DAGs
[2026-02-10T22:13:54.218+0000] {logging_mixin.py:188} INFO - [2026-02-10T22:13:54.217+0000] {dag.py:3954} INFO - Setting next_dagrun for example_setup_teardown_taskflow to 2026-02-09 00:00:00+00:00, run_after=2026-02-10 00:00:00+00:00
[2026-02-10T22:13:54.314+0000] {processor.py:183} INFO - Processing /home/airflow/.local/lib/python3.12/site-packages/airflow/example_dags/example_setup_teardown_taskflow.py took 0.483 seconds
[2026-02-10T22:14:25.023+0000] {processor.py:161} INFO - Started process (PID=113) to work on /home/airflow/.local/lib/python3.12/site-packages/airflow/example_dags/example_setup_teardown_taskflow.py
[2026-02-10T22:14:25.026+0000] {processor.py:830} INFO - Processing file /home/airflow/.local/lib/python3.12/site-packages/airflow/example_dags/example_setup_teardown_taskflow.py for tasks to queue
[2026-02-10T22:14:25.034+0000] {logging_mixin.py:188} INFO - [2026-02-10T22:14:25.033+0000] {dagbag.py:540} INFO - Filling up the DagBag from /home/airflow/.local/lib/python3.12/site-packages/airflow/example_dags/example_setup_teardown_taskflow.py
[2026-02-10T22:14:25.066+0000] {processor.py:840} INFO - DAG(s) 'example_setup_teardown_taskflow' retrieved from /home/airflow/.local/lib/python3.12/site-packages/airflow/example_dags/example_setup_teardown_taskflow.py
[2026-02-10T22:14:25.503+0000] {logging_mixin.py:188} INFO - [2026-02-10T22:14:25.503+0000] {dag.py:3096} INFO - Sync 1 DAGs
[2026-02-10T22:14:25.703+0000] {logging_mixin.py:188} INFO - [2026-02-10T22:14:25.703+0000] {dag.py:3954} INFO - Setting next_dagrun for example_setup_teardown_taskflow to 2026-02-09 00:00:00+00:00, run_after=2026-02-10 00:00:00+00:00
[2026-02-10T22:14:25.806+0000] {processor.py:183} INFO - Processing /home/airflow/.local/lib/python3.12/site-packages/airflow/example_dags/example_setup_teardown_taskflow.py took 0.804 seconds
[2026-02-10T22:14:56.821+0000] {processor.py:161} INFO - Started process (PID=167) to work on /home/airflow/.local/lib/python3.12/site-packages/airflow/example_dags/example_setup_teardown_taskflow.py
[2026-02-10T22:14:56.822+0000] {processor.py:830} INFO - Processing file /home/airflow/.local/lib/python3.12/site-packages/airflow/example_dags/example_setup_teardown_taskflow.py for tasks to queue
[2026-02-10T22:14:56.825+0000] {logging_mixin.py:188} INFO - [2026-02-10T22:14:56.824+0000] {dagbag.py:540} INFO - Filling up the DagBag from /home/airflow/.local/lib/python3.12/site-packages/airflow/example_dags/example_setup_teardown_taskflow.py
[2026-02-10T22:14:56.836+0000] {processor.py:840} INFO - DAG(s) 'example_setup_teardown_taskflow' retrieved from /home/airflow/.local/lib/python3.12/site-packages/airflow/example_dags/example_setup_teardown_taskflow.py
[2026-02-10T22:14:56.864+0000] {logging_mixin.py:188} INFO - [2026-02-10T22:14:56.863+0000] {dag.py:3096} INFO - Sync 1 DAGs
[2026-02-10T22:14:56.891+0000] {logging_mixin.py:188} INFO - [2026-02-10T22:14:56.890+0000] {dag.py:3954} INFO - Setting next_dagrun for example_setup_teardown_taskflow to 2026-02-09 00:00:00+00:00, run_after=2026-02-10 00:00:00+00:00
[2026-02-10T22:14:56.915+0000] {processor.py:183} INFO - Processing /home/airflow/.local/lib/python3.12/site-packages/airflow/example_dags/example_setup_teardown_taskflow.py took 0.101 seconds
[2026-02-10T22:15:27.252+0000] {processor.py:161} INFO - Started process (PID=221) to work on /home/airflow/.local/lib/python3.12/site-packages/airflow/example_dags/example_setup_teardown_taskflow.py
[2026-02-10T22:15:27.254+0000] {processor.py:830} INFO - Processing file /home/airflow/.local/lib/python3.12/site-packages/airflow/example_dags/example_setup_teardown_taskflow.py for tasks to queue
[2026-02-10T22:15:27.257+0000] {logging_mixin.py:188} INFO - [2026-02-10T22:15:27.256+0000] {dagbag.py:540} INFO - Filling up the DagBag from /home/airflow/.local/lib/python3.12/site-packages/airflow/example_dags/example_setup_teardown_taskflow.py
[2026-02-10T22:15:27.268+0000] {processor.py:840} INFO - DAG(s) 'example_setup_teardown_taskflow' retrieved from /home/airflow/.local/lib/python3.12/site-packages/airflow/example_dags/example_setup_teardown_taskflow.py
[2026-02-10T22:15:27.295+0000] {logging_mixin.py:188} INFO - [2026-02-10T22:15:27.295+0000] {dag.py:3096} INFO - Sync 1 DAGs
[2026-02-10T22:15:27.317+0000] {logging_mixin.py:188} INFO - [2026-02-10T22:15:27.316+0000] {dag.py:3954} INFO - Setting next_dagrun for example_setup_teardown_taskflow to 2026-02-09 00:00:00+00:00, run_after=2026-02-10 00:00:00+00:00
[2026-02-10T22:15:27.342+0000] {processor.py:183} INFO - Processing /home/airflow/.local/lib/python3.12/site-packages/airflow/example_dags/example_setup_teardown_taskflow.py took 0.096 seconds
[2026-02-10T22:15:57.827+0000] {processor.py:161} INFO - Started process (PID=275) to work on /home/airflow/.local/lib/python3.12/site-packages/airflow/example_dags/example_setup_teardown_taskflow.py
[2026-02-10T22:15:57.828+0000] {processor.py:830} INFO - Processing file /home/airflow/.local/lib/python3.12/site-packages/airflow/example_dags/example_setup_teardown_taskflow.py for tasks to queue
[2026-02-10T22:15:57.830+0000] {logging_mixin.py:188} INFO - [2026-02-10T22:15:57.830+0000] {dagbag.py:540} INFO - Filling up the DagBag from /home/airflow/.local/lib/python3.12/site-packages/airflow/example_dags/example_setup_teardown_taskflow.py
[2026-02-10T22:15:57.839+0000] {processor.py:840} INFO - DAG(s) 'example_setup_teardown_taskflow' retrieved from /home/airflow/.local/lib/python3.12/site-packages/airflow/example_dags/example_setup_teardown_taskflow.py
[2026-02-10T22:15:57.858+0000] {logging_mixin.py:188} INFO - [2026-02-10T22:15:57.858+0000] {dag.py:3096} INFO - Sync 1 DAGs
[2026-02-10T22:15:57.878+0000] {logging_mixin.py:188} INFO - [2026-02-10T22:15:57.878+0000] {dag.py:3954} INFO - Setting next_dagrun for example_setup_teardown_taskflow to 2026-02-09 00:00:00+00:00, run_after=2026-02-10 00:00:00+00:00
[2026-02-10T22:15:57.900+0000] {processor.py:183} INFO - Processing /home/airflow/.local/lib/python3.12/site-packages/airflow/example_dags/example_setup_teardown_taskflow.py took 0.079 seconds
[2026-02-10T22:16:28.428+0000] {processor.py:161} INFO - Started process (PID=329) to work on /home/airflow/.local/lib/python3.12/site-packages/airflow/example_dags/example_setup_teardown_taskflow.py
[2026-02-10T22:16:28.430+0000] {processor.py:830} INFO - Processing file /home/airflow/.local/lib/python3.12/site-packages/airflow/example_dags/example_setup_teardown_taskflow.py for tasks to queue
[2026-02-10T22:16:28.434+0000] {logging_mixin.py:188} INFO - [2026-02-10T22:16:28.433+0000] {dagbag.py:540} INFO - Filling up the DagBag from /home/airflow/.local/lib/python3.12/site-packages/airflow/example_dags/example_setup_teardown_taskflow.py
[2026-02-10T22:16:28.452+0000] {processor.py:840} INFO - DAG(s) 'example_setup_teardown_taskflow' retrieved from /home/airflow/.local/lib/python3.12/site-packages/airflow/example_dags/example_setup_teardown_taskflow.py
[2026-02-10T22:16:28.488+0000] {logging_mixin.py:188} INFO - [2026-02-10T22:16:28.488+0000] {dag.py:3096} INFO - Sync 1 DAGs
[2026-02-10T22:16:28.524+0000] {logging_mixin.py:188} INFO - [2026-02-10T22:16:28.524+0000] {dag.py:3954} INFO - Setting next_dagrun for example_setup_teardown_taskflow to 2026-02-09 00:00:00+00:00, run_after=2026-02-10 00:00:00+00:00
[2026-02-10T22:16:28.573+0000] {processor.py:183} INFO - Processing /home/airflow/.local/lib/python3.12/site-packages/airflow/example_dags/example_setup_teardown_taskflow.py took 0.154 seconds
[2026-02-10T22:16:58.749+0000] {processor.py:161} INFO - Started process (PID=383) to work on /home/airflow/.local/lib/python3.12/site-packages/airflow/example_dags/example_setup_teardown_taskflow.py
[2026-02-10T22:16:58.750+0000] {processor.py:830} INFO - Processing file /home/airflow/.local/lib/python3.12/site-packages/airflow/example_dags/example_setup_teardown_taskflow.py for tasks to queue
[2026-02-10T22:16:58.754+0000] {logging_mixin.py:188} INFO - [2026-02-10T22:16:58.753+0000] {dagbag.py:540} INFO - Filling up the DagBag from /home/airflow/.local/lib/python3.12/site-packages/airflow/example_dags/example_setup_teardown_taskflow.py
[2026-02-10T22:16:58.774+0000] {processor.py:840} INFO - DAG(s) 'example_setup_teardown_taskflow' retrieved from /home/airflow/.local/lib/python3.12/site-packages/airflow/example_dags/example_setup_teardown_taskflow.py
[2026-02-10T22:16:58.812+0000] {logging_mixin.py:188} INFO - [2026-02-10T22:16:58.812+0000] {dag.py:3096} INFO - Sync 1 DAGs
[2026-02-10T22:16:58.850+0000] {logging_mixin.py:188} INFO - [2026-02-10T22:16:58.850+0000] {dag.py:3954} INFO - Setting next_dagrun for example_setup_teardown_taskflow to 2026-02-09 00:00:00+00:00, run_after=2026-02-10 00:00:00+00:00
[2026-02-10T22:16:58.884+0000] {processor.py:183} INFO - Processing /home/airflow/.local/lib/python3.12/site-packages/airflow/example_dags/example_setup_teardown_taskflow.py took 0.145 seconds
[2026-02-10T22:17:29.663+0000] {processor.py:161} INFO - Started process (PID=437) to work on /home/airflow/.local/lib/python3.12/site-packages/airflow/example_dags/example_setup_teardown_taskflow.py
[2026-02-10T22:17:29.664+0000] {processor.py:830} INFO - Processing file /home/airflow/.local/lib/python3.12/site-packages/airflow/example_dags/example_setup_teardown_taskflow.py for tasks to queue
[2026-02-10T22:17:29.666+0000] {logging_mixin.py:188} INFO - [2026-02-10T22:17:29.666+0000] {dagbag.py:540} INFO - Filling up the DagBag from /home/airflow/.local/lib/python3.12/site-packages/airflow/example_dags/example_setup_teardown_taskflow.py
[2026-02-10T22:17:29.680+0000] {processor.py:840} INFO - DAG(s) 'example_setup_teardown_taskflow' retrieved from /home/airflow/.local/lib/python3.12/site-packages/airflow/example_dags/example_setup_teardown_taskflow.py
[2026-02-10T22:17:29.709+0000] {logging_mixin.py:188} INFO - [2026-02-10T22:17:29.709+0000] {dag.py:3096} INFO - Sync 1 DAGs
[2026-02-10T22:17:29.734+0000] {logging_mixin.py:188} INFO - [2026-02-10T22:17:29.734+0000] {dag.py:3954} INFO - Setting next_dagrun for example_setup_teardown_taskflow to 2026-02-09 00:00:00+00:00, run_after=2026-02-10 00:00:00+00:00
[2026-02-10T22:17:29.758+0000] {processor.py:183} INFO - Processing /home/airflow/.local/lib/python3.12/site-packages/airflow/example_dags/example_setup_teardown_taskflow.py took 0.101 seconds
[2026-02-10T22:17:59.807+0000] {processor.py:161} INFO - Started process (PID=490) to work on /home/airflow/.local/lib/python3.12/site-packages/airflow/example_dags/example_setup_teardown_taskflow.py
[2026-02-10T22:17:59.808+0000] {processor.py:830} INFO - Processing file /home/airflow/.local/lib/python3.12/site-packages/airflow/example_dags/example_setup_teardown_taskflow.py for tasks to queue
[2026-02-10T22:17:59.810+0000] {logging_mixin.py:188} INFO - [2026-02-10T22:17:59.810+0000] {dagbag.py:540} INFO - Filling up the DagBag from /home/airflow/.local/lib/python3.12/site-packages/airflow/example_dags/example_setup_teardown_taskflow.py
[2026-02-10T22:17:59.818+0000] {processor.py:840} INFO - DAG(s) 'example_setup_teardown_taskflow' retrieved from /home/airflow/.local/lib/python3.12/site-packages/airflow/example_dags/example_setup_teardown_taskflow.py
[2026-02-10T22:17:59.839+0000] {logging_mixin.py:188} INFO - [2026-02-10T22:17:59.838+0000] {dag.py:3096} INFO - Sync 1 DAGs
[2026-02-10T22:17:59.858+0000] {logging_mixin.py:188} INFO - [2026-02-10T22:17:59.858+0000] {dag.py:3954} INFO - Setting next_dagrun for example_setup_teardown_taskflow to 2026-02-09 00:00:00+00:00, run_after=2026-02-10 00:00:00+00:00
[2026-02-10T22:17:59.876+0000] {processor.py:183} INFO - Processing /home/airflow/.local/lib/python3.12/site-packages/airflow/example_dags/example_setup_teardown_taskflow.py took 0.074 seconds
[2026-02-10T22:18:30.656+0000] {processor.py:161} INFO - Started process (PID=544) to work on /home/airflow/.local/lib/python3.12/site-packages/airflow/example_dags/example_setup_teardown_taskflow.py
[2026-02-10T22:18:30.659+0000] {processor.py:830} INFO - Processing file /home/airflow/.local/lib/python3.12/site-packages/airflow/example_dags/example_setup_teardown_taskflow.py for tasks to queue
[2026-02-10T22:18:30.664+0000] {logging_mixin.py:188} INFO - [2026-02-10T22:18:30.663+0000] {dagbag.py:540} INFO - Filling up the DagBag from /home/airflow/.local/lib/python3.12/site-packages/airflow/example_dags/example_setup_teardown_taskflow.py
[2026-02-10T22:18:30.681+0000] {processor.py:840} INFO - DAG(s) 'example_setup_teardown_taskflow' retrieved from /home/airflow/.local/lib/python3.12/site-packages/airflow/example_dags/example_setup_teardown_taskflow.py
[2026-02-10T22:18:30.764+0000] {logging_mixin.py:188} INFO - [2026-02-10T22:18:30.763+0000] {dag.py:3096} INFO - Sync 1 DAGs
[2026-02-10T22:18:30.871+0000] {logging_mixin.py:188} INFO - [2026-02-10T22:18:30.870+0000] {dag.py:3954} INFO - Setting next_dagrun for example_setup_teardown_taskflow to 2026-02-09 00:00:00+00:00, run_after=2026-02-10 00:00:00+00:00
[2026-02-10T22:18:30.932+0000] {processor.py:183} INFO - Processing /home/airflow/.local/lib/python3.12/site-packages/airflow/example_dags/example_setup_teardown_taskflow.py took 0.287 seconds
[2026-02-10T22:19:01.729+0000] {processor.py:161} INFO - Started process (PID=598) to work on /home/airflow/.local/lib/python3.12/site-packages/airflow/example_dags/example_setup_teardown_taskflow.py
[2026-02-10T22:19:01.734+0000] {processor.py:830} INFO - Processing file /home/airflow/.local/lib/python3.12/site-packages/airflow/example_dags/example_setup_teardown_taskflow.py for tasks to queue
[2026-02-10T22:19:01.742+0000] {logging_mixin.py:188} INFO - [2026-02-10T22:19:01.740+0000] {dagbag.py:540} INFO - Filling up the DagBag from /home/airflow/.local/lib/python3.12/site-packages/airflow/example_dags/example_setup_teardown_taskflow.py
[2026-02-10T22:19:01.797+0000] {processor.py:840} INFO - DAG(s) 'example_setup_teardown_taskflow' retrieved from /home/airflow/.local/lib/python3.12/site-packages/airflow/example_dags/example_setup_teardown_taskflow.py
[2026-02-10T22:19:01.918+0000] {logging_mixin.py:188} INFO - [2026-02-10T22:19:01.917+0000] {dag.py:3096} INFO - Sync 1 DAGs
[2026-02-10T22:19:01.984+0000] {logging_mixin.py:188} INFO - [2026-02-10T22:19:01.983+0000] {dag.py:3954} INFO - Setting next_dagrun for example_setup_teardown_taskflow to 2026-02-09 00:00:00+00:00, run_after=2026-02-10 00:00:00+00:00
[2026-02-10T22:19:02.032+0000] {processor.py:183} INFO - Processing /home/airflow/.local/lib/python3.12/site-packages/airflow/example_dags/example_setup_teardown_taskflow.py took 0.322 seconds
[2026-02-10T22:19:32.956+0000] {processor.py:161} INFO - Started process (PID=652) to work on /home/airflow/.local/lib/python3.12/site-packages/airflow/example_dags/example_setup_teardown_taskflow.py
[2026-02-10T22:19:32.957+0000] {processor.py:830} INFO - Processing file /home/airflow/.local/lib/python3.12/site-packages/airflow/example_dags/example_setup_teardown_taskflow.py for tasks to queue
[2026-02-10T22:19:32.959+0000] {logging_mixin.py:188} INFO - [2026-02-10T22:19:32.959+0000] {dagbag.py:540} INFO - Filling up the DagBag from /home/airflow/.local/lib/python3.12/site-packages/airflow/example_dags/example_setup_teardown_taskflow.py
[2026-02-10T22:19:32.970+0000] {processor.py:840} INFO - DAG(s) 'example_setup_teardown_taskflow' retrieved from /home/airflow/.local/lib/python3.12/site-packages/airflow/example_dags/example_setup_teardown_taskflow.py
[2026-02-10T22:19:32.995+0000] {logging_mixin.py:188} INFO - [2026-02-10T22:19:32.994+0000] {dag.py:3096} INFO - Sync 1 DAGs
[2026-02-10T22:19:33.019+0000] {logging_mixin.py:188} INFO - [2026-02-10T22:19:33.019+0000] {dag.py:3954} INFO - Setting next_dagrun for example_setup_teardown_taskflow to 2026-02-09 00:00:00+00:00, run_after=2026-02-10 00:00:00+00:00
[2026-02-10T22:19:33.056+0000] {processor.py:183} INFO - Processing /home/airflow/.local/lib/python3.12/site-packages/airflow/example_dags/example_setup_teardown_taskflow.py took 0.105 seconds
[2026-02-10T22:20:03.437+0000] {processor.py:161} INFO - Started process (PID=706) to work on /home/airflow/.local/lib/python3.12/site-packages/airflow/example_dags/example_setup_teardown_taskflow.py
[2026-02-10T22:20:03.438+0000] {processor.py:830} INFO - Processing file /home/airflow/.local/lib/python3.12/site-packages/airflow/example_dags/example_setup_teardown_taskflow.py for tasks to queue
[2026-02-10T22:20:03.440+0000] {logging_mixin.py:188} INFO - [2026-02-10T22:20:03.440+0000] {dagbag.py:540} INFO - Filling up the DagBag from /home/airflow/.local/lib/python3.12/site-packages/airflow/example_dags/example_setup_teardown_taskflow.py
[2026-02-10T22:20:03.450+0000] {processor.py:840} INFO - DAG(s) 'example_setup_teardown_taskflow' retrieved from /home/airflow/.local/lib/python3.12/site-packages/airflow/example_dags/example_setup_teardown_taskflow.py
[2026-02-10T22:20:03.475+0000] {logging_mixin.py:188} INFO - [2026-02-10T22:20:03.475+0000] {dag.py:3096} INFO - Sync 1 DAGs
[2026-02-10T22:20:03.505+0000] {logging_mixin.py:188} INFO - [2026-02-10T22:20:03.505+0000] {dag.py:3954} INFO - Setting next_dagrun for example_setup_teardown_taskflow to 2026-02-09 00:00:00+00:00, run_after=2026-02-10 00:00:00+00:00
[2026-02-10T22:20:03.529+0000] {processor.py:183} INFO - Processing /home/airflow/.local/lib/python3.12/site-packages/airflow/example_dags/example_setup_teardown_taskflow.py took 0.099 seconds
[2026-02-10T22:20:33.865+0000] {processor.py:161} INFO - Started process (PID=760) to work on /home/airflow/.local/lib/python3.12/site-packages/airflow/example_dags/example_setup_teardown_taskflow.py
[2026-02-10T22:20:33.867+0000] {processor.py:830} INFO - Processing file /home/airflow/.local/lib/python3.12/site-packages/airflow/example_dags/example_setup_teardown_taskflow.py for tasks to queue
[2026-02-10T22:20:33.870+0000] {logging_mixin.py:188} INFO - [2026-02-10T22:20:33.869+0000] {dagbag.py:540} INFO - Filling up the DagBag from /home/airflow/.local/lib/python3.12/site-packages/airflow/example_dags/example_setup_teardown_taskflow.py
[2026-02-10T22:20:33.880+0000] {processor.py:840} INFO - DAG(s) 'example_setup_teardown_taskflow' retrieved from /home/airflow/.local/lib/python3.12/site-packages/airflow/example_dags/example_setup_teardown_taskflow.py
[2026-02-10T22:20:33.906+0000] {logging_mixin.py:188} INFO - [2026-02-10T22:20:33.905+0000] {dag.py:3096} INFO - Sync 1 DAGs
[2026-02-10T22:20:33.934+0000] {logging_mixin.py:188} INFO - [2026-02-10T22:20:33.933+0000] {dag.py:3954} INFO - Setting next_dagrun for example_setup_teardown_taskflow to 2026-02-09 00:00:00+00:00, run_after=2026-02-10 00:00:00+00:00
[2026-02-10T22:20:33.959+0000] {processor.py:183} INFO - Processing /home/airflow/.local/lib/python3.12/site-packages/airflow/example_dags/example_setup_teardown_taskflow.py took 0.103 seconds
[2026-02-10T22:21:04.442+0000] {processor.py:161} INFO - Started process (PID=814) to work on /home/airflow/.local/lib/python3.12/site-packages/airflow/example_dags/example_setup_teardown_taskflow.py
[2026-02-10T22:21:04.446+0000] {processor.py:830} INFO - Processing file /home/airflow/.local/lib/python3.12/site-packages/airflow/example_dags/example_setup_teardown_taskflow.py for tasks to queue
[2026-02-10T22:21:04.455+0000] {logging_mixin.py:188} INFO - [2026-02-10T22:21:04.453+0000] {dagbag.py:540} INFO - Filling up the DagBag from /home/airflow/.local/lib/python3.12/site-packages/airflow/example_dags/example_setup_teardown_taskflow.py
[2026-02-10T22:21:04.477+0000] {processor.py:840} INFO - DAG(s) 'example_setup_teardown_taskflow' retrieved from /home/airflow/.local/lib/python3.12/site-packages/airflow/example_dags/example_setup_teardown_taskflow.py
[2026-02-10T22:21:04.540+0000] {logging_mixin.py:188} INFO - [2026-02-10T22:21:04.540+0000] {dag.py:3096} INFO - Sync 1 DAGs
[2026-02-10T22:21:04.596+0000] {logging_mixin.py:188} INFO - [2026-02-10T22:21:04.595+0000] {dag.py:3954} INFO - Setting next_dagrun for example_setup_teardown_taskflow to 2026-02-09 00:00:00+00:00, run_after=2026-02-10 00:00:00+00:00
[2026-02-10T22:21:04.667+0000] {processor.py:183} INFO - Processing /home/airflow/.local/lib/python3.12/site-packages/airflow/example_dags/example_setup_teardown_taskflow.py took 0.236 seconds
[2026-02-10T22:21:35.645+0000] {processor.py:161} INFO - Started process (PID=868) to work on /home/airflow/.local/lib/python3.12/site-packages/airflow/example_dags/example_setup_teardown_taskflow.py
[2026-02-10T22:21:35.646+0000] {processor.py:830} INFO - Processing file /home/airflow/.local/lib/python3.12/site-packages/airflow/example_dags/example_setup_teardown_taskflow.py for tasks to queue
[2026-02-10T22:21:35.648+0000] {logging_mixin.py:188} INFO - [2026-02-10T22:21:35.648+0000] {dagbag.py:540} INFO - Filling up the DagBag from /home/airflow/.local/lib/python3.12/site-packages/airflow/example_dags/example_setup_teardown_taskflow.py
[2026-02-10T22:21:35.658+0000] {processor.py:840} INFO - DAG(s) 'example_setup_teardown_taskflow' retrieved from /home/airflow/.local/lib/python3.12/site-packages/airflow/example_dags/example_setup_teardown_taskflow.py
[2026-02-10T22:21:35.683+0000] {logging_mixin.py:188} INFO - [2026-02-10T22:21:35.683+0000] {dag.py:3096} INFO - Sync 1 DAGs
[2026-02-10T22:21:35.706+0000] {logging_mixin.py:188} INFO - [2026-02-10T22:21:35.706+0000] {dag.py:3954} INFO - Setting next_dagrun for example_setup_teardown_taskflow to 2026-02-09 00:00:00+00:00, run_after=2026-02-10 00:00:00+00:00
[2026-02-10T22:21:35.728+0000] {processor.py:183} INFO - Processing /home/airflow/.local/lib/python3.12/site-packages/airflow/example_dags/example_setup_teardown_taskflow.py took 0.088 seconds
[2026-02-10T22:22:05.832+0000] {processor.py:161} INFO - Started process (PID=922) to work on /home/airflow/.local/lib/python3.12/site-packages/airflow/example_dags/example_setup_teardown_taskflow.py
[2026-02-10T22:22:05.833+0000] {processor.py:830} INFO - Processing file /home/airflow/.local/lib/python3.12/site-packages/airflow/example_dags/example_setup_teardown_taskflow.py for tasks to queue
[2026-02-10T22:22:05.834+0000] {logging_mixin.py:188} INFO - [2026-02-10T22:22:05.834+0000] {dagbag.py:540} INFO - Filling up the DagBag from /home/airflow/.local/lib/python3.12/site-packages/airflow/example_dags/example_setup_teardown_taskflow.py
[2026-02-10T22:22:05.843+0000] {processor.py:840} INFO - DAG(s) 'example_setup_teardown_taskflow' retrieved from /home/airflow/.local/lib/python3.12/site-packages/airflow/example_dags/example_setup_teardown_taskflow.py
[2026-02-10T22:22:05.867+0000] {logging_mixin.py:188} INFO - [2026-02-10T22:22:05.866+0000] {dag.py:3096} INFO - Sync 1 DAGs
[2026-02-10T22:22:05.887+0000] {logging_mixin.py:188} INFO - [2026-02-10T22:22:05.887+0000] {dag.py:3954} INFO - Setting next_dagrun for example_setup_teardown_taskflow to 2026-02-09 00:00:00+00:00, run_after=2026-02-10 00:00:00+00:00
[2026-02-10T22:22:05.910+0000] {processor.py:183} INFO - Processing /home/airflow/.local/lib/python3.12/site-packages/airflow/example_dags/example_setup_teardown_taskflow.py took 0.083 seconds
[2026-02-10T22:22:36.833+0000] {processor.py:161} INFO - Started process (PID=976) to work on /home/airflow/.local/lib/python3.12/site-packages/airflow/example_dags/example_setup_teardown_taskflow.py
[2026-02-10T22:22:36.834+0000] {processor.py:830} INFO - Processing file /home/airflow/.local/lib/python3.12/site-packages/airflow/example_dags/example_setup_teardown_taskflow.py for tasks to queue
[2026-02-10T22:22:36.837+0000] {logging_mixin.py:188} INFO - [2026-02-10T22:22:36.836+0000] {dagbag.py:540} INFO - Filling up the DagBag from /home/airflow/.local/lib/python3.12/site-packages/airflow/example_dags/example_setup_teardown_taskflow.py
[2026-02-10T22:22:36.853+0000] {processor.py:840} INFO - DAG(s) 'example_setup_teardown_taskflow' retrieved from /home/airflow/.local/lib/python3.12/site-packages/airflow/example_dags/example_setup_teardown_taskflow.py
[2026-02-10T22:22:36.884+0000] {logging_mixin.py:188} INFO - [2026-02-10T22:22:36.884+0000] {dag.py:3096} INFO - Sync 1 DAGs
[2026-02-10T22:22:36.934+0000] {logging_mixin.py:188} INFO - [2026-02-10T22:22:36.933+0000] {dag.py:3954} INFO - Setting next_dagrun for example_setup_teardown_taskflow to 2026-02-09 00:00:00+00:00, run_after=2026-02-10 00:00:00+00:00
[2026-02-10T22:22:36.973+0000] {processor.py:183} INFO - Processing /home/airflow/.local/lib/python3.12/site-packages/airflow/example_dags/example_setup_teardown_taskflow.py took 0.146 seconds
[2026-02-10T22:23:07.567+0000] {processor.py:161} INFO - Started process (PID=1030) to work on /home/airflow/.local/lib/python3.12/site-packages/airflow/example_dags/example_setup_teardown_taskflow.py
[2026-02-10T22:23:07.568+0000] {processor.py:830} INFO - Processing file /home/airflow/.local/lib/python3.12/site-packages/airflow/example_dags/example_setup_teardown_taskflow.py for tasks to queue
[2026-02-10T22:23:07.570+0000] {logging_mixin.py:188} INFO - [2026-02-10T22:23:07.570+0000] {dagbag.py:540} INFO - Filling up the DagBag from /home/airflow/.local/lib/python3.12/site-packages/airflow/example_dags/example_setup_teardown_taskflow.py
[2026-02-10T22:23:07.579+0000] {processor.py:840} INFO - DAG(s) 'example_setup_teardown_taskflow' retrieved from /home/airflow/.local/lib/python3.12/site-packages/airflow/example_dags/example_setup_teardown_taskflow.py
[2026-02-10T22:23:07.605+0000] {logging_mixin.py:188} INFO - [2026-02-10T22:23:07.604+0000] {dag.py:3096} INFO - Sync 1 DAGs
[2026-02-10T22:23:07.634+0000] {logging_mixin.py:188} INFO - [2026-02-10T22:23:07.634+0000] {dag.py:3954} INFO - Setting next_dagrun for example_setup_teardown_taskflow to 2026-02-09 00:00:00+00:00, run_after=2026-02-10 00:00:00+00:00
[2026-02-10T22:23:07.668+0000] {processor.py:183} INFO - Processing /home/airflow/.local/lib/python3.12/site-packages/airflow/example_dags/example_setup_teardown_taskflow.py took 0.106 seconds
[2026-02-10T22:23:37.811+0000] {processor.py:161} INFO - Started process (PID=1084) to work on /home/airflow/.local/lib/python3.12/site-packages/airflow/example_dags/example_setup_teardown_taskflow.py
[2026-02-10T22:23:37.813+0000] {processor.py:830} INFO - Processing file /home/airflow/.local/lib/python3.12/site-packages/airflow/example_dags/example_setup_teardown_taskflow.py for tasks to queue
[2026-02-10T22:23:37.815+0000] {logging_mixin.py:188} INFO - [2026-02-10T22:23:37.815+0000] {dagbag.py:540} INFO - Filling up the DagBag from /home/airflow/.local/lib/python3.12/site-packages/airflow/example_dags/example_setup_teardown_taskflow.py
[2026-02-10T22:23:37.825+0000] {processor.py:840} INFO - DAG(s) 'example_setup_teardown_taskflow' retrieved from /home/airflow/.local/lib/python3.12/site-packages/airflow/example_dags/example_setup_teardown_taskflow.py
[2026-02-10T22:23:37.857+0000] {logging_mixin.py:188} INFO - [2026-02-10T22:23:37.856+0000] {dag.py:3096} INFO - Sync 1 DAGs
[2026-02-10T22:23:37.886+0000] {logging_mixin.py:188} INFO - [2026-02-10T22:23:37.886+0000] {dag.py:3954} INFO - Setting next_dagrun for example_setup_teardown_taskflow to 2026-02-09 00:00:00+00:00, run_after=2026-02-10 00:00:00+00:00
[2026-02-10T22:23:37.922+0000] {processor.py:183} INFO - Processing /home/airflow/.local/lib/python3.12/site-packages/airflow/example_dags/example_setup_teardown_taskflow.py took 0.117 seconds
[2026-02-10T22:24:08.452+0000] {processor.py:161} INFO - Started process (PID=1138) to work on /home/airflow/.local/lib/python3.12/site-packages/airflow/example_dags/example_setup_teardown_taskflow.py
[2026-02-10T22:24:08.453+0000] {processor.py:830} INFO - Processing file /home/airflow/.local/lib/python3.12/site-packages/airflow/example_dags/example_setup_teardown_taskflow.py for tasks to queue
[2026-02-10T22:24:08.455+0000] {logging_mixin.py:188} INFO - [2026-02-10T22:24:08.455+0000] {dagbag.py:540} INFO - Filling up the DagBag from /home/airflow/.local/lib/python3.12/site-packages/airflow/example_dags/example_setup_teardown_taskflow.py
[2026-02-10T22:24:08.466+0000] {processor.py:840} INFO - DAG(s) 'example_setup_teardown_taskflow' retrieved from /home/airflow/.local/lib/python3.12/site-packages/airflow/example_dags/example_setup_teardown_taskflow.py
[2026-02-10T22:24:08.498+0000] {logging_mixin.py:188} INFO - [2026-02-10T22:24:08.498+0000] {dag.py:3096} INFO - Sync 1 DAGs
[2026-02-10T22:24:08.535+0000] {logging_mixin.py:188} INFO - [2026-02-10T22:24:08.535+0000] {dag.py:3954} INFO - Setting next_dagrun for example_setup_teardown_taskflow to 2026-02-09 00:00:00+00:00, run_after=2026-02-10 00:00:00+00:00
[2026-02-10T22:24:08.755+0000] {processor.py:183} INFO - Processing /home/airflow/.local/lib/python3.12/site-packages/airflow/example_dags/example_setup_teardown_taskflow.py took 0.310 seconds
[2026-02-10T22:24:39.596+0000] {processor.py:161} INFO - Started process (PID=1192) to work on /home/airflow/.local/lib/python3.12/site-packages/airflow/example_dags/example_setup_teardown_taskflow.py
[2026-02-10T22:24:39.597+0000] {processor.py:830} INFO - Processing file /home/airflow/.local/lib/python3.12/site-packages/airflow/example_dags/example_setup_teardown_taskflow.py for tasks to queue
[2026-02-10T22:24:39.599+0000] {logging_mixin.py:188} INFO - [2026-02-10T22:24:39.598+0000] {dagbag.py:540} INFO - Filling up the DagBag from /home/airflow/.local/lib/python3.12/site-packages/airflow/example_dags/example_setup_teardown_taskflow.py
[2026-02-10T22:24:39.607+0000] {processor.py:840} INFO - DAG(s) 'example_setup_teardown_taskflow' retrieved from /home/airflow/.local/lib/python3.12/site-packages/airflow/example_dags/example_setup_teardown_taskflow.py
[2026-02-10T22:24:39.632+0000] {logging_mixin.py:188} INFO - [2026-02-10T22:24:39.632+0000] {dag.py:3096} INFO - Sync 1 DAGs
[2026-02-10T22:24:39.655+0000] {logging_mixin.py:188} INFO - [2026-02-10T22:24:39.654+0000] {dag.py:3954} INFO - Setting next_dagrun for example_setup_teardown_taskflow to 2026-02-09 00:00:00+00:00, run_after=2026-02-10 00:00:00+00:00
[2026-02-10T22:24:39.677+0000] {processor.py:183} INFO - Processing /home/airflow/.local/lib/python3.12/site-packages/airflow/example_dags/example_setup_teardown_taskflow.py took 0.086 seconds
[2026-02-10T22:25:10.148+0000] {processor.py:161} INFO - Started process (PID=1246) to work on /home/airflow/.local/lib/python3.12/site-packages/airflow/example_dags/example_setup_teardown_taskflow.py
[2026-02-10T22:25:10.149+0000] {processor.py:830} INFO - Processing file /home/airflow/.local/lib/python3.12/site-packages/airflow/example_dags/example_setup_teardown_taskflow.py for tasks to queue
[2026-02-10T22:25:10.151+0000] {logging_mixin.py:188} INFO - [2026-02-10T22:25:10.151+0000] {dagbag.py:540} INFO - Filling up the DagBag from /home/airflow/.local/lib/python3.12/site-packages/airflow/example_dags/example_setup_teardown_taskflow.py
[2026-02-10T22:25:10.162+0000] {processor.py:840} INFO - DAG(s) 'example_setup_teardown_taskflow' retrieved from /home/airflow/.local/lib/python3.12/site-packages/airflow/example_dags/example_setup_teardown_taskflow.py
[2026-02-10T22:25:10.189+0000] {logging_mixin.py:188} INFO - [2026-02-10T22:25:10.189+0000] {dag.py:3096} INFO - Sync 1 DAGs
[2026-02-10T22:25:10.215+0000] {logging_mixin.py:188} INFO - [2026-02-10T22:25:10.215+0000] {dag.py:3954} INFO - Setting next_dagrun for example_setup_teardown_taskflow to 2026-02-09 00:00:00+00:00, run_after=2026-02-10 00:00:00+00:00
[2026-02-10T22:25:10.250+0000] {processor.py:183} INFO - Processing /home/airflow/.local/lib/python3.12/site-packages/airflow/example_dags/example_setup_teardown_taskflow.py took 0.109 seconds
[2026-02-10T22:25:41.500+0000] {processor.py:161} INFO - Started process (PID=1300) to work on /home/airflow/.local/lib/python3.12/site-packages/airflow/example_dags/example_setup_teardown_taskflow.py
[2026-02-10T22:25:41.506+0000] {processor.py:830} INFO - Processing file /home/airflow/.local/lib/python3.12/site-packages/airflow/example_dags/example_setup_teardown_taskflow.py for tasks to queue
[2026-02-10T22:25:41.530+0000] {logging_mixin.py:188} INFO - [2026-02-10T22:25:41.528+0000] {dagbag.py:540} INFO - Filling up the DagBag from /home/airflow/.local/lib/python3.12/site-packages/airflow/example_dags/example_setup_teardown_taskflow.py
[2026-02-10T22:25:41.604+0000] {processor.py:840} INFO - DAG(s) 'example_setup_teardown_taskflow' retrieved from /home/airflow/.local/lib/python3.12/site-packages/airflow/example_dags/example_setup_teardown_taskflow.py
[2026-02-10T22:25:41.714+0000] {logging_mixin.py:188} INFO - [2026-02-10T22:25:41.713+0000] {dag.py:3096} INFO - Sync 1 DAGs
[2026-02-10T22:25:42.484+0000] {logging_mixin.py:188} INFO - [2026-02-10T22:25:42.483+0000] {dag.py:3954} INFO - Setting next_dagrun for example_setup_teardown_taskflow to 2026-02-09 00:00:00+00:00, run_after=2026-02-10 00:00:00+00:00
[2026-02-10T22:25:42.633+0000] {processor.py:183} INFO - Processing /home/airflow/.local/lib/python3.12/site-packages/airflow/example_dags/example_setup_teardown_taskflow.py took 1.242 seconds
[2026-02-10T22:26:13.152+0000] {processor.py:161} INFO - Started process (PID=1353) to work on /home/airflow/.local/lib/python3.12/site-packages/airflow/example_dags/example_setup_teardown_taskflow.py
[2026-02-10T22:26:13.158+0000] {processor.py:830} INFO - Processing file /home/airflow/.local/lib/python3.12/site-packages/airflow/example_dags/example_setup_teardown_taskflow.py for tasks to queue
[2026-02-10T22:26:13.174+0000] {logging_mixin.py:188} INFO - [2026-02-10T22:26:13.171+0000] {dagbag.py:540} INFO - Filling up the DagBag from /home/airflow/.local/lib/python3.12/site-packages/airflow/example_dags/example_setup_teardown_taskflow.py
[2026-02-10T22:26:13.247+0000] {processor.py:840} INFO - DAG(s) 'example_setup_teardown_taskflow' retrieved from /home/airflow/.local/lib/python3.12/site-packages/airflow/example_dags/example_setup_teardown_taskflow.py
[2026-02-10T22:26:13.347+0000] {logging_mixin.py:188} INFO - [2026-02-10T22:26:13.346+0000] {dag.py:3096} INFO - Sync 1 DAGs
[2026-02-10T22:26:13.428+0000] {logging_mixin.py:188} INFO - [2026-02-10T22:26:13.427+0000] {dag.py:3954} INFO - Setting next_dagrun for example_setup_teardown_taskflow to 2026-02-09 00:00:00+00:00, run_after=2026-02-10 00:00:00+00:00
[2026-02-10T22:26:13.488+0000] {processor.py:183} INFO - Processing /home/airflow/.local/lib/python3.12/site-packages/airflow/example_dags/example_setup_teardown_taskflow.py took 0.368 seconds
[2026-02-10T22:26:43.567+0000] {processor.py:161} INFO - Started process (PID=1407) to work on /home/airflow/.local/lib/python3.12/site-packages/airflow/example_dags/example_setup_teardown_taskflow.py
[2026-02-10T22:26:43.569+0000] {processor.py:830} INFO - Processing file /home/airflow/.local/lib/python3.12/site-packages/airflow/example_dags/example_setup_teardown_taskflow.py for tasks to queue
[2026-02-10T22:26:43.571+0000] {logging_mixin.py:188} INFO - [2026-02-10T22:26:43.571+0000] {dagbag.py:540} INFO - Filling up the DagBag from /home/airflow/.local/lib/python3.12/site-packages/airflow/example_dags/example_setup_teardown_taskflow.py
[2026-02-10T22:26:43.584+0000] {processor.py:840} INFO - DAG(s) 'example_setup_teardown_taskflow' retrieved from /home/airflow/.local/lib/python3.12/site-packages/airflow/example_dags/example_setup_teardown_taskflow.py
[2026-02-10T22:26:43.614+0000] {logging_mixin.py:188} INFO - [2026-02-10T22:26:43.614+0000] {dag.py:3096} INFO - Sync 1 DAGs
[2026-02-10T22:26:43.642+0000] {logging_mixin.py:188} INFO - [2026-02-10T22:26:43.642+0000] {dag.py:3954} INFO - Setting next_dagrun for example_setup_teardown_taskflow to 2026-02-09 00:00:00+00:00, run_after=2026-02-10 00:00:00+00:00
[2026-02-10T22:26:43.676+0000] {processor.py:183} INFO - Processing /home/airflow/.local/lib/python3.12/site-packages/airflow/example_dags/example_setup_teardown_taskflow.py took 0.116 seconds
[2026-02-10T22:27:13.792+0000] {processor.py:161} INFO - Started process (PID=1461) to work on /home/airflow/.local/lib/python3.12/site-packages/airflow/example_dags/example_setup_teardown_taskflow.py
[2026-02-10T22:27:13.794+0000] {processor.py:830} INFO - Processing file /home/airflow/.local/lib/python3.12/site-packages/airflow/example_dags/example_setup_teardown_taskflow.py for tasks to queue
[2026-02-10T22:27:13.796+0000] {logging_mixin.py:188} INFO - [2026-02-10T22:27:13.796+0000] {dagbag.py:540} INFO - Filling up the DagBag from /home/airflow/.local/lib/python3.12/site-packages/airflow/example_dags/example_setup_teardown_taskflow.py
[2026-02-10T22:27:13.806+0000] {processor.py:840} INFO - DAG(s) 'example_setup_teardown_taskflow' retrieved from /home/airflow/.local/lib/python3.12/site-packages/airflow/example_dags/example_setup_teardown_taskflow.py
[2026-02-10T22:27:13.831+0000] {logging_mixin.py:188} INFO - [2026-02-10T22:27:13.831+0000] {dag.py:3096} INFO - Sync 1 DAGs
[2026-02-10T22:27:13.854+0000] {logging_mixin.py:188} INFO - [2026-02-10T22:27:13.853+0000] {dag.py:3954} INFO - Setting next_dagrun for example_setup_teardown_taskflow to 2026-02-09 00:00:00+00:00, run_after=2026-02-10 00:00:00+00:00
[2026-02-10T22:27:13.876+0000] {processor.py:183} INFO - Processing /home/airflow/.local/lib/python3.12/site-packages/airflow/example_dags/example_setup_teardown_taskflow.py took 0.090 seconds
[2026-02-10T22:27:44.203+0000] {processor.py:161} INFO - Started process (PID=1515) to work on /home/airflow/.local/lib/python3.12/site-packages/airflow/example_dags/example_setup_teardown_taskflow.py
[2026-02-10T22:27:44.204+0000] {processor.py:830} INFO - Processing file /home/airflow/.local/lib/python3.12/site-packages/airflow/example_dags/example_setup_teardown_taskflow.py for tasks to queue
[2026-02-10T22:27:44.206+0000] {logging_mixin.py:188} INFO - [2026-02-10T22:27:44.206+0000] {dagbag.py:540} INFO - Filling up the DagBag from /home/airflow/.local/lib/python3.12/site-packages/airflow/example_dags/example_setup_teardown_taskflow.py
[2026-02-10T22:27:44.215+0000] {processor.py:840} INFO - DAG(s) 'example_setup_teardown_taskflow' retrieved from /home/airflow/.local/lib/python3.12/site-packages/airflow/example_dags/example_setup_teardown_taskflow.py
[2026-02-10T22:27:44.239+0000] {logging_mixin.py:188} INFO - [2026-02-10T22:27:44.239+0000] {dag.py:3096} INFO - Sync 1 DAGs
[2026-02-10T22:27:44.263+0000] {logging_mixin.py:188} INFO - [2026-02-10T22:27:44.263+0000] {dag.py:3954} INFO - Setting next_dagrun for example_setup_teardown_taskflow to 2026-02-09 00:00:00+00:00, run_after=2026-02-10 00:00:00+00:00
[2026-02-10T22:27:44.300+0000] {processor.py:183} INFO - Processing /home/airflow/.local/lib/python3.12/site-packages/airflow/example_dags/example_setup_teardown_taskflow.py took 0.103 seconds
[2026-02-10T22:28:14.368+0000] {processor.py:161} INFO - Started process (PID=1569) to work on /home/airflow/.local/lib/python3.12/site-packages/airflow/example_dags/example_setup_teardown_taskflow.py
[2026-02-10T22:28:14.369+0000] {processor.py:830} INFO - Processing file /home/airflow/.local/lib/python3.12/site-packages/airflow/example_dags/example_setup_teardown_taskflow.py for tasks to queue
[2026-02-10T22:28:14.371+0000] {logging_mixin.py:188} INFO - [2026-02-10T22:28:14.371+0000] {dagbag.py:540} INFO - Filling up the DagBag from /home/airflow/.local/lib/python3.12/site-packages/airflow/example_dags/example_setup_teardown_taskflow.py
[2026-02-10T22:28:14.379+0000] {processor.py:840} INFO - DAG(s) 'example_setup_teardown_taskflow' retrieved from /home/airflow/.local/lib/python3.12/site-packages/airflow/example_dags/example_setup_teardown_taskflow.py
[2026-02-10T22:28:14.401+0000] {logging_mixin.py:188} INFO - [2026-02-10T22:28:14.400+0000] {dag.py:3096} INFO - Sync 1 DAGs
[2026-02-10T22:28:14.424+0000] {logging_mixin.py:188} INFO - [2026-02-10T22:28:14.423+0000] {dag.py:3954} INFO - Setting next_dagrun for example_setup_teardown_taskflow to 2026-02-09 00:00:00+00:00, run_after=2026-02-10 00:00:00+00:00
[2026-02-10T22:28:14.453+0000] {processor.py:183} INFO - Processing /home/airflow/.local/lib/python3.12/site-packages/airflow/example_dags/example_setup_teardown_taskflow.py took 0.091 seconds
[2026-02-10T22:35:18.166+0000] {processor.py:161} INFO - Started process (PID=59) to work on /home/airflow/.local/lib/python3.12/site-packages/airflow/example_dags/example_setup_teardown_taskflow.py
[2026-02-10T22:35:18.172+0000] {processor.py:830} INFO - Processing file /home/airflow/.local/lib/python3.12/site-packages/airflow/example_dags/example_setup_teardown_taskflow.py for tasks to queue
[2026-02-10T22:35:18.184+0000] {logging_mixin.py:188} INFO - [2026-02-10T22:35:18.180+0000] {dagbag.py:540} INFO - Filling up the DagBag from /home/airflow/.local/lib/python3.12/site-packages/airflow/example_dags/example_setup_teardown_taskflow.py
[2026-02-10T22:35:18.244+0000] {processor.py:840} INFO - DAG(s) 'example_setup_teardown_taskflow' retrieved from /home/airflow/.local/lib/python3.12/site-packages/airflow/example_dags/example_setup_teardown_taskflow.py
[2026-02-10T22:35:18.298+0000] {logging_mixin.py:188} INFO - [2026-02-10T22:35:18.297+0000] {dag.py:3096} INFO - Sync 1 DAGs
[2026-02-10T22:35:18.392+0000] {logging_mixin.py:188} INFO - [2026-02-10T22:35:18.391+0000] {dag.py:3954} INFO - Setting next_dagrun for example_setup_teardown_taskflow to 2026-02-09 00:00:00+00:00, run_after=2026-02-10 00:00:00+00:00
[2026-02-10T22:35:18.459+0000] {processor.py:183} INFO - Processing /home/airflow/.local/lib/python3.12/site-packages/airflow/example_dags/example_setup_teardown_taskflow.py took 0.327 seconds
[2026-02-10T22:35:51.469+0000] {processor.py:161} INFO - Started process (PID=113) to work on /home/airflow/.local/lib/python3.12/site-packages/airflow/example_dags/example_setup_teardown_taskflow.py
[2026-02-10T22:35:51.472+0000] {processor.py:830} INFO - Processing file /home/airflow/.local/lib/python3.12/site-packages/airflow/example_dags/example_setup_teardown_taskflow.py for tasks to queue
[2026-02-10T22:35:51.478+0000] {logging_mixin.py:188} INFO - [2026-02-10T22:35:51.477+0000] {dagbag.py:540} INFO - Filling up the DagBag from /home/airflow/.local/lib/python3.12/site-packages/airflow/example_dags/example_setup_teardown_taskflow.py
[2026-02-10T22:35:51.505+0000] {processor.py:840} INFO - DAG(s) 'example_setup_teardown_taskflow' retrieved from /home/airflow/.local/lib/python3.12/site-packages/airflow/example_dags/example_setup_teardown_taskflow.py
[2026-02-10T22:35:51.868+0000] {logging_mixin.py:188} INFO - [2026-02-10T22:35:51.867+0000] {dag.py:3096} INFO - Sync 1 DAGs
[2026-02-10T22:35:51.936+0000] {logging_mixin.py:188} INFO - [2026-02-10T22:35:51.935+0000] {dag.py:3954} INFO - Setting next_dagrun for example_setup_teardown_taskflow to 2026-02-09 00:00:00+00:00, run_after=2026-02-10 00:00:00+00:00
[2026-02-10T22:35:52.014+0000] {processor.py:183} INFO - Processing /home/airflow/.local/lib/python3.12/site-packages/airflow/example_dags/example_setup_teardown_taskflow.py took 0.561 seconds
[2026-02-10T22:36:22.220+0000] {processor.py:161} INFO - Started process (PID=167) to work on /home/airflow/.local/lib/python3.12/site-packages/airflow/example_dags/example_setup_teardown_taskflow.py
[2026-02-10T22:36:22.221+0000] {processor.py:830} INFO - Processing file /home/airflow/.local/lib/python3.12/site-packages/airflow/example_dags/example_setup_teardown_taskflow.py for tasks to queue
[2026-02-10T22:36:22.225+0000] {logging_mixin.py:188} INFO - [2026-02-10T22:36:22.224+0000] {dagbag.py:540} INFO - Filling up the DagBag from /home/airflow/.local/lib/python3.12/site-packages/airflow/example_dags/example_setup_teardown_taskflow.py
[2026-02-10T22:36:22.239+0000] {processor.py:840} INFO - DAG(s) 'example_setup_teardown_taskflow' retrieved from /home/airflow/.local/lib/python3.12/site-packages/airflow/example_dags/example_setup_teardown_taskflow.py
[2026-02-10T22:36:22.272+0000] {logging_mixin.py:188} INFO - [2026-02-10T22:36:22.272+0000] {dag.py:3096} INFO - Sync 1 DAGs
[2026-02-10T22:36:22.305+0000] {logging_mixin.py:188} INFO - [2026-02-10T22:36:22.305+0000] {dag.py:3954} INFO - Setting next_dagrun for example_setup_teardown_taskflow to 2026-02-09 00:00:00+00:00, run_after=2026-02-10 00:00:00+00:00
[2026-02-10T22:36:22.334+0000] {processor.py:183} INFO - Processing /home/airflow/.local/lib/python3.12/site-packages/airflow/example_dags/example_setup_teardown_taskflow.py took 0.123 seconds
[2026-02-10T22:36:52.527+0000] {processor.py:161} INFO - Started process (PID=221) to work on /home/airflow/.local/lib/python3.12/site-packages/airflow/example_dags/example_setup_teardown_taskflow.py
[2026-02-10T22:36:52.530+0000] {processor.py:830} INFO - Processing file /home/airflow/.local/lib/python3.12/site-packages/airflow/example_dags/example_setup_teardown_taskflow.py for tasks to queue
[2026-02-10T22:36:52.535+0000] {logging_mixin.py:188} INFO - [2026-02-10T22:36:52.534+0000] {dagbag.py:540} INFO - Filling up the DagBag from /home/airflow/.local/lib/python3.12/site-packages/airflow/example_dags/example_setup_teardown_taskflow.py
[2026-02-10T22:36:52.552+0000] {processor.py:840} INFO - DAG(s) 'example_setup_teardown_taskflow' retrieved from /home/airflow/.local/lib/python3.12/site-packages/airflow/example_dags/example_setup_teardown_taskflow.py
[2026-02-10T22:36:52.591+0000] {logging_mixin.py:188} INFO - [2026-02-10T22:36:52.590+0000] {dag.py:3096} INFO - Sync 1 DAGs
[2026-02-10T22:36:52.630+0000] {logging_mixin.py:188} INFO - [2026-02-10T22:36:52.629+0000] {dag.py:3954} INFO - Setting next_dagrun for example_setup_teardown_taskflow to 2026-02-09 00:00:00+00:00, run_after=2026-02-10 00:00:00+00:00
[2026-02-10T22:36:52.662+0000] {processor.py:183} INFO - Processing /home/airflow/.local/lib/python3.12/site-packages/airflow/example_dags/example_setup_teardown_taskflow.py took 0.146 seconds
[2026-02-10T22:37:22.849+0000] {processor.py:161} INFO - Started process (PID=275) to work on /home/airflow/.local/lib/python3.12/site-packages/airflow/example_dags/example_setup_teardown_taskflow.py
[2026-02-10T22:37:22.850+0000] {processor.py:830} INFO - Processing file /home/airflow/.local/lib/python3.12/site-packages/airflow/example_dags/example_setup_teardown_taskflow.py for tasks to queue
[2026-02-10T22:37:22.853+0000] {logging_mixin.py:188} INFO - [2026-02-10T22:37:22.853+0000] {dagbag.py:540} INFO - Filling up the DagBag from /home/airflow/.local/lib/python3.12/site-packages/airflow/example_dags/example_setup_teardown_taskflow.py
[2026-02-10T22:37:22.866+0000] {processor.py:840} INFO - DAG(s) 'example_setup_teardown_taskflow' retrieved from /home/airflow/.local/lib/python3.12/site-packages/airflow/example_dags/example_setup_teardown_taskflow.py
[2026-02-10T22:37:22.897+0000] {logging_mixin.py:188} INFO - [2026-02-10T22:37:22.897+0000] {dag.py:3096} INFO - Sync 1 DAGs
[2026-02-10T22:37:22.935+0000] {logging_mixin.py:188} INFO - [2026-02-10T22:37:22.935+0000] {dag.py:3954} INFO - Setting next_dagrun for example_setup_teardown_taskflow to 2026-02-09 00:00:00+00:00, run_after=2026-02-10 00:00:00+00:00
[2026-02-10T22:37:22.973+0000] {processor.py:183} INFO - Processing /home/airflow/.local/lib/python3.12/site-packages/airflow/example_dags/example_setup_teardown_taskflow.py took 0.132 seconds
[2026-02-10T22:37:53.028+0000] {processor.py:161} INFO - Started process (PID=329) to work on /home/airflow/.local/lib/python3.12/site-packages/airflow/example_dags/example_setup_teardown_taskflow.py
[2026-02-10T22:37:53.031+0000] {processor.py:830} INFO - Processing file /home/airflow/.local/lib/python3.12/site-packages/airflow/example_dags/example_setup_teardown_taskflow.py for tasks to queue
[2026-02-10T22:37:53.035+0000] {logging_mixin.py:188} INFO - [2026-02-10T22:37:53.035+0000] {dagbag.py:540} INFO - Filling up the DagBag from /home/airflow/.local/lib/python3.12/site-packages/airflow/example_dags/example_setup_teardown_taskflow.py
[2026-02-10T22:37:53.051+0000] {processor.py:840} INFO - DAG(s) 'example_setup_teardown_taskflow' retrieved from /home/airflow/.local/lib/python3.12/site-packages/airflow/example_dags/example_setup_teardown_taskflow.py
[2026-02-10T22:37:53.086+0000] {logging_mixin.py:188} INFO - [2026-02-10T22:37:53.085+0000] {dag.py:3096} INFO - Sync 1 DAGs
[2026-02-10T22:37:53.118+0000] {logging_mixin.py:188} INFO - [2026-02-10T22:37:53.118+0000] {dag.py:3954} INFO - Setting next_dagrun for example_setup_teardown_taskflow to 2026-02-09 00:00:00+00:00, run_after=2026-02-10 00:00:00+00:00
[2026-02-10T22:37:53.168+0000] {processor.py:183} INFO - Processing /home/airflow/.local/lib/python3.12/site-packages/airflow/example_dags/example_setup_teardown_taskflow.py took 0.149 seconds
[2026-02-10T22:38:23.589+0000] {processor.py:161} INFO - Started process (PID=383) to work on /home/airflow/.local/lib/python3.12/site-packages/airflow/example_dags/example_setup_teardown_taskflow.py
[2026-02-10T22:38:23.591+0000] {processor.py:830} INFO - Processing file /home/airflow/.local/lib/python3.12/site-packages/airflow/example_dags/example_setup_teardown_taskflow.py for tasks to queue
[2026-02-10T22:38:23.595+0000] {logging_mixin.py:188} INFO - [2026-02-10T22:38:23.594+0000] {dagbag.py:540} INFO - Filling up the DagBag from /home/airflow/.local/lib/python3.12/site-packages/airflow/example_dags/example_setup_teardown_taskflow.py
[2026-02-10T22:38:23.612+0000] {processor.py:840} INFO - DAG(s) 'example_setup_teardown_taskflow' retrieved from /home/airflow/.local/lib/python3.12/site-packages/airflow/example_dags/example_setup_teardown_taskflow.py
[2026-02-10T22:38:23.650+0000] {logging_mixin.py:188} INFO - [2026-02-10T22:38:23.650+0000] {dag.py:3096} INFO - Sync 1 DAGs
[2026-02-10T22:38:23.688+0000] {logging_mixin.py:188} INFO - [2026-02-10T22:38:23.687+0000] {dag.py:3954} INFO - Setting next_dagrun for example_setup_teardown_taskflow to 2026-02-09 00:00:00+00:00, run_after=2026-02-10 00:00:00+00:00
[2026-02-10T22:38:23.719+0000] {processor.py:183} INFO - Processing /home/airflow/.local/lib/python3.12/site-packages/airflow/example_dags/example_setup_teardown_taskflow.py took 0.139 seconds
[2026-02-10T22:41:07.993+0000] {processor.py:161} INFO - Started process (PID=59) to work on /home/airflow/.local/lib/python3.12/site-packages/airflow/example_dags/example_setup_teardown_taskflow.py
[2026-02-10T22:41:08.023+0000] {processor.py:830} INFO - Processing file /home/airflow/.local/lib/python3.12/site-packages/airflow/example_dags/example_setup_teardown_taskflow.py for tasks to queue
[2026-02-10T22:41:08.061+0000] {logging_mixin.py:188} INFO - [2026-02-10T22:41:08.058+0000] {dagbag.py:540} INFO - Filling up the DagBag from /home/airflow/.local/lib/python3.12/site-packages/airflow/example_dags/example_setup_teardown_taskflow.py
[2026-02-10T22:41:08.825+0000] {processor.py:840} INFO - DAG(s) 'example_setup_teardown_taskflow' retrieved from /home/airflow/.local/lib/python3.12/site-packages/airflow/example_dags/example_setup_teardown_taskflow.py
[2026-02-10T22:41:12.019+0000] {logging_mixin.py:188} INFO - [2026-02-10T22:41:12.018+0000] {dag.py:3096} INFO - Sync 1 DAGs
[2026-02-10T22:41:12.169+0000] {logging_mixin.py:188} INFO - [2026-02-10T22:41:12.168+0000] {dag.py:3954} INFO - Setting next_dagrun for example_setup_teardown_taskflow to 2026-02-09 00:00:00+00:00, run_after=2026-02-10 00:00:00+00:00
[2026-02-10T22:41:12.303+0000] {processor.py:183} INFO - Processing /home/airflow/.local/lib/python3.12/site-packages/airflow/example_dags/example_setup_teardown_taskflow.py took 4.413 seconds
[2026-02-10T22:41:49.196+0000] {processor.py:161} INFO - Started process (PID=113) to work on /home/airflow/.local/lib/python3.12/site-packages/airflow/example_dags/example_setup_teardown_taskflow.py
[2026-02-10T22:41:49.200+0000] {processor.py:830} INFO - Processing file /home/airflow/.local/lib/python3.12/site-packages/airflow/example_dags/example_setup_teardown_taskflow.py for tasks to queue
[2026-02-10T22:41:49.212+0000] {logging_mixin.py:188} INFO - [2026-02-10T22:41:49.211+0000] {dagbag.py:540} INFO - Filling up the DagBag from /home/airflow/.local/lib/python3.12/site-packages/airflow/example_dags/example_setup_teardown_taskflow.py
[2026-02-10T22:41:49.250+0000] {processor.py:840} INFO - DAG(s) 'example_setup_teardown_taskflow' retrieved from /home/airflow/.local/lib/python3.12/site-packages/airflow/example_dags/example_setup_teardown_taskflow.py
[2026-02-10T22:41:49.348+0000] {logging_mixin.py:188} INFO - [2026-02-10T22:41:49.347+0000] {dag.py:3096} INFO - Sync 1 DAGs
[2026-02-10T22:41:49.467+0000] {logging_mixin.py:188} INFO - [2026-02-10T22:41:49.466+0000] {dag.py:3954} INFO - Setting next_dagrun for example_setup_teardown_taskflow to 2026-02-09 00:00:00+00:00, run_after=2026-02-10 00:00:00+00:00
[2026-02-10T22:41:49.568+0000] {processor.py:183} INFO - Processing /home/airflow/.local/lib/python3.12/site-packages/airflow/example_dags/example_setup_teardown_taskflow.py took 0.409 seconds
[2026-02-10T22:42:19.929+0000] {processor.py:161} INFO - Started process (PID=167) to work on /home/airflow/.local/lib/python3.12/site-packages/airflow/example_dags/example_setup_teardown_taskflow.py
[2026-02-10T22:42:19.933+0000] {processor.py:830} INFO - Processing file /home/airflow/.local/lib/python3.12/site-packages/airflow/example_dags/example_setup_teardown_taskflow.py for tasks to queue
[2026-02-10T22:42:19.938+0000] {logging_mixin.py:188} INFO - [2026-02-10T22:42:19.938+0000] {dagbag.py:540} INFO - Filling up the DagBag from /home/airflow/.local/lib/python3.12/site-packages/airflow/example_dags/example_setup_teardown_taskflow.py
[2026-02-10T22:42:19.967+0000] {processor.py:840} INFO - DAG(s) 'example_setup_teardown_taskflow' retrieved from /home/airflow/.local/lib/python3.12/site-packages/airflow/example_dags/example_setup_teardown_taskflow.py
[2026-02-10T22:42:20.045+0000] {logging_mixin.py:188} INFO - [2026-02-10T22:42:20.044+0000] {dag.py:3096} INFO - Sync 1 DAGs
[2026-02-10T22:42:20.141+0000] {logging_mixin.py:188} INFO - [2026-02-10T22:42:20.140+0000] {dag.py:3954} INFO - Setting next_dagrun for example_setup_teardown_taskflow to 2026-02-09 00:00:00+00:00, run_after=2026-02-10 00:00:00+00:00
[2026-02-10T22:42:20.198+0000] {processor.py:183} INFO - Processing /home/airflow/.local/lib/python3.12/site-packages/airflow/example_dags/example_setup_teardown_taskflow.py took 0.288 seconds
[2026-02-10T22:42:50.511+0000] {processor.py:161} INFO - Started process (PID=221) to work on /home/airflow/.local/lib/python3.12/site-packages/airflow/example_dags/example_setup_teardown_taskflow.py
[2026-02-10T22:42:50.514+0000] {processor.py:830} INFO - Processing file /home/airflow/.local/lib/python3.12/site-packages/airflow/example_dags/example_setup_teardown_taskflow.py for tasks to queue
[2026-02-10T22:42:50.519+0000] {logging_mixin.py:188} INFO - [2026-02-10T22:42:50.518+0000] {dagbag.py:540} INFO - Filling up the DagBag from /home/airflow/.local/lib/python3.12/site-packages/airflow/example_dags/example_setup_teardown_taskflow.py
[2026-02-10T22:42:50.537+0000] {processor.py:840} INFO - DAG(s) 'example_setup_teardown_taskflow' retrieved from /home/airflow/.local/lib/python3.12/site-packages/airflow/example_dags/example_setup_teardown_taskflow.py
[2026-02-10T22:42:50.576+0000] {logging_mixin.py:188} INFO - [2026-02-10T22:42:50.575+0000] {dag.py:3096} INFO - Sync 1 DAGs
[2026-02-10T22:42:50.614+0000] {logging_mixin.py:188} INFO - [2026-02-10T22:42:50.614+0000] {dag.py:3954} INFO - Setting next_dagrun for example_setup_teardown_taskflow to 2026-02-09 00:00:00+00:00, run_after=2026-02-10 00:00:00+00:00
[2026-02-10T22:42:50.653+0000] {processor.py:183} INFO - Processing /home/airflow/.local/lib/python3.12/site-packages/airflow/example_dags/example_setup_teardown_taskflow.py took 0.155 seconds
[2026-02-10T22:43:21.413+0000] {processor.py:161} INFO - Started process (PID=275) to work on /home/airflow/.local/lib/python3.12/site-packages/airflow/example_dags/example_setup_teardown_taskflow.py
[2026-02-10T22:43:21.416+0000] {processor.py:830} INFO - Processing file /home/airflow/.local/lib/python3.12/site-packages/airflow/example_dags/example_setup_teardown_taskflow.py for tasks to queue
[2026-02-10T22:43:21.421+0000] {logging_mixin.py:188} INFO - [2026-02-10T22:43:21.421+0000] {dagbag.py:540} INFO - Filling up the DagBag from /home/airflow/.local/lib/python3.12/site-packages/airflow/example_dags/example_setup_teardown_taskflow.py
[2026-02-10T22:43:21.459+0000] {processor.py:840} INFO - DAG(s) 'example_setup_teardown_taskflow' retrieved from /home/airflow/.local/lib/python3.12/site-packages/airflow/example_dags/example_setup_teardown_taskflow.py
[2026-02-10T22:43:21.550+0000] {logging_mixin.py:188} INFO - [2026-02-10T22:43:21.549+0000] {dag.py:3096} INFO - Sync 1 DAGs
[2026-02-10T22:43:21.643+0000] {logging_mixin.py:188} INFO - [2026-02-10T22:43:21.642+0000] {dag.py:3954} INFO - Setting next_dagrun for example_setup_teardown_taskflow to 2026-02-09 00:00:00+00:00, run_after=2026-02-10 00:00:00+00:00
[2026-02-10T22:43:21.716+0000] {processor.py:183} INFO - Processing /home/airflow/.local/lib/python3.12/site-packages/airflow/example_dags/example_setup_teardown_taskflow.py took 0.322 seconds
[2026-02-10T22:43:52.404+0000] {processor.py:161} INFO - Started process (PID=329) to work on /home/airflow/.local/lib/python3.12/site-packages/airflow/example_dags/example_setup_teardown_taskflow.py
[2026-02-10T22:43:52.406+0000] {processor.py:830} INFO - Processing file /home/airflow/.local/lib/python3.12/site-packages/airflow/example_dags/example_setup_teardown_taskflow.py for tasks to queue
[2026-02-10T22:43:52.409+0000] {logging_mixin.py:188} INFO - [2026-02-10T22:43:52.409+0000] {dagbag.py:540} INFO - Filling up the DagBag from /home/airflow/.local/lib/python3.12/site-packages/airflow/example_dags/example_setup_teardown_taskflow.py
[2026-02-10T22:43:52.424+0000] {processor.py:840} INFO - DAG(s) 'example_setup_teardown_taskflow' retrieved from /home/airflow/.local/lib/python3.12/site-packages/airflow/example_dags/example_setup_teardown_taskflow.py
[2026-02-10T22:43:52.461+0000] {logging_mixin.py:188} INFO - [2026-02-10T22:43:52.461+0000] {dag.py:3096} INFO - Sync 1 DAGs
[2026-02-10T22:43:52.498+0000] {logging_mixin.py:188} INFO - [2026-02-10T22:43:52.498+0000] {dag.py:3954} INFO - Setting next_dagrun for example_setup_teardown_taskflow to 2026-02-09 00:00:00+00:00, run_after=2026-02-10 00:00:00+00:00
[2026-02-10T22:43:52.534+0000] {processor.py:183} INFO - Processing /home/airflow/.local/lib/python3.12/site-packages/airflow/example_dags/example_setup_teardown_taskflow.py took 0.139 seconds
[2026-02-10T22:44:22.976+0000] {processor.py:161} INFO - Started process (PID=383) to work on /home/airflow/.local/lib/python3.12/site-packages/airflow/example_dags/example_setup_teardown_taskflow.py
[2026-02-10T22:44:22.979+0000] {processor.py:830} INFO - Processing file /home/airflow/.local/lib/python3.12/site-packages/airflow/example_dags/example_setup_teardown_taskflow.py for tasks to queue
[2026-02-10T22:44:22.985+0000] {logging_mixin.py:188} INFO - [2026-02-10T22:44:22.984+0000] {dagbag.py:540} INFO - Filling up the DagBag from /home/airflow/.local/lib/python3.12/site-packages/airflow/example_dags/example_setup_teardown_taskflow.py
[2026-02-10T22:44:23.016+0000] {processor.py:840} INFO - DAG(s) 'example_setup_teardown_taskflow' retrieved from /home/airflow/.local/lib/python3.12/site-packages/airflow/example_dags/example_setup_teardown_taskflow.py
[2026-02-10T22:44:23.081+0000] {logging_mixin.py:188} INFO - [2026-02-10T22:44:23.080+0000] {dag.py:3096} INFO - Sync 1 DAGs
[2026-02-10T22:44:23.157+0000] {logging_mixin.py:188} INFO - [2026-02-10T22:44:23.157+0000] {dag.py:3954} INFO - Setting next_dagrun for example_setup_teardown_taskflow to 2026-02-09 00:00:00+00:00, run_after=2026-02-10 00:00:00+00:00
[2026-02-10T22:44:23.222+0000] {processor.py:183} INFO - Processing /home/airflow/.local/lib/python3.12/site-packages/airflow/example_dags/example_setup_teardown_taskflow.py took 0.257 seconds
[2026-02-10T22:44:54.091+0000] {processor.py:161} INFO - Started process (PID=437) to work on /home/airflow/.local/lib/python3.12/site-packages/airflow/example_dags/example_setup_teardown_taskflow.py
[2026-02-10T22:44:54.093+0000] {processor.py:830} INFO - Processing file /home/airflow/.local/lib/python3.12/site-packages/airflow/example_dags/example_setup_teardown_taskflow.py for tasks to queue
[2026-02-10T22:44:54.095+0000] {logging_mixin.py:188} INFO - [2026-02-10T22:44:54.094+0000] {dagbag.py:540} INFO - Filling up the DagBag from /home/airflow/.local/lib/python3.12/site-packages/airflow/example_dags/example_setup_teardown_taskflow.py
[2026-02-10T22:44:54.104+0000] {processor.py:840} INFO - DAG(s) 'example_setup_teardown_taskflow' retrieved from /home/airflow/.local/lib/python3.12/site-packages/airflow/example_dags/example_setup_teardown_taskflow.py
[2026-02-10T22:44:54.127+0000] {logging_mixin.py:188} INFO - [2026-02-10T22:44:54.127+0000] {dag.py:3096} INFO - Sync 1 DAGs
[2026-02-10T22:44:54.153+0000] {logging_mixin.py:188} INFO - [2026-02-10T22:44:54.153+0000] {dag.py:3954} INFO - Setting next_dagrun for example_setup_teardown_taskflow to 2026-02-09 00:00:00+00:00, run_after=2026-02-10 00:00:00+00:00
[2026-02-10T22:44:54.177+0000] {processor.py:183} INFO - Processing /home/airflow/.local/lib/python3.12/site-packages/airflow/example_dags/example_setup_teardown_taskflow.py took 0.091 seconds
[2026-02-10T22:45:24.575+0000] {processor.py:161} INFO - Started process (PID=491) to work on /home/airflow/.local/lib/python3.12/site-packages/airflow/example_dags/example_setup_teardown_taskflow.py
[2026-02-10T22:45:24.576+0000] {processor.py:830} INFO - Processing file /home/airflow/.local/lib/python3.12/site-packages/airflow/example_dags/example_setup_teardown_taskflow.py for tasks to queue
[2026-02-10T22:45:24.578+0000] {logging_mixin.py:188} INFO - [2026-02-10T22:45:24.578+0000] {dagbag.py:540} INFO - Filling up the DagBag from /home/airflow/.local/lib/python3.12/site-packages/airflow/example_dags/example_setup_teardown_taskflow.py
[2026-02-10T22:45:24.587+0000] {processor.py:840} INFO - DAG(s) 'example_setup_teardown_taskflow' retrieved from /home/airflow/.local/lib/python3.12/site-packages/airflow/example_dags/example_setup_teardown_taskflow.py
[2026-02-10T22:45:24.607+0000] {logging_mixin.py:188} INFO - [2026-02-10T22:45:24.607+0000] {dag.py:3096} INFO - Sync 1 DAGs
[2026-02-10T22:45:24.628+0000] {logging_mixin.py:188} INFO - [2026-02-10T22:45:24.628+0000] {dag.py:3954} INFO - Setting next_dagrun for example_setup_teardown_taskflow to 2026-02-09 00:00:00+00:00, run_after=2026-02-10 00:00:00+00:00
[2026-02-10T22:45:24.649+0000] {processor.py:183} INFO - Processing /home/airflow/.local/lib/python3.12/site-packages/airflow/example_dags/example_setup_teardown_taskflow.py took 0.079 seconds
[2026-02-10T22:45:54.729+0000] {processor.py:161} INFO - Started process (PID=544) to work on /home/airflow/.local/lib/python3.12/site-packages/airflow/example_dags/example_setup_teardown_taskflow.py
[2026-02-10T22:45:54.730+0000] {processor.py:830} INFO - Processing file /home/airflow/.local/lib/python3.12/site-packages/airflow/example_dags/example_setup_teardown_taskflow.py for tasks to queue
[2026-02-10T22:45:54.732+0000] {logging_mixin.py:188} INFO - [2026-02-10T22:45:54.732+0000] {dagbag.py:540} INFO - Filling up the DagBag from /home/airflow/.local/lib/python3.12/site-packages/airflow/example_dags/example_setup_teardown_taskflow.py
[2026-02-10T22:45:54.742+0000] {processor.py:840} INFO - DAG(s) 'example_setup_teardown_taskflow' retrieved from /home/airflow/.local/lib/python3.12/site-packages/airflow/example_dags/example_setup_teardown_taskflow.py
[2026-02-10T22:45:54.763+0000] {logging_mixin.py:188} INFO - [2026-02-10T22:45:54.763+0000] {dag.py:3096} INFO - Sync 1 DAGs
[2026-02-10T22:45:54.783+0000] {logging_mixin.py:188} INFO - [2026-02-10T22:45:54.783+0000] {dag.py:3954} INFO - Setting next_dagrun for example_setup_teardown_taskflow to 2026-02-09 00:00:00+00:00, run_after=2026-02-10 00:00:00+00:00
[2026-02-10T22:45:54.804+0000] {processor.py:183} INFO - Processing /home/airflow/.local/lib/python3.12/site-packages/airflow/example_dags/example_setup_teardown_taskflow.py took 0.081 seconds
[2026-02-10T22:46:25.426+0000] {processor.py:161} INFO - Started process (PID=599) to work on /home/airflow/.local/lib/python3.12/site-packages/airflow/example_dags/example_setup_teardown_taskflow.py
[2026-02-10T22:46:25.428+0000] {processor.py:830} INFO - Processing file /home/airflow/.local/lib/python3.12/site-packages/airflow/example_dags/example_setup_teardown_taskflow.py for tasks to queue
[2026-02-10T22:46:25.431+0000] {logging_mixin.py:188} INFO - [2026-02-10T22:46:25.430+0000] {dagbag.py:540} INFO - Filling up the DagBag from /home/airflow/.local/lib/python3.12/site-packages/airflow/example_dags/example_setup_teardown_taskflow.py
[2026-02-10T22:46:25.444+0000] {processor.py:840} INFO - DAG(s) 'example_setup_teardown_taskflow' retrieved from /home/airflow/.local/lib/python3.12/site-packages/airflow/example_dags/example_setup_teardown_taskflow.py
[2026-02-10T22:46:25.476+0000] {logging_mixin.py:188} INFO - [2026-02-10T22:46:25.475+0000] {dag.py:3096} INFO - Sync 1 DAGs
[2026-02-10T22:46:25.512+0000] {logging_mixin.py:188} INFO - [2026-02-10T22:46:25.512+0000] {dag.py:3954} INFO - Setting next_dagrun for example_setup_teardown_taskflow to 2026-02-09 00:00:00+00:00, run_after=2026-02-10 00:00:00+00:00
[2026-02-10T22:46:25.542+0000] {processor.py:183} INFO - Processing /home/airflow/.local/lib/python3.12/site-packages/airflow/example_dags/example_setup_teardown_taskflow.py took 0.123 seconds
[2026-02-10T22:46:56.414+0000] {processor.py:161} INFO - Started process (PID=652) to work on /home/airflow/.local/lib/python3.12/site-packages/airflow/example_dags/example_setup_teardown_taskflow.py
[2026-02-10T22:46:56.421+0000] {processor.py:830} INFO - Processing file /home/airflow/.local/lib/python3.12/site-packages/airflow/example_dags/example_setup_teardown_taskflow.py for tasks to queue
[2026-02-10T22:46:56.586+0000] {logging_mixin.py:188} INFO - [2026-02-10T22:46:56.584+0000] {dagbag.py:540} INFO - Filling up the DagBag from /home/airflow/.local/lib/python3.12/site-packages/airflow/example_dags/example_setup_teardown_taskflow.py
[2026-02-10T22:54:42.637+0000] {processor.py:161} INFO - Started process (PID=59) to work on /home/airflow/.local/lib/python3.12/site-packages/airflow/example_dags/example_setup_teardown_taskflow.py
[2026-02-10T22:54:42.641+0000] {processor.py:830} INFO - Processing file /home/airflow/.local/lib/python3.12/site-packages/airflow/example_dags/example_setup_teardown_taskflow.py for tasks to queue
[2026-02-10T22:54:42.649+0000] {logging_mixin.py:188} INFO - [2026-02-10T22:54:42.647+0000] {dagbag.py:540} INFO - Filling up the DagBag from /home/airflow/.local/lib/python3.12/site-packages/airflow/example_dags/example_setup_teardown_taskflow.py
[2026-02-10T22:54:42.705+0000] {processor.py:840} INFO - DAG(s) 'example_setup_teardown_taskflow' retrieved from /home/airflow/.local/lib/python3.12/site-packages/airflow/example_dags/example_setup_teardown_taskflow.py
[2026-02-10T22:54:42.744+0000] {logging_mixin.py:188} INFO - [2026-02-10T22:54:42.743+0000] {dag.py:3096} INFO - Sync 1 DAGs
[2026-02-10T22:54:42.836+0000] {logging_mixin.py:188} INFO - [2026-02-10T22:54:42.835+0000] {dag.py:3954} INFO - Setting next_dagrun for example_setup_teardown_taskflow to 2026-02-09 00:00:00+00:00, run_after=2026-02-10 00:00:00+00:00
[2026-02-10T22:54:42.898+0000] {processor.py:183} INFO - Processing /home/airflow/.local/lib/python3.12/site-packages/airflow/example_dags/example_setup_teardown_taskflow.py took 0.294 seconds
[2026-02-10T22:55:16.875+0000] {processor.py:161} INFO - Started process (PID=113) to work on /home/airflow/.local/lib/python3.12/site-packages/airflow/example_dags/example_setup_teardown_taskflow.py
[2026-02-10T22:55:16.878+0000] {processor.py:830} INFO - Processing file /home/airflow/.local/lib/python3.12/site-packages/airflow/example_dags/example_setup_teardown_taskflow.py for tasks to queue
[2026-02-10T22:55:16.888+0000] {logging_mixin.py:188} INFO - [2026-02-10T22:55:16.887+0000] {dagbag.py:540} INFO - Filling up the DagBag from /home/airflow/.local/lib/python3.12/site-packages/airflow/example_dags/example_setup_teardown_taskflow.py
[2026-02-10T22:55:16.936+0000] {processor.py:840} INFO - DAG(s) 'example_setup_teardown_taskflow' retrieved from /home/airflow/.local/lib/python3.12/site-packages/airflow/example_dags/example_setup_teardown_taskflow.py
[2026-02-10T22:55:17.348+0000] {logging_mixin.py:188} INFO - [2026-02-10T22:55:17.347+0000] {dag.py:3096} INFO - Sync 1 DAGs
[2026-02-10T22:55:17.407+0000] {logging_mixin.py:188} INFO - [2026-02-10T22:55:17.407+0000] {dag.py:3954} INFO - Setting next_dagrun for example_setup_teardown_taskflow to 2026-02-09 00:00:00+00:00, run_after=2026-02-10 00:00:00+00:00
[2026-02-10T22:55:17.472+0000] {processor.py:183} INFO - Processing /home/airflow/.local/lib/python3.12/site-packages/airflow/example_dags/example_setup_teardown_taskflow.py took 0.632 seconds
[2026-02-10T23:00:59.806+0000] {processor.py:161} INFO - Started process (PID=59) to work on /home/airflow/.local/lib/python3.12/site-packages/airflow/example_dags/example_setup_teardown_taskflow.py
[2026-02-10T23:00:59.811+0000] {processor.py:830} INFO - Processing file /home/airflow/.local/lib/python3.12/site-packages/airflow/example_dags/example_setup_teardown_taskflow.py for tasks to queue
[2026-02-10T23:00:59.815+0000] {logging_mixin.py:188} INFO - [2026-02-10T23:00:59.815+0000] {dagbag.py:540} INFO - Filling up the DagBag from /home/airflow/.local/lib/python3.12/site-packages/airflow/example_dags/example_setup_teardown_taskflow.py
[2026-02-10T23:00:59.849+0000] {processor.py:840} INFO - DAG(s) 'example_setup_teardown_taskflow' retrieved from /home/airflow/.local/lib/python3.12/site-packages/airflow/example_dags/example_setup_teardown_taskflow.py
[2026-02-10T23:00:59.874+0000] {logging_mixin.py:188} INFO - [2026-02-10T23:00:59.874+0000] {dag.py:3096} INFO - Sync 1 DAGs
[2026-02-10T23:00:59.932+0000] {logging_mixin.py:188} INFO - [2026-02-10T23:00:59.931+0000] {dag.py:3954} INFO - Setting next_dagrun for example_setup_teardown_taskflow to 2026-02-09 00:00:00+00:00, run_after=2026-02-10 00:00:00+00:00
[2026-02-10T23:00:59.976+0000] {processor.py:183} INFO - Processing /home/airflow/.local/lib/python3.12/site-packages/airflow/example_dags/example_setup_teardown_taskflow.py took 0.193 seconds
[2026-02-10T23:01:30.118+0000] {processor.py:161} INFO - Started process (PID=113) to work on /home/airflow/.local/lib/python3.12/site-packages/airflow/example_dags/example_setup_teardown_taskflow.py
[2026-02-10T23:01:30.119+0000] {processor.py:830} INFO - Processing file /home/airflow/.local/lib/python3.12/site-packages/airflow/example_dags/example_setup_teardown_taskflow.py for tasks to queue
[2026-02-10T23:01:30.122+0000] {logging_mixin.py:188} INFO - [2026-02-10T23:01:30.121+0000] {dagbag.py:540} INFO - Filling up the DagBag from /home/airflow/.local/lib/python3.12/site-packages/airflow/example_dags/example_setup_teardown_taskflow.py
[2026-02-10T23:01:30.138+0000] {processor.py:840} INFO - DAG(s) 'example_setup_teardown_taskflow' retrieved from /home/airflow/.local/lib/python3.12/site-packages/airflow/example_dags/example_setup_teardown_taskflow.py
[2026-02-10T23:01:30.372+0000] {logging_mixin.py:188} INFO - [2026-02-10T23:01:30.371+0000] {dag.py:3096} INFO - Sync 1 DAGs
[2026-02-10T23:01:30.458+0000] {logging_mixin.py:188} INFO - [2026-02-10T23:01:30.457+0000] {dag.py:3954} INFO - Setting next_dagrun for example_setup_teardown_taskflow to 2026-02-09 00:00:00+00:00, run_after=2026-02-10 00:00:00+00:00
[2026-02-10T23:01:30.556+0000] {processor.py:183} INFO - Processing /home/airflow/.local/lib/python3.12/site-packages/airflow/example_dags/example_setup_teardown_taskflow.py took 0.447 seconds
[2026-02-10T23:02:01.517+0000] {processor.py:161} INFO - Started process (PID=167) to work on /home/airflow/.local/lib/python3.12/site-packages/airflow/example_dags/example_setup_teardown_taskflow.py
[2026-02-10T23:02:01.518+0000] {processor.py:830} INFO - Processing file /home/airflow/.local/lib/python3.12/site-packages/airflow/example_dags/example_setup_teardown_taskflow.py for tasks to queue
[2026-02-10T23:02:01.520+0000] {logging_mixin.py:188} INFO - [2026-02-10T23:02:01.520+0000] {dagbag.py:540} INFO - Filling up the DagBag from /home/airflow/.local/lib/python3.12/site-packages/airflow/example_dags/example_setup_teardown_taskflow.py
[2026-02-10T23:02:01.528+0000] {processor.py:840} INFO - DAG(s) 'example_setup_teardown_taskflow' retrieved from /home/airflow/.local/lib/python3.12/site-packages/airflow/example_dags/example_setup_teardown_taskflow.py
[2026-02-10T23:02:01.550+0000] {logging_mixin.py:188} INFO - [2026-02-10T23:02:01.550+0000] {dag.py:3096} INFO - Sync 1 DAGs
[2026-02-10T23:02:01.569+0000] {logging_mixin.py:188} INFO - [2026-02-10T23:02:01.569+0000] {dag.py:3954} INFO - Setting next_dagrun for example_setup_teardown_taskflow to 2026-02-09 00:00:00+00:00, run_after=2026-02-10 00:00:00+00:00
[2026-02-10T23:02:01.589+0000] {processor.py:183} INFO - Processing /home/airflow/.local/lib/python3.12/site-packages/airflow/example_dags/example_setup_teardown_taskflow.py took 0.076 seconds
[2026-02-10T23:02:31.992+0000] {processor.py:161} INFO - Started process (PID=221) to work on /home/airflow/.local/lib/python3.12/site-packages/airflow/example_dags/example_setup_teardown_taskflow.py
[2026-02-10T23:02:31.993+0000] {processor.py:830} INFO - Processing file /home/airflow/.local/lib/python3.12/site-packages/airflow/example_dags/example_setup_teardown_taskflow.py for tasks to queue
[2026-02-10T23:02:31.994+0000] {logging_mixin.py:188} INFO - [2026-02-10T23:02:31.994+0000] {dagbag.py:540} INFO - Filling up the DagBag from /home/airflow/.local/lib/python3.12/site-packages/airflow/example_dags/example_setup_teardown_taskflow.py
[2026-02-10T23:02:32.002+0000] {processor.py:840} INFO - DAG(s) 'example_setup_teardown_taskflow' retrieved from /home/airflow/.local/lib/python3.12/site-packages/airflow/example_dags/example_setup_teardown_taskflow.py
[2026-02-10T23:02:32.024+0000] {logging_mixin.py:188} INFO - [2026-02-10T23:02:32.024+0000] {dag.py:3096} INFO - Sync 1 DAGs
[2026-02-10T23:02:32.042+0000] {logging_mixin.py:188} INFO - [2026-02-10T23:02:32.042+0000] {dag.py:3954} INFO - Setting next_dagrun for example_setup_teardown_taskflow to 2026-02-09 00:00:00+00:00, run_after=2026-02-10 00:00:00+00:00
[2026-02-10T23:02:32.061+0000] {processor.py:183} INFO - Processing /home/airflow/.local/lib/python3.12/site-packages/airflow/example_dags/example_setup_teardown_taskflow.py took 0.075 seconds
[2026-02-10T23:03:02.103+0000] {processor.py:161} INFO - Started process (PID=274) to work on /home/airflow/.local/lib/python3.12/site-packages/airflow/example_dags/example_setup_teardown_taskflow.py
[2026-02-10T23:03:02.104+0000] {processor.py:830} INFO - Processing file /home/airflow/.local/lib/python3.12/site-packages/airflow/example_dags/example_setup_teardown_taskflow.py for tasks to queue
[2026-02-10T23:03:02.106+0000] {logging_mixin.py:188} INFO - [2026-02-10T23:03:02.106+0000] {dagbag.py:540} INFO - Filling up the DagBag from /home/airflow/.local/lib/python3.12/site-packages/airflow/example_dags/example_setup_teardown_taskflow.py
[2026-02-10T23:03:02.114+0000] {processor.py:840} INFO - DAG(s) 'example_setup_teardown_taskflow' retrieved from /home/airflow/.local/lib/python3.12/site-packages/airflow/example_dags/example_setup_teardown_taskflow.py
[2026-02-10T23:03:02.136+0000] {logging_mixin.py:188} INFO - [2026-02-10T23:03:02.136+0000] {dag.py:3096} INFO - Sync 1 DAGs
[2026-02-10T23:03:02.155+0000] {logging_mixin.py:188} INFO - [2026-02-10T23:03:02.155+0000] {dag.py:3954} INFO - Setting next_dagrun for example_setup_teardown_taskflow to 2026-02-09 00:00:00+00:00, run_after=2026-02-10 00:00:00+00:00
[2026-02-10T23:03:02.175+0000] {processor.py:183} INFO - Processing /home/airflow/.local/lib/python3.12/site-packages/airflow/example_dags/example_setup_teardown_taskflow.py took 0.077 seconds
[2026-02-10T23:03:32.604+0000] {processor.py:161} INFO - Started process (PID=328) to work on /home/airflow/.local/lib/python3.12/site-packages/airflow/example_dags/example_setup_teardown_taskflow.py
[2026-02-10T23:03:32.605+0000] {processor.py:830} INFO - Processing file /home/airflow/.local/lib/python3.12/site-packages/airflow/example_dags/example_setup_teardown_taskflow.py for tasks to queue
[2026-02-10T23:03:32.607+0000] {logging_mixin.py:188} INFO - [2026-02-10T23:03:32.607+0000] {dagbag.py:540} INFO - Filling up the DagBag from /home/airflow/.local/lib/python3.12/site-packages/airflow/example_dags/example_setup_teardown_taskflow.py
[2026-02-10T23:03:32.616+0000] {processor.py:840} INFO - DAG(s) 'example_setup_teardown_taskflow' retrieved from /home/airflow/.local/lib/python3.12/site-packages/airflow/example_dags/example_setup_teardown_taskflow.py
[2026-02-10T23:03:32.636+0000] {logging_mixin.py:188} INFO - [2026-02-10T23:03:32.636+0000] {dag.py:3096} INFO - Sync 1 DAGs
[2026-02-10T23:03:32.655+0000] {logging_mixin.py:188} INFO - [2026-02-10T23:03:32.655+0000] {dag.py:3954} INFO - Setting next_dagrun for example_setup_teardown_taskflow to 2026-02-09 00:00:00+00:00, run_after=2026-02-10 00:00:00+00:00
[2026-02-10T23:03:32.672+0000] {processor.py:183} INFO - Processing /home/airflow/.local/lib/python3.12/site-packages/airflow/example_dags/example_setup_teardown_taskflow.py took 0.074 seconds
[2026-02-10T23:04:03.043+0000] {processor.py:161} INFO - Started process (PID=383) to work on /home/airflow/.local/lib/python3.12/site-packages/airflow/example_dags/example_setup_teardown_taskflow.py
[2026-02-10T23:04:03.044+0000] {processor.py:830} INFO - Processing file /home/airflow/.local/lib/python3.12/site-packages/airflow/example_dags/example_setup_teardown_taskflow.py for tasks to queue
[2026-02-10T23:04:03.046+0000] {logging_mixin.py:188} INFO - [2026-02-10T23:04:03.046+0000] {dagbag.py:540} INFO - Filling up the DagBag from /home/airflow/.local/lib/python3.12/site-packages/airflow/example_dags/example_setup_teardown_taskflow.py
[2026-02-10T23:04:03.054+0000] {processor.py:840} INFO - DAG(s) 'example_setup_teardown_taskflow' retrieved from /home/airflow/.local/lib/python3.12/site-packages/airflow/example_dags/example_setup_teardown_taskflow.py
[2026-02-10T23:04:03.076+0000] {logging_mixin.py:188} INFO - [2026-02-10T23:04:03.076+0000] {dag.py:3096} INFO - Sync 1 DAGs
[2026-02-10T23:04:03.094+0000] {logging_mixin.py:188} INFO - [2026-02-10T23:04:03.094+0000] {dag.py:3954} INFO - Setting next_dagrun for example_setup_teardown_taskflow to 2026-02-09 00:00:00+00:00, run_after=2026-02-10 00:00:00+00:00
[2026-02-10T23:04:03.113+0000] {processor.py:183} INFO - Processing /home/airflow/.local/lib/python3.12/site-packages/airflow/example_dags/example_setup_teardown_taskflow.py took 0.076 seconds
[2026-02-10T23:04:33.564+0000] {processor.py:161} INFO - Started process (PID=437) to work on /home/airflow/.local/lib/python3.12/site-packages/airflow/example_dags/example_setup_teardown_taskflow.py
[2026-02-10T23:04:33.565+0000] {processor.py:830} INFO - Processing file /home/airflow/.local/lib/python3.12/site-packages/airflow/example_dags/example_setup_teardown_taskflow.py for tasks to queue
[2026-02-10T23:04:33.568+0000] {logging_mixin.py:188} INFO - [2026-02-10T23:04:33.567+0000] {dagbag.py:540} INFO - Filling up the DagBag from /home/airflow/.local/lib/python3.12/site-packages/airflow/example_dags/example_setup_teardown_taskflow.py
[2026-02-10T23:04:33.576+0000] {processor.py:840} INFO - DAG(s) 'example_setup_teardown_taskflow' retrieved from /home/airflow/.local/lib/python3.12/site-packages/airflow/example_dags/example_setup_teardown_taskflow.py
[2026-02-10T23:04:33.597+0000] {logging_mixin.py:188} INFO - [2026-02-10T23:04:33.597+0000] {dag.py:3096} INFO - Sync 1 DAGs
[2026-02-10T23:04:33.616+0000] {logging_mixin.py:188} INFO - [2026-02-10T23:04:33.615+0000] {dag.py:3954} INFO - Setting next_dagrun for example_setup_teardown_taskflow to 2026-02-09 00:00:00+00:00, run_after=2026-02-10 00:00:00+00:00
[2026-02-10T23:04:33.634+0000] {processor.py:183} INFO - Processing /home/airflow/.local/lib/python3.12/site-packages/airflow/example_dags/example_setup_teardown_taskflow.py took 0.077 seconds
[2026-02-10T23:05:03.821+0000] {processor.py:161} INFO - Started process (PID=491) to work on /home/airflow/.local/lib/python3.12/site-packages/airflow/example_dags/example_setup_teardown_taskflow.py
[2026-02-10T23:05:03.823+0000] {processor.py:830} INFO - Processing file /home/airflow/.local/lib/python3.12/site-packages/airflow/example_dags/example_setup_teardown_taskflow.py for tasks to queue
[2026-02-10T23:05:03.825+0000] {logging_mixin.py:188} INFO - [2026-02-10T23:05:03.825+0000] {dagbag.py:540} INFO - Filling up the DagBag from /home/airflow/.local/lib/python3.12/site-packages/airflow/example_dags/example_setup_teardown_taskflow.py
[2026-02-10T23:05:03.834+0000] {processor.py:840} INFO - DAG(s) 'example_setup_teardown_taskflow' retrieved from /home/airflow/.local/lib/python3.12/site-packages/airflow/example_dags/example_setup_teardown_taskflow.py
[2026-02-10T23:05:03.857+0000] {logging_mixin.py:188} INFO - [2026-02-10T23:05:03.856+0000] {dag.py:3096} INFO - Sync 1 DAGs
[2026-02-10T23:05:03.878+0000] {logging_mixin.py:188} INFO - [2026-02-10T23:05:03.878+0000] {dag.py:3954} INFO - Setting next_dagrun for example_setup_teardown_taskflow to 2026-02-09 00:00:00+00:00, run_after=2026-02-10 00:00:00+00:00
[2026-02-10T23:05:03.898+0000] {processor.py:183} INFO - Processing /home/airflow/.local/lib/python3.12/site-packages/airflow/example_dags/example_setup_teardown_taskflow.py took 0.083 seconds
[2026-02-10T23:05:33.957+0000] {processor.py:161} INFO - Started process (PID=545) to work on /home/airflow/.local/lib/python3.12/site-packages/airflow/example_dags/example_setup_teardown_taskflow.py
[2026-02-10T23:05:33.958+0000] {processor.py:830} INFO - Processing file /home/airflow/.local/lib/python3.12/site-packages/airflow/example_dags/example_setup_teardown_taskflow.py for tasks to queue
[2026-02-10T23:05:33.960+0000] {logging_mixin.py:188} INFO - [2026-02-10T23:05:33.960+0000] {dagbag.py:540} INFO - Filling up the DagBag from /home/airflow/.local/lib/python3.12/site-packages/airflow/example_dags/example_setup_teardown_taskflow.py
[2026-02-10T23:05:33.968+0000] {processor.py:840} INFO - DAG(s) 'example_setup_teardown_taskflow' retrieved from /home/airflow/.local/lib/python3.12/site-packages/airflow/example_dags/example_setup_teardown_taskflow.py
[2026-02-10T23:05:33.989+0000] {logging_mixin.py:188} INFO - [2026-02-10T23:05:33.989+0000] {dag.py:3096} INFO - Sync 1 DAGs
[2026-02-10T23:05:34.007+0000] {logging_mixin.py:188} INFO - [2026-02-10T23:05:34.007+0000] {dag.py:3954} INFO - Setting next_dagrun for example_setup_teardown_taskflow to 2026-02-09 00:00:00+00:00, run_after=2026-02-10 00:00:00+00:00
[2026-02-10T23:05:34.026+0000] {processor.py:183} INFO - Processing /home/airflow/.local/lib/python3.12/site-packages/airflow/example_dags/example_setup_teardown_taskflow.py took 0.075 seconds
[2026-02-10T23:06:04.184+0000] {processor.py:161} INFO - Started process (PID=598) to work on /home/airflow/.local/lib/python3.12/site-packages/airflow/example_dags/example_setup_teardown_taskflow.py
[2026-02-10T23:06:04.185+0000] {processor.py:830} INFO - Processing file /home/airflow/.local/lib/python3.12/site-packages/airflow/example_dags/example_setup_teardown_taskflow.py for tasks to queue
[2026-02-10T23:06:04.187+0000] {logging_mixin.py:188} INFO - [2026-02-10T23:06:04.187+0000] {dagbag.py:540} INFO - Filling up the DagBag from /home/airflow/.local/lib/python3.12/site-packages/airflow/example_dags/example_setup_teardown_taskflow.py
[2026-02-10T23:06:04.196+0000] {processor.py:840} INFO - DAG(s) 'example_setup_teardown_taskflow' retrieved from /home/airflow/.local/lib/python3.12/site-packages/airflow/example_dags/example_setup_teardown_taskflow.py
[2026-02-10T23:06:04.216+0000] {logging_mixin.py:188} INFO - [2026-02-10T23:06:04.215+0000] {dag.py:3096} INFO - Sync 1 DAGs
[2026-02-10T23:06:04.234+0000] {logging_mixin.py:188} INFO - [2026-02-10T23:06:04.234+0000] {dag.py:3954} INFO - Setting next_dagrun for example_setup_teardown_taskflow to 2026-02-09 00:00:00+00:00, run_after=2026-02-10 00:00:00+00:00
[2026-02-10T23:06:04.254+0000] {processor.py:183} INFO - Processing /home/airflow/.local/lib/python3.12/site-packages/airflow/example_dags/example_setup_teardown_taskflow.py took 0.075 seconds
[2026-02-10T23:06:34.343+0000] {processor.py:161} INFO - Started process (PID=652) to work on /home/airflow/.local/lib/python3.12/site-packages/airflow/example_dags/example_setup_teardown_taskflow.py
[2026-02-10T23:06:34.344+0000] {processor.py:830} INFO - Processing file /home/airflow/.local/lib/python3.12/site-packages/airflow/example_dags/example_setup_teardown_taskflow.py for tasks to queue
[2026-02-10T23:06:34.346+0000] {logging_mixin.py:188} INFO - [2026-02-10T23:06:34.346+0000] {dagbag.py:540} INFO - Filling up the DagBag from /home/airflow/.local/lib/python3.12/site-packages/airflow/example_dags/example_setup_teardown_taskflow.py
[2026-02-10T23:06:34.355+0000] {processor.py:840} INFO - DAG(s) 'example_setup_teardown_taskflow' retrieved from /home/airflow/.local/lib/python3.12/site-packages/airflow/example_dags/example_setup_teardown_taskflow.py
[2026-02-10T23:06:34.375+0000] {logging_mixin.py:188} INFO - [2026-02-10T23:06:34.374+0000] {dag.py:3096} INFO - Sync 1 DAGs
[2026-02-10T23:06:34.394+0000] {logging_mixin.py:188} INFO - [2026-02-10T23:06:34.394+0000] {dag.py:3954} INFO - Setting next_dagrun for example_setup_teardown_taskflow to 2026-02-09 00:00:00+00:00, run_after=2026-02-10 00:00:00+00:00
[2026-02-10T23:06:34.413+0000] {processor.py:183} INFO - Processing /home/airflow/.local/lib/python3.12/site-packages/airflow/example_dags/example_setup_teardown_taskflow.py took 0.076 seconds
[2026-02-10T23:07:04.632+0000] {processor.py:161} INFO - Started process (PID=706) to work on /home/airflow/.local/lib/python3.12/site-packages/airflow/example_dags/example_setup_teardown_taskflow.py
[2026-02-10T23:07:04.633+0000] {processor.py:830} INFO - Processing file /home/airflow/.local/lib/python3.12/site-packages/airflow/example_dags/example_setup_teardown_taskflow.py for tasks to queue
[2026-02-10T23:07:04.635+0000] {logging_mixin.py:188} INFO - [2026-02-10T23:07:04.635+0000] {dagbag.py:540} INFO - Filling up the DagBag from /home/airflow/.local/lib/python3.12/site-packages/airflow/example_dags/example_setup_teardown_taskflow.py
[2026-02-10T23:07:04.642+0000] {processor.py:840} INFO - DAG(s) 'example_setup_teardown_taskflow' retrieved from /home/airflow/.local/lib/python3.12/site-packages/airflow/example_dags/example_setup_teardown_taskflow.py
[2026-02-10T23:07:04.662+0000] {logging_mixin.py:188} INFO - [2026-02-10T23:07:04.662+0000] {dag.py:3096} INFO - Sync 1 DAGs
[2026-02-10T23:07:04.680+0000] {logging_mixin.py:188} INFO - [2026-02-10T23:07:04.680+0000] {dag.py:3954} INFO - Setting next_dagrun for example_setup_teardown_taskflow to 2026-02-09 00:00:00+00:00, run_after=2026-02-10 00:00:00+00:00
[2026-02-10T23:07:04.699+0000] {processor.py:183} INFO - Processing /home/airflow/.local/lib/python3.12/site-packages/airflow/example_dags/example_setup_teardown_taskflow.py took 0.073 seconds
[2026-02-10T23:07:34.813+0000] {processor.py:161} INFO - Started process (PID=760) to work on /home/airflow/.local/lib/python3.12/site-packages/airflow/example_dags/example_setup_teardown_taskflow.py
[2026-02-10T23:07:34.815+0000] {processor.py:830} INFO - Processing file /home/airflow/.local/lib/python3.12/site-packages/airflow/example_dags/example_setup_teardown_taskflow.py for tasks to queue
[2026-02-10T23:07:34.817+0000] {logging_mixin.py:188} INFO - [2026-02-10T23:07:34.817+0000] {dagbag.py:540} INFO - Filling up the DagBag from /home/airflow/.local/lib/python3.12/site-packages/airflow/example_dags/example_setup_teardown_taskflow.py
[2026-02-10T23:07:34.826+0000] {processor.py:840} INFO - DAG(s) 'example_setup_teardown_taskflow' retrieved from /home/airflow/.local/lib/python3.12/site-packages/airflow/example_dags/example_setup_teardown_taskflow.py
[2026-02-10T23:07:34.847+0000] {logging_mixin.py:188} INFO - [2026-02-10T23:07:34.847+0000] {dag.py:3096} INFO - Sync 1 DAGs
[2026-02-10T23:07:34.867+0000] {logging_mixin.py:188} INFO - [2026-02-10T23:07:34.867+0000] {dag.py:3954} INFO - Setting next_dagrun for example_setup_teardown_taskflow to 2026-02-09 00:00:00+00:00, run_after=2026-02-10 00:00:00+00:00
[2026-02-10T23:07:34.886+0000] {processor.py:183} INFO - Processing /home/airflow/.local/lib/python3.12/site-packages/airflow/example_dags/example_setup_teardown_taskflow.py took 0.078 seconds
[2026-02-10T23:08:05.131+0000] {processor.py:161} INFO - Started process (PID=814) to work on /home/airflow/.local/lib/python3.12/site-packages/airflow/example_dags/example_setup_teardown_taskflow.py
[2026-02-10T23:08:05.132+0000] {processor.py:830} INFO - Processing file /home/airflow/.local/lib/python3.12/site-packages/airflow/example_dags/example_setup_teardown_taskflow.py for tasks to queue
[2026-02-10T23:08:05.134+0000] {logging_mixin.py:188} INFO - [2026-02-10T23:08:05.134+0000] {dagbag.py:540} INFO - Filling up the DagBag from /home/airflow/.local/lib/python3.12/site-packages/airflow/example_dags/example_setup_teardown_taskflow.py
[2026-02-10T23:08:05.143+0000] {processor.py:840} INFO - DAG(s) 'example_setup_teardown_taskflow' retrieved from /home/airflow/.local/lib/python3.12/site-packages/airflow/example_dags/example_setup_teardown_taskflow.py
[2026-02-10T23:08:05.165+0000] {logging_mixin.py:188} INFO - [2026-02-10T23:08:05.164+0000] {dag.py:3096} INFO - Sync 1 DAGs
[2026-02-10T23:08:05.185+0000] {logging_mixin.py:188} INFO - [2026-02-10T23:08:05.185+0000] {dag.py:3954} INFO - Setting next_dagrun for example_setup_teardown_taskflow to 2026-02-09 00:00:00+00:00, run_after=2026-02-10 00:00:00+00:00
[2026-02-10T23:08:05.202+0000] {processor.py:183} INFO - Processing /home/airflow/.local/lib/python3.12/site-packages/airflow/example_dags/example_setup_teardown_taskflow.py took 0.077 seconds
[2026-02-10T23:08:35.393+0000] {processor.py:161} INFO - Started process (PID=868) to work on /home/airflow/.local/lib/python3.12/site-packages/airflow/example_dags/example_setup_teardown_taskflow.py
[2026-02-10T23:08:35.394+0000] {processor.py:830} INFO - Processing file /home/airflow/.local/lib/python3.12/site-packages/airflow/example_dags/example_setup_teardown_taskflow.py for tasks to queue
[2026-02-10T23:08:35.396+0000] {logging_mixin.py:188} INFO - [2026-02-10T23:08:35.396+0000] {dagbag.py:540} INFO - Filling up the DagBag from /home/airflow/.local/lib/python3.12/site-packages/airflow/example_dags/example_setup_teardown_taskflow.py
[2026-02-10T23:08:35.405+0000] {processor.py:840} INFO - DAG(s) 'example_setup_teardown_taskflow' retrieved from /home/airflow/.local/lib/python3.12/site-packages/airflow/example_dags/example_setup_teardown_taskflow.py
[2026-02-10T23:08:35.424+0000] {logging_mixin.py:188} INFO - [2026-02-10T23:08:35.424+0000] {dag.py:3096} INFO - Sync 1 DAGs
[2026-02-10T23:08:35.444+0000] {logging_mixin.py:188} INFO - [2026-02-10T23:08:35.444+0000] {dag.py:3954} INFO - Setting next_dagrun for example_setup_teardown_taskflow to 2026-02-09 00:00:00+00:00, run_after=2026-02-10 00:00:00+00:00
[2026-02-10T23:08:35.464+0000] {processor.py:183} INFO - Processing /home/airflow/.local/lib/python3.12/site-packages/airflow/example_dags/example_setup_teardown_taskflow.py took 0.077 seconds
[2026-02-10T23:09:05.586+0000] {processor.py:161} INFO - Started process (PID=922) to work on /home/airflow/.local/lib/python3.12/site-packages/airflow/example_dags/example_setup_teardown_taskflow.py
[2026-02-10T23:09:05.588+0000] {processor.py:830} INFO - Processing file /home/airflow/.local/lib/python3.12/site-packages/airflow/example_dags/example_setup_teardown_taskflow.py for tasks to queue
[2026-02-10T23:09:05.590+0000] {logging_mixin.py:188} INFO - [2026-02-10T23:09:05.589+0000] {dagbag.py:540} INFO - Filling up the DagBag from /home/airflow/.local/lib/python3.12/site-packages/airflow/example_dags/example_setup_teardown_taskflow.py
[2026-02-10T23:09:05.599+0000] {processor.py:840} INFO - DAG(s) 'example_setup_teardown_taskflow' retrieved from /home/airflow/.local/lib/python3.12/site-packages/airflow/example_dags/example_setup_teardown_taskflow.py
[2026-02-10T23:09:05.619+0000] {logging_mixin.py:188} INFO - [2026-02-10T23:09:05.619+0000] {dag.py:3096} INFO - Sync 1 DAGs
[2026-02-10T23:09:05.639+0000] {logging_mixin.py:188} INFO - [2026-02-10T23:09:05.639+0000] {dag.py:3954} INFO - Setting next_dagrun for example_setup_teardown_taskflow to 2026-02-09 00:00:00+00:00, run_after=2026-02-10 00:00:00+00:00
[2026-02-10T23:09:05.657+0000] {processor.py:183} INFO - Processing /home/airflow/.local/lib/python3.12/site-packages/airflow/example_dags/example_setup_teardown_taskflow.py took 0.076 seconds
[2026-02-10T23:09:35.905+0000] {processor.py:161} INFO - Started process (PID=976) to work on /home/airflow/.local/lib/python3.12/site-packages/airflow/example_dags/example_setup_teardown_taskflow.py
[2026-02-10T23:09:35.907+0000] {processor.py:830} INFO - Processing file /home/airflow/.local/lib/python3.12/site-packages/airflow/example_dags/example_setup_teardown_taskflow.py for tasks to queue
[2026-02-10T23:09:35.909+0000] {logging_mixin.py:188} INFO - [2026-02-10T23:09:35.908+0000] {dagbag.py:540} INFO - Filling up the DagBag from /home/airflow/.local/lib/python3.12/site-packages/airflow/example_dags/example_setup_teardown_taskflow.py
[2026-02-10T23:09:35.917+0000] {processor.py:840} INFO - DAG(s) 'example_setup_teardown_taskflow' retrieved from /home/airflow/.local/lib/python3.12/site-packages/airflow/example_dags/example_setup_teardown_taskflow.py
[2026-02-10T23:09:35.936+0000] {logging_mixin.py:188} INFO - [2026-02-10T23:09:35.936+0000] {dag.py:3096} INFO - Sync 1 DAGs
[2026-02-10T23:09:35.958+0000] {logging_mixin.py:188} INFO - [2026-02-10T23:09:35.958+0000] {dag.py:3954} INFO - Setting next_dagrun for example_setup_teardown_taskflow to 2026-02-09 00:00:00+00:00, run_after=2026-02-10 00:00:00+00:00
[2026-02-10T23:09:35.978+0000] {processor.py:183} INFO - Processing /home/airflow/.local/lib/python3.12/site-packages/airflow/example_dags/example_setup_teardown_taskflow.py took 0.078 seconds
[2026-02-10T23:10:06.682+0000] {processor.py:161} INFO - Started process (PID=1030) to work on /home/airflow/.local/lib/python3.12/site-packages/airflow/example_dags/example_setup_teardown_taskflow.py
[2026-02-10T23:10:06.683+0000] {processor.py:830} INFO - Processing file /home/airflow/.local/lib/python3.12/site-packages/airflow/example_dags/example_setup_teardown_taskflow.py for tasks to queue
[2026-02-10T23:10:06.685+0000] {logging_mixin.py:188} INFO - [2026-02-10T23:10:06.685+0000] {dagbag.py:540} INFO - Filling up the DagBag from /home/airflow/.local/lib/python3.12/site-packages/airflow/example_dags/example_setup_teardown_taskflow.py
[2026-02-10T23:10:06.693+0000] {processor.py:840} INFO - DAG(s) 'example_setup_teardown_taskflow' retrieved from /home/airflow/.local/lib/python3.12/site-packages/airflow/example_dags/example_setup_teardown_taskflow.py
[2026-02-10T23:10:06.716+0000] {logging_mixin.py:188} INFO - [2026-02-10T23:10:06.716+0000] {dag.py:3096} INFO - Sync 1 DAGs
[2026-02-10T23:10:06.876+0000] {logging_mixin.py:188} INFO - [2026-02-10T23:10:06.876+0000] {dag.py:3954} INFO - Setting next_dagrun for example_setup_teardown_taskflow to 2026-02-09 00:00:00+00:00, run_after=2026-02-10 00:00:00+00:00
[2026-02-10T23:10:06.896+0000] {processor.py:183} INFO - Processing /home/airflow/.local/lib/python3.12/site-packages/airflow/example_dags/example_setup_teardown_taskflow.py took 0.220 seconds
[2026-02-10T23:10:37.418+0000] {processor.py:161} INFO - Started process (PID=1084) to work on /home/airflow/.local/lib/python3.12/site-packages/airflow/example_dags/example_setup_teardown_taskflow.py
[2026-02-10T23:10:37.419+0000] {processor.py:830} INFO - Processing file /home/airflow/.local/lib/python3.12/site-packages/airflow/example_dags/example_setup_teardown_taskflow.py for tasks to queue
[2026-02-10T23:10:37.421+0000] {logging_mixin.py:188} INFO - [2026-02-10T23:10:37.421+0000] {dagbag.py:540} INFO - Filling up the DagBag from /home/airflow/.local/lib/python3.12/site-packages/airflow/example_dags/example_setup_teardown_taskflow.py
[2026-02-10T23:10:37.430+0000] {processor.py:840} INFO - DAG(s) 'example_setup_teardown_taskflow' retrieved from /home/airflow/.local/lib/python3.12/site-packages/airflow/example_dags/example_setup_teardown_taskflow.py
[2026-02-10T23:10:37.457+0000] {logging_mixin.py:188} INFO - [2026-02-10T23:10:37.457+0000] {dag.py:3096} INFO - Sync 1 DAGs
[2026-02-10T23:10:37.482+0000] {logging_mixin.py:188} INFO - [2026-02-10T23:10:37.482+0000] {dag.py:3954} INFO - Setting next_dagrun for example_setup_teardown_taskflow to 2026-02-09 00:00:00+00:00, run_after=2026-02-10 00:00:00+00:00
[2026-02-10T23:10:37.642+0000] {processor.py:183} INFO - Processing /home/airflow/.local/lib/python3.12/site-packages/airflow/example_dags/example_setup_teardown_taskflow.py took 0.230 seconds
[2026-02-10T23:11:07.743+0000] {processor.py:161} INFO - Started process (PID=1138) to work on /home/airflow/.local/lib/python3.12/site-packages/airflow/example_dags/example_setup_teardown_taskflow.py
[2026-02-10T23:11:07.745+0000] {processor.py:830} INFO - Processing file /home/airflow/.local/lib/python3.12/site-packages/airflow/example_dags/example_setup_teardown_taskflow.py for tasks to queue
[2026-02-10T23:11:07.747+0000] {logging_mixin.py:188} INFO - [2026-02-10T23:11:07.746+0000] {dagbag.py:540} INFO - Filling up the DagBag from /home/airflow/.local/lib/python3.12/site-packages/airflow/example_dags/example_setup_teardown_taskflow.py
[2026-02-10T23:11:07.755+0000] {processor.py:840} INFO - DAG(s) 'example_setup_teardown_taskflow' retrieved from /home/airflow/.local/lib/python3.12/site-packages/airflow/example_dags/example_setup_teardown_taskflow.py
[2026-02-10T23:11:07.784+0000] {logging_mixin.py:188} INFO - [2026-02-10T23:11:07.784+0000] {dag.py:3096} INFO - Sync 1 DAGs
[2026-02-10T23:11:07.817+0000] {logging_mixin.py:188} INFO - [2026-02-10T23:11:07.817+0000] {dag.py:3954} INFO - Setting next_dagrun for example_setup_teardown_taskflow to 2026-02-09 00:00:00+00:00, run_after=2026-02-10 00:00:00+00:00
[2026-02-10T23:11:07.845+0000] {processor.py:183} INFO - Processing /home/airflow/.local/lib/python3.12/site-packages/airflow/example_dags/example_setup_teardown_taskflow.py took 0.107 seconds
[2026-02-10T23:11:38.063+0000] {processor.py:161} INFO - Started process (PID=1192) to work on /home/airflow/.local/lib/python3.12/site-packages/airflow/example_dags/example_setup_teardown_taskflow.py
[2026-02-10T23:11:38.067+0000] {processor.py:830} INFO - Processing file /home/airflow/.local/lib/python3.12/site-packages/airflow/example_dags/example_setup_teardown_taskflow.py for tasks to queue
[2026-02-10T23:11:38.069+0000] {logging_mixin.py:188} INFO - [2026-02-10T23:11:38.069+0000] {dagbag.py:540} INFO - Filling up the DagBag from /home/airflow/.local/lib/python3.12/site-packages/airflow/example_dags/example_setup_teardown_taskflow.py
[2026-02-10T23:11:38.078+0000] {processor.py:840} INFO - DAG(s) 'example_setup_teardown_taskflow' retrieved from /home/airflow/.local/lib/python3.12/site-packages/airflow/example_dags/example_setup_teardown_taskflow.py
[2026-02-10T23:11:38.101+0000] {logging_mixin.py:188} INFO - [2026-02-10T23:11:38.101+0000] {dag.py:3096} INFO - Sync 1 DAGs
[2026-02-10T23:11:38.121+0000] {logging_mixin.py:188} INFO - [2026-02-10T23:11:38.121+0000] {dag.py:3954} INFO - Setting next_dagrun for example_setup_teardown_taskflow to 2026-02-09 00:00:00+00:00, run_after=2026-02-10 00:00:00+00:00
[2026-02-10T23:11:38.138+0000] {processor.py:183} INFO - Processing /home/airflow/.local/lib/python3.12/site-packages/airflow/example_dags/example_setup_teardown_taskflow.py took 0.082 seconds
[2026-02-10T23:12:08.520+0000] {processor.py:161} INFO - Started process (PID=1246) to work on /home/airflow/.local/lib/python3.12/site-packages/airflow/example_dags/example_setup_teardown_taskflow.py
[2026-02-10T23:12:08.521+0000] {processor.py:830} INFO - Processing file /home/airflow/.local/lib/python3.12/site-packages/airflow/example_dags/example_setup_teardown_taskflow.py for tasks to queue
[2026-02-10T23:12:08.522+0000] {logging_mixin.py:188} INFO - [2026-02-10T23:12:08.522+0000] {dagbag.py:540} INFO - Filling up the DagBag from /home/airflow/.local/lib/python3.12/site-packages/airflow/example_dags/example_setup_teardown_taskflow.py
[2026-02-10T23:12:08.530+0000] {processor.py:840} INFO - DAG(s) 'example_setup_teardown_taskflow' retrieved from /home/airflow/.local/lib/python3.12/site-packages/airflow/example_dags/example_setup_teardown_taskflow.py
[2026-02-10T23:12:08.693+0000] {logging_mixin.py:188} INFO - [2026-02-10T23:12:08.693+0000] {dag.py:3096} INFO - Sync 1 DAGs
[2026-02-10T23:12:08.709+0000] {logging_mixin.py:188} INFO - [2026-02-10T23:12:08.709+0000] {dag.py:3954} INFO - Setting next_dagrun for example_setup_teardown_taskflow to 2026-02-09 00:00:00+00:00, run_after=2026-02-10 00:00:00+00:00
[2026-02-10T23:12:08.735+0000] {processor.py:183} INFO - Processing /home/airflow/.local/lib/python3.12/site-packages/airflow/example_dags/example_setup_teardown_taskflow.py took 0.220 seconds
[2026-02-10T23:12:39.493+0000] {processor.py:161} INFO - Started process (PID=1300) to work on /home/airflow/.local/lib/python3.12/site-packages/airflow/example_dags/example_setup_teardown_taskflow.py
[2026-02-10T23:12:39.494+0000] {processor.py:830} INFO - Processing file /home/airflow/.local/lib/python3.12/site-packages/airflow/example_dags/example_setup_teardown_taskflow.py for tasks to queue
[2026-02-10T23:12:39.496+0000] {logging_mixin.py:188} INFO - [2026-02-10T23:12:39.496+0000] {dagbag.py:540} INFO - Filling up the DagBag from /home/airflow/.local/lib/python3.12/site-packages/airflow/example_dags/example_setup_teardown_taskflow.py
[2026-02-10T23:12:39.504+0000] {processor.py:840} INFO - DAG(s) 'example_setup_teardown_taskflow' retrieved from /home/airflow/.local/lib/python3.12/site-packages/airflow/example_dags/example_setup_teardown_taskflow.py
[2026-02-10T23:12:39.527+0000] {logging_mixin.py:188} INFO - [2026-02-10T23:12:39.526+0000] {dag.py:3096} INFO - Sync 1 DAGs
[2026-02-10T23:12:39.546+0000] {logging_mixin.py:188} INFO - [2026-02-10T23:12:39.546+0000] {dag.py:3954} INFO - Setting next_dagrun for example_setup_teardown_taskflow to 2026-02-09 00:00:00+00:00, run_after=2026-02-10 00:00:00+00:00
[2026-02-10T23:12:39.697+0000] {processor.py:183} INFO - Processing /home/airflow/.local/lib/python3.12/site-packages/airflow/example_dags/example_setup_teardown_taskflow.py took 0.210 seconds
[2026-02-10T23:13:10.629+0000] {processor.py:161} INFO - Started process (PID=1354) to work on /home/airflow/.local/lib/python3.12/site-packages/airflow/example_dags/example_setup_teardown_taskflow.py
[2026-02-10T23:13:10.630+0000] {processor.py:830} INFO - Processing file /home/airflow/.local/lib/python3.12/site-packages/airflow/example_dags/example_setup_teardown_taskflow.py for tasks to queue
[2026-02-10T23:13:10.632+0000] {logging_mixin.py:188} INFO - [2026-02-10T23:13:10.632+0000] {dagbag.py:540} INFO - Filling up the DagBag from /home/airflow/.local/lib/python3.12/site-packages/airflow/example_dags/example_setup_teardown_taskflow.py
[2026-02-10T23:13:10.641+0000] {processor.py:840} INFO - DAG(s) 'example_setup_teardown_taskflow' retrieved from /home/airflow/.local/lib/python3.12/site-packages/airflow/example_dags/example_setup_teardown_taskflow.py
[2026-02-10T23:13:10.668+0000] {logging_mixin.py:188} INFO - [2026-02-10T23:13:10.668+0000] {dag.py:3096} INFO - Sync 1 DAGs
[2026-02-10T23:13:10.690+0000] {logging_mixin.py:188} INFO - [2026-02-10T23:13:10.690+0000] {dag.py:3954} INFO - Setting next_dagrun for example_setup_teardown_taskflow to 2026-02-09 00:00:00+00:00, run_after=2026-02-10 00:00:00+00:00
[2026-02-10T23:13:10.712+0000] {processor.py:183} INFO - Processing /home/airflow/.local/lib/python3.12/site-packages/airflow/example_dags/example_setup_teardown_taskflow.py took 0.089 seconds
[2026-02-10T23:13:41.462+0000] {processor.py:161} INFO - Started process (PID=1408) to work on /home/airflow/.local/lib/python3.12/site-packages/airflow/example_dags/example_setup_teardown_taskflow.py
[2026-02-10T23:13:41.464+0000] {processor.py:830} INFO - Processing file /home/airflow/.local/lib/python3.12/site-packages/airflow/example_dags/example_setup_teardown_taskflow.py for tasks to queue
[2026-02-10T23:13:41.466+0000] {logging_mixin.py:188} INFO - [2026-02-10T23:13:41.465+0000] {dagbag.py:540} INFO - Filling up the DagBag from /home/airflow/.local/lib/python3.12/site-packages/airflow/example_dags/example_setup_teardown_taskflow.py
[2026-02-10T23:13:41.473+0000] {processor.py:840} INFO - DAG(s) 'example_setup_teardown_taskflow' retrieved from /home/airflow/.local/lib/python3.12/site-packages/airflow/example_dags/example_setup_teardown_taskflow.py
[2026-02-10T23:13:41.493+0000] {logging_mixin.py:188} INFO - [2026-02-10T23:13:41.493+0000] {dag.py:3096} INFO - Sync 1 DAGs
[2026-02-10T23:13:41.512+0000] {logging_mixin.py:188} INFO - [2026-02-10T23:13:41.511+0000] {dag.py:3954} INFO - Setting next_dagrun for example_setup_teardown_taskflow to 2026-02-09 00:00:00+00:00, run_after=2026-02-10 00:00:00+00:00
[2026-02-10T23:13:41.542+0000] {processor.py:183} INFO - Processing /home/airflow/.local/lib/python3.12/site-packages/airflow/example_dags/example_setup_teardown_taskflow.py took 0.085 seconds
[2026-02-10T23:14:12.365+0000] {processor.py:161} INFO - Started process (PID=1462) to work on /home/airflow/.local/lib/python3.12/site-packages/airflow/example_dags/example_setup_teardown_taskflow.py
[2026-02-10T23:14:12.366+0000] {processor.py:830} INFO - Processing file /home/airflow/.local/lib/python3.12/site-packages/airflow/example_dags/example_setup_teardown_taskflow.py for tasks to queue
[2026-02-10T23:14:12.368+0000] {logging_mixin.py:188} INFO - [2026-02-10T23:14:12.367+0000] {dagbag.py:540} INFO - Filling up the DagBag from /home/airflow/.local/lib/python3.12/site-packages/airflow/example_dags/example_setup_teardown_taskflow.py
[2026-02-10T23:14:12.376+0000] {processor.py:840} INFO - DAG(s) 'example_setup_teardown_taskflow' retrieved from /home/airflow/.local/lib/python3.12/site-packages/airflow/example_dags/example_setup_teardown_taskflow.py
[2026-02-10T23:14:12.397+0000] {logging_mixin.py:188} INFO - [2026-02-10T23:14:12.396+0000] {dag.py:3096} INFO - Sync 1 DAGs
[2026-02-10T23:14:12.415+0000] {logging_mixin.py:188} INFO - [2026-02-10T23:14:12.415+0000] {dag.py:3954} INFO - Setting next_dagrun for example_setup_teardown_taskflow to 2026-02-09 00:00:00+00:00, run_after=2026-02-10 00:00:00+00:00
[2026-02-10T23:14:12.444+0000] {processor.py:183} INFO - Processing /home/airflow/.local/lib/python3.12/site-packages/airflow/example_dags/example_setup_teardown_taskflow.py took 0.085 seconds
[2026-02-10T23:14:42.615+0000] {processor.py:161} INFO - Started process (PID=1516) to work on /home/airflow/.local/lib/python3.12/site-packages/airflow/example_dags/example_setup_teardown_taskflow.py
[2026-02-10T23:14:42.616+0000] {processor.py:830} INFO - Processing file /home/airflow/.local/lib/python3.12/site-packages/airflow/example_dags/example_setup_teardown_taskflow.py for tasks to queue
[2026-02-10T23:14:42.618+0000] {logging_mixin.py:188} INFO - [2026-02-10T23:14:42.617+0000] {dagbag.py:540} INFO - Filling up the DagBag from /home/airflow/.local/lib/python3.12/site-packages/airflow/example_dags/example_setup_teardown_taskflow.py
[2026-02-10T23:14:42.625+0000] {processor.py:840} INFO - DAG(s) 'example_setup_teardown_taskflow' retrieved from /home/airflow/.local/lib/python3.12/site-packages/airflow/example_dags/example_setup_teardown_taskflow.py
[2026-02-10T23:14:42.648+0000] {logging_mixin.py:188} INFO - [2026-02-10T23:14:42.647+0000] {dag.py:3096} INFO - Sync 1 DAGs
[2026-02-10T23:14:42.669+0000] {logging_mixin.py:188} INFO - [2026-02-10T23:14:42.669+0000] {dag.py:3954} INFO - Setting next_dagrun for example_setup_teardown_taskflow to 2026-02-09 00:00:00+00:00, run_after=2026-02-10 00:00:00+00:00
[2026-02-10T23:14:42.689+0000] {processor.py:183} INFO - Processing /home/airflow/.local/lib/python3.12/site-packages/airflow/example_dags/example_setup_teardown_taskflow.py took 0.080 seconds
[2026-02-10T23:15:13.035+0000] {processor.py:161} INFO - Started process (PID=1570) to work on /home/airflow/.local/lib/python3.12/site-packages/airflow/example_dags/example_setup_teardown_taskflow.py
[2026-02-10T23:15:13.036+0000] {processor.py:830} INFO - Processing file /home/airflow/.local/lib/python3.12/site-packages/airflow/example_dags/example_setup_teardown_taskflow.py for tasks to queue
[2026-02-10T23:15:13.038+0000] {logging_mixin.py:188} INFO - [2026-02-10T23:15:13.038+0000] {dagbag.py:540} INFO - Filling up the DagBag from /home/airflow/.local/lib/python3.12/site-packages/airflow/example_dags/example_setup_teardown_taskflow.py
[2026-02-10T23:15:13.047+0000] {processor.py:840} INFO - DAG(s) 'example_setup_teardown_taskflow' retrieved from /home/airflow/.local/lib/python3.12/site-packages/airflow/example_dags/example_setup_teardown_taskflow.py
[2026-02-10T23:15:13.074+0000] {logging_mixin.py:188} INFO - [2026-02-10T23:15:13.074+0000] {dag.py:3096} INFO - Sync 1 DAGs
[2026-02-10T23:15:13.094+0000] {logging_mixin.py:188} INFO - [2026-02-10T23:15:13.094+0000] {dag.py:3954} INFO - Setting next_dagrun for example_setup_teardown_taskflow to 2026-02-09 00:00:00+00:00, run_after=2026-02-10 00:00:00+00:00
[2026-02-10T23:15:13.118+0000] {processor.py:183} INFO - Processing /home/airflow/.local/lib/python3.12/site-packages/airflow/example_dags/example_setup_teardown_taskflow.py took 0.089 seconds
[2026-02-10T23:15:43.614+0000] {processor.py:161} INFO - Started process (PID=1624) to work on /home/airflow/.local/lib/python3.12/site-packages/airflow/example_dags/example_setup_teardown_taskflow.py
[2026-02-10T23:15:43.615+0000] {processor.py:830} INFO - Processing file /home/airflow/.local/lib/python3.12/site-packages/airflow/example_dags/example_setup_teardown_taskflow.py for tasks to queue
[2026-02-10T23:15:43.617+0000] {logging_mixin.py:188} INFO - [2026-02-10T23:15:43.616+0000] {dagbag.py:540} INFO - Filling up the DagBag from /home/airflow/.local/lib/python3.12/site-packages/airflow/example_dags/example_setup_teardown_taskflow.py
[2026-02-10T23:15:43.625+0000] {processor.py:840} INFO - DAG(s) 'example_setup_teardown_taskflow' retrieved from /home/airflow/.local/lib/python3.12/site-packages/airflow/example_dags/example_setup_teardown_taskflow.py
[2026-02-10T23:15:43.650+0000] {logging_mixin.py:188} INFO - [2026-02-10T23:15:43.650+0000] {dag.py:3096} INFO - Sync 1 DAGs
[2026-02-10T23:15:43.675+0000] {logging_mixin.py:188} INFO - [2026-02-10T23:15:43.675+0000] {dag.py:3954} INFO - Setting next_dagrun for example_setup_teardown_taskflow to 2026-02-09 00:00:00+00:00, run_after=2026-02-10 00:00:00+00:00
[2026-02-10T23:15:43.705+0000] {processor.py:183} INFO - Processing /home/airflow/.local/lib/python3.12/site-packages/airflow/example_dags/example_setup_teardown_taskflow.py took 0.097 seconds
[2026-02-10T23:16:13.983+0000] {processor.py:161} INFO - Started process (PID=1678) to work on /home/airflow/.local/lib/python3.12/site-packages/airflow/example_dags/example_setup_teardown_taskflow.py
[2026-02-10T23:16:13.985+0000] {processor.py:830} INFO - Processing file /home/airflow/.local/lib/python3.12/site-packages/airflow/example_dags/example_setup_teardown_taskflow.py for tasks to queue
[2026-02-10T23:16:13.987+0000] {logging_mixin.py:188} INFO - [2026-02-10T23:16:13.987+0000] {dagbag.py:540} INFO - Filling up the DagBag from /home/airflow/.local/lib/python3.12/site-packages/airflow/example_dags/example_setup_teardown_taskflow.py
[2026-02-10T23:16:13.997+0000] {processor.py:840} INFO - DAG(s) 'example_setup_teardown_taskflow' retrieved from /home/airflow/.local/lib/python3.12/site-packages/airflow/example_dags/example_setup_teardown_taskflow.py
[2026-02-10T23:16:14.024+0000] {logging_mixin.py:188} INFO - [2026-02-10T23:16:14.023+0000] {dag.py:3096} INFO - Sync 1 DAGs
[2026-02-10T23:16:14.050+0000] {logging_mixin.py:188} INFO - [2026-02-10T23:16:14.049+0000] {dag.py:3954} INFO - Setting next_dagrun for example_setup_teardown_taskflow to 2026-02-09 00:00:00+00:00, run_after=2026-02-10 00:00:00+00:00
[2026-02-10T23:16:14.072+0000] {processor.py:183} INFO - Processing /home/airflow/.local/lib/python3.12/site-packages/airflow/example_dags/example_setup_teardown_taskflow.py took 0.097 seconds
[2026-02-10T23:16:44.277+0000] {processor.py:161} INFO - Started process (PID=1732) to work on /home/airflow/.local/lib/python3.12/site-packages/airflow/example_dags/example_setup_teardown_taskflow.py
[2026-02-10T23:16:44.278+0000] {processor.py:830} INFO - Processing file /home/airflow/.local/lib/python3.12/site-packages/airflow/example_dags/example_setup_teardown_taskflow.py for tasks to queue
[2026-02-10T23:16:44.280+0000] {logging_mixin.py:188} INFO - [2026-02-10T23:16:44.280+0000] {dagbag.py:540} INFO - Filling up the DagBag from /home/airflow/.local/lib/python3.12/site-packages/airflow/example_dags/example_setup_teardown_taskflow.py
[2026-02-10T23:16:44.289+0000] {processor.py:840} INFO - DAG(s) 'example_setup_teardown_taskflow' retrieved from /home/airflow/.local/lib/python3.12/site-packages/airflow/example_dags/example_setup_teardown_taskflow.py
[2026-02-10T23:16:44.311+0000] {logging_mixin.py:188} INFO - [2026-02-10T23:16:44.311+0000] {dag.py:3096} INFO - Sync 1 DAGs
[2026-02-10T23:16:44.332+0000] {logging_mixin.py:188} INFO - [2026-02-10T23:16:44.331+0000] {dag.py:3954} INFO - Setting next_dagrun for example_setup_teardown_taskflow to 2026-02-09 00:00:00+00:00, run_after=2026-02-10 00:00:00+00:00
[2026-02-10T23:16:44.351+0000] {processor.py:183} INFO - Processing /home/airflow/.local/lib/python3.12/site-packages/airflow/example_dags/example_setup_teardown_taskflow.py took 0.080 seconds
[2026-02-10T23:17:14.454+0000] {processor.py:161} INFO - Started process (PID=1786) to work on /home/airflow/.local/lib/python3.12/site-packages/airflow/example_dags/example_setup_teardown_taskflow.py
[2026-02-10T23:17:14.455+0000] {processor.py:830} INFO - Processing file /home/airflow/.local/lib/python3.12/site-packages/airflow/example_dags/example_setup_teardown_taskflow.py for tasks to queue
[2026-02-10T23:17:14.457+0000] {logging_mixin.py:188} INFO - [2026-02-10T23:17:14.457+0000] {dagbag.py:540} INFO - Filling up the DagBag from /home/airflow/.local/lib/python3.12/site-packages/airflow/example_dags/example_setup_teardown_taskflow.py
[2026-02-10T23:17:14.466+0000] {processor.py:840} INFO - DAG(s) 'example_setup_teardown_taskflow' retrieved from /home/airflow/.local/lib/python3.12/site-packages/airflow/example_dags/example_setup_teardown_taskflow.py
[2026-02-10T23:17:14.491+0000] {logging_mixin.py:188} INFO - [2026-02-10T23:17:14.491+0000] {dag.py:3096} INFO - Sync 1 DAGs
[2026-02-10T23:17:14.514+0000] {logging_mixin.py:188} INFO - [2026-02-10T23:17:14.513+0000] {dag.py:3954} INFO - Setting next_dagrun for example_setup_teardown_taskflow to 2026-02-09 00:00:00+00:00, run_after=2026-02-10 00:00:00+00:00
[2026-02-10T23:17:14.535+0000] {processor.py:183} INFO - Processing /home/airflow/.local/lib/python3.12/site-packages/airflow/example_dags/example_setup_teardown_taskflow.py took 0.087 seconds
[2026-02-10T23:17:44.870+0000] {processor.py:161} INFO - Started process (PID=1840) to work on /home/airflow/.local/lib/python3.12/site-packages/airflow/example_dags/example_setup_teardown_taskflow.py
[2026-02-10T23:17:44.871+0000] {processor.py:830} INFO - Processing file /home/airflow/.local/lib/python3.12/site-packages/airflow/example_dags/example_setup_teardown_taskflow.py for tasks to queue
[2026-02-10T23:17:44.873+0000] {logging_mixin.py:188} INFO - [2026-02-10T23:17:44.873+0000] {dagbag.py:540} INFO - Filling up the DagBag from /home/airflow/.local/lib/python3.12/site-packages/airflow/example_dags/example_setup_teardown_taskflow.py
[2026-02-10T23:17:44.882+0000] {processor.py:840} INFO - DAG(s) 'example_setup_teardown_taskflow' retrieved from /home/airflow/.local/lib/python3.12/site-packages/airflow/example_dags/example_setup_teardown_taskflow.py
[2026-02-10T23:17:44.907+0000] {logging_mixin.py:188} INFO - [2026-02-10T23:17:44.907+0000] {dag.py:3096} INFO - Sync 1 DAGs
[2026-02-10T23:17:44.934+0000] {logging_mixin.py:188} INFO - [2026-02-10T23:17:44.933+0000] {dag.py:3954} INFO - Setting next_dagrun for example_setup_teardown_taskflow to 2026-02-09 00:00:00+00:00, run_after=2026-02-10 00:00:00+00:00
[2026-02-10T23:17:44.954+0000] {processor.py:183} INFO - Processing /home/airflow/.local/lib/python3.12/site-packages/airflow/example_dags/example_setup_teardown_taskflow.py took 0.089 seconds
[2026-02-10T23:18:15.111+0000] {processor.py:161} INFO - Started process (PID=1894) to work on /home/airflow/.local/lib/python3.12/site-packages/airflow/example_dags/example_setup_teardown_taskflow.py
[2026-02-10T23:18:15.112+0000] {processor.py:830} INFO - Processing file /home/airflow/.local/lib/python3.12/site-packages/airflow/example_dags/example_setup_teardown_taskflow.py for tasks to queue
[2026-02-10T23:18:15.113+0000] {logging_mixin.py:188} INFO - [2026-02-10T23:18:15.113+0000] {dagbag.py:540} INFO - Filling up the DagBag from /home/airflow/.local/lib/python3.12/site-packages/airflow/example_dags/example_setup_teardown_taskflow.py
[2026-02-10T23:18:15.121+0000] {processor.py:840} INFO - DAG(s) 'example_setup_teardown_taskflow' retrieved from /home/airflow/.local/lib/python3.12/site-packages/airflow/example_dags/example_setup_teardown_taskflow.py
[2026-02-10T23:18:15.144+0000] {logging_mixin.py:188} INFO - [2026-02-10T23:18:15.144+0000] {dag.py:3096} INFO - Sync 1 DAGs
[2026-02-10T23:18:15.164+0000] {logging_mixin.py:188} INFO - [2026-02-10T23:18:15.164+0000] {dag.py:3954} INFO - Setting next_dagrun for example_setup_teardown_taskflow to 2026-02-09 00:00:00+00:00, run_after=2026-02-10 00:00:00+00:00
[2026-02-10T23:18:15.185+0000] {processor.py:183} INFO - Processing /home/airflow/.local/lib/python3.12/site-packages/airflow/example_dags/example_setup_teardown_taskflow.py took 0.080 seconds
[2026-02-10T23:18:46.040+0000] {processor.py:161} INFO - Started process (PID=1948) to work on /home/airflow/.local/lib/python3.12/site-packages/airflow/example_dags/example_setup_teardown_taskflow.py
[2026-02-10T23:18:46.042+0000] {processor.py:830} INFO - Processing file /home/airflow/.local/lib/python3.12/site-packages/airflow/example_dags/example_setup_teardown_taskflow.py for tasks to queue
[2026-02-10T23:18:46.044+0000] {logging_mixin.py:188} INFO - [2026-02-10T23:18:46.044+0000] {dagbag.py:540} INFO - Filling up the DagBag from /home/airflow/.local/lib/python3.12/site-packages/airflow/example_dags/example_setup_teardown_taskflow.py
[2026-02-10T23:18:46.060+0000] {processor.py:840} INFO - DAG(s) 'example_setup_teardown_taskflow' retrieved from /home/airflow/.local/lib/python3.12/site-packages/airflow/example_dags/example_setup_teardown_taskflow.py
[2026-02-10T23:18:46.094+0000] {logging_mixin.py:188} INFO - [2026-02-10T23:18:46.093+0000] {dag.py:3096} INFO - Sync 1 DAGs
[2026-02-10T23:18:46.125+0000] {logging_mixin.py:188} INFO - [2026-02-10T23:18:46.125+0000] {dag.py:3954} INFO - Setting next_dagrun for example_setup_teardown_taskflow to 2026-02-09 00:00:00+00:00, run_after=2026-02-10 00:00:00+00:00
[2026-02-10T23:18:46.152+0000] {processor.py:183} INFO - Processing /home/airflow/.local/lib/python3.12/site-packages/airflow/example_dags/example_setup_teardown_taskflow.py took 0.119 seconds
[2026-02-10T23:19:17.078+0000] {processor.py:161} INFO - Started process (PID=2002) to work on /home/airflow/.local/lib/python3.12/site-packages/airflow/example_dags/example_setup_teardown_taskflow.py
[2026-02-10T23:19:17.079+0000] {processor.py:830} INFO - Processing file /home/airflow/.local/lib/python3.12/site-packages/airflow/example_dags/example_setup_teardown_taskflow.py for tasks to queue
[2026-02-10T23:19:17.081+0000] {logging_mixin.py:188} INFO - [2026-02-10T23:19:17.081+0000] {dagbag.py:540} INFO - Filling up the DagBag from /home/airflow/.local/lib/python3.12/site-packages/airflow/example_dags/example_setup_teardown_taskflow.py
[2026-02-10T23:19:17.089+0000] {processor.py:840} INFO - DAG(s) 'example_setup_teardown_taskflow' retrieved from /home/airflow/.local/lib/python3.12/site-packages/airflow/example_dags/example_setup_teardown_taskflow.py
[2026-02-10T23:19:17.112+0000] {logging_mixin.py:188} INFO - [2026-02-10T23:19:17.112+0000] {dag.py:3096} INFO - Sync 1 DAGs
[2026-02-10T23:19:17.132+0000] {logging_mixin.py:188} INFO - [2026-02-10T23:19:17.132+0000] {dag.py:3954} INFO - Setting next_dagrun for example_setup_teardown_taskflow to 2026-02-09 00:00:00+00:00, run_after=2026-02-10 00:00:00+00:00
[2026-02-10T23:19:17.161+0000] {processor.py:183} INFO - Processing /home/airflow/.local/lib/python3.12/site-packages/airflow/example_dags/example_setup_teardown_taskflow.py took 0.089 seconds
[2026-02-10T23:19:47.416+0000] {processor.py:161} INFO - Started process (PID=2056) to work on /home/airflow/.local/lib/python3.12/site-packages/airflow/example_dags/example_setup_teardown_taskflow.py
[2026-02-10T23:19:47.418+0000] {processor.py:830} INFO - Processing file /home/airflow/.local/lib/python3.12/site-packages/airflow/example_dags/example_setup_teardown_taskflow.py for tasks to queue
[2026-02-10T23:19:47.420+0000] {logging_mixin.py:188} INFO - [2026-02-10T23:19:47.419+0000] {dagbag.py:540} INFO - Filling up the DagBag from /home/airflow/.local/lib/python3.12/site-packages/airflow/example_dags/example_setup_teardown_taskflow.py
[2026-02-10T23:19:47.428+0000] {processor.py:840} INFO - DAG(s) 'example_setup_teardown_taskflow' retrieved from /home/airflow/.local/lib/python3.12/site-packages/airflow/example_dags/example_setup_teardown_taskflow.py
[2026-02-10T23:19:47.452+0000] {logging_mixin.py:188} INFO - [2026-02-10T23:19:47.452+0000] {dag.py:3096} INFO - Sync 1 DAGs
[2026-02-10T23:19:47.474+0000] {logging_mixin.py:188} INFO - [2026-02-10T23:19:47.474+0000] {dag.py:3954} INFO - Setting next_dagrun for example_setup_teardown_taskflow to 2026-02-09 00:00:00+00:00, run_after=2026-02-10 00:00:00+00:00
[2026-02-10T23:19:47.495+0000] {processor.py:183} INFO - Processing /home/airflow/.local/lib/python3.12/site-packages/airflow/example_dags/example_setup_teardown_taskflow.py took 0.084 seconds
[2026-02-10T23:20:17.772+0000] {processor.py:161} INFO - Started process (PID=2110) to work on /home/airflow/.local/lib/python3.12/site-packages/airflow/example_dags/example_setup_teardown_taskflow.py
[2026-02-10T23:20:17.773+0000] {processor.py:830} INFO - Processing file /home/airflow/.local/lib/python3.12/site-packages/airflow/example_dags/example_setup_teardown_taskflow.py for tasks to queue
[2026-02-10T23:20:17.775+0000] {logging_mixin.py:188} INFO - [2026-02-10T23:20:17.775+0000] {dagbag.py:540} INFO - Filling up the DagBag from /home/airflow/.local/lib/python3.12/site-packages/airflow/example_dags/example_setup_teardown_taskflow.py
[2026-02-10T23:20:17.784+0000] {processor.py:840} INFO - DAG(s) 'example_setup_teardown_taskflow' retrieved from /home/airflow/.local/lib/python3.12/site-packages/airflow/example_dags/example_setup_teardown_taskflow.py
[2026-02-10T23:20:17.805+0000] {logging_mixin.py:188} INFO - [2026-02-10T23:20:17.805+0000] {dag.py:3096} INFO - Sync 1 DAGs
[2026-02-10T23:20:17.824+0000] {logging_mixin.py:188} INFO - [2026-02-10T23:20:17.824+0000] {dag.py:3954} INFO - Setting next_dagrun for example_setup_teardown_taskflow to 2026-02-09 00:00:00+00:00, run_after=2026-02-10 00:00:00+00:00
[2026-02-10T23:20:17.846+0000] {processor.py:183} INFO - Processing /home/airflow/.local/lib/python3.12/site-packages/airflow/example_dags/example_setup_teardown_taskflow.py took 0.080 seconds
[2026-02-10T23:20:48.430+0000] {processor.py:161} INFO - Started process (PID=2164) to work on /home/airflow/.local/lib/python3.12/site-packages/airflow/example_dags/example_setup_teardown_taskflow.py
[2026-02-10T23:20:48.431+0000] {processor.py:830} INFO - Processing file /home/airflow/.local/lib/python3.12/site-packages/airflow/example_dags/example_setup_teardown_taskflow.py for tasks to queue
[2026-02-10T23:20:48.434+0000] {logging_mixin.py:188} INFO - [2026-02-10T23:20:48.433+0000] {dagbag.py:540} INFO - Filling up the DagBag from /home/airflow/.local/lib/python3.12/site-packages/airflow/example_dags/example_setup_teardown_taskflow.py
[2026-02-10T23:20:48.447+0000] {processor.py:840} INFO - DAG(s) 'example_setup_teardown_taskflow' retrieved from /home/airflow/.local/lib/python3.12/site-packages/airflow/example_dags/example_setup_teardown_taskflow.py
[2026-02-10T23:20:48.484+0000] {logging_mixin.py:188} INFO - [2026-02-10T23:20:48.484+0000] {dag.py:3096} INFO - Sync 1 DAGs
[2026-02-10T23:20:48.513+0000] {logging_mixin.py:188} INFO - [2026-02-10T23:20:48.512+0000] {dag.py:3954} INFO - Setting next_dagrun for example_setup_teardown_taskflow to 2026-02-09 00:00:00+00:00, run_after=2026-02-10 00:00:00+00:00
[2026-02-10T23:20:48.537+0000] {processor.py:183} INFO - Processing /home/airflow/.local/lib/python3.12/site-packages/airflow/example_dags/example_setup_teardown_taskflow.py took 0.116 seconds
[2026-02-10T23:21:18.772+0000] {processor.py:161} INFO - Started process (PID=2218) to work on /home/airflow/.local/lib/python3.12/site-packages/airflow/example_dags/example_setup_teardown_taskflow.py
[2026-02-10T23:21:18.773+0000] {processor.py:830} INFO - Processing file /home/airflow/.local/lib/python3.12/site-packages/airflow/example_dags/example_setup_teardown_taskflow.py for tasks to queue
[2026-02-10T23:21:18.775+0000] {logging_mixin.py:188} INFO - [2026-02-10T23:21:18.775+0000] {dagbag.py:540} INFO - Filling up the DagBag from /home/airflow/.local/lib/python3.12/site-packages/airflow/example_dags/example_setup_teardown_taskflow.py
[2026-02-10T23:21:18.785+0000] {processor.py:840} INFO - DAG(s) 'example_setup_teardown_taskflow' retrieved from /home/airflow/.local/lib/python3.12/site-packages/airflow/example_dags/example_setup_teardown_taskflow.py
[2026-02-10T23:21:18.808+0000] {logging_mixin.py:188} INFO - [2026-02-10T23:21:18.808+0000] {dag.py:3096} INFO - Sync 1 DAGs
[2026-02-10T23:21:18.832+0000] {logging_mixin.py:188} INFO - [2026-02-10T23:21:18.832+0000] {dag.py:3954} INFO - Setting next_dagrun for example_setup_teardown_taskflow to 2026-02-09 00:00:00+00:00, run_after=2026-02-10 00:00:00+00:00
[2026-02-10T23:21:18.853+0000] {processor.py:183} INFO - Processing /home/airflow/.local/lib/python3.12/site-packages/airflow/example_dags/example_setup_teardown_taskflow.py took 0.087 seconds
[2026-02-10T23:21:49.093+0000] {processor.py:161} INFO - Started process (PID=2272) to work on /home/airflow/.local/lib/python3.12/site-packages/airflow/example_dags/example_setup_teardown_taskflow.py
[2026-02-10T23:21:49.094+0000] {processor.py:830} INFO - Processing file /home/airflow/.local/lib/python3.12/site-packages/airflow/example_dags/example_setup_teardown_taskflow.py for tasks to queue
[2026-02-10T23:21:49.096+0000] {logging_mixin.py:188} INFO - [2026-02-10T23:21:49.096+0000] {dagbag.py:540} INFO - Filling up the DagBag from /home/airflow/.local/lib/python3.12/site-packages/airflow/example_dags/example_setup_teardown_taskflow.py
[2026-02-10T23:21:49.107+0000] {processor.py:840} INFO - DAG(s) 'example_setup_teardown_taskflow' retrieved from /home/airflow/.local/lib/python3.12/site-packages/airflow/example_dags/example_setup_teardown_taskflow.py
[2026-02-10T23:21:49.129+0000] {logging_mixin.py:188} INFO - [2026-02-10T23:21:49.129+0000] {dag.py:3096} INFO - Sync 1 DAGs
[2026-02-10T23:21:49.151+0000] {logging_mixin.py:188} INFO - [2026-02-10T23:21:49.151+0000] {dag.py:3954} INFO - Setting next_dagrun for example_setup_teardown_taskflow to 2026-02-09 00:00:00+00:00, run_after=2026-02-10 00:00:00+00:00
[2026-02-10T23:21:49.172+0000] {processor.py:183} INFO - Processing /home/airflow/.local/lib/python3.12/site-packages/airflow/example_dags/example_setup_teardown_taskflow.py took 0.086 seconds
[2026-02-10T23:22:20.217+0000] {processor.py:161} INFO - Started process (PID=2326) to work on /home/airflow/.local/lib/python3.12/site-packages/airflow/example_dags/example_setup_teardown_taskflow.py
[2026-02-10T23:22:20.230+0000] {processor.py:830} INFO - Processing file /home/airflow/.local/lib/python3.12/site-packages/airflow/example_dags/example_setup_teardown_taskflow.py for tasks to queue
[2026-02-10T23:22:20.246+0000] {logging_mixin.py:188} INFO - [2026-02-10T23:22:20.246+0000] {dagbag.py:540} INFO - Filling up the DagBag from /home/airflow/.local/lib/python3.12/site-packages/airflow/example_dags/example_setup_teardown_taskflow.py
[2026-02-10T23:22:20.291+0000] {processor.py:840} INFO - DAG(s) 'example_setup_teardown_taskflow' retrieved from /home/airflow/.local/lib/python3.12/site-packages/airflow/example_dags/example_setup_teardown_taskflow.py
[2026-02-10T23:22:20.404+0000] {logging_mixin.py:188} INFO - [2026-02-10T23:22:20.404+0000] {dag.py:3096} INFO - Sync 1 DAGs
[2026-02-10T23:22:20.489+0000] {logging_mixin.py:188} INFO - [2026-02-10T23:22:20.489+0000] {dag.py:3954} INFO - Setting next_dagrun for example_setup_teardown_taskflow to 2026-02-09 00:00:00+00:00, run_after=2026-02-10 00:00:00+00:00
[2026-02-10T23:22:20.551+0000] {processor.py:183} INFO - Processing /home/airflow/.local/lib/python3.12/site-packages/airflow/example_dags/example_setup_teardown_taskflow.py took 0.369 seconds
[2026-02-10T23:22:50.867+0000] {processor.py:161} INFO - Started process (PID=2380) to work on /home/airflow/.local/lib/python3.12/site-packages/airflow/example_dags/example_setup_teardown_taskflow.py
[2026-02-10T23:22:50.868+0000] {processor.py:830} INFO - Processing file /home/airflow/.local/lib/python3.12/site-packages/airflow/example_dags/example_setup_teardown_taskflow.py for tasks to queue
[2026-02-10T23:22:50.872+0000] {logging_mixin.py:188} INFO - [2026-02-10T23:22:50.871+0000] {dagbag.py:540} INFO - Filling up the DagBag from /home/airflow/.local/lib/python3.12/site-packages/airflow/example_dags/example_setup_teardown_taskflow.py
[2026-02-10T23:22:50.893+0000] {processor.py:840} INFO - DAG(s) 'example_setup_teardown_taskflow' retrieved from /home/airflow/.local/lib/python3.12/site-packages/airflow/example_dags/example_setup_teardown_taskflow.py
[2026-02-10T23:22:50.934+0000] {logging_mixin.py:188} INFO - [2026-02-10T23:22:50.934+0000] {dag.py:3096} INFO - Sync 1 DAGs
[2026-02-10T23:22:50.975+0000] {logging_mixin.py:188} INFO - [2026-02-10T23:22:50.975+0000] {dag.py:3954} INFO - Setting next_dagrun for example_setup_teardown_taskflow to 2026-02-09 00:00:00+00:00, run_after=2026-02-10 00:00:00+00:00
[2026-02-10T23:22:51.010+0000] {processor.py:183} INFO - Processing /home/airflow/.local/lib/python3.12/site-packages/airflow/example_dags/example_setup_teardown_taskflow.py took 0.156 seconds
[2026-02-10T23:23:21.395+0000] {processor.py:161} INFO - Started process (PID=2434) to work on /home/airflow/.local/lib/python3.12/site-packages/airflow/example_dags/example_setup_teardown_taskflow.py
[2026-02-10T23:23:21.405+0000] {processor.py:830} INFO - Processing file /home/airflow/.local/lib/python3.12/site-packages/airflow/example_dags/example_setup_teardown_taskflow.py for tasks to queue
[2026-02-10T23:23:21.410+0000] {logging_mixin.py:188} INFO - [2026-02-10T23:23:21.409+0000] {dagbag.py:540} INFO - Filling up the DagBag from /home/airflow/.local/lib/python3.12/site-packages/airflow/example_dags/example_setup_teardown_taskflow.py
[2026-02-10T23:23:21.463+0000] {processor.py:840} INFO - DAG(s) 'example_setup_teardown_taskflow' retrieved from /home/airflow/.local/lib/python3.12/site-packages/airflow/example_dags/example_setup_teardown_taskflow.py
[2026-02-10T23:23:21.595+0000] {logging_mixin.py:188} INFO - [2026-02-10T23:23:21.594+0000] {dag.py:3096} INFO - Sync 1 DAGs
[2026-02-10T23:23:21.734+0000] {logging_mixin.py:188} INFO - [2026-02-10T23:23:21.733+0000] {dag.py:3954} INFO - Setting next_dagrun for example_setup_teardown_taskflow to 2026-02-09 00:00:00+00:00, run_after=2026-02-10 00:00:00+00:00
[2026-02-10T23:23:21.800+0000] {processor.py:183} INFO - Processing /home/airflow/.local/lib/python3.12/site-packages/airflow/example_dags/example_setup_teardown_taskflow.py took 0.429 seconds
[2026-02-10T23:23:52.494+0000] {processor.py:161} INFO - Started process (PID=2488) to work on /home/airflow/.local/lib/python3.12/site-packages/airflow/example_dags/example_setup_teardown_taskflow.py
[2026-02-10T23:23:52.495+0000] {processor.py:830} INFO - Processing file /home/airflow/.local/lib/python3.12/site-packages/airflow/example_dags/example_setup_teardown_taskflow.py for tasks to queue
[2026-02-10T23:23:52.498+0000] {logging_mixin.py:188} INFO - [2026-02-10T23:23:52.497+0000] {dagbag.py:540} INFO - Filling up the DagBag from /home/airflow/.local/lib/python3.12/site-packages/airflow/example_dags/example_setup_teardown_taskflow.py
[2026-02-10T23:23:52.509+0000] {processor.py:840} INFO - DAG(s) 'example_setup_teardown_taskflow' retrieved from /home/airflow/.local/lib/python3.12/site-packages/airflow/example_dags/example_setup_teardown_taskflow.py
[2026-02-10T23:23:52.539+0000] {logging_mixin.py:188} INFO - [2026-02-10T23:23:52.538+0000] {dag.py:3096} INFO - Sync 1 DAGs
[2026-02-10T23:23:52.567+0000] {logging_mixin.py:188} INFO - [2026-02-10T23:23:52.567+0000] {dag.py:3954} INFO - Setting next_dagrun for example_setup_teardown_taskflow to 2026-02-09 00:00:00+00:00, run_after=2026-02-10 00:00:00+00:00
[2026-02-10T23:23:52.598+0000] {processor.py:183} INFO - Processing /home/airflow/.local/lib/python3.12/site-packages/airflow/example_dags/example_setup_teardown_taskflow.py took 0.113 seconds
[2026-02-10T23:24:23.003+0000] {processor.py:161} INFO - Started process (PID=2542) to work on /home/airflow/.local/lib/python3.12/site-packages/airflow/example_dags/example_setup_teardown_taskflow.py
[2026-02-10T23:24:23.005+0000] {processor.py:830} INFO - Processing file /home/airflow/.local/lib/python3.12/site-packages/airflow/example_dags/example_setup_teardown_taskflow.py for tasks to queue
[2026-02-10T23:24:23.009+0000] {logging_mixin.py:188} INFO - [2026-02-10T23:24:23.008+0000] {dagbag.py:540} INFO - Filling up the DagBag from /home/airflow/.local/lib/python3.12/site-packages/airflow/example_dags/example_setup_teardown_taskflow.py
[2026-02-10T23:24:23.024+0000] {processor.py:840} INFO - DAG(s) 'example_setup_teardown_taskflow' retrieved from /home/airflow/.local/lib/python3.12/site-packages/airflow/example_dags/example_setup_teardown_taskflow.py
[2026-02-10T23:24:23.062+0000] {logging_mixin.py:188} INFO - [2026-02-10T23:24:23.062+0000] {dag.py:3096} INFO - Sync 1 DAGs
[2026-02-10T23:24:23.108+0000] {logging_mixin.py:188} INFO - [2026-02-10T23:24:23.107+0000] {dag.py:3954} INFO - Setting next_dagrun for example_setup_teardown_taskflow to 2026-02-09 00:00:00+00:00, run_after=2026-02-10 00:00:00+00:00
[2026-02-10T23:24:23.156+0000] {processor.py:183} INFO - Processing /home/airflow/.local/lib/python3.12/site-packages/airflow/example_dags/example_setup_teardown_taskflow.py took 0.163 seconds
[2026-02-10T23:24:53.396+0000] {processor.py:161} INFO - Started process (PID=2596) to work on /home/airflow/.local/lib/python3.12/site-packages/airflow/example_dags/example_setup_teardown_taskflow.py
[2026-02-10T23:24:53.397+0000] {processor.py:830} INFO - Processing file /home/airflow/.local/lib/python3.12/site-packages/airflow/example_dags/example_setup_teardown_taskflow.py for tasks to queue
[2026-02-10T23:24:53.400+0000] {logging_mixin.py:188} INFO - [2026-02-10T23:24:53.400+0000] {dagbag.py:540} INFO - Filling up the DagBag from /home/airflow/.local/lib/python3.12/site-packages/airflow/example_dags/example_setup_teardown_taskflow.py
[2026-02-10T23:24:53.413+0000] {processor.py:840} INFO - DAG(s) 'example_setup_teardown_taskflow' retrieved from /home/airflow/.local/lib/python3.12/site-packages/airflow/example_dags/example_setup_teardown_taskflow.py
[2026-02-10T23:24:53.445+0000] {logging_mixin.py:188} INFO - [2026-02-10T23:24:53.444+0000] {dag.py:3096} INFO - Sync 1 DAGs
[2026-02-10T23:24:53.474+0000] {logging_mixin.py:188} INFO - [2026-02-10T23:24:53.473+0000] {dag.py:3954} INFO - Setting next_dagrun for example_setup_teardown_taskflow to 2026-02-09 00:00:00+00:00, run_after=2026-02-10 00:00:00+00:00
[2026-02-10T23:24:53.507+0000] {processor.py:183} INFO - Processing /home/airflow/.local/lib/python3.12/site-packages/airflow/example_dags/example_setup_teardown_taskflow.py took 0.121 seconds
[2026-02-10T23:25:23.676+0000] {processor.py:161} INFO - Started process (PID=2650) to work on /home/airflow/.local/lib/python3.12/site-packages/airflow/example_dags/example_setup_teardown_taskflow.py
[2026-02-10T23:25:23.678+0000] {processor.py:830} INFO - Processing file /home/airflow/.local/lib/python3.12/site-packages/airflow/example_dags/example_setup_teardown_taskflow.py for tasks to queue
[2026-02-10T23:25:23.680+0000] {logging_mixin.py:188} INFO - [2026-02-10T23:25:23.680+0000] {dagbag.py:540} INFO - Filling up the DagBag from /home/airflow/.local/lib/python3.12/site-packages/airflow/example_dags/example_setup_teardown_taskflow.py
[2026-02-10T23:25:23.692+0000] {processor.py:840} INFO - DAG(s) 'example_setup_teardown_taskflow' retrieved from /home/airflow/.local/lib/python3.12/site-packages/airflow/example_dags/example_setup_teardown_taskflow.py
[2026-02-10T23:25:23.727+0000] {logging_mixin.py:188} INFO - [2026-02-10T23:25:23.726+0000] {dag.py:3096} INFO - Sync 1 DAGs
[2026-02-10T23:25:23.756+0000] {logging_mixin.py:188} INFO - [2026-02-10T23:25:23.756+0000] {dag.py:3954} INFO - Setting next_dagrun for example_setup_teardown_taskflow to 2026-02-09 00:00:00+00:00, run_after=2026-02-10 00:00:00+00:00
[2026-02-10T23:25:23.782+0000] {processor.py:183} INFO - Processing /home/airflow/.local/lib/python3.12/site-packages/airflow/example_dags/example_setup_teardown_taskflow.py took 0.113 seconds
[2026-02-10T23:25:54.292+0000] {processor.py:161} INFO - Started process (PID=2704) to work on /home/airflow/.local/lib/python3.12/site-packages/airflow/example_dags/example_setup_teardown_taskflow.py
[2026-02-10T23:25:54.294+0000] {processor.py:830} INFO - Processing file /home/airflow/.local/lib/python3.12/site-packages/airflow/example_dags/example_setup_teardown_taskflow.py for tasks to queue
[2026-02-10T23:25:54.296+0000] {logging_mixin.py:188} INFO - [2026-02-10T23:25:54.295+0000] {dagbag.py:540} INFO - Filling up the DagBag from /home/airflow/.local/lib/python3.12/site-packages/airflow/example_dags/example_setup_teardown_taskflow.py
[2026-02-10T23:25:54.306+0000] {processor.py:840} INFO - DAG(s) 'example_setup_teardown_taskflow' retrieved from /home/airflow/.local/lib/python3.12/site-packages/airflow/example_dags/example_setup_teardown_taskflow.py
[2026-02-10T23:25:54.336+0000] {logging_mixin.py:188} INFO - [2026-02-10T23:25:54.336+0000] {dag.py:3096} INFO - Sync 1 DAGs
[2026-02-10T23:25:54.365+0000] {logging_mixin.py:188} INFO - [2026-02-10T23:25:54.365+0000] {dag.py:3954} INFO - Setting next_dagrun for example_setup_teardown_taskflow to 2026-02-09 00:00:00+00:00, run_after=2026-02-10 00:00:00+00:00
[2026-02-10T23:25:54.396+0000] {processor.py:183} INFO - Processing /home/airflow/.local/lib/python3.12/site-packages/airflow/example_dags/example_setup_teardown_taskflow.py took 0.113 seconds
[2026-02-10T23:26:24.863+0000] {processor.py:161} INFO - Started process (PID=2758) to work on /home/airflow/.local/lib/python3.12/site-packages/airflow/example_dags/example_setup_teardown_taskflow.py
[2026-02-10T23:26:24.864+0000] {processor.py:830} INFO - Processing file /home/airflow/.local/lib/python3.12/site-packages/airflow/example_dags/example_setup_teardown_taskflow.py for tasks to queue
[2026-02-10T23:26:24.866+0000] {logging_mixin.py:188} INFO - [2026-02-10T23:26:24.866+0000] {dagbag.py:540} INFO - Filling up the DagBag from /home/airflow/.local/lib/python3.12/site-packages/airflow/example_dags/example_setup_teardown_taskflow.py
[2026-02-10T23:26:24.878+0000] {processor.py:840} INFO - DAG(s) 'example_setup_teardown_taskflow' retrieved from /home/airflow/.local/lib/python3.12/site-packages/airflow/example_dags/example_setup_teardown_taskflow.py
[2026-02-10T23:26:24.905+0000] {logging_mixin.py:188} INFO - [2026-02-10T23:26:24.905+0000] {dag.py:3096} INFO - Sync 1 DAGs
[2026-02-10T23:26:24.933+0000] {logging_mixin.py:188} INFO - [2026-02-10T23:26:24.932+0000] {dag.py:3954} INFO - Setting next_dagrun for example_setup_teardown_taskflow to 2026-02-09 00:00:00+00:00, run_after=2026-02-10 00:00:00+00:00
[2026-02-10T23:26:24.958+0000] {processor.py:183} INFO - Processing /home/airflow/.local/lib/python3.12/site-packages/airflow/example_dags/example_setup_teardown_taskflow.py took 0.102 seconds
[2026-02-10T23:26:55.570+0000] {processor.py:161} INFO - Started process (PID=2812) to work on /home/airflow/.local/lib/python3.12/site-packages/airflow/example_dags/example_setup_teardown_taskflow.py
[2026-02-10T23:26:55.571+0000] {processor.py:830} INFO - Processing file /home/airflow/.local/lib/python3.12/site-packages/airflow/example_dags/example_setup_teardown_taskflow.py for tasks to queue
[2026-02-10T23:26:55.573+0000] {logging_mixin.py:188} INFO - [2026-02-10T23:26:55.573+0000] {dagbag.py:540} INFO - Filling up the DagBag from /home/airflow/.local/lib/python3.12/site-packages/airflow/example_dags/example_setup_teardown_taskflow.py
[2026-02-10T23:26:55.587+0000] {processor.py:840} INFO - DAG(s) 'example_setup_teardown_taskflow' retrieved from /home/airflow/.local/lib/python3.12/site-packages/airflow/example_dags/example_setup_teardown_taskflow.py
[2026-02-10T23:26:55.612+0000] {logging_mixin.py:188} INFO - [2026-02-10T23:26:55.612+0000] {dag.py:3096} INFO - Sync 1 DAGs
[2026-02-10T23:26:55.637+0000] {logging_mixin.py:188} INFO - [2026-02-10T23:26:55.637+0000] {dag.py:3954} INFO - Setting next_dagrun for example_setup_teardown_taskflow to 2026-02-09 00:00:00+00:00, run_after=2026-02-10 00:00:00+00:00
[2026-02-10T23:26:55.664+0000] {processor.py:183} INFO - Processing /home/airflow/.local/lib/python3.12/site-packages/airflow/example_dags/example_setup_teardown_taskflow.py took 0.100 seconds
[2026-02-10T23:27:25.915+0000] {processor.py:161} INFO - Started process (PID=2866) to work on /home/airflow/.local/lib/python3.12/site-packages/airflow/example_dags/example_setup_teardown_taskflow.py
[2026-02-10T23:27:25.916+0000] {processor.py:830} INFO - Processing file /home/airflow/.local/lib/python3.12/site-packages/airflow/example_dags/example_setup_teardown_taskflow.py for tasks to queue
[2026-02-10T23:27:25.918+0000] {logging_mixin.py:188} INFO - [2026-02-10T23:27:25.918+0000] {dagbag.py:540} INFO - Filling up the DagBag from /home/airflow/.local/lib/python3.12/site-packages/airflow/example_dags/example_setup_teardown_taskflow.py
[2026-02-10T23:27:25.929+0000] {processor.py:840} INFO - DAG(s) 'example_setup_teardown_taskflow' retrieved from /home/airflow/.local/lib/python3.12/site-packages/airflow/example_dags/example_setup_teardown_taskflow.py
[2026-02-10T23:27:25.954+0000] {logging_mixin.py:188} INFO - [2026-02-10T23:27:25.954+0000] {dag.py:3096} INFO - Sync 1 DAGs
[2026-02-10T23:27:25.981+0000] {logging_mixin.py:188} INFO - [2026-02-10T23:27:25.981+0000] {dag.py:3954} INFO - Setting next_dagrun for example_setup_teardown_taskflow to 2026-02-09 00:00:00+00:00, run_after=2026-02-10 00:00:00+00:00
[2026-02-10T23:27:26.004+0000] {processor.py:183} INFO - Processing /home/airflow/.local/lib/python3.12/site-packages/airflow/example_dags/example_setup_teardown_taskflow.py took 0.097 seconds
[2026-02-10T23:27:56.256+0000] {processor.py:161} INFO - Started process (PID=2920) to work on /home/airflow/.local/lib/python3.12/site-packages/airflow/example_dags/example_setup_teardown_taskflow.py
[2026-02-10T23:27:56.257+0000] {processor.py:830} INFO - Processing file /home/airflow/.local/lib/python3.12/site-packages/airflow/example_dags/example_setup_teardown_taskflow.py for tasks to queue
[2026-02-10T23:27:56.259+0000] {logging_mixin.py:188} INFO - [2026-02-10T23:27:56.258+0000] {dagbag.py:540} INFO - Filling up the DagBag from /home/airflow/.local/lib/python3.12/site-packages/airflow/example_dags/example_setup_teardown_taskflow.py
[2026-02-10T23:27:56.268+0000] {processor.py:840} INFO - DAG(s) 'example_setup_teardown_taskflow' retrieved from /home/airflow/.local/lib/python3.12/site-packages/airflow/example_dags/example_setup_teardown_taskflow.py
[2026-02-10T23:27:56.292+0000] {logging_mixin.py:188} INFO - [2026-02-10T23:27:56.292+0000] {dag.py:3096} INFO - Sync 1 DAGs
[2026-02-10T23:27:56.313+0000] {logging_mixin.py:188} INFO - [2026-02-10T23:27:56.313+0000] {dag.py:3954} INFO - Setting next_dagrun for example_setup_teardown_taskflow to 2026-02-09 00:00:00+00:00, run_after=2026-02-10 00:00:00+00:00
[2026-02-10T23:27:56.334+0000] {processor.py:183} INFO - Processing /home/airflow/.local/lib/python3.12/site-packages/airflow/example_dags/example_setup_teardown_taskflow.py took 0.084 seconds
[2026-02-10T23:28:26.456+0000] {processor.py:161} INFO - Started process (PID=2972) to work on /home/airflow/.local/lib/python3.12/site-packages/airflow/example_dags/example_setup_teardown_taskflow.py
[2026-02-10T23:28:26.458+0000] {processor.py:830} INFO - Processing file /home/airflow/.local/lib/python3.12/site-packages/airflow/example_dags/example_setup_teardown_taskflow.py for tasks to queue
[2026-02-10T23:28:26.460+0000] {logging_mixin.py:188} INFO - [2026-02-10T23:28:26.459+0000] {dagbag.py:540} INFO - Filling up the DagBag from /home/airflow/.local/lib/python3.12/site-packages/airflow/example_dags/example_setup_teardown_taskflow.py
[2026-02-10T23:28:26.469+0000] {processor.py:840} INFO - DAG(s) 'example_setup_teardown_taskflow' retrieved from /home/airflow/.local/lib/python3.12/site-packages/airflow/example_dags/example_setup_teardown_taskflow.py
[2026-02-10T23:28:26.492+0000] {logging_mixin.py:188} INFO - [2026-02-10T23:28:26.492+0000] {dag.py:3096} INFO - Sync 1 DAGs
[2026-02-10T23:28:26.514+0000] {logging_mixin.py:188} INFO - [2026-02-10T23:28:26.514+0000] {dag.py:3954} INFO - Setting next_dagrun for example_setup_teardown_taskflow to 2026-02-09 00:00:00+00:00, run_after=2026-02-10 00:00:00+00:00
[2026-02-10T23:28:26.535+0000] {processor.py:183} INFO - Processing /home/airflow/.local/lib/python3.12/site-packages/airflow/example_dags/example_setup_teardown_taskflow.py took 0.087 seconds
[2026-02-10T23:28:56.675+0000] {processor.py:161} INFO - Started process (PID=3026) to work on /home/airflow/.local/lib/python3.12/site-packages/airflow/example_dags/example_setup_teardown_taskflow.py
[2026-02-10T23:28:56.682+0000] {processor.py:830} INFO - Processing file /home/airflow/.local/lib/python3.12/site-packages/airflow/example_dags/example_setup_teardown_taskflow.py for tasks to queue
[2026-02-10T23:28:56.691+0000] {logging_mixin.py:188} INFO - [2026-02-10T23:28:56.687+0000] {dagbag.py:540} INFO - Filling up the DagBag from /home/airflow/.local/lib/python3.12/site-packages/airflow/example_dags/example_setup_teardown_taskflow.py
[2026-02-10T23:28:56.714+0000] {processor.py:840} INFO - DAG(s) 'example_setup_teardown_taskflow' retrieved from /home/airflow/.local/lib/python3.12/site-packages/airflow/example_dags/example_setup_teardown_taskflow.py
[2026-02-10T23:28:56.765+0000] {logging_mixin.py:188} INFO - [2026-02-10T23:28:56.763+0000] {dag.py:3096} INFO - Sync 1 DAGs
[2026-02-10T23:28:56.817+0000] {logging_mixin.py:188} INFO - [2026-02-10T23:28:56.817+0000] {dag.py:3954} INFO - Setting next_dagrun for example_setup_teardown_taskflow to 2026-02-09 00:00:00+00:00, run_after=2026-02-10 00:00:00+00:00
[2026-02-10T23:28:56.864+0000] {processor.py:183} INFO - Processing /home/airflow/.local/lib/python3.12/site-packages/airflow/example_dags/example_setup_teardown_taskflow.py took 0.202 seconds
[2026-02-10T23:29:27.476+0000] {processor.py:161} INFO - Started process (PID=3080) to work on /home/airflow/.local/lib/python3.12/site-packages/airflow/example_dags/example_setup_teardown_taskflow.py
[2026-02-10T23:29:27.477+0000] {processor.py:830} INFO - Processing file /home/airflow/.local/lib/python3.12/site-packages/airflow/example_dags/example_setup_teardown_taskflow.py for tasks to queue
[2026-02-10T23:29:27.480+0000] {logging_mixin.py:188} INFO - [2026-02-10T23:29:27.479+0000] {dagbag.py:540} INFO - Filling up the DagBag from /home/airflow/.local/lib/python3.12/site-packages/airflow/example_dags/example_setup_teardown_taskflow.py
[2026-02-10T23:29:27.494+0000] {processor.py:840} INFO - DAG(s) 'example_setup_teardown_taskflow' retrieved from /home/airflow/.local/lib/python3.12/site-packages/airflow/example_dags/example_setup_teardown_taskflow.py
[2026-02-10T23:29:27.520+0000] {logging_mixin.py:188} INFO - [2026-02-10T23:29:27.520+0000] {dag.py:3096} INFO - Sync 1 DAGs
[2026-02-10T23:29:27.544+0000] {logging_mixin.py:188} INFO - [2026-02-10T23:29:27.543+0000] {dag.py:3954} INFO - Setting next_dagrun for example_setup_teardown_taskflow to 2026-02-09 00:00:00+00:00, run_after=2026-02-10 00:00:00+00:00
[2026-02-10T23:29:27.566+0000] {processor.py:183} INFO - Processing /home/airflow/.local/lib/python3.12/site-packages/airflow/example_dags/example_setup_teardown_taskflow.py took 0.099 seconds
[2026-02-10T23:29:57.734+0000] {processor.py:161} INFO - Started process (PID=3134) to work on /home/airflow/.local/lib/python3.12/site-packages/airflow/example_dags/example_setup_teardown_taskflow.py
[2026-02-10T23:29:57.736+0000] {processor.py:830} INFO - Processing file /home/airflow/.local/lib/python3.12/site-packages/airflow/example_dags/example_setup_teardown_taskflow.py for tasks to queue
[2026-02-10T23:29:57.738+0000] {logging_mixin.py:188} INFO - [2026-02-10T23:29:57.737+0000] {dagbag.py:540} INFO - Filling up the DagBag from /home/airflow/.local/lib/python3.12/site-packages/airflow/example_dags/example_setup_teardown_taskflow.py
[2026-02-10T23:29:57.748+0000] {processor.py:840} INFO - DAG(s) 'example_setup_teardown_taskflow' retrieved from /home/airflow/.local/lib/python3.12/site-packages/airflow/example_dags/example_setup_teardown_taskflow.py
[2026-02-10T23:29:57.775+0000] {logging_mixin.py:188} INFO - [2026-02-10T23:29:57.775+0000] {dag.py:3096} INFO - Sync 1 DAGs
[2026-02-10T23:29:57.801+0000] {logging_mixin.py:188} INFO - [2026-02-10T23:29:57.801+0000] {dag.py:3954} INFO - Setting next_dagrun for example_setup_teardown_taskflow to 2026-02-09 00:00:00+00:00, run_after=2026-02-10 00:00:00+00:00
[2026-02-10T23:29:57.826+0000] {processor.py:183} INFO - Processing /home/airflow/.local/lib/python3.12/site-packages/airflow/example_dags/example_setup_teardown_taskflow.py took 0.098 seconds
[2026-02-10T23:30:28.345+0000] {processor.py:161} INFO - Started process (PID=3188) to work on /home/airflow/.local/lib/python3.12/site-packages/airflow/example_dags/example_setup_teardown_taskflow.py
[2026-02-10T23:30:28.346+0000] {processor.py:830} INFO - Processing file /home/airflow/.local/lib/python3.12/site-packages/airflow/example_dags/example_setup_teardown_taskflow.py for tasks to queue
[2026-02-10T23:30:28.348+0000] {logging_mixin.py:188} INFO - [2026-02-10T23:30:28.347+0000] {dagbag.py:540} INFO - Filling up the DagBag from /home/airflow/.local/lib/python3.12/site-packages/airflow/example_dags/example_setup_teardown_taskflow.py
[2026-02-10T23:30:28.357+0000] {processor.py:840} INFO - DAG(s) 'example_setup_teardown_taskflow' retrieved from /home/airflow/.local/lib/python3.12/site-packages/airflow/example_dags/example_setup_teardown_taskflow.py
[2026-02-10T23:30:28.381+0000] {logging_mixin.py:188} INFO - [2026-02-10T23:30:28.381+0000] {dag.py:3096} INFO - Sync 1 DAGs
[2026-02-10T23:30:28.406+0000] {logging_mixin.py:188} INFO - [2026-02-10T23:30:28.406+0000] {dag.py:3954} INFO - Setting next_dagrun for example_setup_teardown_taskflow to 2026-02-09 00:00:00+00:00, run_after=2026-02-10 00:00:00+00:00
[2026-02-10T23:30:28.438+0000] {processor.py:183} INFO - Processing /home/airflow/.local/lib/python3.12/site-packages/airflow/example_dags/example_setup_teardown_taskflow.py took 0.100 seconds
[2026-02-10T23:30:59.415+0000] {processor.py:161} INFO - Started process (PID=3242) to work on /home/airflow/.local/lib/python3.12/site-packages/airflow/example_dags/example_setup_teardown_taskflow.py
[2026-02-10T23:30:59.416+0000] {processor.py:830} INFO - Processing file /home/airflow/.local/lib/python3.12/site-packages/airflow/example_dags/example_setup_teardown_taskflow.py for tasks to queue
[2026-02-10T23:30:59.419+0000] {logging_mixin.py:188} INFO - [2026-02-10T23:30:59.418+0000] {dagbag.py:540} INFO - Filling up the DagBag from /home/airflow/.local/lib/python3.12/site-packages/airflow/example_dags/example_setup_teardown_taskflow.py
[2026-02-10T23:30:59.433+0000] {processor.py:840} INFO - DAG(s) 'example_setup_teardown_taskflow' retrieved from /home/airflow/.local/lib/python3.12/site-packages/airflow/example_dags/example_setup_teardown_taskflow.py
[2026-02-10T23:30:59.465+0000] {logging_mixin.py:188} INFO - [2026-02-10T23:30:59.465+0000] {dag.py:3096} INFO - Sync 1 DAGs
[2026-02-10T23:30:59.500+0000] {logging_mixin.py:188} INFO - [2026-02-10T23:30:59.500+0000] {dag.py:3954} INFO - Setting next_dagrun for example_setup_teardown_taskflow to 2026-02-09 00:00:00+00:00, run_after=2026-02-10 00:00:00+00:00
[2026-02-10T23:30:59.528+0000] {processor.py:183} INFO - Processing /home/airflow/.local/lib/python3.12/site-packages/airflow/example_dags/example_setup_teardown_taskflow.py took 0.122 seconds
[2026-02-10T23:31:29.994+0000] {processor.py:161} INFO - Started process (PID=3296) to work on /home/airflow/.local/lib/python3.12/site-packages/airflow/example_dags/example_setup_teardown_taskflow.py
[2026-02-10T23:31:29.996+0000] {processor.py:830} INFO - Processing file /home/airflow/.local/lib/python3.12/site-packages/airflow/example_dags/example_setup_teardown_taskflow.py for tasks to queue
[2026-02-10T23:31:29.999+0000] {logging_mixin.py:188} INFO - [2026-02-10T23:31:29.999+0000] {dagbag.py:540} INFO - Filling up the DagBag from /home/airflow/.local/lib/python3.12/site-packages/airflow/example_dags/example_setup_teardown_taskflow.py
[2026-02-10T23:31:30.018+0000] {processor.py:840} INFO - DAG(s) 'example_setup_teardown_taskflow' retrieved from /home/airflow/.local/lib/python3.12/site-packages/airflow/example_dags/example_setup_teardown_taskflow.py
[2026-02-10T23:31:30.053+0000] {logging_mixin.py:188} INFO - [2026-02-10T23:31:30.052+0000] {dag.py:3096} INFO - Sync 1 DAGs
[2026-02-10T23:31:30.086+0000] {logging_mixin.py:188} INFO - [2026-02-10T23:31:30.085+0000] {dag.py:3954} INFO - Setting next_dagrun for example_setup_teardown_taskflow to 2026-02-09 00:00:00+00:00, run_after=2026-02-10 00:00:00+00:00
[2026-02-10T23:31:30.121+0000] {processor.py:183} INFO - Processing /home/airflow/.local/lib/python3.12/site-packages/airflow/example_dags/example_setup_teardown_taskflow.py took 0.138 seconds
[2026-02-10T23:32:00.591+0000] {processor.py:161} INFO - Started process (PID=3350) to work on /home/airflow/.local/lib/python3.12/site-packages/airflow/example_dags/example_setup_teardown_taskflow.py
[2026-02-10T23:32:00.592+0000] {processor.py:830} INFO - Processing file /home/airflow/.local/lib/python3.12/site-packages/airflow/example_dags/example_setup_teardown_taskflow.py for tasks to queue
[2026-02-10T23:32:00.593+0000] {logging_mixin.py:188} INFO - [2026-02-10T23:32:00.593+0000] {dagbag.py:540} INFO - Filling up the DagBag from /home/airflow/.local/lib/python3.12/site-packages/airflow/example_dags/example_setup_teardown_taskflow.py
[2026-02-10T23:32:00.603+0000] {processor.py:840} INFO - DAG(s) 'example_setup_teardown_taskflow' retrieved from /home/airflow/.local/lib/python3.12/site-packages/airflow/example_dags/example_setup_teardown_taskflow.py
[2026-02-10T23:32:00.631+0000] {logging_mixin.py:188} INFO - [2026-02-10T23:32:00.631+0000] {dag.py:3096} INFO - Sync 1 DAGs
[2026-02-10T23:32:00.660+0000] {logging_mixin.py:188} INFO - [2026-02-10T23:32:00.660+0000] {dag.py:3954} INFO - Setting next_dagrun for example_setup_teardown_taskflow to 2026-02-09 00:00:00+00:00, run_after=2026-02-10 00:00:00+00:00
[2026-02-10T23:32:00.683+0000] {processor.py:183} INFO - Processing /home/airflow/.local/lib/python3.12/site-packages/airflow/example_dags/example_setup_teardown_taskflow.py took 0.099 seconds
[2026-02-10T23:32:30.746+0000] {processor.py:161} INFO - Started process (PID=3403) to work on /home/airflow/.local/lib/python3.12/site-packages/airflow/example_dags/example_setup_teardown_taskflow.py
[2026-02-10T23:32:30.747+0000] {processor.py:830} INFO - Processing file /home/airflow/.local/lib/python3.12/site-packages/airflow/example_dags/example_setup_teardown_taskflow.py for tasks to queue
[2026-02-10T23:32:30.749+0000] {logging_mixin.py:188} INFO - [2026-02-10T23:32:30.749+0000] {dagbag.py:540} INFO - Filling up the DagBag from /home/airflow/.local/lib/python3.12/site-packages/airflow/example_dags/example_setup_teardown_taskflow.py
[2026-02-10T23:32:30.759+0000] {processor.py:840} INFO - DAG(s) 'example_setup_teardown_taskflow' retrieved from /home/airflow/.local/lib/python3.12/site-packages/airflow/example_dags/example_setup_teardown_taskflow.py
[2026-02-10T23:32:30.789+0000] {logging_mixin.py:188} INFO - [2026-02-10T23:32:30.788+0000] {dag.py:3096} INFO - Sync 1 DAGs
[2026-02-10T23:32:30.813+0000] {logging_mixin.py:188} INFO - [2026-02-10T23:32:30.813+0000] {dag.py:3954} INFO - Setting next_dagrun for example_setup_teardown_taskflow to 2026-02-09 00:00:00+00:00, run_after=2026-02-10 00:00:00+00:00
[2026-02-10T23:32:30.839+0000] {processor.py:183} INFO - Processing /home/airflow/.local/lib/python3.12/site-packages/airflow/example_dags/example_setup_teardown_taskflow.py took 0.100 seconds
[2026-02-10T23:33:01.375+0000] {processor.py:161} INFO - Started process (PID=3458) to work on /home/airflow/.local/lib/python3.12/site-packages/airflow/example_dags/example_setup_teardown_taskflow.py
[2026-02-10T23:33:01.376+0000] {processor.py:830} INFO - Processing file /home/airflow/.local/lib/python3.12/site-packages/airflow/example_dags/example_setup_teardown_taskflow.py for tasks to queue
[2026-02-10T23:33:01.378+0000] {logging_mixin.py:188} INFO - [2026-02-10T23:33:01.378+0000] {dagbag.py:540} INFO - Filling up the DagBag from /home/airflow/.local/lib/python3.12/site-packages/airflow/example_dags/example_setup_teardown_taskflow.py
[2026-02-10T23:33:01.386+0000] {processor.py:840} INFO - DAG(s) 'example_setup_teardown_taskflow' retrieved from /home/airflow/.local/lib/python3.12/site-packages/airflow/example_dags/example_setup_teardown_taskflow.py
[2026-02-10T23:33:01.410+0000] {logging_mixin.py:188} INFO - [2026-02-10T23:33:01.410+0000] {dag.py:3096} INFO - Sync 1 DAGs
[2026-02-10T23:33:01.430+0000] {logging_mixin.py:188} INFO - [2026-02-10T23:33:01.429+0000] {dag.py:3954} INFO - Setting next_dagrun for example_setup_teardown_taskflow to 2026-02-09 00:00:00+00:00, run_after=2026-02-10 00:00:00+00:00
[2026-02-10T23:33:01.463+0000] {processor.py:183} INFO - Processing /home/airflow/.local/lib/python3.12/site-packages/airflow/example_dags/example_setup_teardown_taskflow.py took 0.093 seconds
[2026-02-10T23:33:32.309+0000] {processor.py:161} INFO - Started process (PID=3512) to work on /home/airflow/.local/lib/python3.12/site-packages/airflow/example_dags/example_setup_teardown_taskflow.py
[2026-02-10T23:33:32.310+0000] {processor.py:830} INFO - Processing file /home/airflow/.local/lib/python3.12/site-packages/airflow/example_dags/example_setup_teardown_taskflow.py for tasks to queue
[2026-02-10T23:33:32.312+0000] {logging_mixin.py:188} INFO - [2026-02-10T23:33:32.312+0000] {dagbag.py:540} INFO - Filling up the DagBag from /home/airflow/.local/lib/python3.12/site-packages/airflow/example_dags/example_setup_teardown_taskflow.py
[2026-02-10T23:33:32.321+0000] {processor.py:840} INFO - DAG(s) 'example_setup_teardown_taskflow' retrieved from /home/airflow/.local/lib/python3.12/site-packages/airflow/example_dags/example_setup_teardown_taskflow.py
[2026-02-10T23:33:32.344+0000] {logging_mixin.py:188} INFO - [2026-02-10T23:33:32.344+0000] {dag.py:3096} INFO - Sync 1 DAGs
[2026-02-10T23:33:32.365+0000] {logging_mixin.py:188} INFO - [2026-02-10T23:33:32.365+0000] {dag.py:3954} INFO - Setting next_dagrun for example_setup_teardown_taskflow to 2026-02-09 00:00:00+00:00, run_after=2026-02-10 00:00:00+00:00
[2026-02-10T23:33:32.387+0000] {processor.py:183} INFO - Processing /home/airflow/.local/lib/python3.12/site-packages/airflow/example_dags/example_setup_teardown_taskflow.py took 0.085 seconds
[2026-02-10T23:34:02.690+0000] {processor.py:161} INFO - Started process (PID=3566) to work on /home/airflow/.local/lib/python3.12/site-packages/airflow/example_dags/example_setup_teardown_taskflow.py
[2026-02-10T23:34:02.692+0000] {processor.py:830} INFO - Processing file /home/airflow/.local/lib/python3.12/site-packages/airflow/example_dags/example_setup_teardown_taskflow.py for tasks to queue
[2026-02-10T23:34:02.696+0000] {logging_mixin.py:188} INFO - [2026-02-10T23:34:02.695+0000] {dagbag.py:540} INFO - Filling up the DagBag from /home/airflow/.local/lib/python3.12/site-packages/airflow/example_dags/example_setup_teardown_taskflow.py
[2026-02-10T23:34:02.705+0000] {processor.py:840} INFO - DAG(s) 'example_setup_teardown_taskflow' retrieved from /home/airflow/.local/lib/python3.12/site-packages/airflow/example_dags/example_setup_teardown_taskflow.py
[2026-02-10T23:34:02.731+0000] {logging_mixin.py:188} INFO - [2026-02-10T23:34:02.731+0000] {dag.py:3096} INFO - Sync 1 DAGs
[2026-02-10T23:34:02.753+0000] {logging_mixin.py:188} INFO - [2026-02-10T23:34:02.753+0000] {dag.py:3954} INFO - Setting next_dagrun for example_setup_teardown_taskflow to 2026-02-09 00:00:00+00:00, run_after=2026-02-10 00:00:00+00:00
[2026-02-10T23:34:02.777+0000] {processor.py:183} INFO - Processing /home/airflow/.local/lib/python3.12/site-packages/airflow/example_dags/example_setup_teardown_taskflow.py took 0.100 seconds
[2026-02-10T23:34:32.935+0000] {processor.py:161} INFO - Started process (PID=3620) to work on /home/airflow/.local/lib/python3.12/site-packages/airflow/example_dags/example_setup_teardown_taskflow.py
[2026-02-10T23:34:32.936+0000] {processor.py:830} INFO - Processing file /home/airflow/.local/lib/python3.12/site-packages/airflow/example_dags/example_setup_teardown_taskflow.py for tasks to queue
[2026-02-10T23:34:32.938+0000] {logging_mixin.py:188} INFO - [2026-02-10T23:34:32.938+0000] {dagbag.py:540} INFO - Filling up the DagBag from /home/airflow/.local/lib/python3.12/site-packages/airflow/example_dags/example_setup_teardown_taskflow.py
[2026-02-10T23:34:32.947+0000] {processor.py:840} INFO - DAG(s) 'example_setup_teardown_taskflow' retrieved from /home/airflow/.local/lib/python3.12/site-packages/airflow/example_dags/example_setup_teardown_taskflow.py
[2026-02-10T23:34:32.972+0000] {logging_mixin.py:188} INFO - [2026-02-10T23:34:32.972+0000] {dag.py:3096} INFO - Sync 1 DAGs
[2026-02-10T23:34:32.992+0000] {logging_mixin.py:188} INFO - [2026-02-10T23:34:32.992+0000] {dag.py:3954} INFO - Setting next_dagrun for example_setup_teardown_taskflow to 2026-02-09 00:00:00+00:00, run_after=2026-02-10 00:00:00+00:00
[2026-02-10T23:34:33.013+0000] {processor.py:183} INFO - Processing /home/airflow/.local/lib/python3.12/site-packages/airflow/example_dags/example_setup_teardown_taskflow.py took 0.084 seconds
[2026-02-10T23:35:03.732+0000] {processor.py:161} INFO - Started process (PID=3674) to work on /home/airflow/.local/lib/python3.12/site-packages/airflow/example_dags/example_setup_teardown_taskflow.py
[2026-02-10T23:35:03.736+0000] {processor.py:830} INFO - Processing file /home/airflow/.local/lib/python3.12/site-packages/airflow/example_dags/example_setup_teardown_taskflow.py for tasks to queue
[2026-02-10T23:35:03.741+0000] {logging_mixin.py:188} INFO - [2026-02-10T23:35:03.740+0000] {dagbag.py:540} INFO - Filling up the DagBag from /home/airflow/.local/lib/python3.12/site-packages/airflow/example_dags/example_setup_teardown_taskflow.py
[2026-02-10T23:35:03.759+0000] {processor.py:840} INFO - DAG(s) 'example_setup_teardown_taskflow' retrieved from /home/airflow/.local/lib/python3.12/site-packages/airflow/example_dags/example_setup_teardown_taskflow.py
[2026-02-10T23:35:03.796+0000] {logging_mixin.py:188} INFO - [2026-02-10T23:35:03.795+0000] {dag.py:3096} INFO - Sync 1 DAGs
[2026-02-10T23:35:03.830+0000] {logging_mixin.py:188} INFO - [2026-02-10T23:35:03.829+0000] {dag.py:3954} INFO - Setting next_dagrun for example_setup_teardown_taskflow to 2026-02-09 00:00:00+00:00, run_after=2026-02-10 00:00:00+00:00
[2026-02-10T23:35:03.860+0000] {processor.py:183} INFO - Processing /home/airflow/.local/lib/python3.12/site-packages/airflow/example_dags/example_setup_teardown_taskflow.py took 0.139 seconds
[2026-02-10T23:35:34.066+0000] {processor.py:161} INFO - Started process (PID=3728) to work on /home/airflow/.local/lib/python3.12/site-packages/airflow/example_dags/example_setup_teardown_taskflow.py
[2026-02-10T23:35:34.067+0000] {processor.py:830} INFO - Processing file /home/airflow/.local/lib/python3.12/site-packages/airflow/example_dags/example_setup_teardown_taskflow.py for tasks to queue
[2026-02-10T23:35:34.069+0000] {logging_mixin.py:188} INFO - [2026-02-10T23:35:34.068+0000] {dagbag.py:540} INFO - Filling up the DagBag from /home/airflow/.local/lib/python3.12/site-packages/airflow/example_dags/example_setup_teardown_taskflow.py
[2026-02-10T23:35:34.081+0000] {processor.py:840} INFO - DAG(s) 'example_setup_teardown_taskflow' retrieved from /home/airflow/.local/lib/python3.12/site-packages/airflow/example_dags/example_setup_teardown_taskflow.py
[2026-02-10T23:35:34.107+0000] {logging_mixin.py:188} INFO - [2026-02-10T23:35:34.107+0000] {dag.py:3096} INFO - Sync 1 DAGs
[2026-02-10T23:35:34.132+0000] {logging_mixin.py:188} INFO - [2026-02-10T23:35:34.131+0000] {dag.py:3954} INFO - Setting next_dagrun for example_setup_teardown_taskflow to 2026-02-09 00:00:00+00:00, run_after=2026-02-10 00:00:00+00:00
[2026-02-10T23:35:34.154+0000] {processor.py:183} INFO - Processing /home/airflow/.local/lib/python3.12/site-packages/airflow/example_dags/example_setup_teardown_taskflow.py took 0.095 seconds
[2026-02-10T23:36:05.067+0000] {processor.py:161} INFO - Started process (PID=3782) to work on /home/airflow/.local/lib/python3.12/site-packages/airflow/example_dags/example_setup_teardown_taskflow.py
[2026-02-10T23:36:05.068+0000] {processor.py:830} INFO - Processing file /home/airflow/.local/lib/python3.12/site-packages/airflow/example_dags/example_setup_teardown_taskflow.py for tasks to queue
[2026-02-10T23:36:05.070+0000] {logging_mixin.py:188} INFO - [2026-02-10T23:36:05.070+0000] {dagbag.py:540} INFO - Filling up the DagBag from /home/airflow/.local/lib/python3.12/site-packages/airflow/example_dags/example_setup_teardown_taskflow.py
[2026-02-10T23:36:05.080+0000] {processor.py:840} INFO - DAG(s) 'example_setup_teardown_taskflow' retrieved from /home/airflow/.local/lib/python3.12/site-packages/airflow/example_dags/example_setup_teardown_taskflow.py
[2026-02-10T23:36:05.101+0000] {logging_mixin.py:188} INFO - [2026-02-10T23:36:05.101+0000] {dag.py:3096} INFO - Sync 1 DAGs
[2026-02-10T23:36:05.124+0000] {logging_mixin.py:188} INFO - [2026-02-10T23:36:05.123+0000] {dag.py:3954} INFO - Setting next_dagrun for example_setup_teardown_taskflow to 2026-02-09 00:00:00+00:00, run_after=2026-02-10 00:00:00+00:00
[2026-02-10T23:36:05.143+0000] {processor.py:183} INFO - Processing /home/airflow/.local/lib/python3.12/site-packages/airflow/example_dags/example_setup_teardown_taskflow.py took 0.081 seconds
[2026-02-10T23:36:36.125+0000] {processor.py:161} INFO - Started process (PID=3836) to work on /home/airflow/.local/lib/python3.12/site-packages/airflow/example_dags/example_setup_teardown_taskflow.py
[2026-02-10T23:36:36.126+0000] {processor.py:830} INFO - Processing file /home/airflow/.local/lib/python3.12/site-packages/airflow/example_dags/example_setup_teardown_taskflow.py for tasks to queue
[2026-02-10T23:36:36.128+0000] {logging_mixin.py:188} INFO - [2026-02-10T23:36:36.127+0000] {dagbag.py:540} INFO - Filling up the DagBag from /home/airflow/.local/lib/python3.12/site-packages/airflow/example_dags/example_setup_teardown_taskflow.py
[2026-02-10T23:36:36.136+0000] {processor.py:840} INFO - DAG(s) 'example_setup_teardown_taskflow' retrieved from /home/airflow/.local/lib/python3.12/site-packages/airflow/example_dags/example_setup_teardown_taskflow.py
[2026-02-10T23:36:36.159+0000] {logging_mixin.py:188} INFO - [2026-02-10T23:36:36.159+0000] {dag.py:3096} INFO - Sync 1 DAGs
[2026-02-10T23:36:36.180+0000] {logging_mixin.py:188} INFO - [2026-02-10T23:36:36.180+0000] {dag.py:3954} INFO - Setting next_dagrun for example_setup_teardown_taskflow to 2026-02-09 00:00:00+00:00, run_after=2026-02-10 00:00:00+00:00
[2026-02-10T23:36:36.201+0000] {processor.py:183} INFO - Processing /home/airflow/.local/lib/python3.12/site-packages/airflow/example_dags/example_setup_teardown_taskflow.py took 0.082 seconds
[2026-02-10T23:37:06.362+0000] {processor.py:161} INFO - Started process (PID=3890) to work on /home/airflow/.local/lib/python3.12/site-packages/airflow/example_dags/example_setup_teardown_taskflow.py
[2026-02-10T23:37:06.364+0000] {processor.py:830} INFO - Processing file /home/airflow/.local/lib/python3.12/site-packages/airflow/example_dags/example_setup_teardown_taskflow.py for tasks to queue
[2026-02-10T23:37:06.367+0000] {logging_mixin.py:188} INFO - [2026-02-10T23:37:06.367+0000] {dagbag.py:540} INFO - Filling up the DagBag from /home/airflow/.local/lib/python3.12/site-packages/airflow/example_dags/example_setup_teardown_taskflow.py
[2026-02-10T23:37:06.383+0000] {processor.py:840} INFO - DAG(s) 'example_setup_teardown_taskflow' retrieved from /home/airflow/.local/lib/python3.12/site-packages/airflow/example_dags/example_setup_teardown_taskflow.py
[2026-02-10T23:37:06.436+0000] {logging_mixin.py:188} INFO - [2026-02-10T23:37:06.435+0000] {dag.py:3096} INFO - Sync 1 DAGs
[2026-02-10T23:37:06.492+0000] {logging_mixin.py:188} INFO - [2026-02-10T23:37:06.491+0000] {dag.py:3954} INFO - Setting next_dagrun for example_setup_teardown_taskflow to 2026-02-09 00:00:00+00:00, run_after=2026-02-10 00:00:00+00:00
[2026-02-10T23:37:06.531+0000] {processor.py:183} INFO - Processing /home/airflow/.local/lib/python3.12/site-packages/airflow/example_dags/example_setup_teardown_taskflow.py took 0.179 seconds
[2026-02-10T23:37:36.878+0000] {processor.py:161} INFO - Started process (PID=3944) to work on /home/airflow/.local/lib/python3.12/site-packages/airflow/example_dags/example_setup_teardown_taskflow.py
[2026-02-10T23:37:36.879+0000] {processor.py:830} INFO - Processing file /home/airflow/.local/lib/python3.12/site-packages/airflow/example_dags/example_setup_teardown_taskflow.py for tasks to queue
[2026-02-10T23:37:36.881+0000] {logging_mixin.py:188} INFO - [2026-02-10T23:37:36.880+0000] {dagbag.py:540} INFO - Filling up the DagBag from /home/airflow/.local/lib/python3.12/site-packages/airflow/example_dags/example_setup_teardown_taskflow.py
[2026-02-10T23:37:36.890+0000] {processor.py:840} INFO - DAG(s) 'example_setup_teardown_taskflow' retrieved from /home/airflow/.local/lib/python3.12/site-packages/airflow/example_dags/example_setup_teardown_taskflow.py
[2026-02-10T23:37:36.913+0000] {logging_mixin.py:188} INFO - [2026-02-10T23:37:36.913+0000] {dag.py:3096} INFO - Sync 1 DAGs
[2026-02-10T23:37:36.935+0000] {logging_mixin.py:188} INFO - [2026-02-10T23:37:36.934+0000] {dag.py:3954} INFO - Setting next_dagrun for example_setup_teardown_taskflow to 2026-02-09 00:00:00+00:00, run_after=2026-02-10 00:00:00+00:00
[2026-02-10T23:37:36.954+0000] {processor.py:183} INFO - Processing /home/airflow/.local/lib/python3.12/site-packages/airflow/example_dags/example_setup_teardown_taskflow.py took 0.082 seconds
[2026-02-10T23:38:07.000+0000] {processor.py:161} INFO - Started process (PID=3997) to work on /home/airflow/.local/lib/python3.12/site-packages/airflow/example_dags/example_setup_teardown_taskflow.py
[2026-02-10T23:38:07.001+0000] {processor.py:830} INFO - Processing file /home/airflow/.local/lib/python3.12/site-packages/airflow/example_dags/example_setup_teardown_taskflow.py for tasks to queue
[2026-02-10T23:38:07.003+0000] {logging_mixin.py:188} INFO - [2026-02-10T23:38:07.002+0000] {dagbag.py:540} INFO - Filling up the DagBag from /home/airflow/.local/lib/python3.12/site-packages/airflow/example_dags/example_setup_teardown_taskflow.py
[2026-02-10T23:38:07.013+0000] {processor.py:840} INFO - DAG(s) 'example_setup_teardown_taskflow' retrieved from /home/airflow/.local/lib/python3.12/site-packages/airflow/example_dags/example_setup_teardown_taskflow.py
[2026-02-10T23:38:07.035+0000] {logging_mixin.py:188} INFO - [2026-02-10T23:38:07.035+0000] {dag.py:3096} INFO - Sync 1 DAGs
[2026-02-10T23:38:07.057+0000] {logging_mixin.py:188} INFO - [2026-02-10T23:38:07.057+0000] {dag.py:3954} INFO - Setting next_dagrun for example_setup_teardown_taskflow to 2026-02-09 00:00:00+00:00, run_after=2026-02-10 00:00:00+00:00
[2026-02-10T23:38:07.079+0000] {processor.py:183} INFO - Processing /home/airflow/.local/lib/python3.12/site-packages/airflow/example_dags/example_setup_teardown_taskflow.py took 0.085 seconds
[2026-02-10T23:38:37.959+0000] {processor.py:161} INFO - Started process (PID=4052) to work on /home/airflow/.local/lib/python3.12/site-packages/airflow/example_dags/example_setup_teardown_taskflow.py
[2026-02-10T23:38:37.960+0000] {processor.py:830} INFO - Processing file /home/airflow/.local/lib/python3.12/site-packages/airflow/example_dags/example_setup_teardown_taskflow.py for tasks to queue
[2026-02-10T23:38:37.963+0000] {logging_mixin.py:188} INFO - [2026-02-10T23:38:37.962+0000] {dagbag.py:540} INFO - Filling up the DagBag from /home/airflow/.local/lib/python3.12/site-packages/airflow/example_dags/example_setup_teardown_taskflow.py
[2026-02-10T23:38:37.972+0000] {processor.py:840} INFO - DAG(s) 'example_setup_teardown_taskflow' retrieved from /home/airflow/.local/lib/python3.12/site-packages/airflow/example_dags/example_setup_teardown_taskflow.py
[2026-02-10T23:38:37.995+0000] {logging_mixin.py:188} INFO - [2026-02-10T23:38:37.995+0000] {dag.py:3096} INFO - Sync 1 DAGs
[2026-02-10T23:38:38.018+0000] {logging_mixin.py:188} INFO - [2026-02-10T23:38:38.018+0000] {dag.py:3954} INFO - Setting next_dagrun for example_setup_teardown_taskflow to 2026-02-09 00:00:00+00:00, run_after=2026-02-10 00:00:00+00:00
[2026-02-10T23:38:38.042+0000] {processor.py:183} INFO - Processing /home/airflow/.local/lib/python3.12/site-packages/airflow/example_dags/example_setup_teardown_taskflow.py took 0.090 seconds
[2026-02-10T23:39:08.544+0000] {processor.py:161} INFO - Started process (PID=4106) to work on /home/airflow/.local/lib/python3.12/site-packages/airflow/example_dags/example_setup_teardown_taskflow.py
[2026-02-10T23:39:08.546+0000] {processor.py:830} INFO - Processing file /home/airflow/.local/lib/python3.12/site-packages/airflow/example_dags/example_setup_teardown_taskflow.py for tasks to queue
[2026-02-10T23:39:08.548+0000] {logging_mixin.py:188} INFO - [2026-02-10T23:39:08.547+0000] {dagbag.py:540} INFO - Filling up the DagBag from /home/airflow/.local/lib/python3.12/site-packages/airflow/example_dags/example_setup_teardown_taskflow.py
[2026-02-10T23:39:08.556+0000] {processor.py:840} INFO - DAG(s) 'example_setup_teardown_taskflow' retrieved from /home/airflow/.local/lib/python3.12/site-packages/airflow/example_dags/example_setup_teardown_taskflow.py
[2026-02-10T23:39:08.580+0000] {logging_mixin.py:188} INFO - [2026-02-10T23:39:08.579+0000] {dag.py:3096} INFO - Sync 1 DAGs
[2026-02-10T23:39:08.603+0000] {logging_mixin.py:188} INFO - [2026-02-10T23:39:08.602+0000] {dag.py:3954} INFO - Setting next_dagrun for example_setup_teardown_taskflow to 2026-02-09 00:00:00+00:00, run_after=2026-02-10 00:00:00+00:00
[2026-02-10T23:39:08.627+0000] {processor.py:183} INFO - Processing /home/airflow/.local/lib/python3.12/site-packages/airflow/example_dags/example_setup_teardown_taskflow.py took 0.090 seconds
[2026-02-10T23:39:38.792+0000] {processor.py:161} INFO - Started process (PID=4160) to work on /home/airflow/.local/lib/python3.12/site-packages/airflow/example_dags/example_setup_teardown_taskflow.py
[2026-02-10T23:39:38.794+0000] {processor.py:830} INFO - Processing file /home/airflow/.local/lib/python3.12/site-packages/airflow/example_dags/example_setup_teardown_taskflow.py for tasks to queue
[2026-02-10T23:39:38.797+0000] {logging_mixin.py:188} INFO - [2026-02-10T23:39:38.797+0000] {dagbag.py:540} INFO - Filling up the DagBag from /home/airflow/.local/lib/python3.12/site-packages/airflow/example_dags/example_setup_teardown_taskflow.py
[2026-02-10T23:39:38.812+0000] {processor.py:840} INFO - DAG(s) 'example_setup_teardown_taskflow' retrieved from /home/airflow/.local/lib/python3.12/site-packages/airflow/example_dags/example_setup_teardown_taskflow.py
[2026-02-10T23:39:38.845+0000] {logging_mixin.py:188} INFO - [2026-02-10T23:39:38.845+0000] {dag.py:3096} INFO - Sync 1 DAGs
[2026-02-10T23:39:38.879+0000] {logging_mixin.py:188} INFO - [2026-02-10T23:39:38.879+0000] {dag.py:3954} INFO - Setting next_dagrun for example_setup_teardown_taskflow to 2026-02-09 00:00:00+00:00, run_after=2026-02-10 00:00:00+00:00
[2026-02-10T23:39:38.909+0000] {processor.py:183} INFO - Processing /home/airflow/.local/lib/python3.12/site-packages/airflow/example_dags/example_setup_teardown_taskflow.py took 0.127 seconds
[2026-02-10T23:40:09.588+0000] {processor.py:161} INFO - Started process (PID=4214) to work on /home/airflow/.local/lib/python3.12/site-packages/airflow/example_dags/example_setup_teardown_taskflow.py
[2026-02-10T23:40:09.590+0000] {processor.py:830} INFO - Processing file /home/airflow/.local/lib/python3.12/site-packages/airflow/example_dags/example_setup_teardown_taskflow.py for tasks to queue
[2026-02-10T23:40:09.594+0000] {logging_mixin.py:188} INFO - [2026-02-10T23:40:09.593+0000] {dagbag.py:540} INFO - Filling up the DagBag from /home/airflow/.local/lib/python3.12/site-packages/airflow/example_dags/example_setup_teardown_taskflow.py
[2026-02-10T23:40:09.613+0000] {processor.py:840} INFO - DAG(s) 'example_setup_teardown_taskflow' retrieved from /home/airflow/.local/lib/python3.12/site-packages/airflow/example_dags/example_setup_teardown_taskflow.py
[2026-02-10T23:40:09.657+0000] {logging_mixin.py:188} INFO - [2026-02-10T23:40:09.657+0000] {dag.py:3096} INFO - Sync 1 DAGs
[2026-02-10T23:40:09.702+0000] {logging_mixin.py:188} INFO - [2026-02-10T23:40:09.701+0000] {dag.py:3954} INFO - Setting next_dagrun for example_setup_teardown_taskflow to 2026-02-09 00:00:00+00:00, run_after=2026-02-10 00:00:00+00:00
[2026-02-10T23:40:09.743+0000] {processor.py:183} INFO - Processing /home/airflow/.local/lib/python3.12/site-packages/airflow/example_dags/example_setup_teardown_taskflow.py took 0.164 seconds
[2026-02-10T23:40:40.407+0000] {processor.py:161} INFO - Started process (PID=4268) to work on /home/airflow/.local/lib/python3.12/site-packages/airflow/example_dags/example_setup_teardown_taskflow.py
[2026-02-10T23:40:40.408+0000] {processor.py:830} INFO - Processing file /home/airflow/.local/lib/python3.12/site-packages/airflow/example_dags/example_setup_teardown_taskflow.py for tasks to queue
[2026-02-10T23:40:40.411+0000] {logging_mixin.py:188} INFO - [2026-02-10T23:40:40.410+0000] {dagbag.py:540} INFO - Filling up the DagBag from /home/airflow/.local/lib/python3.12/site-packages/airflow/example_dags/example_setup_teardown_taskflow.py
[2026-02-10T23:40:40.422+0000] {processor.py:840} INFO - DAG(s) 'example_setup_teardown_taskflow' retrieved from /home/airflow/.local/lib/python3.12/site-packages/airflow/example_dags/example_setup_teardown_taskflow.py
[2026-02-10T23:40:40.446+0000] {logging_mixin.py:188} INFO - [2026-02-10T23:40:40.446+0000] {dag.py:3096} INFO - Sync 1 DAGs
[2026-02-10T23:40:40.470+0000] {logging_mixin.py:188} INFO - [2026-02-10T23:40:40.470+0000] {dag.py:3954} INFO - Setting next_dagrun for example_setup_teardown_taskflow to 2026-02-09 00:00:00+00:00, run_after=2026-02-10 00:00:00+00:00
[2026-02-10T23:40:40.492+0000] {processor.py:183} INFO - Processing /home/airflow/.local/lib/python3.12/site-packages/airflow/example_dags/example_setup_teardown_taskflow.py took 0.091 seconds
[2026-02-10T23:41:11.074+0000] {processor.py:161} INFO - Started process (PID=4322) to work on /home/airflow/.local/lib/python3.12/site-packages/airflow/example_dags/example_setup_teardown_taskflow.py
[2026-02-10T23:41:11.075+0000] {processor.py:830} INFO - Processing file /home/airflow/.local/lib/python3.12/site-packages/airflow/example_dags/example_setup_teardown_taskflow.py for tasks to queue
[2026-02-10T23:41:11.077+0000] {logging_mixin.py:188} INFO - [2026-02-10T23:41:11.077+0000] {dagbag.py:540} INFO - Filling up the DagBag from /home/airflow/.local/lib/python3.12/site-packages/airflow/example_dags/example_setup_teardown_taskflow.py
[2026-02-10T23:41:11.086+0000] {processor.py:840} INFO - DAG(s) 'example_setup_teardown_taskflow' retrieved from /home/airflow/.local/lib/python3.12/site-packages/airflow/example_dags/example_setup_teardown_taskflow.py
[2026-02-10T23:41:11.108+0000] {logging_mixin.py:188} INFO - [2026-02-10T23:41:11.108+0000] {dag.py:3096} INFO - Sync 1 DAGs
[2026-02-10T23:41:11.129+0000] {logging_mixin.py:188} INFO - [2026-02-10T23:41:11.128+0000] {dag.py:3954} INFO - Setting next_dagrun for example_setup_teardown_taskflow to 2026-02-09 00:00:00+00:00, run_after=2026-02-10 00:00:00+00:00
[2026-02-10T23:41:11.147+0000] {processor.py:183} INFO - Processing /home/airflow/.local/lib/python3.12/site-packages/airflow/example_dags/example_setup_teardown_taskflow.py took 0.079 seconds
[2026-02-10T23:41:41.435+0000] {processor.py:161} INFO - Started process (PID=4376) to work on /home/airflow/.local/lib/python3.12/site-packages/airflow/example_dags/example_setup_teardown_taskflow.py
[2026-02-10T23:41:41.436+0000] {processor.py:830} INFO - Processing file /home/airflow/.local/lib/python3.12/site-packages/airflow/example_dags/example_setup_teardown_taskflow.py for tasks to queue
[2026-02-10T23:41:41.438+0000] {logging_mixin.py:188} INFO - [2026-02-10T23:41:41.438+0000] {dagbag.py:540} INFO - Filling up the DagBag from /home/airflow/.local/lib/python3.12/site-packages/airflow/example_dags/example_setup_teardown_taskflow.py
[2026-02-10T23:41:41.450+0000] {processor.py:840} INFO - DAG(s) 'example_setup_teardown_taskflow' retrieved from /home/airflow/.local/lib/python3.12/site-packages/airflow/example_dags/example_setup_teardown_taskflow.py
[2026-02-10T23:41:41.478+0000] {logging_mixin.py:188} INFO - [2026-02-10T23:41:41.477+0000] {dag.py:3096} INFO - Sync 1 DAGs
[2026-02-10T23:41:41.499+0000] {logging_mixin.py:188} INFO - [2026-02-10T23:41:41.498+0000] {dag.py:3954} INFO - Setting next_dagrun for example_setup_teardown_taskflow to 2026-02-09 00:00:00+00:00, run_after=2026-02-10 00:00:00+00:00
[2026-02-10T23:41:41.517+0000] {processor.py:183} INFO - Processing /home/airflow/.local/lib/python3.12/site-packages/airflow/example_dags/example_setup_teardown_taskflow.py took 0.090 seconds
[2026-02-10T23:42:12.156+0000] {processor.py:161} INFO - Started process (PID=4430) to work on /home/airflow/.local/lib/python3.12/site-packages/airflow/example_dags/example_setup_teardown_taskflow.py
[2026-02-10T23:42:12.158+0000] {processor.py:830} INFO - Processing file /home/airflow/.local/lib/python3.12/site-packages/airflow/example_dags/example_setup_teardown_taskflow.py for tasks to queue
[2026-02-10T23:42:12.162+0000] {logging_mixin.py:188} INFO - [2026-02-10T23:42:12.161+0000] {dagbag.py:540} INFO - Filling up the DagBag from /home/airflow/.local/lib/python3.12/site-packages/airflow/example_dags/example_setup_teardown_taskflow.py
[2026-02-10T23:42:12.173+0000] {processor.py:840} INFO - DAG(s) 'example_setup_teardown_taskflow' retrieved from /home/airflow/.local/lib/python3.12/site-packages/airflow/example_dags/example_setup_teardown_taskflow.py
[2026-02-10T23:42:12.204+0000] {logging_mixin.py:188} INFO - [2026-02-10T23:42:12.203+0000] {dag.py:3096} INFO - Sync 1 DAGs
[2026-02-10T23:42:12.238+0000] {logging_mixin.py:188} INFO - [2026-02-10T23:42:12.238+0000] {dag.py:3954} INFO - Setting next_dagrun for example_setup_teardown_taskflow to 2026-02-09 00:00:00+00:00, run_after=2026-02-10 00:00:00+00:00
[2026-02-10T23:42:12.262+0000] {processor.py:183} INFO - Processing /home/airflow/.local/lib/python3.12/site-packages/airflow/example_dags/example_setup_teardown_taskflow.py took 0.116 seconds
[2026-02-10T23:42:42.721+0000] {processor.py:161} INFO - Started process (PID=4484) to work on /home/airflow/.local/lib/python3.12/site-packages/airflow/example_dags/example_setup_teardown_taskflow.py
[2026-02-10T23:42:42.722+0000] {processor.py:830} INFO - Processing file /home/airflow/.local/lib/python3.12/site-packages/airflow/example_dags/example_setup_teardown_taskflow.py for tasks to queue
[2026-02-10T23:42:42.725+0000] {logging_mixin.py:188} INFO - [2026-02-10T23:42:42.725+0000] {dagbag.py:540} INFO - Filling up the DagBag from /home/airflow/.local/lib/python3.12/site-packages/airflow/example_dags/example_setup_teardown_taskflow.py
[2026-02-10T23:42:42.738+0000] {processor.py:840} INFO - DAG(s) 'example_setup_teardown_taskflow' retrieved from /home/airflow/.local/lib/python3.12/site-packages/airflow/example_dags/example_setup_teardown_taskflow.py
[2026-02-10T23:42:42.768+0000] {logging_mixin.py:188} INFO - [2026-02-10T23:42:42.767+0000] {dag.py:3096} INFO - Sync 1 DAGs
[2026-02-10T23:42:42.798+0000] {logging_mixin.py:188} INFO - [2026-02-10T23:42:42.798+0000] {dag.py:3954} INFO - Setting next_dagrun for example_setup_teardown_taskflow to 2026-02-09 00:00:00+00:00, run_after=2026-02-10 00:00:00+00:00
[2026-02-10T23:42:42.823+0000] {processor.py:183} INFO - Processing /home/airflow/.local/lib/python3.12/site-packages/airflow/example_dags/example_setup_teardown_taskflow.py took 0.110 seconds
[2026-02-10T23:43:12.928+0000] {processor.py:161} INFO - Started process (PID=4538) to work on /home/airflow/.local/lib/python3.12/site-packages/airflow/example_dags/example_setup_teardown_taskflow.py
[2026-02-10T23:43:12.930+0000] {processor.py:830} INFO - Processing file /home/airflow/.local/lib/python3.12/site-packages/airflow/example_dags/example_setup_teardown_taskflow.py for tasks to queue
[2026-02-10T23:43:12.933+0000] {logging_mixin.py:188} INFO - [2026-02-10T23:43:12.933+0000] {dagbag.py:540} INFO - Filling up the DagBag from /home/airflow/.local/lib/python3.12/site-packages/airflow/example_dags/example_setup_teardown_taskflow.py
[2026-02-10T23:43:12.944+0000] {processor.py:840} INFO - DAG(s) 'example_setup_teardown_taskflow' retrieved from /home/airflow/.local/lib/python3.12/site-packages/airflow/example_dags/example_setup_teardown_taskflow.py
[2026-02-10T23:43:12.970+0000] {logging_mixin.py:188} INFO - [2026-02-10T23:43:12.969+0000] {dag.py:3096} INFO - Sync 1 DAGs
[2026-02-10T23:43:12.997+0000] {logging_mixin.py:188} INFO - [2026-02-10T23:43:12.997+0000] {dag.py:3954} INFO - Setting next_dagrun for example_setup_teardown_taskflow to 2026-02-09 00:00:00+00:00, run_after=2026-02-10 00:00:00+00:00
[2026-02-10T23:43:13.020+0000] {processor.py:183} INFO - Processing /home/airflow/.local/lib/python3.12/site-packages/airflow/example_dags/example_setup_teardown_taskflow.py took 0.101 seconds
[2026-02-10T23:43:43.541+0000] {processor.py:161} INFO - Started process (PID=4592) to work on /home/airflow/.local/lib/python3.12/site-packages/airflow/example_dags/example_setup_teardown_taskflow.py
[2026-02-10T23:43:43.542+0000] {processor.py:830} INFO - Processing file /home/airflow/.local/lib/python3.12/site-packages/airflow/example_dags/example_setup_teardown_taskflow.py for tasks to queue
[2026-02-10T23:43:43.544+0000] {logging_mixin.py:188} INFO - [2026-02-10T23:43:43.544+0000] {dagbag.py:540} INFO - Filling up the DagBag from /home/airflow/.local/lib/python3.12/site-packages/airflow/example_dags/example_setup_teardown_taskflow.py
[2026-02-10T23:43:43.554+0000] {processor.py:840} INFO - DAG(s) 'example_setup_teardown_taskflow' retrieved from /home/airflow/.local/lib/python3.12/site-packages/airflow/example_dags/example_setup_teardown_taskflow.py
[2026-02-10T23:43:43.581+0000] {logging_mixin.py:188} INFO - [2026-02-10T23:43:43.581+0000] {dag.py:3096} INFO - Sync 1 DAGs
[2026-02-10T23:43:43.604+0000] {logging_mixin.py:188} INFO - [2026-02-10T23:43:43.603+0000] {dag.py:3954} INFO - Setting next_dagrun for example_setup_teardown_taskflow to 2026-02-09 00:00:00+00:00, run_after=2026-02-10 00:00:00+00:00
[2026-02-10T23:43:43.627+0000] {processor.py:183} INFO - Processing /home/airflow/.local/lib/python3.12/site-packages/airflow/example_dags/example_setup_teardown_taskflow.py took 0.093 seconds
[2026-02-10T23:44:13.760+0000] {processor.py:161} INFO - Started process (PID=4646) to work on /home/airflow/.local/lib/python3.12/site-packages/airflow/example_dags/example_setup_teardown_taskflow.py
[2026-02-10T23:44:13.762+0000] {processor.py:830} INFO - Processing file /home/airflow/.local/lib/python3.12/site-packages/airflow/example_dags/example_setup_teardown_taskflow.py for tasks to queue
[2026-02-10T23:44:13.764+0000] {logging_mixin.py:188} INFO - [2026-02-10T23:44:13.764+0000] {dagbag.py:540} INFO - Filling up the DagBag from /home/airflow/.local/lib/python3.12/site-packages/airflow/example_dags/example_setup_teardown_taskflow.py
[2026-02-10T23:44:13.776+0000] {processor.py:840} INFO - DAG(s) 'example_setup_teardown_taskflow' retrieved from /home/airflow/.local/lib/python3.12/site-packages/airflow/example_dags/example_setup_teardown_taskflow.py
[2026-02-10T23:44:13.805+0000] {logging_mixin.py:188} INFO - [2026-02-10T23:44:13.805+0000] {dag.py:3096} INFO - Sync 1 DAGs
[2026-02-10T23:44:13.833+0000] {logging_mixin.py:188} INFO - [2026-02-10T23:44:13.833+0000] {dag.py:3954} INFO - Setting next_dagrun for example_setup_teardown_taskflow to 2026-02-09 00:00:00+00:00, run_after=2026-02-10 00:00:00+00:00
[2026-02-10T23:44:13.857+0000] {processor.py:183} INFO - Processing /home/airflow/.local/lib/python3.12/site-packages/airflow/example_dags/example_setup_teardown_taskflow.py took 0.104 seconds
[2026-02-10T23:44:44.320+0000] {processor.py:161} INFO - Started process (PID=4700) to work on /home/airflow/.local/lib/python3.12/site-packages/airflow/example_dags/example_setup_teardown_taskflow.py
[2026-02-10T23:44:44.321+0000] {processor.py:830} INFO - Processing file /home/airflow/.local/lib/python3.12/site-packages/airflow/example_dags/example_setup_teardown_taskflow.py for tasks to queue
[2026-02-10T23:44:44.323+0000] {logging_mixin.py:188} INFO - [2026-02-10T23:44:44.323+0000] {dagbag.py:540} INFO - Filling up the DagBag from /home/airflow/.local/lib/python3.12/site-packages/airflow/example_dags/example_setup_teardown_taskflow.py
[2026-02-10T23:44:44.332+0000] {processor.py:840} INFO - DAG(s) 'example_setup_teardown_taskflow' retrieved from /home/airflow/.local/lib/python3.12/site-packages/airflow/example_dags/example_setup_teardown_taskflow.py
[2026-02-10T23:44:44.356+0000] {logging_mixin.py:188} INFO - [2026-02-10T23:44:44.356+0000] {dag.py:3096} INFO - Sync 1 DAGs
[2026-02-10T23:44:44.378+0000] {logging_mixin.py:188} INFO - [2026-02-10T23:44:44.378+0000] {dag.py:3954} INFO - Setting next_dagrun for example_setup_teardown_taskflow to 2026-02-09 00:00:00+00:00, run_after=2026-02-10 00:00:00+00:00
[2026-02-10T23:44:44.400+0000] {processor.py:183} INFO - Processing /home/airflow/.local/lib/python3.12/site-packages/airflow/example_dags/example_setup_teardown_taskflow.py took 0.087 seconds
[2026-02-10T23:45:14.696+0000] {processor.py:161} INFO - Started process (PID=4754) to work on /home/airflow/.local/lib/python3.12/site-packages/airflow/example_dags/example_setup_teardown_taskflow.py
[2026-02-10T23:45:14.698+0000] {processor.py:830} INFO - Processing file /home/airflow/.local/lib/python3.12/site-packages/airflow/example_dags/example_setup_teardown_taskflow.py for tasks to queue
[2026-02-10T23:45:14.700+0000] {logging_mixin.py:188} INFO - [2026-02-10T23:45:14.699+0000] {dagbag.py:540} INFO - Filling up the DagBag from /home/airflow/.local/lib/python3.12/site-packages/airflow/example_dags/example_setup_teardown_taskflow.py
[2026-02-10T23:45:14.710+0000] {processor.py:840} INFO - DAG(s) 'example_setup_teardown_taskflow' retrieved from /home/airflow/.local/lib/python3.12/site-packages/airflow/example_dags/example_setup_teardown_taskflow.py
[2026-02-10T23:45:14.733+0000] {logging_mixin.py:188} INFO - [2026-02-10T23:45:14.733+0000] {dag.py:3096} INFO - Sync 1 DAGs
[2026-02-10T23:45:14.756+0000] {logging_mixin.py:188} INFO - [2026-02-10T23:45:14.756+0000] {dag.py:3954} INFO - Setting next_dagrun for example_setup_teardown_taskflow to 2026-02-09 00:00:00+00:00, run_after=2026-02-10 00:00:00+00:00
[2026-02-10T23:45:14.777+0000] {processor.py:183} INFO - Processing /home/airflow/.local/lib/python3.12/site-packages/airflow/example_dags/example_setup_teardown_taskflow.py took 0.087 seconds
[2026-02-10T23:45:45.331+0000] {processor.py:161} INFO - Started process (PID=4808) to work on /home/airflow/.local/lib/python3.12/site-packages/airflow/example_dags/example_setup_teardown_taskflow.py
[2026-02-10T23:45:45.332+0000] {processor.py:830} INFO - Processing file /home/airflow/.local/lib/python3.12/site-packages/airflow/example_dags/example_setup_teardown_taskflow.py for tasks to queue
[2026-02-10T23:45:45.335+0000] {logging_mixin.py:188} INFO - [2026-02-10T23:45:45.335+0000] {dagbag.py:540} INFO - Filling up the DagBag from /home/airflow/.local/lib/python3.12/site-packages/airflow/example_dags/example_setup_teardown_taskflow.py
[2026-02-10T23:45:45.351+0000] {processor.py:840} INFO - DAG(s) 'example_setup_teardown_taskflow' retrieved from /home/airflow/.local/lib/python3.12/site-packages/airflow/example_dags/example_setup_teardown_taskflow.py
[2026-02-10T23:45:45.389+0000] {logging_mixin.py:188} INFO - [2026-02-10T23:45:45.388+0000] {dag.py:3096} INFO - Sync 1 DAGs
[2026-02-10T23:45:45.428+0000] {logging_mixin.py:188} INFO - [2026-02-10T23:45:45.427+0000] {dag.py:3954} INFO - Setting next_dagrun for example_setup_teardown_taskflow to 2026-02-09 00:00:00+00:00, run_after=2026-02-10 00:00:00+00:00
[2026-02-10T23:45:45.470+0000] {processor.py:183} INFO - Processing /home/airflow/.local/lib/python3.12/site-packages/airflow/example_dags/example_setup_teardown_taskflow.py took 0.149 seconds
[2026-02-10T23:46:15.811+0000] {processor.py:161} INFO - Started process (PID=4862) to work on /home/airflow/.local/lib/python3.12/site-packages/airflow/example_dags/example_setup_teardown_taskflow.py
[2026-02-10T23:46:15.812+0000] {processor.py:830} INFO - Processing file /home/airflow/.local/lib/python3.12/site-packages/airflow/example_dags/example_setup_teardown_taskflow.py for tasks to queue
[2026-02-10T23:46:15.815+0000] {logging_mixin.py:188} INFO - [2026-02-10T23:46:15.815+0000] {dagbag.py:540} INFO - Filling up the DagBag from /home/airflow/.local/lib/python3.12/site-packages/airflow/example_dags/example_setup_teardown_taskflow.py
[2026-02-10T23:46:15.833+0000] {processor.py:840} INFO - DAG(s) 'example_setup_teardown_taskflow' retrieved from /home/airflow/.local/lib/python3.12/site-packages/airflow/example_dags/example_setup_teardown_taskflow.py
[2026-02-10T23:46:15.879+0000] {logging_mixin.py:188} INFO - [2026-02-10T23:46:15.879+0000] {dag.py:3096} INFO - Sync 1 DAGs
[2026-02-10T23:46:15.918+0000] {logging_mixin.py:188} INFO - [2026-02-10T23:46:15.918+0000] {dag.py:3954} INFO - Setting next_dagrun for example_setup_teardown_taskflow to 2026-02-09 00:00:00+00:00, run_after=2026-02-10 00:00:00+00:00
[2026-02-10T23:46:15.960+0000] {processor.py:183} INFO - Processing /home/airflow/.local/lib/python3.12/site-packages/airflow/example_dags/example_setup_teardown_taskflow.py took 0.161 seconds
[2026-02-10T23:46:46.014+0000] {processor.py:161} INFO - Started process (PID=4916) to work on /home/airflow/.local/lib/python3.12/site-packages/airflow/example_dags/example_setup_teardown_taskflow.py
[2026-02-10T23:46:46.015+0000] {processor.py:830} INFO - Processing file /home/airflow/.local/lib/python3.12/site-packages/airflow/example_dags/example_setup_teardown_taskflow.py for tasks to queue
[2026-02-10T23:46:46.018+0000] {logging_mixin.py:188} INFO - [2026-02-10T23:46:46.018+0000] {dagbag.py:540} INFO - Filling up the DagBag from /home/airflow/.local/lib/python3.12/site-packages/airflow/example_dags/example_setup_teardown_taskflow.py
[2026-02-10T23:46:46.030+0000] {processor.py:840} INFO - DAG(s) 'example_setup_teardown_taskflow' retrieved from /home/airflow/.local/lib/python3.12/site-packages/airflow/example_dags/example_setup_teardown_taskflow.py
[2026-02-10T23:46:46.060+0000] {logging_mixin.py:188} INFO - [2026-02-10T23:46:46.060+0000] {dag.py:3096} INFO - Sync 1 DAGs
[2026-02-10T23:46:46.086+0000] {logging_mixin.py:188} INFO - [2026-02-10T23:46:46.086+0000] {dag.py:3954} INFO - Setting next_dagrun for example_setup_teardown_taskflow to 2026-02-09 00:00:00+00:00, run_after=2026-02-10 00:00:00+00:00
[2026-02-10T23:46:46.116+0000] {processor.py:183} INFO - Processing /home/airflow/.local/lib/python3.12/site-packages/airflow/example_dags/example_setup_teardown_taskflow.py took 0.109 seconds
[2026-02-10T23:47:16.155+0000] {processor.py:161} INFO - Started process (PID=4969) to work on /home/airflow/.local/lib/python3.12/site-packages/airflow/example_dags/example_setup_teardown_taskflow.py
[2026-02-10T23:47:16.156+0000] {processor.py:830} INFO - Processing file /home/airflow/.local/lib/python3.12/site-packages/airflow/example_dags/example_setup_teardown_taskflow.py for tasks to queue
[2026-02-10T23:47:16.159+0000] {logging_mixin.py:188} INFO - [2026-02-10T23:47:16.158+0000] {dagbag.py:540} INFO - Filling up the DagBag from /home/airflow/.local/lib/python3.12/site-packages/airflow/example_dags/example_setup_teardown_taskflow.py
[2026-02-10T23:47:16.169+0000] {processor.py:840} INFO - DAG(s) 'example_setup_teardown_taskflow' retrieved from /home/airflow/.local/lib/python3.12/site-packages/airflow/example_dags/example_setup_teardown_taskflow.py
[2026-02-10T23:47:16.190+0000] {logging_mixin.py:188} INFO - [2026-02-10T23:47:16.190+0000] {dag.py:3096} INFO - Sync 1 DAGs
[2026-02-10T23:47:16.212+0000] {logging_mixin.py:188} INFO - [2026-02-10T23:47:16.212+0000] {dag.py:3954} INFO - Setting next_dagrun for example_setup_teardown_taskflow to 2026-02-09 00:00:00+00:00, run_after=2026-02-10 00:00:00+00:00
[2026-02-10T23:47:16.232+0000] {processor.py:183} INFO - Processing /home/airflow/.local/lib/python3.12/site-packages/airflow/example_dags/example_setup_teardown_taskflow.py took 0.083 seconds
[2026-02-10T23:47:46.325+0000] {processor.py:161} INFO - Started process (PID=5023) to work on /home/airflow/.local/lib/python3.12/site-packages/airflow/example_dags/example_setup_teardown_taskflow.py
[2026-02-10T23:47:46.326+0000] {processor.py:830} INFO - Processing file /home/airflow/.local/lib/python3.12/site-packages/airflow/example_dags/example_setup_teardown_taskflow.py for tasks to queue
[2026-02-10T23:47:46.328+0000] {logging_mixin.py:188} INFO - [2026-02-10T23:47:46.328+0000] {dagbag.py:540} INFO - Filling up the DagBag from /home/airflow/.local/lib/python3.12/site-packages/airflow/example_dags/example_setup_teardown_taskflow.py
[2026-02-10T23:47:46.338+0000] {processor.py:840} INFO - DAG(s) 'example_setup_teardown_taskflow' retrieved from /home/airflow/.local/lib/python3.12/site-packages/airflow/example_dags/example_setup_teardown_taskflow.py
[2026-02-10T23:47:46.359+0000] {logging_mixin.py:188} INFO - [2026-02-10T23:47:46.359+0000] {dag.py:3096} INFO - Sync 1 DAGs
[2026-02-10T23:47:46.398+0000] {logging_mixin.py:188} INFO - [2026-02-10T23:47:46.398+0000] {dag.py:3954} INFO - Setting next_dagrun for example_setup_teardown_taskflow to 2026-02-09 00:00:00+00:00, run_after=2026-02-10 00:00:00+00:00
[2026-02-10T23:47:46.422+0000] {processor.py:183} INFO - Processing /home/airflow/.local/lib/python3.12/site-packages/airflow/example_dags/example_setup_teardown_taskflow.py took 0.104 seconds
[2026-02-10T23:48:16.751+0000] {processor.py:161} INFO - Started process (PID=5077) to work on /home/airflow/.local/lib/python3.12/site-packages/airflow/example_dags/example_setup_teardown_taskflow.py
[2026-02-10T23:48:16.752+0000] {processor.py:830} INFO - Processing file /home/airflow/.local/lib/python3.12/site-packages/airflow/example_dags/example_setup_teardown_taskflow.py for tasks to queue
[2026-02-10T23:48:16.755+0000] {logging_mixin.py:188} INFO - [2026-02-10T23:48:16.754+0000] {dagbag.py:540} INFO - Filling up the DagBag from /home/airflow/.local/lib/python3.12/site-packages/airflow/example_dags/example_setup_teardown_taskflow.py
[2026-02-10T23:48:16.764+0000] {processor.py:840} INFO - DAG(s) 'example_setup_teardown_taskflow' retrieved from /home/airflow/.local/lib/python3.12/site-packages/airflow/example_dags/example_setup_teardown_taskflow.py
[2026-02-10T23:48:16.787+0000] {logging_mixin.py:188} INFO - [2026-02-10T23:48:16.787+0000] {dag.py:3096} INFO - Sync 1 DAGs
[2026-02-10T23:48:16.810+0000] {logging_mixin.py:188} INFO - [2026-02-10T23:48:16.810+0000] {dag.py:3954} INFO - Setting next_dagrun for example_setup_teardown_taskflow to 2026-02-09 00:00:00+00:00, run_after=2026-02-10 00:00:00+00:00
[2026-02-10T23:48:16.830+0000] {processor.py:183} INFO - Processing /home/airflow/.local/lib/python3.12/site-packages/airflow/example_dags/example_setup_teardown_taskflow.py took 0.085 seconds
[2026-02-10T23:48:47.178+0000] {processor.py:161} INFO - Started process (PID=5132) to work on /home/airflow/.local/lib/python3.12/site-packages/airflow/example_dags/example_setup_teardown_taskflow.py
[2026-02-10T23:48:47.179+0000] {processor.py:830} INFO - Processing file /home/airflow/.local/lib/python3.12/site-packages/airflow/example_dags/example_setup_teardown_taskflow.py for tasks to queue
[2026-02-10T23:48:47.181+0000] {logging_mixin.py:188} INFO - [2026-02-10T23:48:47.181+0000] {dagbag.py:540} INFO - Filling up the DagBag from /home/airflow/.local/lib/python3.12/site-packages/airflow/example_dags/example_setup_teardown_taskflow.py
[2026-02-10T23:48:47.191+0000] {processor.py:840} INFO - DAG(s) 'example_setup_teardown_taskflow' retrieved from /home/airflow/.local/lib/python3.12/site-packages/airflow/example_dags/example_setup_teardown_taskflow.py
[2026-02-10T23:48:47.213+0000] {logging_mixin.py:188} INFO - [2026-02-10T23:48:47.213+0000] {dag.py:3096} INFO - Sync 1 DAGs
[2026-02-10T23:48:47.236+0000] {logging_mixin.py:188} INFO - [2026-02-10T23:48:47.236+0000] {dag.py:3954} INFO - Setting next_dagrun for example_setup_teardown_taskflow to 2026-02-09 00:00:00+00:00, run_after=2026-02-10 00:00:00+00:00
[2026-02-10T23:48:47.254+0000] {processor.py:183} INFO - Processing /home/airflow/.local/lib/python3.12/site-packages/airflow/example_dags/example_setup_teardown_taskflow.py took 0.083 seconds
[2026-02-10T23:49:17.432+0000] {processor.py:161} INFO - Started process (PID=5186) to work on /home/airflow/.local/lib/python3.12/site-packages/airflow/example_dags/example_setup_teardown_taskflow.py
[2026-02-10T23:49:17.433+0000] {processor.py:830} INFO - Processing file /home/airflow/.local/lib/python3.12/site-packages/airflow/example_dags/example_setup_teardown_taskflow.py for tasks to queue
[2026-02-10T23:49:17.436+0000] {logging_mixin.py:188} INFO - [2026-02-10T23:49:17.435+0000] {dagbag.py:540} INFO - Filling up the DagBag from /home/airflow/.local/lib/python3.12/site-packages/airflow/example_dags/example_setup_teardown_taskflow.py
[2026-02-10T23:49:17.445+0000] {processor.py:840} INFO - DAG(s) 'example_setup_teardown_taskflow' retrieved from /home/airflow/.local/lib/python3.12/site-packages/airflow/example_dags/example_setup_teardown_taskflow.py
[2026-02-10T23:49:17.467+0000] {logging_mixin.py:188} INFO - [2026-02-10T23:49:17.467+0000] {dag.py:3096} INFO - Sync 1 DAGs
[2026-02-10T23:49:17.489+0000] {logging_mixin.py:188} INFO - [2026-02-10T23:49:17.489+0000] {dag.py:3954} INFO - Setting next_dagrun for example_setup_teardown_taskflow to 2026-02-09 00:00:00+00:00, run_after=2026-02-10 00:00:00+00:00
[2026-02-10T23:49:17.510+0000] {processor.py:183} INFO - Processing /home/airflow/.local/lib/python3.12/site-packages/airflow/example_dags/example_setup_teardown_taskflow.py took 0.083 seconds
[2026-02-10T23:49:47.698+0000] {processor.py:161} INFO - Started process (PID=5240) to work on /home/airflow/.local/lib/python3.12/site-packages/airflow/example_dags/example_setup_teardown_taskflow.py
[2026-02-10T23:49:47.700+0000] {processor.py:830} INFO - Processing file /home/airflow/.local/lib/python3.12/site-packages/airflow/example_dags/example_setup_teardown_taskflow.py for tasks to queue
[2026-02-10T23:49:47.702+0000] {logging_mixin.py:188} INFO - [2026-02-10T23:49:47.702+0000] {dagbag.py:540} INFO - Filling up the DagBag from /home/airflow/.local/lib/python3.12/site-packages/airflow/example_dags/example_setup_teardown_taskflow.py
[2026-02-10T23:49:47.712+0000] {processor.py:840} INFO - DAG(s) 'example_setup_teardown_taskflow' retrieved from /home/airflow/.local/lib/python3.12/site-packages/airflow/example_dags/example_setup_teardown_taskflow.py
[2026-02-10T23:49:47.734+0000] {logging_mixin.py:188} INFO - [2026-02-10T23:49:47.733+0000] {dag.py:3096} INFO - Sync 1 DAGs
[2026-02-10T23:49:47.754+0000] {logging_mixin.py:188} INFO - [2026-02-10T23:49:47.754+0000] {dag.py:3954} INFO - Setting next_dagrun for example_setup_teardown_taskflow to 2026-02-09 00:00:00+00:00, run_after=2026-02-10 00:00:00+00:00
[2026-02-10T23:49:47.775+0000] {processor.py:183} INFO - Processing /home/airflow/.local/lib/python3.12/site-packages/airflow/example_dags/example_setup_teardown_taskflow.py took 0.083 seconds
[2026-02-10T23:50:18.059+0000] {processor.py:161} INFO - Started process (PID=5294) to work on /home/airflow/.local/lib/python3.12/site-packages/airflow/example_dags/example_setup_teardown_taskflow.py
[2026-02-10T23:50:18.060+0000] {processor.py:830} INFO - Processing file /home/airflow/.local/lib/python3.12/site-packages/airflow/example_dags/example_setup_teardown_taskflow.py for tasks to queue
[2026-02-10T23:50:18.062+0000] {logging_mixin.py:188} INFO - [2026-02-10T23:50:18.062+0000] {dagbag.py:540} INFO - Filling up the DagBag from /home/airflow/.local/lib/python3.12/site-packages/airflow/example_dags/example_setup_teardown_taskflow.py
[2026-02-10T23:50:18.070+0000] {processor.py:840} INFO - DAG(s) 'example_setup_teardown_taskflow' retrieved from /home/airflow/.local/lib/python3.12/site-packages/airflow/example_dags/example_setup_teardown_taskflow.py
[2026-02-10T23:50:18.092+0000] {logging_mixin.py:188} INFO - [2026-02-10T23:50:18.091+0000] {dag.py:3096} INFO - Sync 1 DAGs
[2026-02-10T23:50:18.111+0000] {logging_mixin.py:188} INFO - [2026-02-10T23:50:18.111+0000] {dag.py:3954} INFO - Setting next_dagrun for example_setup_teardown_taskflow to 2026-02-09 00:00:00+00:00, run_after=2026-02-10 00:00:00+00:00
[2026-02-10T23:50:18.131+0000] {processor.py:183} INFO - Processing /home/airflow/.local/lib/python3.12/site-packages/airflow/example_dags/example_setup_teardown_taskflow.py took 0.077 seconds
[2026-02-10T23:50:48.381+0000] {processor.py:161} INFO - Started process (PID=5348) to work on /home/airflow/.local/lib/python3.12/site-packages/airflow/example_dags/example_setup_teardown_taskflow.py
[2026-02-10T23:50:48.382+0000] {processor.py:830} INFO - Processing file /home/airflow/.local/lib/python3.12/site-packages/airflow/example_dags/example_setup_teardown_taskflow.py for tasks to queue
[2026-02-10T23:50:48.384+0000] {logging_mixin.py:188} INFO - [2026-02-10T23:50:48.384+0000] {dagbag.py:540} INFO - Filling up the DagBag from /home/airflow/.local/lib/python3.12/site-packages/airflow/example_dags/example_setup_teardown_taskflow.py
[2026-02-10T23:50:48.395+0000] {processor.py:840} INFO - DAG(s) 'example_setup_teardown_taskflow' retrieved from /home/airflow/.local/lib/python3.12/site-packages/airflow/example_dags/example_setup_teardown_taskflow.py
[2026-02-10T23:50:48.419+0000] {logging_mixin.py:188} INFO - [2026-02-10T23:50:48.419+0000] {dag.py:3096} INFO - Sync 1 DAGs
[2026-02-10T23:50:48.440+0000] {logging_mixin.py:188} INFO - [2026-02-10T23:50:48.440+0000] {dag.py:3954} INFO - Setting next_dagrun for example_setup_teardown_taskflow to 2026-02-09 00:00:00+00:00, run_after=2026-02-10 00:00:00+00:00
[2026-02-10T23:50:48.458+0000] {processor.py:183} INFO - Processing /home/airflow/.local/lib/python3.12/site-packages/airflow/example_dags/example_setup_teardown_taskflow.py took 0.083 seconds
[2026-02-10T23:51:18.659+0000] {processor.py:161} INFO - Started process (PID=5402) to work on /home/airflow/.local/lib/python3.12/site-packages/airflow/example_dags/example_setup_teardown_taskflow.py
[2026-02-10T23:51:18.660+0000] {processor.py:830} INFO - Processing file /home/airflow/.local/lib/python3.12/site-packages/airflow/example_dags/example_setup_teardown_taskflow.py for tasks to queue
[2026-02-10T23:51:18.662+0000] {logging_mixin.py:188} INFO - [2026-02-10T23:51:18.661+0000] {dagbag.py:540} INFO - Filling up the DagBag from /home/airflow/.local/lib/python3.12/site-packages/airflow/example_dags/example_setup_teardown_taskflow.py
[2026-02-10T23:51:18.671+0000] {processor.py:840} INFO - DAG(s) 'example_setup_teardown_taskflow' retrieved from /home/airflow/.local/lib/python3.12/site-packages/airflow/example_dags/example_setup_teardown_taskflow.py
[2026-02-10T23:51:18.692+0000] {logging_mixin.py:188} INFO - [2026-02-10T23:51:18.691+0000] {dag.py:3096} INFO - Sync 1 DAGs
[2026-02-10T23:51:18.715+0000] {logging_mixin.py:188} INFO - [2026-02-10T23:51:18.715+0000] {dag.py:3954} INFO - Setting next_dagrun for example_setup_teardown_taskflow to 2026-02-09 00:00:00+00:00, run_after=2026-02-10 00:00:00+00:00
[2026-02-10T23:51:18.734+0000] {processor.py:183} INFO - Processing /home/airflow/.local/lib/python3.12/site-packages/airflow/example_dags/example_setup_teardown_taskflow.py took 0.082 seconds
[2026-02-10T23:51:49.114+0000] {processor.py:161} INFO - Started process (PID=5456) to work on /home/airflow/.local/lib/python3.12/site-packages/airflow/example_dags/example_setup_teardown_taskflow.py
[2026-02-10T23:51:49.115+0000] {processor.py:830} INFO - Processing file /home/airflow/.local/lib/python3.12/site-packages/airflow/example_dags/example_setup_teardown_taskflow.py for tasks to queue
[2026-02-10T23:51:49.117+0000] {logging_mixin.py:188} INFO - [2026-02-10T23:51:49.116+0000] {dagbag.py:540} INFO - Filling up the DagBag from /home/airflow/.local/lib/python3.12/site-packages/airflow/example_dags/example_setup_teardown_taskflow.py
[2026-02-10T23:51:49.127+0000] {processor.py:840} INFO - DAG(s) 'example_setup_teardown_taskflow' retrieved from /home/airflow/.local/lib/python3.12/site-packages/airflow/example_dags/example_setup_teardown_taskflow.py
[2026-02-10T23:51:49.151+0000] {logging_mixin.py:188} INFO - [2026-02-10T23:51:49.151+0000] {dag.py:3096} INFO - Sync 1 DAGs
[2026-02-10T23:51:49.174+0000] {logging_mixin.py:188} INFO - [2026-02-10T23:51:49.174+0000] {dag.py:3954} INFO - Setting next_dagrun for example_setup_teardown_taskflow to 2026-02-09 00:00:00+00:00, run_after=2026-02-10 00:00:00+00:00
[2026-02-10T23:51:49.195+0000] {processor.py:183} INFO - Processing /home/airflow/.local/lib/python3.12/site-packages/airflow/example_dags/example_setup_teardown_taskflow.py took 0.089 seconds
[2026-02-10T23:52:19.438+0000] {processor.py:161} INFO - Started process (PID=5510) to work on /home/airflow/.local/lib/python3.12/site-packages/airflow/example_dags/example_setup_teardown_taskflow.py
[2026-02-10T23:52:19.439+0000] {processor.py:830} INFO - Processing file /home/airflow/.local/lib/python3.12/site-packages/airflow/example_dags/example_setup_teardown_taskflow.py for tasks to queue
[2026-02-10T23:52:19.441+0000] {logging_mixin.py:188} INFO - [2026-02-10T23:52:19.441+0000] {dagbag.py:540} INFO - Filling up the DagBag from /home/airflow/.local/lib/python3.12/site-packages/airflow/example_dags/example_setup_teardown_taskflow.py
[2026-02-10T23:52:19.450+0000] {processor.py:840} INFO - DAG(s) 'example_setup_teardown_taskflow' retrieved from /home/airflow/.local/lib/python3.12/site-packages/airflow/example_dags/example_setup_teardown_taskflow.py
[2026-02-10T23:52:19.472+0000] {logging_mixin.py:188} INFO - [2026-02-10T23:52:19.471+0000] {dag.py:3096} INFO - Sync 1 DAGs
[2026-02-10T23:52:19.501+0000] {logging_mixin.py:188} INFO - [2026-02-10T23:52:19.500+0000] {dag.py:3954} INFO - Setting next_dagrun for example_setup_teardown_taskflow to 2026-02-09 00:00:00+00:00, run_after=2026-02-10 00:00:00+00:00
[2026-02-10T23:52:19.521+0000] {processor.py:183} INFO - Processing /home/airflow/.local/lib/python3.12/site-packages/airflow/example_dags/example_setup_teardown_taskflow.py took 0.089 seconds
[2026-02-10T23:52:49.767+0000] {processor.py:161} INFO - Started process (PID=5564) to work on /home/airflow/.local/lib/python3.12/site-packages/airflow/example_dags/example_setup_teardown_taskflow.py
[2026-02-10T23:52:49.768+0000] {processor.py:830} INFO - Processing file /home/airflow/.local/lib/python3.12/site-packages/airflow/example_dags/example_setup_teardown_taskflow.py for tasks to queue
[2026-02-10T23:52:49.770+0000] {logging_mixin.py:188} INFO - [2026-02-10T23:52:49.770+0000] {dagbag.py:540} INFO - Filling up the DagBag from /home/airflow/.local/lib/python3.12/site-packages/airflow/example_dags/example_setup_teardown_taskflow.py
[2026-02-10T23:52:49.780+0000] {processor.py:840} INFO - DAG(s) 'example_setup_teardown_taskflow' retrieved from /home/airflow/.local/lib/python3.12/site-packages/airflow/example_dags/example_setup_teardown_taskflow.py
[2026-02-10T23:52:49.805+0000] {logging_mixin.py:188} INFO - [2026-02-10T23:52:49.804+0000] {dag.py:3096} INFO - Sync 1 DAGs
[2026-02-10T23:52:49.831+0000] {logging_mixin.py:188} INFO - [2026-02-10T23:52:49.830+0000] {dag.py:3954} INFO - Setting next_dagrun for example_setup_teardown_taskflow to 2026-02-09 00:00:00+00:00, run_after=2026-02-10 00:00:00+00:00
[2026-02-10T23:52:49.855+0000] {processor.py:183} INFO - Processing /home/airflow/.local/lib/python3.12/site-packages/airflow/example_dags/example_setup_teardown_taskflow.py took 0.094 seconds
[2026-02-10T23:53:19.959+0000] {processor.py:161} INFO - Started process (PID=5618) to work on /home/airflow/.local/lib/python3.12/site-packages/airflow/example_dags/example_setup_teardown_taskflow.py
[2026-02-10T23:53:19.961+0000] {processor.py:830} INFO - Processing file /home/airflow/.local/lib/python3.12/site-packages/airflow/example_dags/example_setup_teardown_taskflow.py for tasks to queue
[2026-02-10T23:53:19.964+0000] {logging_mixin.py:188} INFO - [2026-02-10T23:53:19.964+0000] {dagbag.py:540} INFO - Filling up the DagBag from /home/airflow/.local/lib/python3.12/site-packages/airflow/example_dags/example_setup_teardown_taskflow.py
[2026-02-10T23:53:19.977+0000] {processor.py:840} INFO - DAG(s) 'example_setup_teardown_taskflow' retrieved from /home/airflow/.local/lib/python3.12/site-packages/airflow/example_dags/example_setup_teardown_taskflow.py
[2026-02-10T23:53:20.009+0000] {logging_mixin.py:188} INFO - [2026-02-10T23:53:20.008+0000] {dag.py:3096} INFO - Sync 1 DAGs
[2026-02-10T23:53:20.044+0000] {logging_mixin.py:188} INFO - [2026-02-10T23:53:20.044+0000] {dag.py:3954} INFO - Setting next_dagrun for example_setup_teardown_taskflow to 2026-02-09 00:00:00+00:00, run_after=2026-02-10 00:00:00+00:00
[2026-02-10T23:53:20.064+0000] {processor.py:183} INFO - Processing /home/airflow/.local/lib/python3.12/site-packages/airflow/example_dags/example_setup_teardown_taskflow.py took 0.114 seconds
[2026-02-10T23:53:50.585+0000] {processor.py:161} INFO - Started process (PID=5672) to work on /home/airflow/.local/lib/python3.12/site-packages/airflow/example_dags/example_setup_teardown_taskflow.py
[2026-02-10T23:53:50.587+0000] {processor.py:830} INFO - Processing file /home/airflow/.local/lib/python3.12/site-packages/airflow/example_dags/example_setup_teardown_taskflow.py for tasks to queue
[2026-02-10T23:53:50.590+0000] {logging_mixin.py:188} INFO - [2026-02-10T23:53:50.589+0000] {dagbag.py:540} INFO - Filling up the DagBag from /home/airflow/.local/lib/python3.12/site-packages/airflow/example_dags/example_setup_teardown_taskflow.py
[2026-02-10T23:53:50.605+0000] {processor.py:840} INFO - DAG(s) 'example_setup_teardown_taskflow' retrieved from /home/airflow/.local/lib/python3.12/site-packages/airflow/example_dags/example_setup_teardown_taskflow.py
[2026-02-10T23:53:50.640+0000] {logging_mixin.py:188} INFO - [2026-02-10T23:53:50.640+0000] {dag.py:3096} INFO - Sync 1 DAGs
[2026-02-10T23:53:50.671+0000] {logging_mixin.py:188} INFO - [2026-02-10T23:53:50.671+0000] {dag.py:3954} INFO - Setting next_dagrun for example_setup_teardown_taskflow to 2026-02-09 00:00:00+00:00, run_after=2026-02-10 00:00:00+00:00
[2026-02-10T23:53:50.696+0000] {processor.py:183} INFO - Processing /home/airflow/.local/lib/python3.12/site-packages/airflow/example_dags/example_setup_teardown_taskflow.py took 0.121 seconds
[2026-02-10T23:54:20.756+0000] {processor.py:161} INFO - Started process (PID=5726) to work on /home/airflow/.local/lib/python3.12/site-packages/airflow/example_dags/example_setup_teardown_taskflow.py
[2026-02-10T23:54:20.757+0000] {processor.py:830} INFO - Processing file /home/airflow/.local/lib/python3.12/site-packages/airflow/example_dags/example_setup_teardown_taskflow.py for tasks to queue
[2026-02-10T23:54:20.759+0000] {logging_mixin.py:188} INFO - [2026-02-10T23:54:20.759+0000] {dagbag.py:540} INFO - Filling up the DagBag from /home/airflow/.local/lib/python3.12/site-packages/airflow/example_dags/example_setup_teardown_taskflow.py
[2026-02-10T23:54:20.768+0000] {processor.py:840} INFO - DAG(s) 'example_setup_teardown_taskflow' retrieved from /home/airflow/.local/lib/python3.12/site-packages/airflow/example_dags/example_setup_teardown_taskflow.py
[2026-02-10T23:54:20.791+0000] {logging_mixin.py:188} INFO - [2026-02-10T23:54:20.791+0000] {dag.py:3096} INFO - Sync 1 DAGs
[2026-02-10T23:54:20.814+0000] {logging_mixin.py:188} INFO - [2026-02-10T23:54:20.814+0000] {dag.py:3954} INFO - Setting next_dagrun for example_setup_teardown_taskflow to 2026-02-09 00:00:00+00:00, run_after=2026-02-10 00:00:00+00:00
[2026-02-10T23:54:20.836+0000] {processor.py:183} INFO - Processing /home/airflow/.local/lib/python3.12/site-packages/airflow/example_dags/example_setup_teardown_taskflow.py took 0.088 seconds
[2026-02-10T23:54:51.052+0000] {processor.py:161} INFO - Started process (PID=5780) to work on /home/airflow/.local/lib/python3.12/site-packages/airflow/example_dags/example_setup_teardown_taskflow.py
[2026-02-10T23:54:51.053+0000] {processor.py:830} INFO - Processing file /home/airflow/.local/lib/python3.12/site-packages/airflow/example_dags/example_setup_teardown_taskflow.py for tasks to queue
[2026-02-10T23:54:51.055+0000] {logging_mixin.py:188} INFO - [2026-02-10T23:54:51.054+0000] {dagbag.py:540} INFO - Filling up the DagBag from /home/airflow/.local/lib/python3.12/site-packages/airflow/example_dags/example_setup_teardown_taskflow.py
[2026-02-10T23:54:51.065+0000] {processor.py:840} INFO - DAG(s) 'example_setup_teardown_taskflow' retrieved from /home/airflow/.local/lib/python3.12/site-packages/airflow/example_dags/example_setup_teardown_taskflow.py
[2026-02-10T23:54:51.090+0000] {logging_mixin.py:188} INFO - [2026-02-10T23:54:51.089+0000] {dag.py:3096} INFO - Sync 1 DAGs
[2026-02-10T23:54:51.115+0000] {logging_mixin.py:188} INFO - [2026-02-10T23:54:51.114+0000] {dag.py:3954} INFO - Setting next_dagrun for example_setup_teardown_taskflow to 2026-02-09 00:00:00+00:00, run_after=2026-02-10 00:00:00+00:00
[2026-02-10T23:54:51.134+0000] {processor.py:183} INFO - Processing /home/airflow/.local/lib/python3.12/site-packages/airflow/example_dags/example_setup_teardown_taskflow.py took 0.088 seconds
[2026-02-10T23:55:21.602+0000] {processor.py:161} INFO - Started process (PID=5834) to work on /home/airflow/.local/lib/python3.12/site-packages/airflow/example_dags/example_setup_teardown_taskflow.py
[2026-02-10T23:55:21.603+0000] {processor.py:830} INFO - Processing file /home/airflow/.local/lib/python3.12/site-packages/airflow/example_dags/example_setup_teardown_taskflow.py for tasks to queue
[2026-02-10T23:55:21.605+0000] {logging_mixin.py:188} INFO - [2026-02-10T23:55:21.605+0000] {dagbag.py:540} INFO - Filling up the DagBag from /home/airflow/.local/lib/python3.12/site-packages/airflow/example_dags/example_setup_teardown_taskflow.py
[2026-02-10T23:55:21.614+0000] {processor.py:840} INFO - DAG(s) 'example_setup_teardown_taskflow' retrieved from /home/airflow/.local/lib/python3.12/site-packages/airflow/example_dags/example_setup_teardown_taskflow.py
[2026-02-10T23:55:21.635+0000] {logging_mixin.py:188} INFO - [2026-02-10T23:55:21.635+0000] {dag.py:3096} INFO - Sync 1 DAGs
[2026-02-10T23:55:21.657+0000] {logging_mixin.py:188} INFO - [2026-02-10T23:55:21.657+0000] {dag.py:3954} INFO - Setting next_dagrun for example_setup_teardown_taskflow to 2026-02-09 00:00:00+00:00, run_after=2026-02-10 00:00:00+00:00
[2026-02-10T23:55:21.676+0000] {processor.py:183} INFO - Processing /home/airflow/.local/lib/python3.12/site-packages/airflow/example_dags/example_setup_teardown_taskflow.py took 0.080 seconds
[2026-02-10T23:55:51.842+0000] {processor.py:161} INFO - Started process (PID=5888) to work on /home/airflow/.local/lib/python3.12/site-packages/airflow/example_dags/example_setup_teardown_taskflow.py
[2026-02-10T23:55:51.843+0000] {processor.py:830} INFO - Processing file /home/airflow/.local/lib/python3.12/site-packages/airflow/example_dags/example_setup_teardown_taskflow.py for tasks to queue
[2026-02-10T23:55:51.845+0000] {logging_mixin.py:188} INFO - [2026-02-10T23:55:51.845+0000] {dagbag.py:540} INFO - Filling up the DagBag from /home/airflow/.local/lib/python3.12/site-packages/airflow/example_dags/example_setup_teardown_taskflow.py
[2026-02-10T23:55:51.854+0000] {processor.py:840} INFO - DAG(s) 'example_setup_teardown_taskflow' retrieved from /home/airflow/.local/lib/python3.12/site-packages/airflow/example_dags/example_setup_teardown_taskflow.py
[2026-02-10T23:55:51.877+0000] {logging_mixin.py:188} INFO - [2026-02-10T23:55:51.877+0000] {dag.py:3096} INFO - Sync 1 DAGs
[2026-02-10T23:55:51.900+0000] {logging_mixin.py:188} INFO - [2026-02-10T23:55:51.899+0000] {dag.py:3954} INFO - Setting next_dagrun for example_setup_teardown_taskflow to 2026-02-09 00:00:00+00:00, run_after=2026-02-10 00:00:00+00:00
[2026-02-10T23:55:51.917+0000] {processor.py:183} INFO - Processing /home/airflow/.local/lib/python3.12/site-packages/airflow/example_dags/example_setup_teardown_taskflow.py took 0.082 seconds
[2026-02-10T23:56:22.316+0000] {processor.py:161} INFO - Started process (PID=5942) to work on /home/airflow/.local/lib/python3.12/site-packages/airflow/example_dags/example_setup_teardown_taskflow.py
[2026-02-10T23:56:22.317+0000] {processor.py:830} INFO - Processing file /home/airflow/.local/lib/python3.12/site-packages/airflow/example_dags/example_setup_teardown_taskflow.py for tasks to queue
[2026-02-10T23:56:22.319+0000] {logging_mixin.py:188} INFO - [2026-02-10T23:56:22.319+0000] {dagbag.py:540} INFO - Filling up the DagBag from /home/airflow/.local/lib/python3.12/site-packages/airflow/example_dags/example_setup_teardown_taskflow.py
[2026-02-10T23:56:22.329+0000] {processor.py:840} INFO - DAG(s) 'example_setup_teardown_taskflow' retrieved from /home/airflow/.local/lib/python3.12/site-packages/airflow/example_dags/example_setup_teardown_taskflow.py
[2026-02-10T23:56:22.351+0000] {logging_mixin.py:188} INFO - [2026-02-10T23:56:22.351+0000] {dag.py:3096} INFO - Sync 1 DAGs
[2026-02-10T23:56:22.372+0000] {logging_mixin.py:188} INFO - [2026-02-10T23:56:22.372+0000] {dag.py:3954} INFO - Setting next_dagrun for example_setup_teardown_taskflow to 2026-02-09 00:00:00+00:00, run_after=2026-02-10 00:00:00+00:00
[2026-02-10T23:56:22.393+0000] {processor.py:183} INFO - Processing /home/airflow/.local/lib/python3.12/site-packages/airflow/example_dags/example_setup_teardown_taskflow.py took 0.083 seconds
[2026-02-10T23:56:52.779+0000] {processor.py:161} INFO - Started process (PID=5996) to work on /home/airflow/.local/lib/python3.12/site-packages/airflow/example_dags/example_setup_teardown_taskflow.py
[2026-02-10T23:56:52.780+0000] {processor.py:830} INFO - Processing file /home/airflow/.local/lib/python3.12/site-packages/airflow/example_dags/example_setup_teardown_taskflow.py for tasks to queue
[2026-02-10T23:56:52.782+0000] {logging_mixin.py:188} INFO - [2026-02-10T23:56:52.781+0000] {dagbag.py:540} INFO - Filling up the DagBag from /home/airflow/.local/lib/python3.12/site-packages/airflow/example_dags/example_setup_teardown_taskflow.py
[2026-02-10T23:56:52.792+0000] {processor.py:840} INFO - DAG(s) 'example_setup_teardown_taskflow' retrieved from /home/airflow/.local/lib/python3.12/site-packages/airflow/example_dags/example_setup_teardown_taskflow.py
[2026-02-10T23:56:52.817+0000] {logging_mixin.py:188} INFO - [2026-02-10T23:56:52.816+0000] {dag.py:3096} INFO - Sync 1 DAGs
[2026-02-10T23:56:52.845+0000] {logging_mixin.py:188} INFO - [2026-02-10T23:56:52.845+0000] {dag.py:3954} INFO - Setting next_dagrun for example_setup_teardown_taskflow to 2026-02-09 00:00:00+00:00, run_after=2026-02-10 00:00:00+00:00
[2026-02-10T23:56:52.864+0000] {processor.py:183} INFO - Processing /home/airflow/.local/lib/python3.12/site-packages/airflow/example_dags/example_setup_teardown_taskflow.py took 0.092 seconds
[2026-02-10T23:57:23.695+0000] {processor.py:161} INFO - Started process (PID=6050) to work on /home/airflow/.local/lib/python3.12/site-packages/airflow/example_dags/example_setup_teardown_taskflow.py
[2026-02-10T23:57:23.696+0000] {processor.py:830} INFO - Processing file /home/airflow/.local/lib/python3.12/site-packages/airflow/example_dags/example_setup_teardown_taskflow.py for tasks to queue
[2026-02-10T23:57:23.697+0000] {logging_mixin.py:188} INFO - [2026-02-10T23:57:23.697+0000] {dagbag.py:540} INFO - Filling up the DagBag from /home/airflow/.local/lib/python3.12/site-packages/airflow/example_dags/example_setup_teardown_taskflow.py
[2026-02-10T23:57:23.706+0000] {processor.py:840} INFO - DAG(s) 'example_setup_teardown_taskflow' retrieved from /home/airflow/.local/lib/python3.12/site-packages/airflow/example_dags/example_setup_teardown_taskflow.py
[2026-02-10T23:57:23.729+0000] {logging_mixin.py:188} INFO - [2026-02-10T23:57:23.729+0000] {dag.py:3096} INFO - Sync 1 DAGs
[2026-02-10T23:57:23.750+0000] {logging_mixin.py:188} INFO - [2026-02-10T23:57:23.749+0000] {dag.py:3954} INFO - Setting next_dagrun for example_setup_teardown_taskflow to 2026-02-09 00:00:00+00:00, run_after=2026-02-10 00:00:00+00:00
[2026-02-10T23:57:23.770+0000] {processor.py:183} INFO - Processing /home/airflow/.local/lib/python3.12/site-packages/airflow/example_dags/example_setup_teardown_taskflow.py took 0.080 seconds
[2026-02-10T23:57:54.916+0000] {processor.py:161} INFO - Started process (PID=6104) to work on /home/airflow/.local/lib/python3.12/site-packages/airflow/example_dags/example_setup_teardown_taskflow.py
[2026-02-10T23:57:54.918+0000] {processor.py:830} INFO - Processing file /home/airflow/.local/lib/python3.12/site-packages/airflow/example_dags/example_setup_teardown_taskflow.py for tasks to queue
[2026-02-10T23:57:54.919+0000] {logging_mixin.py:188} INFO - [2026-02-10T23:57:54.919+0000] {dagbag.py:540} INFO - Filling up the DagBag from /home/airflow/.local/lib/python3.12/site-packages/airflow/example_dags/example_setup_teardown_taskflow.py
[2026-02-10T23:57:54.928+0000] {processor.py:840} INFO - DAG(s) 'example_setup_teardown_taskflow' retrieved from /home/airflow/.local/lib/python3.12/site-packages/airflow/example_dags/example_setup_teardown_taskflow.py
[2026-02-10T23:57:54.949+0000] {logging_mixin.py:188} INFO - [2026-02-10T23:57:54.949+0000] {dag.py:3096} INFO - Sync 1 DAGs
[2026-02-10T23:57:54.969+0000] {logging_mixin.py:188} INFO - [2026-02-10T23:57:54.969+0000] {dag.py:3954} INFO - Setting next_dagrun for example_setup_teardown_taskflow to 2026-02-09 00:00:00+00:00, run_after=2026-02-10 00:00:00+00:00
[2026-02-10T23:57:55.112+0000] {processor.py:183} INFO - Processing /home/airflow/.local/lib/python3.12/site-packages/airflow/example_dags/example_setup_teardown_taskflow.py took 0.202 seconds
[2026-02-10T23:58:25.351+0000] {processor.py:161} INFO - Started process (PID=6158) to work on /home/airflow/.local/lib/python3.12/site-packages/airflow/example_dags/example_setup_teardown_taskflow.py
[2026-02-10T23:58:25.352+0000] {processor.py:830} INFO - Processing file /home/airflow/.local/lib/python3.12/site-packages/airflow/example_dags/example_setup_teardown_taskflow.py for tasks to queue
[2026-02-10T23:58:25.353+0000] {logging_mixin.py:188} INFO - [2026-02-10T23:58:25.353+0000] {dagbag.py:540} INFO - Filling up the DagBag from /home/airflow/.local/lib/python3.12/site-packages/airflow/example_dags/example_setup_teardown_taskflow.py
[2026-02-10T23:58:25.362+0000] {processor.py:840} INFO - DAG(s) 'example_setup_teardown_taskflow' retrieved from /home/airflow/.local/lib/python3.12/site-packages/airflow/example_dags/example_setup_teardown_taskflow.py
[2026-02-10T23:58:25.383+0000] {logging_mixin.py:188} INFO - [2026-02-10T23:58:25.383+0000] {dag.py:3096} INFO - Sync 1 DAGs
[2026-02-10T23:58:25.404+0000] {logging_mixin.py:188} INFO - [2026-02-10T23:58:25.404+0000] {dag.py:3954} INFO - Setting next_dagrun for example_setup_teardown_taskflow to 2026-02-09 00:00:00+00:00, run_after=2026-02-10 00:00:00+00:00
[2026-02-10T23:58:25.423+0000] {processor.py:183} INFO - Processing /home/airflow/.local/lib/python3.12/site-packages/airflow/example_dags/example_setup_teardown_taskflow.py took 0.078 seconds
[2026-02-10T23:58:55.533+0000] {processor.py:161} INFO - Started process (PID=6212) to work on /home/airflow/.local/lib/python3.12/site-packages/airflow/example_dags/example_setup_teardown_taskflow.py
[2026-02-10T23:58:55.534+0000] {processor.py:830} INFO - Processing file /home/airflow/.local/lib/python3.12/site-packages/airflow/example_dags/example_setup_teardown_taskflow.py for tasks to queue
[2026-02-10T23:58:55.537+0000] {logging_mixin.py:188} INFO - [2026-02-10T23:58:55.537+0000] {dagbag.py:540} INFO - Filling up the DagBag from /home/airflow/.local/lib/python3.12/site-packages/airflow/example_dags/example_setup_teardown_taskflow.py
[2026-02-10T23:58:55.548+0000] {processor.py:840} INFO - DAG(s) 'example_setup_teardown_taskflow' retrieved from /home/airflow/.local/lib/python3.12/site-packages/airflow/example_dags/example_setup_teardown_taskflow.py
[2026-02-10T23:58:55.575+0000] {logging_mixin.py:188} INFO - [2026-02-10T23:58:55.575+0000] {dag.py:3096} INFO - Sync 1 DAGs
[2026-02-10T23:58:55.602+0000] {logging_mixin.py:188} INFO - [2026-02-10T23:58:55.602+0000] {dag.py:3954} INFO - Setting next_dagrun for example_setup_teardown_taskflow to 2026-02-09 00:00:00+00:00, run_after=2026-02-10 00:00:00+00:00
[2026-02-10T23:58:55.628+0000] {processor.py:183} INFO - Processing /home/airflow/.local/lib/python3.12/site-packages/airflow/example_dags/example_setup_teardown_taskflow.py took 0.103 seconds
[2026-02-10T23:59:26.479+0000] {processor.py:161} INFO - Started process (PID=6264) to work on /home/airflow/.local/lib/python3.12/site-packages/airflow/example_dags/example_setup_teardown_taskflow.py
[2026-02-10T23:59:26.480+0000] {processor.py:830} INFO - Processing file /home/airflow/.local/lib/python3.12/site-packages/airflow/example_dags/example_setup_teardown_taskflow.py for tasks to queue
[2026-02-10T23:59:26.483+0000] {logging_mixin.py:188} INFO - [2026-02-10T23:59:26.482+0000] {dagbag.py:540} INFO - Filling up the DagBag from /home/airflow/.local/lib/python3.12/site-packages/airflow/example_dags/example_setup_teardown_taskflow.py
[2026-02-10T23:59:26.493+0000] {processor.py:840} INFO - DAG(s) 'example_setup_teardown_taskflow' retrieved from /home/airflow/.local/lib/python3.12/site-packages/airflow/example_dags/example_setup_teardown_taskflow.py
[2026-02-10T23:59:26.635+0000] {logging_mixin.py:188} INFO - [2026-02-10T23:59:26.635+0000] {dag.py:3096} INFO - Sync 1 DAGs
[2026-02-10T23:59:26.652+0000] {logging_mixin.py:188} INFO - [2026-02-10T23:59:26.652+0000] {dag.py:3954} INFO - Setting next_dagrun for example_setup_teardown_taskflow to 2026-02-09 00:00:00+00:00, run_after=2026-02-10 00:00:00+00:00
[2026-02-10T23:59:26.671+0000] {processor.py:183} INFO - Processing /home/airflow/.local/lib/python3.12/site-packages/airflow/example_dags/example_setup_teardown_taskflow.py took 0.198 seconds
[2026-02-10T23:59:56.786+0000] {processor.py:161} INFO - Started process (PID=6318) to work on /home/airflow/.local/lib/python3.12/site-packages/airflow/example_dags/example_setup_teardown_taskflow.py
[2026-02-10T23:59:56.787+0000] {processor.py:830} INFO - Processing file /home/airflow/.local/lib/python3.12/site-packages/airflow/example_dags/example_setup_teardown_taskflow.py for tasks to queue
[2026-02-10T23:59:56.789+0000] {logging_mixin.py:188} INFO - [2026-02-10T23:59:56.789+0000] {dagbag.py:540} INFO - Filling up the DagBag from /home/airflow/.local/lib/python3.12/site-packages/airflow/example_dags/example_setup_teardown_taskflow.py
[2026-02-10T23:59:56.799+0000] {processor.py:840} INFO - DAG(s) 'example_setup_teardown_taskflow' retrieved from /home/airflow/.local/lib/python3.12/site-packages/airflow/example_dags/example_setup_teardown_taskflow.py
[2026-02-10T23:59:56.821+0000] {logging_mixin.py:188} INFO - [2026-02-10T23:59:56.820+0000] {dag.py:3096} INFO - Sync 1 DAGs
[2026-02-10T23:59:56.841+0000] {logging_mixin.py:188} INFO - [2026-02-10T23:59:56.841+0000] {dag.py:3954} INFO - Setting next_dagrun for example_setup_teardown_taskflow to 2026-02-09 00:00:00+00:00, run_after=2026-02-10 00:00:00+00:00
[2026-02-10T23:59:56.861+0000] {processor.py:183} INFO - Processing /home/airflow/.local/lib/python3.12/site-packages/airflow/example_dags/example_setup_teardown_taskflow.py took 0.081 seconds
