[2026-02-10T01:19:07.333+0000] {processor.py:161} INFO - Started process (PID=74) to work on /home/airflow/.local/lib/python3.12/site-packages/airflow/example_dags/example_sla_dag.py
[2026-02-10T01:19:07.335+0000] {processor.py:830} INFO - Processing file /home/airflow/.local/lib/python3.12/site-packages/airflow/example_dags/example_sla_dag.py for tasks to queue
[2026-02-10T01:19:07.337+0000] {logging_mixin.py:188} INFO - [2026-02-10T01:19:07.337+0000] {dagbag.py:540} INFO - Filling up the DagBag from /home/airflow/.local/lib/python3.12/site-packages/airflow/example_dags/example_sla_dag.py
[2026-02-10T01:19:07.350+0000] {processor.py:840} INFO - DAG(s) 'example_sla_dag' retrieved from /home/airflow/.local/lib/python3.12/site-packages/airflow/example_dags/example_sla_dag.py
[2026-02-10T01:19:07.374+0000] {logging_mixin.py:188} INFO - [2026-02-10T01:19:07.374+0000] {dag.py:3096} INFO - Sync 1 DAGs
[2026-02-10T01:19:07.400+0000] {logging_mixin.py:188} INFO - [2026-02-10T01:19:07.400+0000] {dag.py:3954} INFO - Setting next_dagrun for example_sla_dag to 2026-02-10 01:16:00+00:00, run_after=2026-02-10 01:18:00+00:00
[2026-02-10T01:19:07.424+0000] {processor.py:183} INFO - Processing /home/airflow/.local/lib/python3.12/site-packages/airflow/example_dags/example_sla_dag.py took 0.097 seconds
[2026-02-10T01:30:11.526+0000] {processor.py:161} INFO - Started process (PID=75) to work on /home/airflow/.local/lib/python3.12/site-packages/airflow/example_dags/example_sla_dag.py
[2026-02-10T01:30:11.528+0000] {processor.py:830} INFO - Processing file /home/airflow/.local/lib/python3.12/site-packages/airflow/example_dags/example_sla_dag.py for tasks to queue
[2026-02-10T01:30:11.534+0000] {logging_mixin.py:188} INFO - [2026-02-10T01:30:11.533+0000] {dagbag.py:540} INFO - Filling up the DagBag from /home/airflow/.local/lib/python3.12/site-packages/airflow/example_dags/example_sla_dag.py
[2026-02-10T01:30:11.576+0000] {processor.py:840} INFO - DAG(s) 'example_sla_dag' retrieved from /home/airflow/.local/lib/python3.12/site-packages/airflow/example_dags/example_sla_dag.py
[2026-02-10T01:30:11.614+0000] {logging_mixin.py:188} INFO - [2026-02-10T01:30:11.613+0000] {dag.py:3096} INFO - Sync 1 DAGs
[2026-02-10T01:30:11.695+0000] {logging_mixin.py:188} INFO - [2026-02-10T01:30:11.694+0000] {dag.py:3954} INFO - Setting next_dagrun for example_sla_dag to 2026-02-10 01:28:00+00:00, run_after=2026-02-10 01:30:00+00:00
[2026-02-10T01:30:11.749+0000] {processor.py:183} INFO - Processing /home/airflow/.local/lib/python3.12/site-packages/airflow/example_dags/example_sla_dag.py took 0.237 seconds
[2026-02-10T01:30:42.062+0000] {processor.py:161} INFO - Started process (PID=129) to work on /home/airflow/.local/lib/python3.12/site-packages/airflow/example_dags/example_sla_dag.py
[2026-02-10T01:30:42.064+0000] {processor.py:830} INFO - Processing file /home/airflow/.local/lib/python3.12/site-packages/airflow/example_dags/example_sla_dag.py for tasks to queue
[2026-02-10T01:30:42.068+0000] {logging_mixin.py:188} INFO - [2026-02-10T01:30:42.067+0000] {dagbag.py:540} INFO - Filling up the DagBag from /home/airflow/.local/lib/python3.12/site-packages/airflow/example_dags/example_sla_dag.py
[2026-02-10T01:30:42.090+0000] {processor.py:840} INFO - DAG(s) 'example_sla_dag' retrieved from /home/airflow/.local/lib/python3.12/site-packages/airflow/example_dags/example_sla_dag.py
[2026-02-10T01:30:42.315+0000] {logging_mixin.py:188} INFO - [2026-02-10T01:30:42.314+0000] {dag.py:3096} INFO - Sync 1 DAGs
[2026-02-10T01:30:42.347+0000] {logging_mixin.py:188} INFO - [2026-02-10T01:30:42.347+0000] {dag.py:3954} INFO - Setting next_dagrun for example_sla_dag to 2026-02-10 01:28:00+00:00, run_after=2026-02-10 01:30:00+00:00
[2026-02-10T01:30:42.377+0000] {processor.py:183} INFO - Processing /home/airflow/.local/lib/python3.12/site-packages/airflow/example_dags/example_sla_dag.py took 0.328 seconds
[2026-02-10T01:31:12.505+0000] {processor.py:161} INFO - Started process (PID=183) to work on /home/airflow/.local/lib/python3.12/site-packages/airflow/example_dags/example_sla_dag.py
[2026-02-10T01:31:12.506+0000] {processor.py:830} INFO - Processing file /home/airflow/.local/lib/python3.12/site-packages/airflow/example_dags/example_sla_dag.py for tasks to queue
[2026-02-10T01:31:12.507+0000] {logging_mixin.py:188} INFO - [2026-02-10T01:31:12.507+0000] {dagbag.py:540} INFO - Filling up the DagBag from /home/airflow/.local/lib/python3.12/site-packages/airflow/example_dags/example_sla_dag.py
[2026-02-10T01:31:12.515+0000] {processor.py:840} INFO - DAG(s) 'example_sla_dag' retrieved from /home/airflow/.local/lib/python3.12/site-packages/airflow/example_dags/example_sla_dag.py
[2026-02-10T01:31:12.534+0000] {logging_mixin.py:188} INFO - [2026-02-10T01:31:12.534+0000] {dag.py:3096} INFO - Sync 1 DAGs
[2026-02-10T01:31:12.554+0000] {logging_mixin.py:188} INFO - [2026-02-10T01:31:12.554+0000] {dag.py:3954} INFO - Setting next_dagrun for example_sla_dag to 2026-02-10 01:28:00+00:00, run_after=2026-02-10 01:30:00+00:00
[2026-02-10T01:31:12.571+0000] {processor.py:183} INFO - Processing /home/airflow/.local/lib/python3.12/site-packages/airflow/example_dags/example_sla_dag.py took 0.071 seconds
[2026-02-10T01:31:43.004+0000] {processor.py:161} INFO - Started process (PID=237) to work on /home/airflow/.local/lib/python3.12/site-packages/airflow/example_dags/example_sla_dag.py
[2026-02-10T01:31:43.006+0000] {processor.py:830} INFO - Processing file /home/airflow/.local/lib/python3.12/site-packages/airflow/example_dags/example_sla_dag.py for tasks to queue
[2026-02-10T01:31:43.009+0000] {logging_mixin.py:188} INFO - [2026-02-10T01:31:43.009+0000] {dagbag.py:540} INFO - Filling up the DagBag from /home/airflow/.local/lib/python3.12/site-packages/airflow/example_dags/example_sla_dag.py
[2026-02-10T01:31:43.021+0000] {processor.py:840} INFO - DAG(s) 'example_sla_dag' retrieved from /home/airflow/.local/lib/python3.12/site-packages/airflow/example_dags/example_sla_dag.py
[2026-02-10T01:31:43.048+0000] {logging_mixin.py:188} INFO - [2026-02-10T01:31:43.048+0000] {dag.py:3096} INFO - Sync 1 DAGs
[2026-02-10T01:31:43.085+0000] {logging_mixin.py:188} INFO - [2026-02-10T01:31:43.085+0000] {dag.py:3954} INFO - Setting next_dagrun for example_sla_dag to 2026-02-10 01:28:00+00:00, run_after=2026-02-10 01:30:00+00:00
[2026-02-10T01:31:43.111+0000] {processor.py:183} INFO - Processing /home/airflow/.local/lib/python3.12/site-packages/airflow/example_dags/example_sla_dag.py took 0.116 seconds
[2026-02-10T01:32:13.337+0000] {processor.py:161} INFO - Started process (PID=291) to work on /home/airflow/.local/lib/python3.12/site-packages/airflow/example_dags/example_sla_dag.py
[2026-02-10T01:32:13.339+0000] {processor.py:830} INFO - Processing file /home/airflow/.local/lib/python3.12/site-packages/airflow/example_dags/example_sla_dag.py for tasks to queue
[2026-02-10T01:32:13.342+0000] {logging_mixin.py:188} INFO - [2026-02-10T01:32:13.342+0000] {dagbag.py:540} INFO - Filling up the DagBag from /home/airflow/.local/lib/python3.12/site-packages/airflow/example_dags/example_sla_dag.py
[2026-02-10T01:32:13.354+0000] {processor.py:840} INFO - DAG(s) 'example_sla_dag' retrieved from /home/airflow/.local/lib/python3.12/site-packages/airflow/example_dags/example_sla_dag.py
[2026-02-10T01:32:13.377+0000] {logging_mixin.py:188} INFO - [2026-02-10T01:32:13.377+0000] {dag.py:3096} INFO - Sync 1 DAGs
[2026-02-10T01:32:13.416+0000] {logging_mixin.py:188} INFO - [2026-02-10T01:32:13.416+0000] {dag.py:3954} INFO - Setting next_dagrun for example_sla_dag to 2026-02-10 01:30:00+00:00, run_after=2026-02-10 01:32:00+00:00
[2026-02-10T01:32:13.440+0000] {processor.py:183} INFO - Processing /home/airflow/.local/lib/python3.12/site-packages/airflow/example_dags/example_sla_dag.py took 0.108 seconds
[2026-02-10T01:32:43.547+0000] {processor.py:161} INFO - Started process (PID=345) to work on /home/airflow/.local/lib/python3.12/site-packages/airflow/example_dags/example_sla_dag.py
[2026-02-10T01:32:43.549+0000] {processor.py:830} INFO - Processing file /home/airflow/.local/lib/python3.12/site-packages/airflow/example_dags/example_sla_dag.py for tasks to queue
[2026-02-10T01:32:43.551+0000] {logging_mixin.py:188} INFO - [2026-02-10T01:32:43.551+0000] {dagbag.py:540} INFO - Filling up the DagBag from /home/airflow/.local/lib/python3.12/site-packages/airflow/example_dags/example_sla_dag.py
[2026-02-10T01:32:43.559+0000] {processor.py:840} INFO - DAG(s) 'example_sla_dag' retrieved from /home/airflow/.local/lib/python3.12/site-packages/airflow/example_dags/example_sla_dag.py
[2026-02-10T01:32:43.579+0000] {logging_mixin.py:188} INFO - [2026-02-10T01:32:43.579+0000] {dag.py:3096} INFO - Sync 1 DAGs
[2026-02-10T01:32:43.602+0000] {logging_mixin.py:188} INFO - [2026-02-10T01:32:43.602+0000] {dag.py:3954} INFO - Setting next_dagrun for example_sla_dag to 2026-02-10 01:30:00+00:00, run_after=2026-02-10 01:32:00+00:00
[2026-02-10T01:32:43.620+0000] {processor.py:183} INFO - Processing /home/airflow/.local/lib/python3.12/site-packages/airflow/example_dags/example_sla_dag.py took 0.078 seconds
[2026-02-10T01:33:13.871+0000] {processor.py:161} INFO - Started process (PID=399) to work on /home/airflow/.local/lib/python3.12/site-packages/airflow/example_dags/example_sla_dag.py
[2026-02-10T01:33:13.872+0000] {processor.py:830} INFO - Processing file /home/airflow/.local/lib/python3.12/site-packages/airflow/example_dags/example_sla_dag.py for tasks to queue
[2026-02-10T01:33:13.874+0000] {logging_mixin.py:188} INFO - [2026-02-10T01:33:13.874+0000] {dagbag.py:540} INFO - Filling up the DagBag from /home/airflow/.local/lib/python3.12/site-packages/airflow/example_dags/example_sla_dag.py
[2026-02-10T01:33:13.881+0000] {processor.py:840} INFO - DAG(s) 'example_sla_dag' retrieved from /home/airflow/.local/lib/python3.12/site-packages/airflow/example_dags/example_sla_dag.py
[2026-02-10T01:33:13.900+0000] {logging_mixin.py:188} INFO - [2026-02-10T01:33:13.899+0000] {dag.py:3096} INFO - Sync 1 DAGs
[2026-02-10T01:33:13.921+0000] {logging_mixin.py:188} INFO - [2026-02-10T01:33:13.921+0000] {dag.py:3954} INFO - Setting next_dagrun for example_sla_dag to 2026-02-10 01:30:00+00:00, run_after=2026-02-10 01:32:00+00:00
[2026-02-10T01:33:13.939+0000] {processor.py:183} INFO - Processing /home/airflow/.local/lib/python3.12/site-packages/airflow/example_dags/example_sla_dag.py took 0.074 seconds
[2026-02-10T01:33:44.072+0000] {processor.py:161} INFO - Started process (PID=453) to work on /home/airflow/.local/lib/python3.12/site-packages/airflow/example_dags/example_sla_dag.py
[2026-02-10T01:33:44.073+0000] {processor.py:830} INFO - Processing file /home/airflow/.local/lib/python3.12/site-packages/airflow/example_dags/example_sla_dag.py for tasks to queue
[2026-02-10T01:33:44.074+0000] {logging_mixin.py:188} INFO - [2026-02-10T01:33:44.074+0000] {dagbag.py:540} INFO - Filling up the DagBag from /home/airflow/.local/lib/python3.12/site-packages/airflow/example_dags/example_sla_dag.py
[2026-02-10T01:33:44.083+0000] {processor.py:840} INFO - DAG(s) 'example_sla_dag' retrieved from /home/airflow/.local/lib/python3.12/site-packages/airflow/example_dags/example_sla_dag.py
[2026-02-10T01:33:44.102+0000] {logging_mixin.py:188} INFO - [2026-02-10T01:33:44.101+0000] {dag.py:3096} INFO - Sync 1 DAGs
[2026-02-10T01:33:44.123+0000] {logging_mixin.py:188} INFO - [2026-02-10T01:33:44.123+0000] {dag.py:3954} INFO - Setting next_dagrun for example_sla_dag to 2026-02-10 01:30:00+00:00, run_after=2026-02-10 01:32:00+00:00
[2026-02-10T01:33:44.142+0000] {processor.py:183} INFO - Processing /home/airflow/.local/lib/python3.12/site-packages/airflow/example_dags/example_sla_dag.py took 0.076 seconds
[2026-02-10T01:34:14.459+0000] {processor.py:161} INFO - Started process (PID=507) to work on /home/airflow/.local/lib/python3.12/site-packages/airflow/example_dags/example_sla_dag.py
[2026-02-10T01:34:14.460+0000] {processor.py:830} INFO - Processing file /home/airflow/.local/lib/python3.12/site-packages/airflow/example_dags/example_sla_dag.py for tasks to queue
[2026-02-10T01:34:14.462+0000] {logging_mixin.py:188} INFO - [2026-02-10T01:34:14.462+0000] {dagbag.py:540} INFO - Filling up the DagBag from /home/airflow/.local/lib/python3.12/site-packages/airflow/example_dags/example_sla_dag.py
[2026-02-10T01:34:14.470+0000] {processor.py:840} INFO - DAG(s) 'example_sla_dag' retrieved from /home/airflow/.local/lib/python3.12/site-packages/airflow/example_dags/example_sla_dag.py
[2026-02-10T01:34:14.489+0000] {logging_mixin.py:188} INFO - [2026-02-10T01:34:14.489+0000] {dag.py:3096} INFO - Sync 1 DAGs
[2026-02-10T01:34:14.512+0000] {logging_mixin.py:188} INFO - [2026-02-10T01:34:14.511+0000] {dag.py:3954} INFO - Setting next_dagrun for example_sla_dag to 2026-02-10 01:32:00+00:00, run_after=2026-02-10 01:34:00+00:00
[2026-02-10T01:34:14.531+0000] {processor.py:183} INFO - Processing /home/airflow/.local/lib/python3.12/site-packages/airflow/example_dags/example_sla_dag.py took 0.078 seconds
[2026-02-10T01:34:44.667+0000] {processor.py:161} INFO - Started process (PID=561) to work on /home/airflow/.local/lib/python3.12/site-packages/airflow/example_dags/example_sla_dag.py
[2026-02-10T01:34:44.668+0000] {processor.py:830} INFO - Processing file /home/airflow/.local/lib/python3.12/site-packages/airflow/example_dags/example_sla_dag.py for tasks to queue
[2026-02-10T01:34:44.670+0000] {logging_mixin.py:188} INFO - [2026-02-10T01:34:44.670+0000] {dagbag.py:540} INFO - Filling up the DagBag from /home/airflow/.local/lib/python3.12/site-packages/airflow/example_dags/example_sla_dag.py
[2026-02-10T01:34:44.678+0000] {processor.py:840} INFO - DAG(s) 'example_sla_dag' retrieved from /home/airflow/.local/lib/python3.12/site-packages/airflow/example_dags/example_sla_dag.py
[2026-02-10T01:34:44.699+0000] {logging_mixin.py:188} INFO - [2026-02-10T01:34:44.699+0000] {dag.py:3096} INFO - Sync 1 DAGs
[2026-02-10T01:34:44.721+0000] {logging_mixin.py:188} INFO - [2026-02-10T01:34:44.721+0000] {dag.py:3954} INFO - Setting next_dagrun for example_sla_dag to 2026-02-10 01:32:00+00:00, run_after=2026-02-10 01:34:00+00:00
[2026-02-10T01:34:44.740+0000] {processor.py:183} INFO - Processing /home/airflow/.local/lib/python3.12/site-packages/airflow/example_dags/example_sla_dag.py took 0.078 seconds
[2026-02-10T01:35:15.157+0000] {processor.py:161} INFO - Started process (PID=615) to work on /home/airflow/.local/lib/python3.12/site-packages/airflow/example_dags/example_sla_dag.py
[2026-02-10T01:35:15.158+0000] {processor.py:830} INFO - Processing file /home/airflow/.local/lib/python3.12/site-packages/airflow/example_dags/example_sla_dag.py for tasks to queue
[2026-02-10T01:35:15.160+0000] {logging_mixin.py:188} INFO - [2026-02-10T01:35:15.160+0000] {dagbag.py:540} INFO - Filling up the DagBag from /home/airflow/.local/lib/python3.12/site-packages/airflow/example_dags/example_sla_dag.py
[2026-02-10T01:35:15.169+0000] {processor.py:840} INFO - DAG(s) 'example_sla_dag' retrieved from /home/airflow/.local/lib/python3.12/site-packages/airflow/example_dags/example_sla_dag.py
[2026-02-10T01:35:15.188+0000] {logging_mixin.py:188} INFO - [2026-02-10T01:35:15.188+0000] {dag.py:3096} INFO - Sync 1 DAGs
[2026-02-10T01:35:15.208+0000] {logging_mixin.py:188} INFO - [2026-02-10T01:35:15.208+0000] {dag.py:3954} INFO - Setting next_dagrun for example_sla_dag to 2026-02-10 01:32:00+00:00, run_after=2026-02-10 01:34:00+00:00
[2026-02-10T01:35:15.228+0000] {processor.py:183} INFO - Processing /home/airflow/.local/lib/python3.12/site-packages/airflow/example_dags/example_sla_dag.py took 0.076 seconds
[2026-02-10T01:35:45.555+0000] {processor.py:161} INFO - Started process (PID=669) to work on /home/airflow/.local/lib/python3.12/site-packages/airflow/example_dags/example_sla_dag.py
[2026-02-10T01:35:45.556+0000] {processor.py:830} INFO - Processing file /home/airflow/.local/lib/python3.12/site-packages/airflow/example_dags/example_sla_dag.py for tasks to queue
[2026-02-10T01:35:45.559+0000] {logging_mixin.py:188} INFO - [2026-02-10T01:35:45.558+0000] {dagbag.py:540} INFO - Filling up the DagBag from /home/airflow/.local/lib/python3.12/site-packages/airflow/example_dags/example_sla_dag.py
[2026-02-10T01:35:45.567+0000] {processor.py:840} INFO - DAG(s) 'example_sla_dag' retrieved from /home/airflow/.local/lib/python3.12/site-packages/airflow/example_dags/example_sla_dag.py
[2026-02-10T01:35:45.589+0000] {logging_mixin.py:188} INFO - [2026-02-10T01:35:45.588+0000] {dag.py:3096} INFO - Sync 1 DAGs
[2026-02-10T01:35:45.613+0000] {logging_mixin.py:188} INFO - [2026-02-10T01:35:45.613+0000] {dag.py:3954} INFO - Setting next_dagrun for example_sla_dag to 2026-02-10 01:32:00+00:00, run_after=2026-02-10 01:34:00+00:00
[2026-02-10T01:35:45.633+0000] {processor.py:183} INFO - Processing /home/airflow/.local/lib/python3.12/site-packages/airflow/example_dags/example_sla_dag.py took 0.084 seconds
[2026-02-10T01:36:15.779+0000] {processor.py:161} INFO - Started process (PID=723) to work on /home/airflow/.local/lib/python3.12/site-packages/airflow/example_dags/example_sla_dag.py
[2026-02-10T01:36:15.780+0000] {processor.py:830} INFO - Processing file /home/airflow/.local/lib/python3.12/site-packages/airflow/example_dags/example_sla_dag.py for tasks to queue
[2026-02-10T01:36:15.782+0000] {logging_mixin.py:188} INFO - [2026-02-10T01:36:15.782+0000] {dagbag.py:540} INFO - Filling up the DagBag from /home/airflow/.local/lib/python3.12/site-packages/airflow/example_dags/example_sla_dag.py
[2026-02-10T01:36:15.790+0000] {processor.py:840} INFO - DAG(s) 'example_sla_dag' retrieved from /home/airflow/.local/lib/python3.12/site-packages/airflow/example_dags/example_sla_dag.py
[2026-02-10T01:36:15.809+0000] {logging_mixin.py:188} INFO - [2026-02-10T01:36:15.808+0000] {dag.py:3096} INFO - Sync 1 DAGs
[2026-02-10T01:36:15.829+0000] {logging_mixin.py:188} INFO - [2026-02-10T01:36:15.828+0000] {dag.py:3954} INFO - Setting next_dagrun for example_sla_dag to 2026-02-10 01:34:00+00:00, run_after=2026-02-10 01:36:00+00:00
[2026-02-10T01:36:15.847+0000] {processor.py:183} INFO - Processing /home/airflow/.local/lib/python3.12/site-packages/airflow/example_dags/example_sla_dag.py took 0.074 seconds
[2026-02-10T01:36:46.207+0000] {processor.py:161} INFO - Started process (PID=777) to work on /home/airflow/.local/lib/python3.12/site-packages/airflow/example_dags/example_sla_dag.py
[2026-02-10T01:36:46.208+0000] {processor.py:830} INFO - Processing file /home/airflow/.local/lib/python3.12/site-packages/airflow/example_dags/example_sla_dag.py for tasks to queue
[2026-02-10T01:36:46.210+0000] {logging_mixin.py:188} INFO - [2026-02-10T01:36:46.210+0000] {dagbag.py:540} INFO - Filling up the DagBag from /home/airflow/.local/lib/python3.12/site-packages/airflow/example_dags/example_sla_dag.py
[2026-02-10T01:36:46.219+0000] {processor.py:840} INFO - DAG(s) 'example_sla_dag' retrieved from /home/airflow/.local/lib/python3.12/site-packages/airflow/example_dags/example_sla_dag.py
[2026-02-10T01:36:46.242+0000] {logging_mixin.py:188} INFO - [2026-02-10T01:36:46.242+0000] {dag.py:3096} INFO - Sync 1 DAGs
[2026-02-10T01:36:46.288+0000] {logging_mixin.py:188} INFO - [2026-02-10T01:36:46.288+0000] {dag.py:3954} INFO - Setting next_dagrun for example_sla_dag to 2026-02-10 01:34:00+00:00, run_after=2026-02-10 01:36:00+00:00
[2026-02-10T01:36:46.318+0000] {processor.py:183} INFO - Processing /home/airflow/.local/lib/python3.12/site-packages/airflow/example_dags/example_sla_dag.py took 0.117 seconds
[2026-02-10T01:39:39.835+0000] {processor.py:161} INFO - Started process (PID=74) to work on /home/airflow/.local/lib/python3.12/site-packages/airflow/example_dags/example_sla_dag.py
[2026-02-10T01:39:39.840+0000] {processor.py:830} INFO - Processing file /home/airflow/.local/lib/python3.12/site-packages/airflow/example_dags/example_sla_dag.py for tasks to queue
[2026-02-10T01:39:39.845+0000] {logging_mixin.py:188} INFO - [2026-02-10T01:39:39.844+0000] {dagbag.py:540} INFO - Filling up the DagBag from /home/airflow/.local/lib/python3.12/site-packages/airflow/example_dags/example_sla_dag.py
[2026-02-10T01:39:39.872+0000] {processor.py:840} INFO - DAG(s) 'example_sla_dag' retrieved from /home/airflow/.local/lib/python3.12/site-packages/airflow/example_dags/example_sla_dag.py
[2026-02-10T01:39:39.900+0000] {logging_mixin.py:188} INFO - [2026-02-10T01:39:39.899+0000] {dag.py:3096} INFO - Sync 1 DAGs
[2026-02-10T01:39:39.961+0000] {logging_mixin.py:188} INFO - [2026-02-10T01:39:39.961+0000] {dag.py:3954} INFO - Setting next_dagrun for example_sla_dag to 2026-02-10 01:36:00+00:00, run_after=2026-02-10 01:38:00+00:00
[2026-02-10T01:39:39.996+0000] {processor.py:183} INFO - Processing /home/airflow/.local/lib/python3.12/site-packages/airflow/example_dags/example_sla_dag.py took 0.173 seconds
[2026-02-10T01:40:10.244+0000] {processor.py:161} INFO - Started process (PID=128) to work on /home/airflow/.local/lib/python3.12/site-packages/airflow/example_dags/example_sla_dag.py
[2026-02-10T01:40:10.246+0000] {processor.py:830} INFO - Processing file /home/airflow/.local/lib/python3.12/site-packages/airflow/example_dags/example_sla_dag.py for tasks to queue
[2026-02-10T01:40:10.248+0000] {logging_mixin.py:188} INFO - [2026-02-10T01:40:10.248+0000] {dagbag.py:540} INFO - Filling up the DagBag from /home/airflow/.local/lib/python3.12/site-packages/airflow/example_dags/example_sla_dag.py
[2026-02-10T01:40:10.260+0000] {processor.py:840} INFO - DAG(s) 'example_sla_dag' retrieved from /home/airflow/.local/lib/python3.12/site-packages/airflow/example_dags/example_sla_dag.py
[2026-02-10T01:40:10.446+0000] {logging_mixin.py:188} INFO - [2026-02-10T01:40:10.446+0000] {dag.py:3096} INFO - Sync 1 DAGs
[2026-02-10T01:40:10.505+0000] {logging_mixin.py:188} INFO - [2026-02-10T01:40:10.505+0000] {dag.py:3954} INFO - Setting next_dagrun for example_sla_dag to 2026-02-10 01:38:00+00:00, run_after=2026-02-10 01:40:00+00:00
[2026-02-10T01:40:10.553+0000] {processor.py:183} INFO - Processing /home/airflow/.local/lib/python3.12/site-packages/airflow/example_dags/example_sla_dag.py took 0.317 seconds
[2026-02-10T01:40:40.737+0000] {processor.py:161} INFO - Started process (PID=182) to work on /home/airflow/.local/lib/python3.12/site-packages/airflow/example_dags/example_sla_dag.py
[2026-02-10T01:40:40.739+0000] {processor.py:830} INFO - Processing file /home/airflow/.local/lib/python3.12/site-packages/airflow/example_dags/example_sla_dag.py for tasks to queue
[2026-02-10T01:40:40.744+0000] {logging_mixin.py:188} INFO - [2026-02-10T01:40:40.744+0000] {dagbag.py:540} INFO - Filling up the DagBag from /home/airflow/.local/lib/python3.12/site-packages/airflow/example_dags/example_sla_dag.py
[2026-02-10T01:40:40.757+0000] {processor.py:840} INFO - DAG(s) 'example_sla_dag' retrieved from /home/airflow/.local/lib/python3.12/site-packages/airflow/example_dags/example_sla_dag.py
[2026-02-10T01:40:40.782+0000] {logging_mixin.py:188} INFO - [2026-02-10T01:40:40.782+0000] {dag.py:3096} INFO - Sync 1 DAGs
[2026-02-10T01:40:40.813+0000] {logging_mixin.py:188} INFO - [2026-02-10T01:40:40.813+0000] {dag.py:3954} INFO - Setting next_dagrun for example_sla_dag to 2026-02-10 01:38:00+00:00, run_after=2026-02-10 01:40:00+00:00
[2026-02-10T01:40:40.839+0000] {processor.py:183} INFO - Processing /home/airflow/.local/lib/python3.12/site-packages/airflow/example_dags/example_sla_dag.py took 0.112 seconds
[2026-02-10T01:41:11.552+0000] {processor.py:161} INFO - Started process (PID=236) to work on /home/airflow/.local/lib/python3.12/site-packages/airflow/example_dags/example_sla_dag.py
[2026-02-10T01:41:11.553+0000] {processor.py:830} INFO - Processing file /home/airflow/.local/lib/python3.12/site-packages/airflow/example_dags/example_sla_dag.py for tasks to queue
[2026-02-10T01:41:11.555+0000] {logging_mixin.py:188} INFO - [2026-02-10T01:41:11.555+0000] {dagbag.py:540} INFO - Filling up the DagBag from /home/airflow/.local/lib/python3.12/site-packages/airflow/example_dags/example_sla_dag.py
[2026-02-10T01:41:11.563+0000] {processor.py:840} INFO - DAG(s) 'example_sla_dag' retrieved from /home/airflow/.local/lib/python3.12/site-packages/airflow/example_dags/example_sla_dag.py
[2026-02-10T01:41:11.583+0000] {logging_mixin.py:188} INFO - [2026-02-10T01:41:11.583+0000] {dag.py:3096} INFO - Sync 1 DAGs
[2026-02-10T01:41:11.606+0000] {logging_mixin.py:188} INFO - [2026-02-10T01:41:11.606+0000] {dag.py:3954} INFO - Setting next_dagrun for example_sla_dag to 2026-02-10 01:38:00+00:00, run_after=2026-02-10 01:40:00+00:00
[2026-02-10T01:41:11.636+0000] {processor.py:183} INFO - Processing /home/airflow/.local/lib/python3.12/site-packages/airflow/example_dags/example_sla_dag.py took 0.090 seconds
[2026-02-10T01:41:42.158+0000] {processor.py:161} INFO - Started process (PID=290) to work on /home/airflow/.local/lib/python3.12/site-packages/airflow/example_dags/example_sla_dag.py
[2026-02-10T01:41:42.159+0000] {processor.py:830} INFO - Processing file /home/airflow/.local/lib/python3.12/site-packages/airflow/example_dags/example_sla_dag.py for tasks to queue
[2026-02-10T01:41:42.161+0000] {logging_mixin.py:188} INFO - [2026-02-10T01:41:42.160+0000] {dagbag.py:540} INFO - Filling up the DagBag from /home/airflow/.local/lib/python3.12/site-packages/airflow/example_dags/example_sla_dag.py
[2026-02-10T01:41:42.168+0000] {processor.py:840} INFO - DAG(s) 'example_sla_dag' retrieved from /home/airflow/.local/lib/python3.12/site-packages/airflow/example_dags/example_sla_dag.py
[2026-02-10T01:41:42.190+0000] {logging_mixin.py:188} INFO - [2026-02-10T01:41:42.190+0000] {dag.py:3096} INFO - Sync 1 DAGs
[2026-02-10T01:41:42.214+0000] {logging_mixin.py:188} INFO - [2026-02-10T01:41:42.214+0000] {dag.py:3954} INFO - Setting next_dagrun for example_sla_dag to 2026-02-10 01:38:00+00:00, run_after=2026-02-10 01:40:00+00:00
[2026-02-10T01:41:42.234+0000] {processor.py:183} INFO - Processing /home/airflow/.local/lib/python3.12/site-packages/airflow/example_dags/example_sla_dag.py took 0.082 seconds
[2026-02-10T01:42:12.451+0000] {processor.py:161} INFO - Started process (PID=344) to work on /home/airflow/.local/lib/python3.12/site-packages/airflow/example_dags/example_sla_dag.py
[2026-02-10T01:42:12.452+0000] {processor.py:830} INFO - Processing file /home/airflow/.local/lib/python3.12/site-packages/airflow/example_dags/example_sla_dag.py for tasks to queue
[2026-02-10T01:42:12.454+0000] {logging_mixin.py:188} INFO - [2026-02-10T01:42:12.453+0000] {dagbag.py:540} INFO - Filling up the DagBag from /home/airflow/.local/lib/python3.12/site-packages/airflow/example_dags/example_sla_dag.py
[2026-02-10T01:42:12.462+0000] {processor.py:840} INFO - DAG(s) 'example_sla_dag' retrieved from /home/airflow/.local/lib/python3.12/site-packages/airflow/example_dags/example_sla_dag.py
[2026-02-10T01:42:12.482+0000] {logging_mixin.py:188} INFO - [2026-02-10T01:42:12.481+0000] {dag.py:3096} INFO - Sync 1 DAGs
[2026-02-10T01:42:12.517+0000] {logging_mixin.py:188} INFO - [2026-02-10T01:42:12.517+0000] {dag.py:3954} INFO - Setting next_dagrun for example_sla_dag to 2026-02-10 01:40:00+00:00, run_after=2026-02-10 01:42:00+00:00
[2026-02-10T01:42:12.536+0000] {processor.py:183} INFO - Processing /home/airflow/.local/lib/python3.12/site-packages/airflow/example_dags/example_sla_dag.py took 0.091 seconds
[2026-02-10T01:42:43.178+0000] {processor.py:161} INFO - Started process (PID=398) to work on /home/airflow/.local/lib/python3.12/site-packages/airflow/example_dags/example_sla_dag.py
[2026-02-10T01:42:43.179+0000] {processor.py:830} INFO - Processing file /home/airflow/.local/lib/python3.12/site-packages/airflow/example_dags/example_sla_dag.py for tasks to queue
[2026-02-10T01:42:43.182+0000] {logging_mixin.py:188} INFO - [2026-02-10T01:42:43.182+0000] {dagbag.py:540} INFO - Filling up the DagBag from /home/airflow/.local/lib/python3.12/site-packages/airflow/example_dags/example_sla_dag.py
[2026-02-10T01:42:43.193+0000] {processor.py:840} INFO - DAG(s) 'example_sla_dag' retrieved from /home/airflow/.local/lib/python3.12/site-packages/airflow/example_dags/example_sla_dag.py
[2026-02-10T01:42:43.217+0000] {logging_mixin.py:188} INFO - [2026-02-10T01:42:43.216+0000] {dag.py:3096} INFO - Sync 1 DAGs
[2026-02-10T01:42:43.247+0000] {logging_mixin.py:188} INFO - [2026-02-10T01:42:43.247+0000] {dag.py:3954} INFO - Setting next_dagrun for example_sla_dag to 2026-02-10 01:40:00+00:00, run_after=2026-02-10 01:42:00+00:00
[2026-02-10T01:42:43.278+0000] {processor.py:183} INFO - Processing /home/airflow/.local/lib/python3.12/site-packages/airflow/example_dags/example_sla_dag.py took 0.108 seconds
[2026-02-10T01:44:11.692+0000] {processor.py:161} INFO - Started process (PID=74) to work on /home/airflow/.local/lib/python3.12/site-packages/airflow/example_dags/example_sla_dag.py
[2026-02-10T01:44:11.696+0000] {processor.py:830} INFO - Processing file /home/airflow/.local/lib/python3.12/site-packages/airflow/example_dags/example_sla_dag.py for tasks to queue
[2026-02-10T01:44:11.709+0000] {logging_mixin.py:188} INFO - [2026-02-10T01:44:11.708+0000] {dagbag.py:540} INFO - Filling up the DagBag from /home/airflow/.local/lib/python3.12/site-packages/airflow/example_dags/example_sla_dag.py
[2026-02-10T01:44:11.749+0000] {processor.py:840} INFO - DAG(s) 'example_sla_dag' retrieved from /home/airflow/.local/lib/python3.12/site-packages/airflow/example_dags/example_sla_dag.py
[2026-02-10T01:44:11.797+0000] {logging_mixin.py:188} INFO - [2026-02-10T01:44:11.797+0000] {dag.py:3096} INFO - Sync 1 DAGs
[2026-02-10T01:44:11.886+0000] {logging_mixin.py:188} INFO - [2026-02-10T01:44:11.885+0000] {dag.py:3954} INFO - Setting next_dagrun for example_sla_dag to 2026-02-10 01:42:00+00:00, run_after=2026-02-10 01:44:00+00:00
[2026-02-10T01:44:11.933+0000] {processor.py:183} INFO - Processing /home/airflow/.local/lib/python3.12/site-packages/airflow/example_dags/example_sla_dag.py took 0.256 seconds
[2026-02-10T01:44:42.102+0000] {processor.py:161} INFO - Started process (PID=128) to work on /home/airflow/.local/lib/python3.12/site-packages/airflow/example_dags/example_sla_dag.py
[2026-02-10T01:44:42.103+0000] {processor.py:830} INFO - Processing file /home/airflow/.local/lib/python3.12/site-packages/airflow/example_dags/example_sla_dag.py for tasks to queue
[2026-02-10T01:44:42.105+0000] {logging_mixin.py:188} INFO - [2026-02-10T01:44:42.105+0000] {dagbag.py:540} INFO - Filling up the DagBag from /home/airflow/.local/lib/python3.12/site-packages/airflow/example_dags/example_sla_dag.py
[2026-02-10T01:44:42.116+0000] {processor.py:840} INFO - DAG(s) 'example_sla_dag' retrieved from /home/airflow/.local/lib/python3.12/site-packages/airflow/example_dags/example_sla_dag.py
[2026-02-10T01:44:42.221+0000] {logging_mixin.py:188} INFO - [2026-02-10T01:44:42.221+0000] {dag.py:3096} INFO - Sync 1 DAGs
[2026-02-10T01:44:42.245+0000] {logging_mixin.py:188} INFO - [2026-02-10T01:44:42.245+0000] {dag.py:3954} INFO - Setting next_dagrun for example_sla_dag to 2026-02-10 01:42:00+00:00, run_after=2026-02-10 01:44:00+00:00
[2026-02-10T01:44:42.267+0000] {processor.py:183} INFO - Processing /home/airflow/.local/lib/python3.12/site-packages/airflow/example_dags/example_sla_dag.py took 0.172 seconds
[2026-02-10T01:47:00.776+0000] {processor.py:161} INFO - Started process (PID=74) to work on /home/airflow/.local/lib/python3.12/site-packages/airflow/example_dags/example_sla_dag.py
[2026-02-10T01:47:00.779+0000] {processor.py:830} INFO - Processing file /home/airflow/.local/lib/python3.12/site-packages/airflow/example_dags/example_sla_dag.py for tasks to queue
[2026-02-10T01:47:00.786+0000] {logging_mixin.py:188} INFO - [2026-02-10T01:47:00.784+0000] {dagbag.py:540} INFO - Filling up the DagBag from /home/airflow/.local/lib/python3.12/site-packages/airflow/example_dags/example_sla_dag.py
[2026-02-10T01:47:00.813+0000] {processor.py:840} INFO - DAG(s) 'example_sla_dag' retrieved from /home/airflow/.local/lib/python3.12/site-packages/airflow/example_dags/example_sla_dag.py
[2026-02-10T01:47:00.843+0000] {logging_mixin.py:188} INFO - [2026-02-10T01:47:00.842+0000] {dag.py:3096} INFO - Sync 1 DAGs
[2026-02-10T01:47:01.007+0000] {logging_mixin.py:188} INFO - [2026-02-10T01:47:01.007+0000] {dag.py:3954} INFO - Setting next_dagrun for example_sla_dag to 2026-02-10 01:44:00+00:00, run_after=2026-02-10 01:46:00+00:00
[2026-02-10T01:47:01.061+0000] {processor.py:183} INFO - Processing /home/airflow/.local/lib/python3.12/site-packages/airflow/example_dags/example_sla_dag.py took 0.302 seconds
[2026-02-10T01:47:31.174+0000] {processor.py:161} INFO - Started process (PID=128) to work on /home/airflow/.local/lib/python3.12/site-packages/airflow/example_dags/example_sla_dag.py
[2026-02-10T01:47:31.176+0000] {processor.py:830} INFO - Processing file /home/airflow/.local/lib/python3.12/site-packages/airflow/example_dags/example_sla_dag.py for tasks to queue
[2026-02-10T01:47:31.178+0000] {logging_mixin.py:188} INFO - [2026-02-10T01:47:31.177+0000] {dagbag.py:540} INFO - Filling up the DagBag from /home/airflow/.local/lib/python3.12/site-packages/airflow/example_dags/example_sla_dag.py
[2026-02-10T01:47:31.187+0000] {processor.py:840} INFO - DAG(s) 'example_sla_dag' retrieved from /home/airflow/.local/lib/python3.12/site-packages/airflow/example_dags/example_sla_dag.py
[2026-02-10T01:47:31.304+0000] {logging_mixin.py:188} INFO - [2026-02-10T01:47:31.303+0000] {dag.py:3096} INFO - Sync 1 DAGs
[2026-02-10T01:47:31.326+0000] {logging_mixin.py:188} INFO - [2026-02-10T01:47:31.326+0000] {dag.py:3954} INFO - Setting next_dagrun for example_sla_dag to 2026-02-10 01:44:00+00:00, run_after=2026-02-10 01:46:00+00:00
[2026-02-10T01:47:31.355+0000] {processor.py:183} INFO - Processing /home/airflow/.local/lib/python3.12/site-packages/airflow/example_dags/example_sla_dag.py took 0.187 seconds
[2026-02-10T01:48:01.918+0000] {processor.py:161} INFO - Started process (PID=182) to work on /home/airflow/.local/lib/python3.12/site-packages/airflow/example_dags/example_sla_dag.py
[2026-02-10T01:48:01.919+0000] {processor.py:830} INFO - Processing file /home/airflow/.local/lib/python3.12/site-packages/airflow/example_dags/example_sla_dag.py for tasks to queue
[2026-02-10T01:48:01.921+0000] {logging_mixin.py:188} INFO - [2026-02-10T01:48:01.921+0000] {dagbag.py:540} INFO - Filling up the DagBag from /home/airflow/.local/lib/python3.12/site-packages/airflow/example_dags/example_sla_dag.py
[2026-02-10T01:48:01.929+0000] {processor.py:840} INFO - DAG(s) 'example_sla_dag' retrieved from /home/airflow/.local/lib/python3.12/site-packages/airflow/example_dags/example_sla_dag.py
[2026-02-10T01:48:01.947+0000] {logging_mixin.py:188} INFO - [2026-02-10T01:48:01.946+0000] {dag.py:3096} INFO - Sync 1 DAGs
[2026-02-10T01:48:01.968+0000] {logging_mixin.py:188} INFO - [2026-02-10T01:48:01.968+0000] {dag.py:3954} INFO - Setting next_dagrun for example_sla_dag to 2026-02-10 01:46:00+00:00, run_after=2026-02-10 01:48:00+00:00
[2026-02-10T01:48:01.987+0000] {processor.py:183} INFO - Processing /home/airflow/.local/lib/python3.12/site-packages/airflow/example_dags/example_sla_dag.py took 0.075 seconds
[2026-02-10T01:48:32.340+0000] {processor.py:161} INFO - Started process (PID=236) to work on /home/airflow/.local/lib/python3.12/site-packages/airflow/example_dags/example_sla_dag.py
[2026-02-10T01:48:32.341+0000] {processor.py:830} INFO - Processing file /home/airflow/.local/lib/python3.12/site-packages/airflow/example_dags/example_sla_dag.py for tasks to queue
[2026-02-10T01:48:32.343+0000] {logging_mixin.py:188} INFO - [2026-02-10T01:48:32.343+0000] {dagbag.py:540} INFO - Filling up the DagBag from /home/airflow/.local/lib/python3.12/site-packages/airflow/example_dags/example_sla_dag.py
[2026-02-10T01:48:32.351+0000] {processor.py:840} INFO - DAG(s) 'example_sla_dag' retrieved from /home/airflow/.local/lib/python3.12/site-packages/airflow/example_dags/example_sla_dag.py
[2026-02-10T01:48:32.370+0000] {logging_mixin.py:188} INFO - [2026-02-10T01:48:32.369+0000] {dag.py:3096} INFO - Sync 1 DAGs
[2026-02-10T01:48:32.392+0000] {logging_mixin.py:188} INFO - [2026-02-10T01:48:32.392+0000] {dag.py:3954} INFO - Setting next_dagrun for example_sla_dag to 2026-02-10 01:46:00+00:00, run_after=2026-02-10 01:48:00+00:00
[2026-02-10T01:48:32.412+0000] {processor.py:183} INFO - Processing /home/airflow/.local/lib/python3.12/site-packages/airflow/example_dags/example_sla_dag.py took 0.077 seconds
[2026-02-10T01:49:02.910+0000] {processor.py:161} INFO - Started process (PID=290) to work on /home/airflow/.local/lib/python3.12/site-packages/airflow/example_dags/example_sla_dag.py
[2026-02-10T01:49:02.911+0000] {processor.py:830} INFO - Processing file /home/airflow/.local/lib/python3.12/site-packages/airflow/example_dags/example_sla_dag.py for tasks to queue
[2026-02-10T01:49:02.913+0000] {logging_mixin.py:188} INFO - [2026-02-10T01:49:02.913+0000] {dagbag.py:540} INFO - Filling up the DagBag from /home/airflow/.local/lib/python3.12/site-packages/airflow/example_dags/example_sla_dag.py
[2026-02-10T01:49:02.923+0000] {processor.py:840} INFO - DAG(s) 'example_sla_dag' retrieved from /home/airflow/.local/lib/python3.12/site-packages/airflow/example_dags/example_sla_dag.py
[2026-02-10T01:49:02.946+0000] {logging_mixin.py:188} INFO - [2026-02-10T01:49:02.945+0000] {dag.py:3096} INFO - Sync 1 DAGs
[2026-02-10T01:49:02.975+0000] {logging_mixin.py:188} INFO - [2026-02-10T01:49:02.975+0000] {dag.py:3954} INFO - Setting next_dagrun for example_sla_dag to 2026-02-10 01:46:00+00:00, run_after=2026-02-10 01:48:00+00:00
[2026-02-10T01:49:02.996+0000] {processor.py:183} INFO - Processing /home/airflow/.local/lib/python3.12/site-packages/airflow/example_dags/example_sla_dag.py took 0.093 seconds
[2026-02-10T01:49:33.397+0000] {processor.py:161} INFO - Started process (PID=344) to work on /home/airflow/.local/lib/python3.12/site-packages/airflow/example_dags/example_sla_dag.py
[2026-02-10T01:49:33.399+0000] {processor.py:830} INFO - Processing file /home/airflow/.local/lib/python3.12/site-packages/airflow/example_dags/example_sla_dag.py for tasks to queue
[2026-02-10T01:49:33.401+0000] {logging_mixin.py:188} INFO - [2026-02-10T01:49:33.400+0000] {dagbag.py:540} INFO - Filling up the DagBag from /home/airflow/.local/lib/python3.12/site-packages/airflow/example_dags/example_sla_dag.py
[2026-02-10T01:49:33.408+0000] {processor.py:840} INFO - DAG(s) 'example_sla_dag' retrieved from /home/airflow/.local/lib/python3.12/site-packages/airflow/example_dags/example_sla_dag.py
[2026-02-10T01:49:33.427+0000] {logging_mixin.py:188} INFO - [2026-02-10T01:49:33.427+0000] {dag.py:3096} INFO - Sync 1 DAGs
[2026-02-10T01:49:33.447+0000] {logging_mixin.py:188} INFO - [2026-02-10T01:49:33.447+0000] {dag.py:3954} INFO - Setting next_dagrun for example_sla_dag to 2026-02-10 01:46:00+00:00, run_after=2026-02-10 01:48:00+00:00
[2026-02-10T01:49:33.465+0000] {processor.py:183} INFO - Processing /home/airflow/.local/lib/python3.12/site-packages/airflow/example_dags/example_sla_dag.py took 0.073 seconds
[2026-02-10T01:50:04.244+0000] {processor.py:161} INFO - Started process (PID=398) to work on /home/airflow/.local/lib/python3.12/site-packages/airflow/example_dags/example_sla_dag.py
[2026-02-10T01:50:04.245+0000] {processor.py:830} INFO - Processing file /home/airflow/.local/lib/python3.12/site-packages/airflow/example_dags/example_sla_dag.py for tasks to queue
[2026-02-10T01:50:04.247+0000] {logging_mixin.py:188} INFO - [2026-02-10T01:50:04.247+0000] {dagbag.py:540} INFO - Filling up the DagBag from /home/airflow/.local/lib/python3.12/site-packages/airflow/example_dags/example_sla_dag.py
[2026-02-10T01:50:04.254+0000] {processor.py:840} INFO - DAG(s) 'example_sla_dag' retrieved from /home/airflow/.local/lib/python3.12/site-packages/airflow/example_dags/example_sla_dag.py
[2026-02-10T01:50:04.273+0000] {logging_mixin.py:188} INFO - [2026-02-10T01:50:04.273+0000] {dag.py:3096} INFO - Sync 1 DAGs
[2026-02-10T01:50:04.294+0000] {logging_mixin.py:188} INFO - [2026-02-10T01:50:04.294+0000] {dag.py:3954} INFO - Setting next_dagrun for example_sla_dag to 2026-02-10 01:48:00+00:00, run_after=2026-02-10 01:50:00+00:00
[2026-02-10T01:50:04.314+0000] {processor.py:183} INFO - Processing /home/airflow/.local/lib/python3.12/site-packages/airflow/example_dags/example_sla_dag.py took 0.076 seconds
[2026-02-10T01:50:34.667+0000] {processor.py:161} INFO - Started process (PID=452) to work on /home/airflow/.local/lib/python3.12/site-packages/airflow/example_dags/example_sla_dag.py
[2026-02-10T01:50:34.668+0000] {processor.py:830} INFO - Processing file /home/airflow/.local/lib/python3.12/site-packages/airflow/example_dags/example_sla_dag.py for tasks to queue
[2026-02-10T01:50:34.670+0000] {logging_mixin.py:188} INFO - [2026-02-10T01:50:34.669+0000] {dagbag.py:540} INFO - Filling up the DagBag from /home/airflow/.local/lib/python3.12/site-packages/airflow/example_dags/example_sla_dag.py
[2026-02-10T01:50:34.677+0000] {processor.py:840} INFO - DAG(s) 'example_sla_dag' retrieved from /home/airflow/.local/lib/python3.12/site-packages/airflow/example_dags/example_sla_dag.py
[2026-02-10T01:50:34.696+0000] {logging_mixin.py:188} INFO - [2026-02-10T01:50:34.696+0000] {dag.py:3096} INFO - Sync 1 DAGs
[2026-02-10T01:50:34.721+0000] {logging_mixin.py:188} INFO - [2026-02-10T01:50:34.721+0000] {dag.py:3954} INFO - Setting next_dagrun for example_sla_dag to 2026-02-10 01:48:00+00:00, run_after=2026-02-10 01:50:00+00:00
[2026-02-10T01:50:34.742+0000] {processor.py:183} INFO - Processing /home/airflow/.local/lib/python3.12/site-packages/airflow/example_dags/example_sla_dag.py took 0.080 seconds
[2026-02-10T01:51:05.015+0000] {processor.py:161} INFO - Started process (PID=506) to work on /home/airflow/.local/lib/python3.12/site-packages/airflow/example_dags/example_sla_dag.py
[2026-02-10T01:51:05.016+0000] {processor.py:830} INFO - Processing file /home/airflow/.local/lib/python3.12/site-packages/airflow/example_dags/example_sla_dag.py for tasks to queue
[2026-02-10T01:51:05.018+0000] {logging_mixin.py:188} INFO - [2026-02-10T01:51:05.017+0000] {dagbag.py:540} INFO - Filling up the DagBag from /home/airflow/.local/lib/python3.12/site-packages/airflow/example_dags/example_sla_dag.py
[2026-02-10T01:51:05.025+0000] {processor.py:840} INFO - DAG(s) 'example_sla_dag' retrieved from /home/airflow/.local/lib/python3.12/site-packages/airflow/example_dags/example_sla_dag.py
[2026-02-10T01:51:05.043+0000] {logging_mixin.py:188} INFO - [2026-02-10T01:51:05.043+0000] {dag.py:3096} INFO - Sync 1 DAGs
[2026-02-10T01:51:05.063+0000] {logging_mixin.py:188} INFO - [2026-02-10T01:51:05.063+0000] {dag.py:3954} INFO - Setting next_dagrun for example_sla_dag to 2026-02-10 01:48:00+00:00, run_after=2026-02-10 01:50:00+00:00
[2026-02-10T01:51:05.083+0000] {processor.py:183} INFO - Processing /home/airflow/.local/lib/python3.12/site-packages/airflow/example_dags/example_sla_dag.py took 0.074 seconds
[2026-02-10T01:51:35.332+0000] {processor.py:161} INFO - Started process (PID=560) to work on /home/airflow/.local/lib/python3.12/site-packages/airflow/example_dags/example_sla_dag.py
[2026-02-10T01:51:35.333+0000] {processor.py:830} INFO - Processing file /home/airflow/.local/lib/python3.12/site-packages/airflow/example_dags/example_sla_dag.py for tasks to queue
[2026-02-10T01:51:35.335+0000] {logging_mixin.py:188} INFO - [2026-02-10T01:51:35.335+0000] {dagbag.py:540} INFO - Filling up the DagBag from /home/airflow/.local/lib/python3.12/site-packages/airflow/example_dags/example_sla_dag.py
[2026-02-10T01:51:35.344+0000] {processor.py:840} INFO - DAG(s) 'example_sla_dag' retrieved from /home/airflow/.local/lib/python3.12/site-packages/airflow/example_dags/example_sla_dag.py
[2026-02-10T01:51:35.364+0000] {logging_mixin.py:188} INFO - [2026-02-10T01:51:35.363+0000] {dag.py:3096} INFO - Sync 1 DAGs
[2026-02-10T01:51:35.384+0000] {logging_mixin.py:188} INFO - [2026-02-10T01:51:35.384+0000] {dag.py:3954} INFO - Setting next_dagrun for example_sla_dag to 2026-02-10 01:48:00+00:00, run_after=2026-02-10 01:50:00+00:00
[2026-02-10T01:51:35.404+0000] {processor.py:183} INFO - Processing /home/airflow/.local/lib/python3.12/site-packages/airflow/example_dags/example_sla_dag.py took 0.077 seconds
[2026-02-10T01:52:06.037+0000] {processor.py:161} INFO - Started process (PID=614) to work on /home/airflow/.local/lib/python3.12/site-packages/airflow/example_dags/example_sla_dag.py
[2026-02-10T01:52:06.038+0000] {processor.py:830} INFO - Processing file /home/airflow/.local/lib/python3.12/site-packages/airflow/example_dags/example_sla_dag.py for tasks to queue
[2026-02-10T01:52:06.040+0000] {logging_mixin.py:188} INFO - [2026-02-10T01:52:06.040+0000] {dagbag.py:540} INFO - Filling up the DagBag from /home/airflow/.local/lib/python3.12/site-packages/airflow/example_dags/example_sla_dag.py
[2026-02-10T01:52:06.048+0000] {processor.py:840} INFO - DAG(s) 'example_sla_dag' retrieved from /home/airflow/.local/lib/python3.12/site-packages/airflow/example_dags/example_sla_dag.py
[2026-02-10T01:52:06.066+0000] {logging_mixin.py:188} INFO - [2026-02-10T01:52:06.066+0000] {dag.py:3096} INFO - Sync 1 DAGs
[2026-02-10T01:52:06.087+0000] {logging_mixin.py:188} INFO - [2026-02-10T01:52:06.087+0000] {dag.py:3954} INFO - Setting next_dagrun for example_sla_dag to 2026-02-10 01:50:00+00:00, run_after=2026-02-10 01:52:00+00:00
[2026-02-10T01:52:06.107+0000] {processor.py:183} INFO - Processing /home/airflow/.local/lib/python3.12/site-packages/airflow/example_dags/example_sla_dag.py took 0.076 seconds
[2026-02-10T01:52:36.559+0000] {processor.py:161} INFO - Started process (PID=668) to work on /home/airflow/.local/lib/python3.12/site-packages/airflow/example_dags/example_sla_dag.py
[2026-02-10T01:52:36.560+0000] {processor.py:830} INFO - Processing file /home/airflow/.local/lib/python3.12/site-packages/airflow/example_dags/example_sla_dag.py for tasks to queue
[2026-02-10T01:52:36.562+0000] {logging_mixin.py:188} INFO - [2026-02-10T01:52:36.561+0000] {dagbag.py:540} INFO - Filling up the DagBag from /home/airflow/.local/lib/python3.12/site-packages/airflow/example_dags/example_sla_dag.py
[2026-02-10T01:52:36.571+0000] {processor.py:840} INFO - DAG(s) 'example_sla_dag' retrieved from /home/airflow/.local/lib/python3.12/site-packages/airflow/example_dags/example_sla_dag.py
[2026-02-10T01:52:36.590+0000] {logging_mixin.py:188} INFO - [2026-02-10T01:52:36.590+0000] {dag.py:3096} INFO - Sync 1 DAGs
[2026-02-10T01:52:36.611+0000] {logging_mixin.py:188} INFO - [2026-02-10T01:52:36.611+0000] {dag.py:3954} INFO - Setting next_dagrun for example_sla_dag to 2026-02-10 01:50:00+00:00, run_after=2026-02-10 01:52:00+00:00
[2026-02-10T01:52:36.636+0000] {processor.py:183} INFO - Processing /home/airflow/.local/lib/python3.12/site-packages/airflow/example_dags/example_sla_dag.py took 0.083 seconds
[2026-02-10T01:53:06.735+0000] {processor.py:161} INFO - Started process (PID=722) to work on /home/airflow/.local/lib/python3.12/site-packages/airflow/example_dags/example_sla_dag.py
[2026-02-10T01:53:06.737+0000] {processor.py:830} INFO - Processing file /home/airflow/.local/lib/python3.12/site-packages/airflow/example_dags/example_sla_dag.py for tasks to queue
[2026-02-10T01:53:06.739+0000] {logging_mixin.py:188} INFO - [2026-02-10T01:53:06.738+0000] {dagbag.py:540} INFO - Filling up the DagBag from /home/airflow/.local/lib/python3.12/site-packages/airflow/example_dags/example_sla_dag.py
[2026-02-10T01:53:06.747+0000] {processor.py:840} INFO - DAG(s) 'example_sla_dag' retrieved from /home/airflow/.local/lib/python3.12/site-packages/airflow/example_dags/example_sla_dag.py
[2026-02-10T01:53:06.766+0000] {logging_mixin.py:188} INFO - [2026-02-10T01:53:06.766+0000] {dag.py:3096} INFO - Sync 1 DAGs
[2026-02-10T01:53:06.788+0000] {logging_mixin.py:188} INFO - [2026-02-10T01:53:06.788+0000] {dag.py:3954} INFO - Setting next_dagrun for example_sla_dag to 2026-02-10 01:50:00+00:00, run_after=2026-02-10 01:52:00+00:00
[2026-02-10T01:53:06.809+0000] {processor.py:183} INFO - Processing /home/airflow/.local/lib/python3.12/site-packages/airflow/example_dags/example_sla_dag.py took 0.080 seconds
[2026-02-10T01:53:37.568+0000] {processor.py:161} INFO - Started process (PID=776) to work on /home/airflow/.local/lib/python3.12/site-packages/airflow/example_dags/example_sla_dag.py
[2026-02-10T01:53:37.569+0000] {processor.py:830} INFO - Processing file /home/airflow/.local/lib/python3.12/site-packages/airflow/example_dags/example_sla_dag.py for tasks to queue
[2026-02-10T01:53:37.571+0000] {logging_mixin.py:188} INFO - [2026-02-10T01:53:37.570+0000] {dagbag.py:540} INFO - Filling up the DagBag from /home/airflow/.local/lib/python3.12/site-packages/airflow/example_dags/example_sla_dag.py
[2026-02-10T01:53:37.578+0000] {processor.py:840} INFO - DAG(s) 'example_sla_dag' retrieved from /home/airflow/.local/lib/python3.12/site-packages/airflow/example_dags/example_sla_dag.py
[2026-02-10T01:53:37.596+0000] {logging_mixin.py:188} INFO - [2026-02-10T01:53:37.595+0000] {dag.py:3096} INFO - Sync 1 DAGs
[2026-02-10T01:53:37.618+0000] {logging_mixin.py:188} INFO - [2026-02-10T01:53:37.617+0000] {dag.py:3954} INFO - Setting next_dagrun for example_sla_dag to 2026-02-10 01:50:00+00:00, run_after=2026-02-10 01:52:00+00:00
[2026-02-10T01:53:37.638+0000] {processor.py:183} INFO - Processing /home/airflow/.local/lib/python3.12/site-packages/airflow/example_dags/example_sla_dag.py took 0.075 seconds
[2026-02-10T01:54:07.802+0000] {processor.py:161} INFO - Started process (PID=830) to work on /home/airflow/.local/lib/python3.12/site-packages/airflow/example_dags/example_sla_dag.py
[2026-02-10T01:54:07.805+0000] {processor.py:830} INFO - Processing file /home/airflow/.local/lib/python3.12/site-packages/airflow/example_dags/example_sla_dag.py for tasks to queue
[2026-02-10T01:54:07.808+0000] {logging_mixin.py:188} INFO - [2026-02-10T01:54:07.808+0000] {dagbag.py:540} INFO - Filling up the DagBag from /home/airflow/.local/lib/python3.12/site-packages/airflow/example_dags/example_sla_dag.py
[2026-02-10T01:54:07.819+0000] {processor.py:840} INFO - DAG(s) 'example_sla_dag' retrieved from /home/airflow/.local/lib/python3.12/site-packages/airflow/example_dags/example_sla_dag.py
[2026-02-10T01:54:07.843+0000] {logging_mixin.py:188} INFO - [2026-02-10T01:54:07.843+0000] {dag.py:3096} INFO - Sync 1 DAGs
[2026-02-10T01:54:07.872+0000] {logging_mixin.py:188} INFO - [2026-02-10T01:54:07.872+0000] {dag.py:3954} INFO - Setting next_dagrun for example_sla_dag to 2026-02-10 01:52:00+00:00, run_after=2026-02-10 01:54:00+00:00
[2026-02-10T01:54:07.895+0000] {processor.py:183} INFO - Processing /home/airflow/.local/lib/python3.12/site-packages/airflow/example_dags/example_sla_dag.py took 0.101 seconds
[2026-02-10T01:54:38.078+0000] {processor.py:161} INFO - Started process (PID=884) to work on /home/airflow/.local/lib/python3.12/site-packages/airflow/example_dags/example_sla_dag.py
[2026-02-10T01:54:38.080+0000] {processor.py:830} INFO - Processing file /home/airflow/.local/lib/python3.12/site-packages/airflow/example_dags/example_sla_dag.py for tasks to queue
[2026-02-10T01:54:38.082+0000] {logging_mixin.py:188} INFO - [2026-02-10T01:54:38.081+0000] {dagbag.py:540} INFO - Filling up the DagBag from /home/airflow/.local/lib/python3.12/site-packages/airflow/example_dags/example_sla_dag.py
[2026-02-10T01:54:38.092+0000] {processor.py:840} INFO - DAG(s) 'example_sla_dag' retrieved from /home/airflow/.local/lib/python3.12/site-packages/airflow/example_dags/example_sla_dag.py
[2026-02-10T01:54:38.112+0000] {logging_mixin.py:188} INFO - [2026-02-10T01:54:38.112+0000] {dag.py:3096} INFO - Sync 1 DAGs
[2026-02-10T01:54:38.135+0000] {logging_mixin.py:188} INFO - [2026-02-10T01:54:38.135+0000] {dag.py:3954} INFO - Setting next_dagrun for example_sla_dag to 2026-02-10 01:52:00+00:00, run_after=2026-02-10 01:54:00+00:00
[2026-02-10T01:54:38.158+0000] {processor.py:183} INFO - Processing /home/airflow/.local/lib/python3.12/site-packages/airflow/example_dags/example_sla_dag.py took 0.085 seconds
[2026-02-10T01:55:09.069+0000] {processor.py:161} INFO - Started process (PID=938) to work on /home/airflow/.local/lib/python3.12/site-packages/airflow/example_dags/example_sla_dag.py
[2026-02-10T01:55:09.070+0000] {processor.py:830} INFO - Processing file /home/airflow/.local/lib/python3.12/site-packages/airflow/example_dags/example_sla_dag.py for tasks to queue
[2026-02-10T01:55:09.072+0000] {logging_mixin.py:188} INFO - [2026-02-10T01:55:09.072+0000] {dagbag.py:540} INFO - Filling up the DagBag from /home/airflow/.local/lib/python3.12/site-packages/airflow/example_dags/example_sla_dag.py
[2026-02-10T01:55:09.080+0000] {processor.py:840} INFO - DAG(s) 'example_sla_dag' retrieved from /home/airflow/.local/lib/python3.12/site-packages/airflow/example_dags/example_sla_dag.py
[2026-02-10T01:55:09.107+0000] {logging_mixin.py:188} INFO - [2026-02-10T01:55:09.107+0000] {dag.py:3096} INFO - Sync 1 DAGs
[2026-02-10T01:55:09.137+0000] {logging_mixin.py:188} INFO - [2026-02-10T01:55:09.137+0000] {dag.py:3954} INFO - Setting next_dagrun for example_sla_dag to 2026-02-10 01:52:00+00:00, run_after=2026-02-10 01:54:00+00:00
[2026-02-10T01:55:09.161+0000] {processor.py:183} INFO - Processing /home/airflow/.local/lib/python3.12/site-packages/airflow/example_dags/example_sla_dag.py took 0.098 seconds
[2026-02-10T01:55:39.645+0000] {processor.py:161} INFO - Started process (PID=992) to work on /home/airflow/.local/lib/python3.12/site-packages/airflow/example_dags/example_sla_dag.py
[2026-02-10T01:55:39.646+0000] {processor.py:830} INFO - Processing file /home/airflow/.local/lib/python3.12/site-packages/airflow/example_dags/example_sla_dag.py for tasks to queue
[2026-02-10T01:55:39.649+0000] {logging_mixin.py:188} INFO - [2026-02-10T01:55:39.648+0000] {dagbag.py:540} INFO - Filling up the DagBag from /home/airflow/.local/lib/python3.12/site-packages/airflow/example_dags/example_sla_dag.py
[2026-02-10T01:55:39.657+0000] {processor.py:840} INFO - DAG(s) 'example_sla_dag' retrieved from /home/airflow/.local/lib/python3.12/site-packages/airflow/example_dags/example_sla_dag.py
[2026-02-10T01:55:39.678+0000] {logging_mixin.py:188} INFO - [2026-02-10T01:55:39.677+0000] {dag.py:3096} INFO - Sync 1 DAGs
[2026-02-10T01:55:39.700+0000] {logging_mixin.py:188} INFO - [2026-02-10T01:55:39.699+0000] {dag.py:3954} INFO - Setting next_dagrun for example_sla_dag to 2026-02-10 01:52:00+00:00, run_after=2026-02-10 01:54:00+00:00
[2026-02-10T01:55:39.722+0000] {processor.py:183} INFO - Processing /home/airflow/.local/lib/python3.12/site-packages/airflow/example_dags/example_sla_dag.py took 0.082 seconds
[2026-02-10T01:56:10.522+0000] {processor.py:161} INFO - Started process (PID=1046) to work on /home/airflow/.local/lib/python3.12/site-packages/airflow/example_dags/example_sla_dag.py
[2026-02-10T01:56:10.523+0000] {processor.py:830} INFO - Processing file /home/airflow/.local/lib/python3.12/site-packages/airflow/example_dags/example_sla_dag.py for tasks to queue
[2026-02-10T01:56:10.525+0000] {logging_mixin.py:188} INFO - [2026-02-10T01:56:10.525+0000] {dagbag.py:540} INFO - Filling up the DagBag from /home/airflow/.local/lib/python3.12/site-packages/airflow/example_dags/example_sla_dag.py
[2026-02-10T01:56:10.536+0000] {processor.py:840} INFO - DAG(s) 'example_sla_dag' retrieved from /home/airflow/.local/lib/python3.12/site-packages/airflow/example_dags/example_sla_dag.py
[2026-02-10T01:56:10.557+0000] {logging_mixin.py:188} INFO - [2026-02-10T01:56:10.557+0000] {dag.py:3096} INFO - Sync 1 DAGs
[2026-02-10T01:56:10.578+0000] {logging_mixin.py:188} INFO - [2026-02-10T01:56:10.578+0000] {dag.py:3954} INFO - Setting next_dagrun for example_sla_dag to 2026-02-10 01:54:00+00:00, run_after=2026-02-10 01:56:00+00:00
[2026-02-10T01:56:10.599+0000] {processor.py:183} INFO - Processing /home/airflow/.local/lib/python3.12/site-packages/airflow/example_dags/example_sla_dag.py took 0.082 seconds
[2026-02-10T01:56:41.307+0000] {processor.py:161} INFO - Started process (PID=1100) to work on /home/airflow/.local/lib/python3.12/site-packages/airflow/example_dags/example_sla_dag.py
[2026-02-10T01:56:41.308+0000] {processor.py:830} INFO - Processing file /home/airflow/.local/lib/python3.12/site-packages/airflow/example_dags/example_sla_dag.py for tasks to queue
[2026-02-10T01:56:41.311+0000] {logging_mixin.py:188} INFO - [2026-02-10T01:56:41.310+0000] {dagbag.py:540} INFO - Filling up the DagBag from /home/airflow/.local/lib/python3.12/site-packages/airflow/example_dags/example_sla_dag.py
[2026-02-10T01:56:41.320+0000] {processor.py:840} INFO - DAG(s) 'example_sla_dag' retrieved from /home/airflow/.local/lib/python3.12/site-packages/airflow/example_dags/example_sla_dag.py
[2026-02-10T01:56:41.338+0000] {logging_mixin.py:188} INFO - [2026-02-10T01:56:41.338+0000] {dag.py:3096} INFO - Sync 1 DAGs
[2026-02-10T01:56:41.361+0000] {logging_mixin.py:188} INFO - [2026-02-10T01:56:41.360+0000] {dag.py:3954} INFO - Setting next_dagrun for example_sla_dag to 2026-02-10 01:54:00+00:00, run_after=2026-02-10 01:56:00+00:00
[2026-02-10T01:56:41.530+0000] {processor.py:183} INFO - Processing /home/airflow/.local/lib/python3.12/site-packages/airflow/example_dags/example_sla_dag.py took 0.229 seconds
[2026-02-10T02:00:10.512+0000] {processor.py:161} INFO - Started process (PID=73) to work on /home/airflow/.local/lib/python3.12/site-packages/airflow/example_dags/example_sla_dag.py
[2026-02-10T02:00:10.516+0000] {processor.py:830} INFO - Processing file /home/airflow/.local/lib/python3.12/site-packages/airflow/example_dags/example_sla_dag.py for tasks to queue
[2026-02-10T02:00:10.520+0000] {logging_mixin.py:188} INFO - [2026-02-10T02:00:10.519+0000] {dagbag.py:540} INFO - Filling up the DagBag from /home/airflow/.local/lib/python3.12/site-packages/airflow/example_dags/example_sla_dag.py
[2026-02-10T02:00:10.543+0000] {processor.py:840} INFO - DAG(s) 'example_sla_dag' retrieved from /home/airflow/.local/lib/python3.12/site-packages/airflow/example_dags/example_sla_dag.py
[2026-02-10T02:00:10.570+0000] {logging_mixin.py:188} INFO - [2026-02-10T02:00:10.570+0000] {dag.py:3096} INFO - Sync 1 DAGs
[2026-02-10T02:00:10.637+0000] {logging_mixin.py:188} INFO - [2026-02-10T02:00:10.637+0000] {dag.py:3954} INFO - Setting next_dagrun for example_sla_dag to 2026-02-10 01:58:00+00:00, run_after=2026-02-10 02:00:00+00:00
[2026-02-10T02:00:10.686+0000] {processor.py:183} INFO - Processing /home/airflow/.local/lib/python3.12/site-packages/airflow/example_dags/example_sla_dag.py took 0.192 seconds
[2026-02-10T02:00:41.104+0000] {processor.py:161} INFO - Started process (PID=127) to work on /home/airflow/.local/lib/python3.12/site-packages/airflow/example_dags/example_sla_dag.py
[2026-02-10T02:00:41.105+0000] {processor.py:830} INFO - Processing file /home/airflow/.local/lib/python3.12/site-packages/airflow/example_dags/example_sla_dag.py for tasks to queue
[2026-02-10T02:00:41.109+0000] {logging_mixin.py:188} INFO - [2026-02-10T02:00:41.108+0000] {dagbag.py:540} INFO - Filling up the DagBag from /home/airflow/.local/lib/python3.12/site-packages/airflow/example_dags/example_sla_dag.py
[2026-02-10T02:00:41.120+0000] {processor.py:840} INFO - DAG(s) 'example_sla_dag' retrieved from /home/airflow/.local/lib/python3.12/site-packages/airflow/example_dags/example_sla_dag.py
[2026-02-10T02:00:41.254+0000] {logging_mixin.py:188} INFO - [2026-02-10T02:00:41.253+0000] {dag.py:3096} INFO - Sync 1 DAGs
[2026-02-10T02:00:41.283+0000] {logging_mixin.py:188} INFO - [2026-02-10T02:00:41.282+0000] {dag.py:3954} INFO - Setting next_dagrun for example_sla_dag to 2026-02-10 01:58:00+00:00, run_after=2026-02-10 02:00:00+00:00
[2026-02-10T02:00:41.312+0000] {processor.py:183} INFO - Processing /home/airflow/.local/lib/python3.12/site-packages/airflow/example_dags/example_sla_dag.py took 0.215 seconds
[2026-02-10T02:01:12.297+0000] {processor.py:161} INFO - Started process (PID=181) to work on /home/airflow/.local/lib/python3.12/site-packages/airflow/example_dags/example_sla_dag.py
[2026-02-10T02:01:12.298+0000] {processor.py:830} INFO - Processing file /home/airflow/.local/lib/python3.12/site-packages/airflow/example_dags/example_sla_dag.py for tasks to queue
[2026-02-10T02:01:12.300+0000] {logging_mixin.py:188} INFO - [2026-02-10T02:01:12.299+0000] {dagbag.py:540} INFO - Filling up the DagBag from /home/airflow/.local/lib/python3.12/site-packages/airflow/example_dags/example_sla_dag.py
[2026-02-10T02:01:12.307+0000] {processor.py:840} INFO - DAG(s) 'example_sla_dag' retrieved from /home/airflow/.local/lib/python3.12/site-packages/airflow/example_dags/example_sla_dag.py
[2026-02-10T02:01:12.325+0000] {logging_mixin.py:188} INFO - [2026-02-10T02:01:12.325+0000] {dag.py:3096} INFO - Sync 1 DAGs
[2026-02-10T02:01:12.348+0000] {logging_mixin.py:188} INFO - [2026-02-10T02:01:12.348+0000] {dag.py:3954} INFO - Setting next_dagrun for example_sla_dag to 2026-02-10 01:58:00+00:00, run_after=2026-02-10 02:00:00+00:00
[2026-02-10T02:01:12.367+0000] {processor.py:183} INFO - Processing /home/airflow/.local/lib/python3.12/site-packages/airflow/example_dags/example_sla_dag.py took 0.076 seconds
[2026-02-10T02:01:42.628+0000] {processor.py:161} INFO - Started process (PID=235) to work on /home/airflow/.local/lib/python3.12/site-packages/airflow/example_dags/example_sla_dag.py
[2026-02-10T02:01:42.629+0000] {processor.py:830} INFO - Processing file /home/airflow/.local/lib/python3.12/site-packages/airflow/example_dags/example_sla_dag.py for tasks to queue
[2026-02-10T02:01:42.631+0000] {logging_mixin.py:188} INFO - [2026-02-10T02:01:42.630+0000] {dagbag.py:540} INFO - Filling up the DagBag from /home/airflow/.local/lib/python3.12/site-packages/airflow/example_dags/example_sla_dag.py
[2026-02-10T02:01:42.639+0000] {processor.py:840} INFO - DAG(s) 'example_sla_dag' retrieved from /home/airflow/.local/lib/python3.12/site-packages/airflow/example_dags/example_sla_dag.py
[2026-02-10T02:01:42.658+0000] {logging_mixin.py:188} INFO - [2026-02-10T02:01:42.658+0000] {dag.py:3096} INFO - Sync 1 DAGs
[2026-02-10T02:01:42.682+0000] {logging_mixin.py:188} INFO - [2026-02-10T02:01:42.682+0000] {dag.py:3954} INFO - Setting next_dagrun for example_sla_dag to 2026-02-10 01:58:00+00:00, run_after=2026-02-10 02:00:00+00:00
[2026-02-10T02:01:42.704+0000] {processor.py:183} INFO - Processing /home/airflow/.local/lib/python3.12/site-packages/airflow/example_dags/example_sla_dag.py took 0.082 seconds
[2026-02-10T02:02:13.092+0000] {processor.py:161} INFO - Started process (PID=289) to work on /home/airflow/.local/lib/python3.12/site-packages/airflow/example_dags/example_sla_dag.py
[2026-02-10T02:02:13.093+0000] {processor.py:830} INFO - Processing file /home/airflow/.local/lib/python3.12/site-packages/airflow/example_dags/example_sla_dag.py for tasks to queue
[2026-02-10T02:02:13.095+0000] {logging_mixin.py:188} INFO - [2026-02-10T02:02:13.095+0000] {dagbag.py:540} INFO - Filling up the DagBag from /home/airflow/.local/lib/python3.12/site-packages/airflow/example_dags/example_sla_dag.py
[2026-02-10T02:02:13.103+0000] {processor.py:840} INFO - DAG(s) 'example_sla_dag' retrieved from /home/airflow/.local/lib/python3.12/site-packages/airflow/example_dags/example_sla_dag.py
[2026-02-10T02:02:13.122+0000] {logging_mixin.py:188} INFO - [2026-02-10T02:02:13.122+0000] {dag.py:3096} INFO - Sync 1 DAGs
[2026-02-10T02:02:13.142+0000] {logging_mixin.py:188} INFO - [2026-02-10T02:02:13.142+0000] {dag.py:3954} INFO - Setting next_dagrun for example_sla_dag to 2026-02-10 02:00:00+00:00, run_after=2026-02-10 02:02:00+00:00
[2026-02-10T02:02:13.171+0000] {processor.py:183} INFO - Processing /home/airflow/.local/lib/python3.12/site-packages/airflow/example_dags/example_sla_dag.py took 0.084 seconds
[2026-02-10T02:02:43.659+0000] {processor.py:161} INFO - Started process (PID=343) to work on /home/airflow/.local/lib/python3.12/site-packages/airflow/example_dags/example_sla_dag.py
[2026-02-10T02:02:43.660+0000] {processor.py:830} INFO - Processing file /home/airflow/.local/lib/python3.12/site-packages/airflow/example_dags/example_sla_dag.py for tasks to queue
[2026-02-10T02:02:43.662+0000] {logging_mixin.py:188} INFO - [2026-02-10T02:02:43.662+0000] {dagbag.py:540} INFO - Filling up the DagBag from /home/airflow/.local/lib/python3.12/site-packages/airflow/example_dags/example_sla_dag.py
[2026-02-10T02:02:43.669+0000] {processor.py:840} INFO - DAG(s) 'example_sla_dag' retrieved from /home/airflow/.local/lib/python3.12/site-packages/airflow/example_dags/example_sla_dag.py
[2026-02-10T02:02:43.694+0000] {logging_mixin.py:188} INFO - [2026-02-10T02:02:43.693+0000] {dag.py:3096} INFO - Sync 1 DAGs
[2026-02-10T02:02:43.715+0000] {logging_mixin.py:188} INFO - [2026-02-10T02:02:43.715+0000] {dag.py:3954} INFO - Setting next_dagrun for example_sla_dag to 2026-02-10 02:00:00+00:00, run_after=2026-02-10 02:02:00+00:00
[2026-02-10T02:02:43.736+0000] {processor.py:183} INFO - Processing /home/airflow/.local/lib/python3.12/site-packages/airflow/example_dags/example_sla_dag.py took 0.082 seconds
[2026-02-10T02:03:14.026+0000] {processor.py:161} INFO - Started process (PID=397) to work on /home/airflow/.local/lib/python3.12/site-packages/airflow/example_dags/example_sla_dag.py
[2026-02-10T02:03:14.027+0000] {processor.py:830} INFO - Processing file /home/airflow/.local/lib/python3.12/site-packages/airflow/example_dags/example_sla_dag.py for tasks to queue
[2026-02-10T02:03:14.029+0000] {logging_mixin.py:188} INFO - [2026-02-10T02:03:14.028+0000] {dagbag.py:540} INFO - Filling up the DagBag from /home/airflow/.local/lib/python3.12/site-packages/airflow/example_dags/example_sla_dag.py
[2026-02-10T02:03:14.037+0000] {processor.py:840} INFO - DAG(s) 'example_sla_dag' retrieved from /home/airflow/.local/lib/python3.12/site-packages/airflow/example_dags/example_sla_dag.py
[2026-02-10T02:03:14.057+0000] {logging_mixin.py:188} INFO - [2026-02-10T02:03:14.056+0000] {dag.py:3096} INFO - Sync 1 DAGs
[2026-02-10T02:03:14.078+0000] {logging_mixin.py:188} INFO - [2026-02-10T02:03:14.078+0000] {dag.py:3954} INFO - Setting next_dagrun for example_sla_dag to 2026-02-10 02:00:00+00:00, run_after=2026-02-10 02:02:00+00:00
[2026-02-10T02:03:14.100+0000] {processor.py:183} INFO - Processing /home/airflow/.local/lib/python3.12/site-packages/airflow/example_dags/example_sla_dag.py took 0.081 seconds
[2026-02-10T02:03:44.663+0000] {processor.py:161} INFO - Started process (PID=451) to work on /home/airflow/.local/lib/python3.12/site-packages/airflow/example_dags/example_sla_dag.py
[2026-02-10T02:03:44.666+0000] {processor.py:830} INFO - Processing file /home/airflow/.local/lib/python3.12/site-packages/airflow/example_dags/example_sla_dag.py for tasks to queue
[2026-02-10T02:03:44.669+0000] {logging_mixin.py:188} INFO - [2026-02-10T02:03:44.669+0000] {dagbag.py:540} INFO - Filling up the DagBag from /home/airflow/.local/lib/python3.12/site-packages/airflow/example_dags/example_sla_dag.py
[2026-02-10T02:03:44.686+0000] {processor.py:840} INFO - DAG(s) 'example_sla_dag' retrieved from /home/airflow/.local/lib/python3.12/site-packages/airflow/example_dags/example_sla_dag.py
[2026-02-10T02:03:44.740+0000] {logging_mixin.py:188} INFO - [2026-02-10T02:03:44.740+0000] {dag.py:3096} INFO - Sync 1 DAGs
[2026-02-10T02:03:44.781+0000] {logging_mixin.py:188} INFO - [2026-02-10T02:03:44.781+0000] {dag.py:3954} INFO - Setting next_dagrun for example_sla_dag to 2026-02-10 02:00:00+00:00, run_after=2026-02-10 02:02:00+00:00
[2026-02-10T02:03:44.806+0000] {processor.py:183} INFO - Processing /home/airflow/.local/lib/python3.12/site-packages/airflow/example_dags/example_sla_dag.py took 0.153 seconds
[2026-02-10T02:04:15.226+0000] {processor.py:161} INFO - Started process (PID=505) to work on /home/airflow/.local/lib/python3.12/site-packages/airflow/example_dags/example_sla_dag.py
[2026-02-10T02:04:15.227+0000] {processor.py:830} INFO - Processing file /home/airflow/.local/lib/python3.12/site-packages/airflow/example_dags/example_sla_dag.py for tasks to queue
[2026-02-10T02:04:15.229+0000] {logging_mixin.py:188} INFO - [2026-02-10T02:04:15.229+0000] {dagbag.py:540} INFO - Filling up the DagBag from /home/airflow/.local/lib/python3.12/site-packages/airflow/example_dags/example_sla_dag.py
[2026-02-10T02:04:15.240+0000] {processor.py:840} INFO - DAG(s) 'example_sla_dag' retrieved from /home/airflow/.local/lib/python3.12/site-packages/airflow/example_dags/example_sla_dag.py
[2026-02-10T02:04:15.260+0000] {logging_mixin.py:188} INFO - [2026-02-10T02:04:15.260+0000] {dag.py:3096} INFO - Sync 1 DAGs
[2026-02-10T02:04:15.283+0000] {logging_mixin.py:188} INFO - [2026-02-10T02:04:15.283+0000] {dag.py:3954} INFO - Setting next_dagrun for example_sla_dag to 2026-02-10 02:02:00+00:00, run_after=2026-02-10 02:04:00+00:00
[2026-02-10T02:04:15.314+0000] {processor.py:183} INFO - Processing /home/airflow/.local/lib/python3.12/site-packages/airflow/example_dags/example_sla_dag.py took 0.095 seconds
[2026-02-10T02:07:52.501+0000] {processor.py:161} INFO - Started process (PID=74) to work on /home/airflow/.local/lib/python3.12/site-packages/airflow/example_dags/example_sla_dag.py
[2026-02-10T02:07:52.503+0000] {processor.py:830} INFO - Processing file /home/airflow/.local/lib/python3.12/site-packages/airflow/example_dags/example_sla_dag.py for tasks to queue
[2026-02-10T02:07:52.511+0000] {logging_mixin.py:188} INFO - [2026-02-10T02:07:52.510+0000] {dagbag.py:540} INFO - Filling up the DagBag from /home/airflow/.local/lib/python3.12/site-packages/airflow/example_dags/example_sla_dag.py
[2026-02-10T02:07:52.536+0000] {processor.py:840} INFO - DAG(s) 'example_sla_dag' retrieved from /home/airflow/.local/lib/python3.12/site-packages/airflow/example_dags/example_sla_dag.py
[2026-02-10T02:07:52.569+0000] {logging_mixin.py:188} INFO - [2026-02-10T02:07:52.568+0000] {dag.py:3096} INFO - Sync 1 DAGs
[2026-02-10T02:07:52.637+0000] {logging_mixin.py:188} INFO - [2026-02-10T02:07:52.636+0000] {dag.py:3954} INFO - Setting next_dagrun for example_sla_dag to 2026-02-10 02:04:00+00:00, run_after=2026-02-10 02:06:00+00:00
[2026-02-10T02:07:52.684+0000] {processor.py:183} INFO - Processing /home/airflow/.local/lib/python3.12/site-packages/airflow/example_dags/example_sla_dag.py took 0.197 seconds
[2026-02-10T02:08:23.508+0000] {processor.py:161} INFO - Started process (PID=128) to work on /home/airflow/.local/lib/python3.12/site-packages/airflow/example_dags/example_sla_dag.py
[2026-02-10T02:08:23.510+0000] {processor.py:830} INFO - Processing file /home/airflow/.local/lib/python3.12/site-packages/airflow/example_dags/example_sla_dag.py for tasks to queue
[2026-02-10T02:08:23.514+0000] {logging_mixin.py:188} INFO - [2026-02-10T02:08:23.513+0000] {dagbag.py:540} INFO - Filling up the DagBag from /home/airflow/.local/lib/python3.12/site-packages/airflow/example_dags/example_sla_dag.py
[2026-02-10T02:08:23.524+0000] {processor.py:840} INFO - DAG(s) 'example_sla_dag' retrieved from /home/airflow/.local/lib/python3.12/site-packages/airflow/example_dags/example_sla_dag.py
[2026-02-10T02:08:23.663+0000] {logging_mixin.py:188} INFO - [2026-02-10T02:08:23.662+0000] {dag.py:3096} INFO - Sync 1 DAGs
[2026-02-10T02:08:23.694+0000] {logging_mixin.py:188} INFO - [2026-02-10T02:08:23.694+0000] {dag.py:3954} INFO - Setting next_dagrun for example_sla_dag to 2026-02-10 02:06:00+00:00, run_after=2026-02-10 02:08:00+00:00
[2026-02-10T02:08:23.724+0000] {processor.py:183} INFO - Processing /home/airflow/.local/lib/python3.12/site-packages/airflow/example_dags/example_sla_dag.py took 0.224 seconds
[2026-02-10T02:08:54.281+0000] {processor.py:161} INFO - Started process (PID=182) to work on /home/airflow/.local/lib/python3.12/site-packages/airflow/example_dags/example_sla_dag.py
[2026-02-10T02:08:54.282+0000] {processor.py:830} INFO - Processing file /home/airflow/.local/lib/python3.12/site-packages/airflow/example_dags/example_sla_dag.py for tasks to queue
[2026-02-10T02:08:54.284+0000] {logging_mixin.py:188} INFO - [2026-02-10T02:08:54.283+0000] {dagbag.py:540} INFO - Filling up the DagBag from /home/airflow/.local/lib/python3.12/site-packages/airflow/example_dags/example_sla_dag.py
[2026-02-10T02:08:54.292+0000] {processor.py:840} INFO - DAG(s) 'example_sla_dag' retrieved from /home/airflow/.local/lib/python3.12/site-packages/airflow/example_dags/example_sla_dag.py
[2026-02-10T02:08:54.311+0000] {logging_mixin.py:188} INFO - [2026-02-10T02:08:54.311+0000] {dag.py:3096} INFO - Sync 1 DAGs
[2026-02-10T02:08:54.335+0000] {logging_mixin.py:188} INFO - [2026-02-10T02:08:54.335+0000] {dag.py:3954} INFO - Setting next_dagrun for example_sla_dag to 2026-02-10 02:06:00+00:00, run_after=2026-02-10 02:08:00+00:00
[2026-02-10T02:08:54.359+0000] {processor.py:183} INFO - Processing /home/airflow/.local/lib/python3.12/site-packages/airflow/example_dags/example_sla_dag.py took 0.084 seconds
[2026-02-10T02:09:24.595+0000] {processor.py:161} INFO - Started process (PID=236) to work on /home/airflow/.local/lib/python3.12/site-packages/airflow/example_dags/example_sla_dag.py
[2026-02-10T02:09:24.596+0000] {processor.py:830} INFO - Processing file /home/airflow/.local/lib/python3.12/site-packages/airflow/example_dags/example_sla_dag.py for tasks to queue
[2026-02-10T02:09:24.598+0000] {logging_mixin.py:188} INFO - [2026-02-10T02:09:24.597+0000] {dagbag.py:540} INFO - Filling up the DagBag from /home/airflow/.local/lib/python3.12/site-packages/airflow/example_dags/example_sla_dag.py
[2026-02-10T02:09:24.606+0000] {processor.py:840} INFO - DAG(s) 'example_sla_dag' retrieved from /home/airflow/.local/lib/python3.12/site-packages/airflow/example_dags/example_sla_dag.py
[2026-02-10T02:09:24.623+0000] {logging_mixin.py:188} INFO - [2026-02-10T02:09:24.623+0000] {dag.py:3096} INFO - Sync 1 DAGs
[2026-02-10T02:09:24.645+0000] {logging_mixin.py:188} INFO - [2026-02-10T02:09:24.645+0000] {dag.py:3954} INFO - Setting next_dagrun for example_sla_dag to 2026-02-10 02:06:00+00:00, run_after=2026-02-10 02:08:00+00:00
[2026-02-10T02:09:24.664+0000] {processor.py:183} INFO - Processing /home/airflow/.local/lib/python3.12/site-packages/airflow/example_dags/example_sla_dag.py took 0.075 seconds
[2026-02-10T02:09:55.094+0000] {processor.py:161} INFO - Started process (PID=290) to work on /home/airflow/.local/lib/python3.12/site-packages/airflow/example_dags/example_sla_dag.py
[2026-02-10T02:09:55.096+0000] {processor.py:830} INFO - Processing file /home/airflow/.local/lib/python3.12/site-packages/airflow/example_dags/example_sla_dag.py for tasks to queue
[2026-02-10T02:09:55.099+0000] {logging_mixin.py:188} INFO - [2026-02-10T02:09:55.099+0000] {dagbag.py:540} INFO - Filling up the DagBag from /home/airflow/.local/lib/python3.12/site-packages/airflow/example_dags/example_sla_dag.py
[2026-02-10T02:09:55.111+0000] {processor.py:840} INFO - DAG(s) 'example_sla_dag' retrieved from /home/airflow/.local/lib/python3.12/site-packages/airflow/example_dags/example_sla_dag.py
[2026-02-10T02:09:55.147+0000] {logging_mixin.py:188} INFO - [2026-02-10T02:09:55.147+0000] {dag.py:3096} INFO - Sync 1 DAGs
[2026-02-10T02:09:55.189+0000] {logging_mixin.py:188} INFO - [2026-02-10T02:09:55.189+0000] {dag.py:3954} INFO - Setting next_dagrun for example_sla_dag to 2026-02-10 02:06:00+00:00, run_after=2026-02-10 02:08:00+00:00
[2026-02-10T02:09:55.220+0000] {processor.py:183} INFO - Processing /home/airflow/.local/lib/python3.12/site-packages/airflow/example_dags/example_sla_dag.py took 0.133 seconds
[2026-02-10T02:10:25.687+0000] {processor.py:161} INFO - Started process (PID=344) to work on /home/airflow/.local/lib/python3.12/site-packages/airflow/example_dags/example_sla_dag.py
[2026-02-10T02:10:25.688+0000] {processor.py:830} INFO - Processing file /home/airflow/.local/lib/python3.12/site-packages/airflow/example_dags/example_sla_dag.py for tasks to queue
[2026-02-10T02:10:25.690+0000] {logging_mixin.py:188} INFO - [2026-02-10T02:10:25.690+0000] {dagbag.py:540} INFO - Filling up the DagBag from /home/airflow/.local/lib/python3.12/site-packages/airflow/example_dags/example_sla_dag.py
[2026-02-10T02:10:25.699+0000] {processor.py:840} INFO - DAG(s) 'example_sla_dag' retrieved from /home/airflow/.local/lib/python3.12/site-packages/airflow/example_dags/example_sla_dag.py
[2026-02-10T02:10:25.719+0000] {logging_mixin.py:188} INFO - [2026-02-10T02:10:25.718+0000] {dag.py:3096} INFO - Sync 1 DAGs
[2026-02-10T02:10:25.741+0000] {logging_mixin.py:188} INFO - [2026-02-10T02:10:25.741+0000] {dag.py:3954} INFO - Setting next_dagrun for example_sla_dag to 2026-02-10 02:08:00+00:00, run_after=2026-02-10 02:10:00+00:00
[2026-02-10T02:10:25.761+0000] {processor.py:183} INFO - Processing /home/airflow/.local/lib/python3.12/site-packages/airflow/example_dags/example_sla_dag.py took 0.080 seconds
[2026-02-10T02:10:55.931+0000] {processor.py:161} INFO - Started process (PID=398) to work on /home/airflow/.local/lib/python3.12/site-packages/airflow/example_dags/example_sla_dag.py
[2026-02-10T02:10:55.933+0000] {processor.py:830} INFO - Processing file /home/airflow/.local/lib/python3.12/site-packages/airflow/example_dags/example_sla_dag.py for tasks to queue
[2026-02-10T02:10:55.934+0000] {logging_mixin.py:188} INFO - [2026-02-10T02:10:55.934+0000] {dagbag.py:540} INFO - Filling up the DagBag from /home/airflow/.local/lib/python3.12/site-packages/airflow/example_dags/example_sla_dag.py
[2026-02-10T02:10:55.943+0000] {processor.py:840} INFO - DAG(s) 'example_sla_dag' retrieved from /home/airflow/.local/lib/python3.12/site-packages/airflow/example_dags/example_sla_dag.py
[2026-02-10T02:10:55.963+0000] {logging_mixin.py:188} INFO - [2026-02-10T02:10:55.963+0000] {dag.py:3096} INFO - Sync 1 DAGs
[2026-02-10T02:10:55.984+0000] {logging_mixin.py:188} INFO - [2026-02-10T02:10:55.984+0000] {dag.py:3954} INFO - Setting next_dagrun for example_sla_dag to 2026-02-10 02:08:00+00:00, run_after=2026-02-10 02:10:00+00:00
[2026-02-10T02:10:56.004+0000] {processor.py:183} INFO - Processing /home/airflow/.local/lib/python3.12/site-packages/airflow/example_dags/example_sla_dag.py took 0.079 seconds
[2026-02-10T02:16:27.729+0000] {processor.py:161} INFO - Started process (PID=74) to work on /home/airflow/.local/lib/python3.12/site-packages/airflow/example_dags/example_sla_dag.py
[2026-02-10T02:16:27.839+0000] {processor.py:830} INFO - Processing file /home/airflow/.local/lib/python3.12/site-packages/airflow/example_dags/example_sla_dag.py for tasks to queue
[2026-02-10T02:16:27.957+0000] {logging_mixin.py:188} INFO - [2026-02-10T02:16:27.956+0000] {dagbag.py:540} INFO - Filling up the DagBag from /home/airflow/.local/lib/python3.12/site-packages/airflow/example_dags/example_sla_dag.py
[2026-02-10T02:16:28.130+0000] {processor.py:840} INFO - DAG(s) 'example_sla_dag' retrieved from /home/airflow/.local/lib/python3.12/site-packages/airflow/example_dags/example_sla_dag.py
[2026-02-10T02:16:28.231+0000] {logging_mixin.py:188} INFO - [2026-02-10T02:16:28.228+0000] {dag.py:3096} INFO - Sync 1 DAGs
[2026-02-10T02:16:28.490+0000] {logging_mixin.py:188} INFO - [2026-02-10T02:16:28.479+0000] {dag.py:3954} INFO - Setting next_dagrun for example_sla_dag to 2026-02-10 02:14:00+00:00, run_after=2026-02-10 02:16:00+00:00
[2026-02-10T02:16:28.790+0000] {processor.py:183} INFO - Processing /home/airflow/.local/lib/python3.12/site-packages/airflow/example_dags/example_sla_dag.py took 1.095 seconds
[2026-02-10T02:16:59.024+0000] {processor.py:161} INFO - Started process (PID=128) to work on /home/airflow/.local/lib/python3.12/site-packages/airflow/example_dags/example_sla_dag.py
[2026-02-10T02:16:59.025+0000] {processor.py:830} INFO - Processing file /home/airflow/.local/lib/python3.12/site-packages/airflow/example_dags/example_sla_dag.py for tasks to queue
[2026-02-10T02:16:59.027+0000] {logging_mixin.py:188} INFO - [2026-02-10T02:16:59.027+0000] {dagbag.py:540} INFO - Filling up the DagBag from /home/airflow/.local/lib/python3.12/site-packages/airflow/example_dags/example_sla_dag.py
[2026-02-10T02:16:59.035+0000] {processor.py:840} INFO - DAG(s) 'example_sla_dag' retrieved from /home/airflow/.local/lib/python3.12/site-packages/airflow/example_dags/example_sla_dag.py
[2026-02-10T02:16:59.125+0000] {logging_mixin.py:188} INFO - [2026-02-10T02:16:59.125+0000] {dag.py:3096} INFO - Sync 1 DAGs
[2026-02-10T02:16:59.145+0000] {logging_mixin.py:188} INFO - [2026-02-10T02:16:59.145+0000] {dag.py:3954} INFO - Setting next_dagrun for example_sla_dag to 2026-02-10 02:14:00+00:00, run_after=2026-02-10 02:16:00+00:00
[2026-02-10T02:16:59.166+0000] {processor.py:183} INFO - Processing /home/airflow/.local/lib/python3.12/site-packages/airflow/example_dags/example_sla_dag.py took 0.148 seconds
[2026-02-10T02:17:29.386+0000] {processor.py:161} INFO - Started process (PID=182) to work on /home/airflow/.local/lib/python3.12/site-packages/airflow/example_dags/example_sla_dag.py
[2026-02-10T02:17:29.387+0000] {processor.py:830} INFO - Processing file /home/airflow/.local/lib/python3.12/site-packages/airflow/example_dags/example_sla_dag.py for tasks to queue
[2026-02-10T02:17:29.391+0000] {logging_mixin.py:188} INFO - [2026-02-10T02:17:29.390+0000] {dagbag.py:540} INFO - Filling up the DagBag from /home/airflow/.local/lib/python3.12/site-packages/airflow/example_dags/example_sla_dag.py
[2026-02-10T02:17:29.401+0000] {processor.py:840} INFO - DAG(s) 'example_sla_dag' retrieved from /home/airflow/.local/lib/python3.12/site-packages/airflow/example_dags/example_sla_dag.py
[2026-02-10T02:17:29.423+0000] {logging_mixin.py:188} INFO - [2026-02-10T02:17:29.423+0000] {dag.py:3096} INFO - Sync 1 DAGs
[2026-02-10T02:17:29.448+0000] {logging_mixin.py:188} INFO - [2026-02-10T02:17:29.448+0000] {dag.py:3954} INFO - Setting next_dagrun for example_sla_dag to 2026-02-10 02:14:00+00:00, run_after=2026-02-10 02:16:00+00:00
[2026-02-10T02:17:29.474+0000] {processor.py:183} INFO - Processing /home/airflow/.local/lib/python3.12/site-packages/airflow/example_dags/example_sla_dag.py took 0.095 seconds
[2026-02-10T02:17:59.948+0000] {processor.py:161} INFO - Started process (PID=236) to work on /home/airflow/.local/lib/python3.12/site-packages/airflow/example_dags/example_sla_dag.py
[2026-02-10T02:17:59.949+0000] {processor.py:830} INFO - Processing file /home/airflow/.local/lib/python3.12/site-packages/airflow/example_dags/example_sla_dag.py for tasks to queue
[2026-02-10T02:17:59.951+0000] {logging_mixin.py:188} INFO - [2026-02-10T02:17:59.950+0000] {dagbag.py:540} INFO - Filling up the DagBag from /home/airflow/.local/lib/python3.12/site-packages/airflow/example_dags/example_sla_dag.py
[2026-02-10T02:17:59.958+0000] {processor.py:840} INFO - DAG(s) 'example_sla_dag' retrieved from /home/airflow/.local/lib/python3.12/site-packages/airflow/example_dags/example_sla_dag.py
[2026-02-10T02:17:59.977+0000] {logging_mixin.py:188} INFO - [2026-02-10T02:17:59.977+0000] {dag.py:3096} INFO - Sync 1 DAGs
[2026-02-10T02:17:59.998+0000] {logging_mixin.py:188} INFO - [2026-02-10T02:17:59.997+0000] {dag.py:3954} INFO - Setting next_dagrun for example_sla_dag to 2026-02-10 02:14:00+00:00, run_after=2026-02-10 02:16:00+00:00
[2026-02-10T02:18:00.027+0000] {processor.py:183} INFO - Processing /home/airflow/.local/lib/python3.12/site-packages/airflow/example_dags/example_sla_dag.py took 0.084 seconds
[2026-02-10T02:18:30.196+0000] {processor.py:161} INFO - Started process (PID=290) to work on /home/airflow/.local/lib/python3.12/site-packages/airflow/example_dags/example_sla_dag.py
[2026-02-10T02:18:30.197+0000] {processor.py:830} INFO - Processing file /home/airflow/.local/lib/python3.12/site-packages/airflow/example_dags/example_sla_dag.py for tasks to queue
[2026-02-10T02:18:30.200+0000] {logging_mixin.py:188} INFO - [2026-02-10T02:18:30.199+0000] {dagbag.py:540} INFO - Filling up the DagBag from /home/airflow/.local/lib/python3.12/site-packages/airflow/example_dags/example_sla_dag.py
[2026-02-10T02:18:30.210+0000] {processor.py:840} INFO - DAG(s) 'example_sla_dag' retrieved from /home/airflow/.local/lib/python3.12/site-packages/airflow/example_dags/example_sla_dag.py
[2026-02-10T02:18:30.235+0000] {logging_mixin.py:188} INFO - [2026-02-10T02:18:30.234+0000] {dag.py:3096} INFO - Sync 1 DAGs
[2026-02-10T02:18:30.265+0000] {logging_mixin.py:188} INFO - [2026-02-10T02:18:30.265+0000] {dag.py:3954} INFO - Setting next_dagrun for example_sla_dag to 2026-02-10 02:16:00+00:00, run_after=2026-02-10 02:18:00+00:00
[2026-02-10T02:18:30.286+0000] {processor.py:183} INFO - Processing /home/airflow/.local/lib/python3.12/site-packages/airflow/example_dags/example_sla_dag.py took 0.097 seconds
[2026-02-10T02:19:00.743+0000] {processor.py:161} INFO - Started process (PID=344) to work on /home/airflow/.local/lib/python3.12/site-packages/airflow/example_dags/example_sla_dag.py
[2026-02-10T02:19:00.745+0000] {processor.py:830} INFO - Processing file /home/airflow/.local/lib/python3.12/site-packages/airflow/example_dags/example_sla_dag.py for tasks to queue
[2026-02-10T02:19:00.747+0000] {logging_mixin.py:188} INFO - [2026-02-10T02:19:00.747+0000] {dagbag.py:540} INFO - Filling up the DagBag from /home/airflow/.local/lib/python3.12/site-packages/airflow/example_dags/example_sla_dag.py
[2026-02-10T02:19:00.755+0000] {processor.py:840} INFO - DAG(s) 'example_sla_dag' retrieved from /home/airflow/.local/lib/python3.12/site-packages/airflow/example_dags/example_sla_dag.py
[2026-02-10T02:19:00.777+0000] {logging_mixin.py:188} INFO - [2026-02-10T02:19:00.776+0000] {dag.py:3096} INFO - Sync 1 DAGs
[2026-02-10T02:19:00.798+0000] {logging_mixin.py:188} INFO - [2026-02-10T02:19:00.798+0000] {dag.py:3954} INFO - Setting next_dagrun for example_sla_dag to 2026-02-10 02:16:00+00:00, run_after=2026-02-10 02:18:00+00:00
[2026-02-10T02:19:00.828+0000] {processor.py:183} INFO - Processing /home/airflow/.local/lib/python3.12/site-packages/airflow/example_dags/example_sla_dag.py took 0.090 seconds
[2026-02-10T02:19:31.077+0000] {processor.py:161} INFO - Started process (PID=398) to work on /home/airflow/.local/lib/python3.12/site-packages/airflow/example_dags/example_sla_dag.py
[2026-02-10T02:19:31.079+0000] {processor.py:830} INFO - Processing file /home/airflow/.local/lib/python3.12/site-packages/airflow/example_dags/example_sla_dag.py for tasks to queue
[2026-02-10T02:19:31.080+0000] {logging_mixin.py:188} INFO - [2026-02-10T02:19:31.080+0000] {dagbag.py:540} INFO - Filling up the DagBag from /home/airflow/.local/lib/python3.12/site-packages/airflow/example_dags/example_sla_dag.py
[2026-02-10T02:19:31.089+0000] {processor.py:840} INFO - DAG(s) 'example_sla_dag' retrieved from /home/airflow/.local/lib/python3.12/site-packages/airflow/example_dags/example_sla_dag.py
[2026-02-10T02:19:31.107+0000] {logging_mixin.py:188} INFO - [2026-02-10T02:19:31.107+0000] {dag.py:3096} INFO - Sync 1 DAGs
[2026-02-10T02:19:31.129+0000] {logging_mixin.py:188} INFO - [2026-02-10T02:19:31.129+0000] {dag.py:3954} INFO - Setting next_dagrun for example_sla_dag to 2026-02-10 02:16:00+00:00, run_after=2026-02-10 02:18:00+00:00
[2026-02-10T02:19:31.149+0000] {processor.py:183} INFO - Processing /home/airflow/.local/lib/python3.12/site-packages/airflow/example_dags/example_sla_dag.py took 0.077 seconds
[2026-02-10T02:20:01.220+0000] {processor.py:161} INFO - Started process (PID=452) to work on /home/airflow/.local/lib/python3.12/site-packages/airflow/example_dags/example_sla_dag.py
[2026-02-10T02:20:01.221+0000] {processor.py:830} INFO - Processing file /home/airflow/.local/lib/python3.12/site-packages/airflow/example_dags/example_sla_dag.py for tasks to queue
[2026-02-10T02:20:01.223+0000] {logging_mixin.py:188} INFO - [2026-02-10T02:20:01.223+0000] {dagbag.py:540} INFO - Filling up the DagBag from /home/airflow/.local/lib/python3.12/site-packages/airflow/example_dags/example_sla_dag.py
[2026-02-10T02:20:01.232+0000] {processor.py:840} INFO - DAG(s) 'example_sla_dag' retrieved from /home/airflow/.local/lib/python3.12/site-packages/airflow/example_dags/example_sla_dag.py
[2026-02-10T02:20:01.251+0000] {logging_mixin.py:188} INFO - [2026-02-10T02:20:01.250+0000] {dag.py:3096} INFO - Sync 1 DAGs
[2026-02-10T02:20:01.272+0000] {logging_mixin.py:188} INFO - [2026-02-10T02:20:01.271+0000] {dag.py:3954} INFO - Setting next_dagrun for example_sla_dag to 2026-02-10 02:18:00+00:00, run_after=2026-02-10 02:20:00+00:00
[2026-02-10T02:20:01.290+0000] {processor.py:183} INFO - Processing /home/airflow/.local/lib/python3.12/site-packages/airflow/example_dags/example_sla_dag.py took 0.077 seconds
[2026-02-10T02:20:31.374+0000] {processor.py:161} INFO - Started process (PID=506) to work on /home/airflow/.local/lib/python3.12/site-packages/airflow/example_dags/example_sla_dag.py
[2026-02-10T02:20:31.376+0000] {processor.py:830} INFO - Processing file /home/airflow/.local/lib/python3.12/site-packages/airflow/example_dags/example_sla_dag.py for tasks to queue
[2026-02-10T02:20:31.378+0000] {logging_mixin.py:188} INFO - [2026-02-10T02:20:31.378+0000] {dagbag.py:540} INFO - Filling up the DagBag from /home/airflow/.local/lib/python3.12/site-packages/airflow/example_dags/example_sla_dag.py
[2026-02-10T02:20:31.387+0000] {processor.py:840} INFO - DAG(s) 'example_sla_dag' retrieved from /home/airflow/.local/lib/python3.12/site-packages/airflow/example_dags/example_sla_dag.py
[2026-02-10T02:20:31.408+0000] {logging_mixin.py:188} INFO - [2026-02-10T02:20:31.408+0000] {dag.py:3096} INFO - Sync 1 DAGs
[2026-02-10T02:20:31.435+0000] {logging_mixin.py:188} INFO - [2026-02-10T02:20:31.435+0000] {dag.py:3954} INFO - Setting next_dagrun for example_sla_dag to 2026-02-10 02:18:00+00:00, run_after=2026-02-10 02:20:00+00:00
[2026-02-10T02:20:31.454+0000] {processor.py:183} INFO - Processing /home/airflow/.local/lib/python3.12/site-packages/airflow/example_dags/example_sla_dag.py took 0.087 seconds
[2026-02-10T02:21:02.037+0000] {processor.py:161} INFO - Started process (PID=560) to work on /home/airflow/.local/lib/python3.12/site-packages/airflow/example_dags/example_sla_dag.py
[2026-02-10T02:21:02.038+0000] {processor.py:830} INFO - Processing file /home/airflow/.local/lib/python3.12/site-packages/airflow/example_dags/example_sla_dag.py for tasks to queue
[2026-02-10T02:21:02.042+0000] {logging_mixin.py:188} INFO - [2026-02-10T02:21:02.041+0000] {dagbag.py:540} INFO - Filling up the DagBag from /home/airflow/.local/lib/python3.12/site-packages/airflow/example_dags/example_sla_dag.py
[2026-02-10T02:21:02.057+0000] {processor.py:840} INFO - DAG(s) 'example_sla_dag' retrieved from /home/airflow/.local/lib/python3.12/site-packages/airflow/example_dags/example_sla_dag.py
[2026-02-10T02:21:02.092+0000] {logging_mixin.py:188} INFO - [2026-02-10T02:21:02.092+0000] {dag.py:3096} INFO - Sync 1 DAGs
[2026-02-10T02:21:02.131+0000] {logging_mixin.py:188} INFO - [2026-02-10T02:21:02.131+0000] {dag.py:3954} INFO - Setting next_dagrun for example_sla_dag to 2026-02-10 02:18:00+00:00, run_after=2026-02-10 02:20:00+00:00
[2026-02-10T02:21:02.163+0000] {processor.py:183} INFO - Processing /home/airflow/.local/lib/python3.12/site-packages/airflow/example_dags/example_sla_dag.py took 0.136 seconds
[2026-02-10T02:21:32.311+0000] {processor.py:161} INFO - Started process (PID=614) to work on /home/airflow/.local/lib/python3.12/site-packages/airflow/example_dags/example_sla_dag.py
[2026-02-10T02:21:32.312+0000] {processor.py:830} INFO - Processing file /home/airflow/.local/lib/python3.12/site-packages/airflow/example_dags/example_sla_dag.py for tasks to queue
[2026-02-10T02:21:32.314+0000] {logging_mixin.py:188} INFO - [2026-02-10T02:21:32.313+0000] {dagbag.py:540} INFO - Filling up the DagBag from /home/airflow/.local/lib/python3.12/site-packages/airflow/example_dags/example_sla_dag.py
[2026-02-10T02:21:32.322+0000] {processor.py:840} INFO - DAG(s) 'example_sla_dag' retrieved from /home/airflow/.local/lib/python3.12/site-packages/airflow/example_dags/example_sla_dag.py
[2026-02-10T02:21:32.339+0000] {logging_mixin.py:188} INFO - [2026-02-10T02:21:32.339+0000] {dag.py:3096} INFO - Sync 1 DAGs
[2026-02-10T02:21:32.362+0000] {logging_mixin.py:188} INFO - [2026-02-10T02:21:32.362+0000] {dag.py:3954} INFO - Setting next_dagrun for example_sla_dag to 2026-02-10 02:18:00+00:00, run_after=2026-02-10 02:20:00+00:00
[2026-02-10T02:21:32.379+0000] {processor.py:183} INFO - Processing /home/airflow/.local/lib/python3.12/site-packages/airflow/example_dags/example_sla_dag.py took 0.074 seconds
[2026-02-10T02:22:02.796+0000] {processor.py:161} INFO - Started process (PID=668) to work on /home/airflow/.local/lib/python3.12/site-packages/airflow/example_dags/example_sla_dag.py
[2026-02-10T02:22:02.797+0000] {processor.py:830} INFO - Processing file /home/airflow/.local/lib/python3.12/site-packages/airflow/example_dags/example_sla_dag.py for tasks to queue
[2026-02-10T02:22:02.799+0000] {logging_mixin.py:188} INFO - [2026-02-10T02:22:02.799+0000] {dagbag.py:540} INFO - Filling up the DagBag from /home/airflow/.local/lib/python3.12/site-packages/airflow/example_dags/example_sla_dag.py
[2026-02-10T02:22:02.808+0000] {processor.py:840} INFO - DAG(s) 'example_sla_dag' retrieved from /home/airflow/.local/lib/python3.12/site-packages/airflow/example_dags/example_sla_dag.py
[2026-02-10T02:22:02.832+0000] {logging_mixin.py:188} INFO - [2026-02-10T02:22:02.831+0000] {dag.py:3096} INFO - Sync 1 DAGs
[2026-02-10T02:22:02.856+0000] {logging_mixin.py:188} INFO - [2026-02-10T02:22:02.856+0000] {dag.py:3954} INFO - Setting next_dagrun for example_sla_dag to 2026-02-10 02:20:00+00:00, run_after=2026-02-10 02:22:00+00:00
[2026-02-10T02:22:02.878+0000] {processor.py:183} INFO - Processing /home/airflow/.local/lib/python3.12/site-packages/airflow/example_dags/example_sla_dag.py took 0.088 seconds
[2026-02-10T02:22:33.676+0000] {processor.py:161} INFO - Started process (PID=722) to work on /home/airflow/.local/lib/python3.12/site-packages/airflow/example_dags/example_sla_dag.py
[2026-02-10T02:22:33.678+0000] {processor.py:830} INFO - Processing file /home/airflow/.local/lib/python3.12/site-packages/airflow/example_dags/example_sla_dag.py for tasks to queue
[2026-02-10T02:22:33.680+0000] {logging_mixin.py:188} INFO - [2026-02-10T02:22:33.679+0000] {dagbag.py:540} INFO - Filling up the DagBag from /home/airflow/.local/lib/python3.12/site-packages/airflow/example_dags/example_sla_dag.py
[2026-02-10T02:22:33.689+0000] {processor.py:840} INFO - DAG(s) 'example_sla_dag' retrieved from /home/airflow/.local/lib/python3.12/site-packages/airflow/example_dags/example_sla_dag.py
[2026-02-10T02:22:33.709+0000] {logging_mixin.py:188} INFO - [2026-02-10T02:22:33.709+0000] {dag.py:3096} INFO - Sync 1 DAGs
[2026-02-10T02:22:33.734+0000] {logging_mixin.py:188} INFO - [2026-02-10T02:22:33.734+0000] {dag.py:3954} INFO - Setting next_dagrun for example_sla_dag to 2026-02-10 02:20:00+00:00, run_after=2026-02-10 02:22:00+00:00
[2026-02-10T02:22:33.754+0000] {processor.py:183} INFO - Processing /home/airflow/.local/lib/python3.12/site-packages/airflow/example_dags/example_sla_dag.py took 0.083 seconds
[2026-02-10T02:23:03.946+0000] {processor.py:161} INFO - Started process (PID=776) to work on /home/airflow/.local/lib/python3.12/site-packages/airflow/example_dags/example_sla_dag.py
[2026-02-10T02:23:03.948+0000] {processor.py:830} INFO - Processing file /home/airflow/.local/lib/python3.12/site-packages/airflow/example_dags/example_sla_dag.py for tasks to queue
[2026-02-10T02:23:03.950+0000] {logging_mixin.py:188} INFO - [2026-02-10T02:23:03.950+0000] {dagbag.py:540} INFO - Filling up the DagBag from /home/airflow/.local/lib/python3.12/site-packages/airflow/example_dags/example_sla_dag.py
[2026-02-10T02:23:03.958+0000] {processor.py:840} INFO - DAG(s) 'example_sla_dag' retrieved from /home/airflow/.local/lib/python3.12/site-packages/airflow/example_dags/example_sla_dag.py
[2026-02-10T02:23:03.978+0000] {logging_mixin.py:188} INFO - [2026-02-10T02:23:03.978+0000] {dag.py:3096} INFO - Sync 1 DAGs
[2026-02-10T02:23:04.001+0000] {logging_mixin.py:188} INFO - [2026-02-10T02:23:04.000+0000] {dag.py:3954} INFO - Setting next_dagrun for example_sla_dag to 2026-02-10 02:20:00+00:00, run_after=2026-02-10 02:22:00+00:00
[2026-02-10T02:23:04.020+0000] {processor.py:183} INFO - Processing /home/airflow/.local/lib/python3.12/site-packages/airflow/example_dags/example_sla_dag.py took 0.079 seconds
[2026-02-10T02:23:34.284+0000] {processor.py:161} INFO - Started process (PID=830) to work on /home/airflow/.local/lib/python3.12/site-packages/airflow/example_dags/example_sla_dag.py
[2026-02-10T02:23:34.285+0000] {processor.py:830} INFO - Processing file /home/airflow/.local/lib/python3.12/site-packages/airflow/example_dags/example_sla_dag.py for tasks to queue
[2026-02-10T02:23:34.287+0000] {logging_mixin.py:188} INFO - [2026-02-10T02:23:34.287+0000] {dagbag.py:540} INFO - Filling up the DagBag from /home/airflow/.local/lib/python3.12/site-packages/airflow/example_dags/example_sla_dag.py
[2026-02-10T02:23:34.296+0000] {processor.py:840} INFO - DAG(s) 'example_sla_dag' retrieved from /home/airflow/.local/lib/python3.12/site-packages/airflow/example_dags/example_sla_dag.py
[2026-02-10T02:23:34.316+0000] {logging_mixin.py:188} INFO - [2026-02-10T02:23:34.316+0000] {dag.py:3096} INFO - Sync 1 DAGs
[2026-02-10T02:23:34.338+0000] {logging_mixin.py:188} INFO - [2026-02-10T02:23:34.338+0000] {dag.py:3954} INFO - Setting next_dagrun for example_sla_dag to 2026-02-10 02:20:00+00:00, run_after=2026-02-10 02:22:00+00:00
[2026-02-10T02:23:34.356+0000] {processor.py:183} INFO - Processing /home/airflow/.local/lib/python3.12/site-packages/airflow/example_dags/example_sla_dag.py took 0.079 seconds
[2026-02-10T02:24:04.916+0000] {processor.py:161} INFO - Started process (PID=884) to work on /home/airflow/.local/lib/python3.12/site-packages/airflow/example_dags/example_sla_dag.py
[2026-02-10T02:24:04.917+0000] {processor.py:830} INFO - Processing file /home/airflow/.local/lib/python3.12/site-packages/airflow/example_dags/example_sla_dag.py for tasks to queue
[2026-02-10T02:24:04.920+0000] {logging_mixin.py:188} INFO - [2026-02-10T02:24:04.919+0000] {dagbag.py:540} INFO - Filling up the DagBag from /home/airflow/.local/lib/python3.12/site-packages/airflow/example_dags/example_sla_dag.py
[2026-02-10T02:24:04.929+0000] {processor.py:840} INFO - DAG(s) 'example_sla_dag' retrieved from /home/airflow/.local/lib/python3.12/site-packages/airflow/example_dags/example_sla_dag.py
[2026-02-10T02:24:04.951+0000] {logging_mixin.py:188} INFO - [2026-02-10T02:24:04.951+0000] {dag.py:3096} INFO - Sync 1 DAGs
[2026-02-10T02:24:04.976+0000] {logging_mixin.py:188} INFO - [2026-02-10T02:24:04.976+0000] {dag.py:3954} INFO - Setting next_dagrun for example_sla_dag to 2026-02-10 02:22:00+00:00, run_after=2026-02-10 02:24:00+00:00
[2026-02-10T02:24:04.998+0000] {processor.py:183} INFO - Processing /home/airflow/.local/lib/python3.12/site-packages/airflow/example_dags/example_sla_dag.py took 0.089 seconds
[2026-02-10T02:24:35.174+0000] {processor.py:161} INFO - Started process (PID=938) to work on /home/airflow/.local/lib/python3.12/site-packages/airflow/example_dags/example_sla_dag.py
[2026-02-10T02:24:35.175+0000] {processor.py:830} INFO - Processing file /home/airflow/.local/lib/python3.12/site-packages/airflow/example_dags/example_sla_dag.py for tasks to queue
[2026-02-10T02:24:35.177+0000] {logging_mixin.py:188} INFO - [2026-02-10T02:24:35.177+0000] {dagbag.py:540} INFO - Filling up the DagBag from /home/airflow/.local/lib/python3.12/site-packages/airflow/example_dags/example_sla_dag.py
[2026-02-10T02:24:35.188+0000] {processor.py:840} INFO - DAG(s) 'example_sla_dag' retrieved from /home/airflow/.local/lib/python3.12/site-packages/airflow/example_dags/example_sla_dag.py
[2026-02-10T02:24:35.208+0000] {logging_mixin.py:188} INFO - [2026-02-10T02:24:35.208+0000] {dag.py:3096} INFO - Sync 1 DAGs
[2026-02-10T02:24:35.233+0000] {logging_mixin.py:188} INFO - [2026-02-10T02:24:35.233+0000] {dag.py:3954} INFO - Setting next_dagrun for example_sla_dag to 2026-02-10 02:22:00+00:00, run_after=2026-02-10 02:24:00+00:00
[2026-02-10T02:24:35.255+0000] {processor.py:183} INFO - Processing /home/airflow/.local/lib/python3.12/site-packages/airflow/example_dags/example_sla_dag.py took 0.089 seconds
[2026-02-10T02:25:05.766+0000] {processor.py:161} INFO - Started process (PID=992) to work on /home/airflow/.local/lib/python3.12/site-packages/airflow/example_dags/example_sla_dag.py
[2026-02-10T02:25:05.768+0000] {processor.py:830} INFO - Processing file /home/airflow/.local/lib/python3.12/site-packages/airflow/example_dags/example_sla_dag.py for tasks to queue
[2026-02-10T02:25:05.770+0000] {logging_mixin.py:188} INFO - [2026-02-10T02:25:05.769+0000] {dagbag.py:540} INFO - Filling up the DagBag from /home/airflow/.local/lib/python3.12/site-packages/airflow/example_dags/example_sla_dag.py
[2026-02-10T02:25:05.778+0000] {processor.py:840} INFO - DAG(s) 'example_sla_dag' retrieved from /home/airflow/.local/lib/python3.12/site-packages/airflow/example_dags/example_sla_dag.py
[2026-02-10T02:25:05.802+0000] {logging_mixin.py:188} INFO - [2026-02-10T02:25:05.802+0000] {dag.py:3096} INFO - Sync 1 DAGs
[2026-02-10T02:25:05.831+0000] {logging_mixin.py:188} INFO - [2026-02-10T02:25:05.831+0000] {dag.py:3954} INFO - Setting next_dagrun for example_sla_dag to 2026-02-10 02:22:00+00:00, run_after=2026-02-10 02:24:00+00:00
[2026-02-10T02:25:05.853+0000] {processor.py:183} INFO - Processing /home/airflow/.local/lib/python3.12/site-packages/airflow/example_dags/example_sla_dag.py took 0.092 seconds
[2026-02-10T02:25:37.660+0000] {processor.py:161} INFO - Started process (PID=1046) to work on /home/airflow/.local/lib/python3.12/site-packages/airflow/example_dags/example_sla_dag.py
[2026-02-10T02:25:37.661+0000] {processor.py:830} INFO - Processing file /home/airflow/.local/lib/python3.12/site-packages/airflow/example_dags/example_sla_dag.py for tasks to queue
[2026-02-10T02:25:37.663+0000] {logging_mixin.py:188} INFO - [2026-02-10T02:25:37.662+0000] {dagbag.py:540} INFO - Filling up the DagBag from /home/airflow/.local/lib/python3.12/site-packages/airflow/example_dags/example_sla_dag.py
[2026-02-10T02:25:37.673+0000] {processor.py:840} INFO - DAG(s) 'example_sla_dag' retrieved from /home/airflow/.local/lib/python3.12/site-packages/airflow/example_dags/example_sla_dag.py
[2026-02-10T02:25:37.695+0000] {logging_mixin.py:188} INFO - [2026-02-10T02:25:37.694+0000] {dag.py:3096} INFO - Sync 1 DAGs
[2026-02-10T02:25:37.724+0000] {logging_mixin.py:188} INFO - [2026-02-10T02:25:37.723+0000] {dag.py:3954} INFO - Setting next_dagrun for example_sla_dag to 2026-02-10 02:22:00+00:00, run_after=2026-02-10 02:24:00+00:00
[2026-02-10T02:25:37.908+0000] {processor.py:183} INFO - Processing /home/airflow/.local/lib/python3.12/site-packages/airflow/example_dags/example_sla_dag.py took 0.255 seconds
[2026-02-10T02:26:08.570+0000] {processor.py:161} INFO - Started process (PID=1100) to work on /home/airflow/.local/lib/python3.12/site-packages/airflow/example_dags/example_sla_dag.py
[2026-02-10T02:26:08.572+0000] {processor.py:830} INFO - Processing file /home/airflow/.local/lib/python3.12/site-packages/airflow/example_dags/example_sla_dag.py for tasks to queue
[2026-02-10T02:26:08.573+0000] {logging_mixin.py:188} INFO - [2026-02-10T02:26:08.573+0000] {dagbag.py:540} INFO - Filling up the DagBag from /home/airflow/.local/lib/python3.12/site-packages/airflow/example_dags/example_sla_dag.py
[2026-02-10T02:26:08.581+0000] {processor.py:840} INFO - DAG(s) 'example_sla_dag' retrieved from /home/airflow/.local/lib/python3.12/site-packages/airflow/example_dags/example_sla_dag.py
[2026-02-10T02:26:08.598+0000] {logging_mixin.py:188} INFO - [2026-02-10T02:26:08.598+0000] {dag.py:3096} INFO - Sync 1 DAGs
[2026-02-10T02:26:08.621+0000] {logging_mixin.py:188} INFO - [2026-02-10T02:26:08.621+0000] {dag.py:3954} INFO - Setting next_dagrun for example_sla_dag to 2026-02-10 02:24:00+00:00, run_after=2026-02-10 02:26:00+00:00
[2026-02-10T02:26:08.639+0000] {processor.py:183} INFO - Processing /home/airflow/.local/lib/python3.12/site-packages/airflow/example_dags/example_sla_dag.py took 0.075 seconds
[2026-02-10T02:26:38.884+0000] {processor.py:161} INFO - Started process (PID=1154) to work on /home/airflow/.local/lib/python3.12/site-packages/airflow/example_dags/example_sla_dag.py
[2026-02-10T02:26:38.885+0000] {processor.py:830} INFO - Processing file /home/airflow/.local/lib/python3.12/site-packages/airflow/example_dags/example_sla_dag.py for tasks to queue
[2026-02-10T02:26:38.887+0000] {logging_mixin.py:188} INFO - [2026-02-10T02:26:38.886+0000] {dagbag.py:540} INFO - Filling up the DagBag from /home/airflow/.local/lib/python3.12/site-packages/airflow/example_dags/example_sla_dag.py
[2026-02-10T02:26:38.894+0000] {processor.py:840} INFO - DAG(s) 'example_sla_dag' retrieved from /home/airflow/.local/lib/python3.12/site-packages/airflow/example_dags/example_sla_dag.py
[2026-02-10T02:26:38.913+0000] {logging_mixin.py:188} INFO - [2026-02-10T02:26:38.913+0000] {dag.py:3096} INFO - Sync 1 DAGs
[2026-02-10T02:26:38.936+0000] {logging_mixin.py:188} INFO - [2026-02-10T02:26:38.936+0000] {dag.py:3954} INFO - Setting next_dagrun for example_sla_dag to 2026-02-10 02:24:00+00:00, run_after=2026-02-10 02:26:00+00:00
[2026-02-10T02:26:38.955+0000] {processor.py:183} INFO - Processing /home/airflow/.local/lib/python3.12/site-packages/airflow/example_dags/example_sla_dag.py took 0.077 seconds
[2026-02-10T02:27:09.905+0000] {processor.py:161} INFO - Started process (PID=1208) to work on /home/airflow/.local/lib/python3.12/site-packages/airflow/example_dags/example_sla_dag.py
[2026-02-10T02:27:09.906+0000] {processor.py:830} INFO - Processing file /home/airflow/.local/lib/python3.12/site-packages/airflow/example_dags/example_sla_dag.py for tasks to queue
[2026-02-10T02:27:09.908+0000] {logging_mixin.py:188} INFO - [2026-02-10T02:27:09.908+0000] {dagbag.py:540} INFO - Filling up the DagBag from /home/airflow/.local/lib/python3.12/site-packages/airflow/example_dags/example_sla_dag.py
[2026-02-10T02:27:09.916+0000] {processor.py:840} INFO - DAG(s) 'example_sla_dag' retrieved from /home/airflow/.local/lib/python3.12/site-packages/airflow/example_dags/example_sla_dag.py
[2026-02-10T02:27:09.935+0000] {logging_mixin.py:188} INFO - [2026-02-10T02:27:09.935+0000] {dag.py:3096} INFO - Sync 1 DAGs
[2026-02-10T02:27:09.958+0000] {logging_mixin.py:188} INFO - [2026-02-10T02:27:09.957+0000] {dag.py:3954} INFO - Setting next_dagrun for example_sla_dag to 2026-02-10 02:24:00+00:00, run_after=2026-02-10 02:26:00+00:00
[2026-02-10T02:27:09.977+0000] {processor.py:183} INFO - Processing /home/airflow/.local/lib/python3.12/site-packages/airflow/example_dags/example_sla_dag.py took 0.078 seconds
[2026-02-10T02:27:41.189+0000] {processor.py:161} INFO - Started process (PID=1262) to work on /home/airflow/.local/lib/python3.12/site-packages/airflow/example_dags/example_sla_dag.py
[2026-02-10T02:27:41.190+0000] {processor.py:830} INFO - Processing file /home/airflow/.local/lib/python3.12/site-packages/airflow/example_dags/example_sla_dag.py for tasks to queue
[2026-02-10T02:27:41.192+0000] {logging_mixin.py:188} INFO - [2026-02-10T02:27:41.192+0000] {dagbag.py:540} INFO - Filling up the DagBag from /home/airflow/.local/lib/python3.12/site-packages/airflow/example_dags/example_sla_dag.py
[2026-02-10T02:27:41.203+0000] {processor.py:840} INFO - DAG(s) 'example_sla_dag' retrieved from /home/airflow/.local/lib/python3.12/site-packages/airflow/example_dags/example_sla_dag.py
[2026-02-10T02:27:41.227+0000] {logging_mixin.py:188} INFO - [2026-02-10T02:27:41.227+0000] {dag.py:3096} INFO - Sync 1 DAGs
[2026-02-10T02:27:41.407+0000] {logging_mixin.py:188} INFO - [2026-02-10T02:27:41.407+0000] {dag.py:3954} INFO - Setting next_dagrun for example_sla_dag to 2026-02-10 02:24:00+00:00, run_after=2026-02-10 02:26:00+00:00
[2026-02-10T02:27:41.428+0000] {processor.py:183} INFO - Processing /home/airflow/.local/lib/python3.12/site-packages/airflow/example_dags/example_sla_dag.py took 0.247 seconds
[2026-02-10T02:28:11.680+0000] {processor.py:161} INFO - Started process (PID=1316) to work on /home/airflow/.local/lib/python3.12/site-packages/airflow/example_dags/example_sla_dag.py
[2026-02-10T02:28:11.681+0000] {processor.py:830} INFO - Processing file /home/airflow/.local/lib/python3.12/site-packages/airflow/example_dags/example_sla_dag.py for tasks to queue
[2026-02-10T02:28:11.684+0000] {logging_mixin.py:188} INFO - [2026-02-10T02:28:11.683+0000] {dagbag.py:540} INFO - Filling up the DagBag from /home/airflow/.local/lib/python3.12/site-packages/airflow/example_dags/example_sla_dag.py
[2026-02-10T02:28:11.691+0000] {processor.py:840} INFO - DAG(s) 'example_sla_dag' retrieved from /home/airflow/.local/lib/python3.12/site-packages/airflow/example_dags/example_sla_dag.py
[2026-02-10T02:28:11.711+0000] {logging_mixin.py:188} INFO - [2026-02-10T02:28:11.710+0000] {dag.py:3096} INFO - Sync 1 DAGs
[2026-02-10T02:28:11.736+0000] {logging_mixin.py:188} INFO - [2026-02-10T02:28:11.735+0000] {dag.py:3954} INFO - Setting next_dagrun for example_sla_dag to 2026-02-10 02:26:00+00:00, run_after=2026-02-10 02:28:00+00:00
[2026-02-10T02:28:11.754+0000] {processor.py:183} INFO - Processing /home/airflow/.local/lib/python3.12/site-packages/airflow/example_dags/example_sla_dag.py took 0.080 seconds
[2026-02-10T02:28:42.188+0000] {processor.py:161} INFO - Started process (PID=1370) to work on /home/airflow/.local/lib/python3.12/site-packages/airflow/example_dags/example_sla_dag.py
[2026-02-10T02:28:42.189+0000] {processor.py:830} INFO - Processing file /home/airflow/.local/lib/python3.12/site-packages/airflow/example_dags/example_sla_dag.py for tasks to queue
[2026-02-10T02:28:42.191+0000] {logging_mixin.py:188} INFO - [2026-02-10T02:28:42.190+0000] {dagbag.py:540} INFO - Filling up the DagBag from /home/airflow/.local/lib/python3.12/site-packages/airflow/example_dags/example_sla_dag.py
[2026-02-10T02:28:42.199+0000] {processor.py:840} INFO - DAG(s) 'example_sla_dag' retrieved from /home/airflow/.local/lib/python3.12/site-packages/airflow/example_dags/example_sla_dag.py
[2026-02-10T02:28:42.218+0000] {logging_mixin.py:188} INFO - [2026-02-10T02:28:42.218+0000] {dag.py:3096} INFO - Sync 1 DAGs
[2026-02-10T02:28:42.250+0000] {logging_mixin.py:188} INFO - [2026-02-10T02:28:42.250+0000] {dag.py:3954} INFO - Setting next_dagrun for example_sla_dag to 2026-02-10 02:26:00+00:00, run_after=2026-02-10 02:28:00+00:00
[2026-02-10T02:28:42.272+0000] {processor.py:183} INFO - Processing /home/airflow/.local/lib/python3.12/site-packages/airflow/example_dags/example_sla_dag.py took 0.090 seconds
[2026-02-10T02:29:12.835+0000] {processor.py:161} INFO - Started process (PID=1424) to work on /home/airflow/.local/lib/python3.12/site-packages/airflow/example_dags/example_sla_dag.py
[2026-02-10T02:29:12.836+0000] {processor.py:830} INFO - Processing file /home/airflow/.local/lib/python3.12/site-packages/airflow/example_dags/example_sla_dag.py for tasks to queue
[2026-02-10T02:29:12.838+0000] {logging_mixin.py:188} INFO - [2026-02-10T02:29:12.837+0000] {dagbag.py:540} INFO - Filling up the DagBag from /home/airflow/.local/lib/python3.12/site-packages/airflow/example_dags/example_sla_dag.py
[2026-02-10T02:29:12.845+0000] {processor.py:840} INFO - DAG(s) 'example_sla_dag' retrieved from /home/airflow/.local/lib/python3.12/site-packages/airflow/example_dags/example_sla_dag.py
[2026-02-10T02:29:12.864+0000] {logging_mixin.py:188} INFO - [2026-02-10T02:29:12.863+0000] {dag.py:3096} INFO - Sync 1 DAGs
[2026-02-10T02:29:12.885+0000] {logging_mixin.py:188} INFO - [2026-02-10T02:29:12.884+0000] {dag.py:3954} INFO - Setting next_dagrun for example_sla_dag to 2026-02-10 02:26:00+00:00, run_after=2026-02-10 02:28:00+00:00
[2026-02-10T02:29:12.903+0000] {processor.py:183} INFO - Processing /home/airflow/.local/lib/python3.12/site-packages/airflow/example_dags/example_sla_dag.py took 0.074 seconds
[2026-02-10T02:29:43.378+0000] {processor.py:161} INFO - Started process (PID=1478) to work on /home/airflow/.local/lib/python3.12/site-packages/airflow/example_dags/example_sla_dag.py
[2026-02-10T02:29:43.380+0000] {processor.py:830} INFO - Processing file /home/airflow/.local/lib/python3.12/site-packages/airflow/example_dags/example_sla_dag.py for tasks to queue
[2026-02-10T02:29:43.381+0000] {logging_mixin.py:188} INFO - [2026-02-10T02:29:43.381+0000] {dagbag.py:540} INFO - Filling up the DagBag from /home/airflow/.local/lib/python3.12/site-packages/airflow/example_dags/example_sla_dag.py
[2026-02-10T02:29:43.389+0000] {processor.py:840} INFO - DAG(s) 'example_sla_dag' retrieved from /home/airflow/.local/lib/python3.12/site-packages/airflow/example_dags/example_sla_dag.py
[2026-02-10T02:29:43.409+0000] {logging_mixin.py:188} INFO - [2026-02-10T02:29:43.409+0000] {dag.py:3096} INFO - Sync 1 DAGs
[2026-02-10T02:29:43.431+0000] {logging_mixin.py:188} INFO - [2026-02-10T02:29:43.430+0000] {dag.py:3954} INFO - Setting next_dagrun for example_sla_dag to 2026-02-10 02:26:00+00:00, run_after=2026-02-10 02:28:00+00:00
[2026-02-10T02:29:43.449+0000] {processor.py:183} INFO - Processing /home/airflow/.local/lib/python3.12/site-packages/airflow/example_dags/example_sla_dag.py took 0.077 seconds
[2026-02-10T02:30:13.725+0000] {processor.py:161} INFO - Started process (PID=1532) to work on /home/airflow/.local/lib/python3.12/site-packages/airflow/example_dags/example_sla_dag.py
[2026-02-10T02:30:13.726+0000] {processor.py:830} INFO - Processing file /home/airflow/.local/lib/python3.12/site-packages/airflow/example_dags/example_sla_dag.py for tasks to queue
[2026-02-10T02:30:13.728+0000] {logging_mixin.py:188} INFO - [2026-02-10T02:30:13.728+0000] {dagbag.py:540} INFO - Filling up the DagBag from /home/airflow/.local/lib/python3.12/site-packages/airflow/example_dags/example_sla_dag.py
[2026-02-10T02:30:13.736+0000] {processor.py:840} INFO - DAG(s) 'example_sla_dag' retrieved from /home/airflow/.local/lib/python3.12/site-packages/airflow/example_dags/example_sla_dag.py
[2026-02-10T02:30:13.756+0000] {logging_mixin.py:188} INFO - [2026-02-10T02:30:13.756+0000] {dag.py:3096} INFO - Sync 1 DAGs
[2026-02-10T02:30:13.777+0000] {logging_mixin.py:188} INFO - [2026-02-10T02:30:13.776+0000] {dag.py:3954} INFO - Setting next_dagrun for example_sla_dag to 2026-02-10 02:28:00+00:00, run_after=2026-02-10 02:30:00+00:00
[2026-02-10T02:30:13.796+0000] {processor.py:183} INFO - Processing /home/airflow/.local/lib/python3.12/site-packages/airflow/example_dags/example_sla_dag.py took 0.076 seconds
[2026-02-10T02:30:44.084+0000] {processor.py:161} INFO - Started process (PID=1586) to work on /home/airflow/.local/lib/python3.12/site-packages/airflow/example_dags/example_sla_dag.py
[2026-02-10T02:30:44.085+0000] {processor.py:830} INFO - Processing file /home/airflow/.local/lib/python3.12/site-packages/airflow/example_dags/example_sla_dag.py for tasks to queue
[2026-02-10T02:30:44.087+0000] {logging_mixin.py:188} INFO - [2026-02-10T02:30:44.086+0000] {dagbag.py:540} INFO - Filling up the DagBag from /home/airflow/.local/lib/python3.12/site-packages/airflow/example_dags/example_sla_dag.py
[2026-02-10T02:30:44.094+0000] {processor.py:840} INFO - DAG(s) 'example_sla_dag' retrieved from /home/airflow/.local/lib/python3.12/site-packages/airflow/example_dags/example_sla_dag.py
[2026-02-10T02:30:44.114+0000] {logging_mixin.py:188} INFO - [2026-02-10T02:30:44.113+0000] {dag.py:3096} INFO - Sync 1 DAGs
[2026-02-10T02:30:44.135+0000] {logging_mixin.py:188} INFO - [2026-02-10T02:30:44.135+0000] {dag.py:3954} INFO - Setting next_dagrun for example_sla_dag to 2026-02-10 02:28:00+00:00, run_after=2026-02-10 02:30:00+00:00
[2026-02-10T02:30:44.153+0000] {processor.py:183} INFO - Processing /home/airflow/.local/lib/python3.12/site-packages/airflow/example_dags/example_sla_dag.py took 0.076 seconds
[2026-02-10T02:31:14.469+0000] {processor.py:161} INFO - Started process (PID=1640) to work on /home/airflow/.local/lib/python3.12/site-packages/airflow/example_dags/example_sla_dag.py
[2026-02-10T02:31:14.470+0000] {processor.py:830} INFO - Processing file /home/airflow/.local/lib/python3.12/site-packages/airflow/example_dags/example_sla_dag.py for tasks to queue
[2026-02-10T02:31:14.473+0000] {logging_mixin.py:188} INFO - [2026-02-10T02:31:14.472+0000] {dagbag.py:540} INFO - Filling up the DagBag from /home/airflow/.local/lib/python3.12/site-packages/airflow/example_dags/example_sla_dag.py
[2026-02-10T02:31:14.482+0000] {processor.py:840} INFO - DAG(s) 'example_sla_dag' retrieved from /home/airflow/.local/lib/python3.12/site-packages/airflow/example_dags/example_sla_dag.py
[2026-02-10T02:31:14.504+0000] {logging_mixin.py:188} INFO - [2026-02-10T02:31:14.503+0000] {dag.py:3096} INFO - Sync 1 DAGs
[2026-02-10T02:31:14.536+0000] {logging_mixin.py:188} INFO - [2026-02-10T02:31:14.536+0000] {dag.py:3954} INFO - Setting next_dagrun for example_sla_dag to 2026-02-10 02:28:00+00:00, run_after=2026-02-10 02:30:00+00:00
[2026-02-10T02:31:14.554+0000] {processor.py:183} INFO - Processing /home/airflow/.local/lib/python3.12/site-packages/airflow/example_dags/example_sla_dag.py took 0.092 seconds
[2026-02-10T02:31:44.949+0000] {processor.py:161} INFO - Started process (PID=1694) to work on /home/airflow/.local/lib/python3.12/site-packages/airflow/example_dags/example_sla_dag.py
[2026-02-10T02:31:44.950+0000] {processor.py:830} INFO - Processing file /home/airflow/.local/lib/python3.12/site-packages/airflow/example_dags/example_sla_dag.py for tasks to queue
[2026-02-10T02:31:44.952+0000] {logging_mixin.py:188} INFO - [2026-02-10T02:31:44.952+0000] {dagbag.py:540} INFO - Filling up the DagBag from /home/airflow/.local/lib/python3.12/site-packages/airflow/example_dags/example_sla_dag.py
[2026-02-10T02:31:44.961+0000] {processor.py:840} INFO - DAG(s) 'example_sla_dag' retrieved from /home/airflow/.local/lib/python3.12/site-packages/airflow/example_dags/example_sla_dag.py
[2026-02-10T02:31:44.979+0000] {logging_mixin.py:188} INFO - [2026-02-10T02:31:44.979+0000] {dag.py:3096} INFO - Sync 1 DAGs
[2026-02-10T02:31:45.001+0000] {logging_mixin.py:188} INFO - [2026-02-10T02:31:45.001+0000] {dag.py:3954} INFO - Setting next_dagrun for example_sla_dag to 2026-02-10 02:28:00+00:00, run_after=2026-02-10 02:30:00+00:00
[2026-02-10T02:31:45.020+0000] {processor.py:183} INFO - Processing /home/airflow/.local/lib/python3.12/site-packages/airflow/example_dags/example_sla_dag.py took 0.076 seconds
[2026-02-10T02:32:15.435+0000] {processor.py:161} INFO - Started process (PID=1748) to work on /home/airflow/.local/lib/python3.12/site-packages/airflow/example_dags/example_sla_dag.py
[2026-02-10T02:32:15.436+0000] {processor.py:830} INFO - Processing file /home/airflow/.local/lib/python3.12/site-packages/airflow/example_dags/example_sla_dag.py for tasks to queue
[2026-02-10T02:32:15.438+0000] {logging_mixin.py:188} INFO - [2026-02-10T02:32:15.437+0000] {dagbag.py:540} INFO - Filling up the DagBag from /home/airflow/.local/lib/python3.12/site-packages/airflow/example_dags/example_sla_dag.py
[2026-02-10T02:32:15.451+0000] {processor.py:840} INFO - DAG(s) 'example_sla_dag' retrieved from /home/airflow/.local/lib/python3.12/site-packages/airflow/example_dags/example_sla_dag.py
[2026-02-10T02:32:15.470+0000] {logging_mixin.py:188} INFO - [2026-02-10T02:32:15.470+0000] {dag.py:3096} INFO - Sync 1 DAGs
[2026-02-10T02:32:15.496+0000] {logging_mixin.py:188} INFO - [2026-02-10T02:32:15.495+0000] {dag.py:3954} INFO - Setting next_dagrun for example_sla_dag to 2026-02-10 02:30:00+00:00, run_after=2026-02-10 02:32:00+00:00
[2026-02-10T02:32:15.516+0000] {processor.py:183} INFO - Processing /home/airflow/.local/lib/python3.12/site-packages/airflow/example_dags/example_sla_dag.py took 0.088 seconds
[2026-02-10T02:32:45.588+0000] {processor.py:161} INFO - Started process (PID=1802) to work on /home/airflow/.local/lib/python3.12/site-packages/airflow/example_dags/example_sla_dag.py
[2026-02-10T02:32:45.590+0000] {processor.py:830} INFO - Processing file /home/airflow/.local/lib/python3.12/site-packages/airflow/example_dags/example_sla_dag.py for tasks to queue
[2026-02-10T02:32:45.592+0000] {logging_mixin.py:188} INFO - [2026-02-10T02:32:45.591+0000] {dagbag.py:540} INFO - Filling up the DagBag from /home/airflow/.local/lib/python3.12/site-packages/airflow/example_dags/example_sla_dag.py
[2026-02-10T02:32:45.602+0000] {processor.py:840} INFO - DAG(s) 'example_sla_dag' retrieved from /home/airflow/.local/lib/python3.12/site-packages/airflow/example_dags/example_sla_dag.py
[2026-02-10T02:32:45.620+0000] {logging_mixin.py:188} INFO - [2026-02-10T02:32:45.620+0000] {dag.py:3096} INFO - Sync 1 DAGs
[2026-02-10T02:32:45.645+0000] {logging_mixin.py:188} INFO - [2026-02-10T02:32:45.645+0000] {dag.py:3954} INFO - Setting next_dagrun for example_sla_dag to 2026-02-10 02:30:00+00:00, run_after=2026-02-10 02:32:00+00:00
[2026-02-10T02:32:45.664+0000] {processor.py:183} INFO - Processing /home/airflow/.local/lib/python3.12/site-packages/airflow/example_dags/example_sla_dag.py took 0.082 seconds
[2026-02-10T02:34:56.406+0000] {processor.py:161} INFO - Started process (PID=74) to work on /home/airflow/.local/lib/python3.12/site-packages/airflow/example_dags/example_sla_dag.py
[2026-02-10T02:34:56.409+0000] {processor.py:830} INFO - Processing file /home/airflow/.local/lib/python3.12/site-packages/airflow/example_dags/example_sla_dag.py for tasks to queue
[2026-02-10T02:34:56.414+0000] {logging_mixin.py:188} INFO - [2026-02-10T02:34:56.413+0000] {dagbag.py:540} INFO - Filling up the DagBag from /home/airflow/.local/lib/python3.12/site-packages/airflow/example_dags/example_sla_dag.py
[2026-02-10T02:34:56.440+0000] {processor.py:840} INFO - DAG(s) 'example_sla_dag' retrieved from /home/airflow/.local/lib/python3.12/site-packages/airflow/example_dags/example_sla_dag.py
[2026-02-10T02:34:56.462+0000] {logging_mixin.py:188} INFO - [2026-02-10T02:34:56.461+0000] {dag.py:3096} INFO - Sync 1 DAGs
[2026-02-10T02:34:56.526+0000] {logging_mixin.py:188} INFO - [2026-02-10T02:34:56.526+0000] {dag.py:3954} INFO - Setting next_dagrun for example_sla_dag to 2026-02-10 02:32:00+00:00, run_after=2026-02-10 02:34:00+00:00
[2026-02-10T02:34:56.566+0000] {processor.py:183} INFO - Processing /home/airflow/.local/lib/python3.12/site-packages/airflow/example_dags/example_sla_dag.py took 0.180 seconds
[2026-02-10T02:35:26.877+0000] {processor.py:161} INFO - Started process (PID=128) to work on /home/airflow/.local/lib/python3.12/site-packages/airflow/example_dags/example_sla_dag.py
[2026-02-10T02:35:26.879+0000] {processor.py:830} INFO - Processing file /home/airflow/.local/lib/python3.12/site-packages/airflow/example_dags/example_sla_dag.py for tasks to queue
[2026-02-10T02:35:26.882+0000] {logging_mixin.py:188} INFO - [2026-02-10T02:35:26.882+0000] {dagbag.py:540} INFO - Filling up the DagBag from /home/airflow/.local/lib/python3.12/site-packages/airflow/example_dags/example_sla_dag.py
[2026-02-10T02:35:26.894+0000] {processor.py:840} INFO - DAG(s) 'example_sla_dag' retrieved from /home/airflow/.local/lib/python3.12/site-packages/airflow/example_dags/example_sla_dag.py
[2026-02-10T02:35:27.042+0000] {logging_mixin.py:188} INFO - [2026-02-10T02:35:27.041+0000] {dag.py:3096} INFO - Sync 1 DAGs
[2026-02-10T02:35:27.078+0000] {logging_mixin.py:188} INFO - [2026-02-10T02:35:27.078+0000] {dag.py:3954} INFO - Setting next_dagrun for example_sla_dag to 2026-02-10 02:32:00+00:00, run_after=2026-02-10 02:34:00+00:00
[2026-02-10T02:35:27.101+0000] {processor.py:183} INFO - Processing /home/airflow/.local/lib/python3.12/site-packages/airflow/example_dags/example_sla_dag.py took 0.233 seconds
[2026-02-10T02:38:45.035+0000] {processor.py:161} INFO - Started process (PID=74) to work on /home/airflow/.local/lib/python3.12/site-packages/airflow/example_dags/example_sla_dag.py
[2026-02-10T02:38:45.038+0000] {processor.py:830} INFO - Processing file /home/airflow/.local/lib/python3.12/site-packages/airflow/example_dags/example_sla_dag.py for tasks to queue
[2026-02-10T02:38:45.043+0000] {logging_mixin.py:188} INFO - [2026-02-10T02:38:45.042+0000] {dagbag.py:540} INFO - Filling up the DagBag from /home/airflow/.local/lib/python3.12/site-packages/airflow/example_dags/example_sla_dag.py
[2026-02-10T02:38:45.069+0000] {processor.py:840} INFO - DAG(s) 'example_sla_dag' retrieved from /home/airflow/.local/lib/python3.12/site-packages/airflow/example_dags/example_sla_dag.py
[2026-02-10T02:38:45.096+0000] {logging_mixin.py:188} INFO - [2026-02-10T02:38:45.095+0000] {dag.py:3096} INFO - Sync 1 DAGs
[2026-02-10T02:38:45.174+0000] {logging_mixin.py:188} INFO - [2026-02-10T02:38:45.174+0000] {dag.py:3954} INFO - Setting next_dagrun for example_sla_dag to 2026-02-10 02:36:00+00:00, run_after=2026-02-10 02:38:00+00:00
[2026-02-10T02:38:45.266+0000] {processor.py:183} INFO - Processing /home/airflow/.local/lib/python3.12/site-packages/airflow/example_dags/example_sla_dag.py took 0.244 seconds
[2026-02-10T02:39:15.402+0000] {processor.py:161} INFO - Started process (PID=128) to work on /home/airflow/.local/lib/python3.12/site-packages/airflow/example_dags/example_sla_dag.py
[2026-02-10T02:39:15.404+0000] {processor.py:830} INFO - Processing file /home/airflow/.local/lib/python3.12/site-packages/airflow/example_dags/example_sla_dag.py for tasks to queue
[2026-02-10T02:39:15.407+0000] {logging_mixin.py:188} INFO - [2026-02-10T02:39:15.407+0000] {dagbag.py:540} INFO - Filling up the DagBag from /home/airflow/.local/lib/python3.12/site-packages/airflow/example_dags/example_sla_dag.py
[2026-02-10T02:39:15.418+0000] {processor.py:840} INFO - DAG(s) 'example_sla_dag' retrieved from /home/airflow/.local/lib/python3.12/site-packages/airflow/example_dags/example_sla_dag.py
[2026-02-10T02:39:15.543+0000] {logging_mixin.py:188} INFO - [2026-02-10T02:39:15.543+0000] {dag.py:3096} INFO - Sync 1 DAGs
[2026-02-10T02:39:15.573+0000] {logging_mixin.py:188} INFO - [2026-02-10T02:39:15.573+0000] {dag.py:3954} INFO - Setting next_dagrun for example_sla_dag to 2026-02-10 02:36:00+00:00, run_after=2026-02-10 02:38:00+00:00
[2026-02-10T02:39:15.597+0000] {processor.py:183} INFO - Processing /home/airflow/.local/lib/python3.12/site-packages/airflow/example_dags/example_sla_dag.py took 0.203 seconds
[2026-02-10T02:39:46.731+0000] {processor.py:161} INFO - Started process (PID=182) to work on /home/airflow/.local/lib/python3.12/site-packages/airflow/example_dags/example_sla_dag.py
[2026-02-10T02:39:46.732+0000] {processor.py:830} INFO - Processing file /home/airflow/.local/lib/python3.12/site-packages/airflow/example_dags/example_sla_dag.py for tasks to queue
[2026-02-10T02:39:46.736+0000] {logging_mixin.py:188} INFO - [2026-02-10T02:39:46.735+0000] {dagbag.py:540} INFO - Filling up the DagBag from /home/airflow/.local/lib/python3.12/site-packages/airflow/example_dags/example_sla_dag.py
[2026-02-10T02:39:46.749+0000] {processor.py:840} INFO - DAG(s) 'example_sla_dag' retrieved from /home/airflow/.local/lib/python3.12/site-packages/airflow/example_dags/example_sla_dag.py
[2026-02-10T02:39:46.780+0000] {logging_mixin.py:188} INFO - [2026-02-10T02:39:46.779+0000] {dag.py:3096} INFO - Sync 1 DAGs
[2026-02-10T02:39:46.820+0000] {logging_mixin.py:188} INFO - [2026-02-10T02:39:46.820+0000] {dag.py:3954} INFO - Setting next_dagrun for example_sla_dag to 2026-02-10 02:36:00+00:00, run_after=2026-02-10 02:38:00+00:00
[2026-02-10T02:39:46.851+0000] {processor.py:183} INFO - Processing /home/airflow/.local/lib/python3.12/site-packages/airflow/example_dags/example_sla_dag.py took 0.132 seconds
[2026-02-10T02:40:16.963+0000] {processor.py:161} INFO - Started process (PID=236) to work on /home/airflow/.local/lib/python3.12/site-packages/airflow/example_dags/example_sla_dag.py
[2026-02-10T02:40:16.964+0000] {processor.py:830} INFO - Processing file /home/airflow/.local/lib/python3.12/site-packages/airflow/example_dags/example_sla_dag.py for tasks to queue
[2026-02-10T02:40:16.966+0000] {logging_mixin.py:188} INFO - [2026-02-10T02:40:16.966+0000] {dagbag.py:540} INFO - Filling up the DagBag from /home/airflow/.local/lib/python3.12/site-packages/airflow/example_dags/example_sla_dag.py
[2026-02-10T02:40:16.974+0000] {processor.py:840} INFO - DAG(s) 'example_sla_dag' retrieved from /home/airflow/.local/lib/python3.12/site-packages/airflow/example_dags/example_sla_dag.py
[2026-02-10T02:40:16.992+0000] {logging_mixin.py:188} INFO - [2026-02-10T02:40:16.992+0000] {dag.py:3096} INFO - Sync 1 DAGs
[2026-02-10T02:40:17.013+0000] {logging_mixin.py:188} INFO - [2026-02-10T02:40:17.013+0000] {dag.py:3954} INFO - Setting next_dagrun for example_sla_dag to 2026-02-10 02:38:00+00:00, run_after=2026-02-10 02:40:00+00:00
[2026-02-10T02:40:17.033+0000] {processor.py:183} INFO - Processing /home/airflow/.local/lib/python3.12/site-packages/airflow/example_dags/example_sla_dag.py took 0.076 seconds
[2026-02-10T02:40:47.426+0000] {processor.py:161} INFO - Started process (PID=290) to work on /home/airflow/.local/lib/python3.12/site-packages/airflow/example_dags/example_sla_dag.py
[2026-02-10T02:40:47.427+0000] {processor.py:830} INFO - Processing file /home/airflow/.local/lib/python3.12/site-packages/airflow/example_dags/example_sla_dag.py for tasks to queue
[2026-02-10T02:40:47.429+0000] {logging_mixin.py:188} INFO - [2026-02-10T02:40:47.428+0000] {dagbag.py:540} INFO - Filling up the DagBag from /home/airflow/.local/lib/python3.12/site-packages/airflow/example_dags/example_sla_dag.py
[2026-02-10T02:40:47.436+0000] {processor.py:840} INFO - DAG(s) 'example_sla_dag' retrieved from /home/airflow/.local/lib/python3.12/site-packages/airflow/example_dags/example_sla_dag.py
[2026-02-10T02:40:47.454+0000] {logging_mixin.py:188} INFO - [2026-02-10T02:40:47.454+0000] {dag.py:3096} INFO - Sync 1 DAGs
[2026-02-10T02:40:47.475+0000] {logging_mixin.py:188} INFO - [2026-02-10T02:40:47.475+0000] {dag.py:3954} INFO - Setting next_dagrun for example_sla_dag to 2026-02-10 02:38:00+00:00, run_after=2026-02-10 02:40:00+00:00
[2026-02-10T02:40:47.495+0000] {processor.py:183} INFO - Processing /home/airflow/.local/lib/python3.12/site-packages/airflow/example_dags/example_sla_dag.py took 0.074 seconds
[2026-02-10T02:41:17.713+0000] {processor.py:161} INFO - Started process (PID=344) to work on /home/airflow/.local/lib/python3.12/site-packages/airflow/example_dags/example_sla_dag.py
[2026-02-10T02:41:17.714+0000] {processor.py:830} INFO - Processing file /home/airflow/.local/lib/python3.12/site-packages/airflow/example_dags/example_sla_dag.py for tasks to queue
[2026-02-10T02:41:17.715+0000] {logging_mixin.py:188} INFO - [2026-02-10T02:41:17.715+0000] {dagbag.py:540} INFO - Filling up the DagBag from /home/airflow/.local/lib/python3.12/site-packages/airflow/example_dags/example_sla_dag.py
[2026-02-10T02:41:17.723+0000] {processor.py:840} INFO - DAG(s) 'example_sla_dag' retrieved from /home/airflow/.local/lib/python3.12/site-packages/airflow/example_dags/example_sla_dag.py
[2026-02-10T02:41:17.743+0000] {logging_mixin.py:188} INFO - [2026-02-10T02:41:17.743+0000] {dag.py:3096} INFO - Sync 1 DAGs
[2026-02-10T02:41:17.766+0000] {logging_mixin.py:188} INFO - [2026-02-10T02:41:17.765+0000] {dag.py:3954} INFO - Setting next_dagrun for example_sla_dag to 2026-02-10 02:38:00+00:00, run_after=2026-02-10 02:40:00+00:00
[2026-02-10T02:41:17.785+0000] {processor.py:183} INFO - Processing /home/airflow/.local/lib/python3.12/site-packages/airflow/example_dags/example_sla_dag.py took 0.077 seconds
[2026-02-10T02:44:49.362+0000] {processor.py:161} INFO - Started process (PID=74) to work on /home/airflow/.local/lib/python3.12/site-packages/airflow/example_dags/example_sla_dag.py
[2026-02-10T02:44:49.365+0000] {processor.py:830} INFO - Processing file /home/airflow/.local/lib/python3.12/site-packages/airflow/example_dags/example_sla_dag.py for tasks to queue
[2026-02-10T02:44:49.368+0000] {logging_mixin.py:188} INFO - [2026-02-10T02:44:49.368+0000] {dagbag.py:540} INFO - Filling up the DagBag from /home/airflow/.local/lib/python3.12/site-packages/airflow/example_dags/example_sla_dag.py
[2026-02-10T02:44:49.396+0000] {processor.py:840} INFO - DAG(s) 'example_sla_dag' retrieved from /home/airflow/.local/lib/python3.12/site-packages/airflow/example_dags/example_sla_dag.py
[2026-02-10T02:44:49.424+0000] {logging_mixin.py:188} INFO - [2026-02-10T02:44:49.423+0000] {dag.py:3096} INFO - Sync 1 DAGs
[2026-02-10T02:44:49.490+0000] {logging_mixin.py:188} INFO - [2026-02-10T02:44:49.490+0000] {dag.py:3954} INFO - Setting next_dagrun for example_sla_dag to 2026-02-10 02:42:00+00:00, run_after=2026-02-10 02:44:00+00:00
[2026-02-10T02:44:49.531+0000] {processor.py:183} INFO - Processing /home/airflow/.local/lib/python3.12/site-packages/airflow/example_dags/example_sla_dag.py took 0.193 seconds
[2026-02-10T02:45:20.543+0000] {processor.py:161} INFO - Started process (PID=128) to work on /home/airflow/.local/lib/python3.12/site-packages/airflow/example_dags/example_sla_dag.py
[2026-02-10T02:45:20.560+0000] {processor.py:830} INFO - Processing file /home/airflow/.local/lib/python3.12/site-packages/airflow/example_dags/example_sla_dag.py for tasks to queue
[2026-02-10T02:45:20.565+0000] {logging_mixin.py:188} INFO - [2026-02-10T02:45:20.564+0000] {dagbag.py:540} INFO - Filling up the DagBag from /home/airflow/.local/lib/python3.12/site-packages/airflow/example_dags/example_sla_dag.py
[2026-02-10T02:45:20.602+0000] {processor.py:840} INFO - DAG(s) 'example_sla_dag' retrieved from /home/airflow/.local/lib/python3.12/site-packages/airflow/example_dags/example_sla_dag.py
[2026-02-10T02:45:20.863+0000] {logging_mixin.py:188} INFO - [2026-02-10T02:45:20.862+0000] {dag.py:3096} INFO - Sync 1 DAGs
[2026-02-10T02:45:20.911+0000] {logging_mixin.py:188} INFO - [2026-02-10T02:45:20.910+0000] {dag.py:3954} INFO - Setting next_dagrun for example_sla_dag to 2026-02-10 02:42:00+00:00, run_after=2026-02-10 02:44:00+00:00
[2026-02-10T02:45:20.964+0000] {processor.py:183} INFO - Processing /home/airflow/.local/lib/python3.12/site-packages/airflow/example_dags/example_sla_dag.py took 0.439 seconds
[2026-02-10T02:45:51.585+0000] {processor.py:161} INFO - Started process (PID=182) to work on /home/airflow/.local/lib/python3.12/site-packages/airflow/example_dags/example_sla_dag.py
[2026-02-10T02:45:51.586+0000] {processor.py:830} INFO - Processing file /home/airflow/.local/lib/python3.12/site-packages/airflow/example_dags/example_sla_dag.py for tasks to queue
[2026-02-10T02:45:51.588+0000] {logging_mixin.py:188} INFO - [2026-02-10T02:45:51.588+0000] {dagbag.py:540} INFO - Filling up the DagBag from /home/airflow/.local/lib/python3.12/site-packages/airflow/example_dags/example_sla_dag.py
[2026-02-10T02:45:51.596+0000] {processor.py:840} INFO - DAG(s) 'example_sla_dag' retrieved from /home/airflow/.local/lib/python3.12/site-packages/airflow/example_dags/example_sla_dag.py
[2026-02-10T02:45:51.615+0000] {logging_mixin.py:188} INFO - [2026-02-10T02:45:51.615+0000] {dag.py:3096} INFO - Sync 1 DAGs
[2026-02-10T02:45:51.637+0000] {logging_mixin.py:188} INFO - [2026-02-10T02:45:51.637+0000] {dag.py:3954} INFO - Setting next_dagrun for example_sla_dag to 2026-02-10 02:42:00+00:00, run_after=2026-02-10 02:44:00+00:00
[2026-02-10T02:45:51.656+0000] {processor.py:183} INFO - Processing /home/airflow/.local/lib/python3.12/site-packages/airflow/example_dags/example_sla_dag.py took 0.077 seconds
[2026-02-10T02:46:22.062+0000] {processor.py:161} INFO - Started process (PID=236) to work on /home/airflow/.local/lib/python3.12/site-packages/airflow/example_dags/example_sla_dag.py
[2026-02-10T02:46:22.063+0000] {processor.py:830} INFO - Processing file /home/airflow/.local/lib/python3.12/site-packages/airflow/example_dags/example_sla_dag.py for tasks to queue
[2026-02-10T02:46:22.065+0000] {logging_mixin.py:188} INFO - [2026-02-10T02:46:22.065+0000] {dagbag.py:540} INFO - Filling up the DagBag from /home/airflow/.local/lib/python3.12/site-packages/airflow/example_dags/example_sla_dag.py
[2026-02-10T02:46:22.075+0000] {processor.py:840} INFO - DAG(s) 'example_sla_dag' retrieved from /home/airflow/.local/lib/python3.12/site-packages/airflow/example_dags/example_sla_dag.py
[2026-02-10T02:46:22.099+0000] {logging_mixin.py:188} INFO - [2026-02-10T02:46:22.099+0000] {dag.py:3096} INFO - Sync 1 DAGs
[2026-02-10T02:46:22.128+0000] {logging_mixin.py:188} INFO - [2026-02-10T02:46:22.128+0000] {dag.py:3954} INFO - Setting next_dagrun for example_sla_dag to 2026-02-10 02:44:00+00:00, run_after=2026-02-10 02:46:00+00:00
[2026-02-10T02:46:22.150+0000] {processor.py:183} INFO - Processing /home/airflow/.local/lib/python3.12/site-packages/airflow/example_dags/example_sla_dag.py took 0.096 seconds
[2026-02-10T02:46:52.364+0000] {processor.py:161} INFO - Started process (PID=290) to work on /home/airflow/.local/lib/python3.12/site-packages/airflow/example_dags/example_sla_dag.py
[2026-02-10T02:46:52.365+0000] {processor.py:830} INFO - Processing file /home/airflow/.local/lib/python3.12/site-packages/airflow/example_dags/example_sla_dag.py for tasks to queue
[2026-02-10T02:46:52.366+0000] {logging_mixin.py:188} INFO - [2026-02-10T02:46:52.366+0000] {dagbag.py:540} INFO - Filling up the DagBag from /home/airflow/.local/lib/python3.12/site-packages/airflow/example_dags/example_sla_dag.py
[2026-02-10T02:46:52.374+0000] {processor.py:840} INFO - DAG(s) 'example_sla_dag' retrieved from /home/airflow/.local/lib/python3.12/site-packages/airflow/example_dags/example_sla_dag.py
[2026-02-10T02:46:52.393+0000] {logging_mixin.py:188} INFO - [2026-02-10T02:46:52.392+0000] {dag.py:3096} INFO - Sync 1 DAGs
[2026-02-10T02:46:52.415+0000] {logging_mixin.py:188} INFO - [2026-02-10T02:46:52.415+0000] {dag.py:3954} INFO - Setting next_dagrun for example_sla_dag to 2026-02-10 02:44:00+00:00, run_after=2026-02-10 02:46:00+00:00
[2026-02-10T02:46:52.435+0000] {processor.py:183} INFO - Processing /home/airflow/.local/lib/python3.12/site-packages/airflow/example_dags/example_sla_dag.py took 0.076 seconds
[2026-02-10T02:47:22.637+0000] {processor.py:161} INFO - Started process (PID=344) to work on /home/airflow/.local/lib/python3.12/site-packages/airflow/example_dags/example_sla_dag.py
[2026-02-10T02:47:22.638+0000] {processor.py:830} INFO - Processing file /home/airflow/.local/lib/python3.12/site-packages/airflow/example_dags/example_sla_dag.py for tasks to queue
[2026-02-10T02:47:22.639+0000] {logging_mixin.py:188} INFO - [2026-02-10T02:47:22.639+0000] {dagbag.py:540} INFO - Filling up the DagBag from /home/airflow/.local/lib/python3.12/site-packages/airflow/example_dags/example_sla_dag.py
[2026-02-10T02:47:22.647+0000] {processor.py:840} INFO - DAG(s) 'example_sla_dag' retrieved from /home/airflow/.local/lib/python3.12/site-packages/airflow/example_dags/example_sla_dag.py
[2026-02-10T02:47:22.667+0000] {logging_mixin.py:188} INFO - [2026-02-10T02:47:22.667+0000] {dag.py:3096} INFO - Sync 1 DAGs
[2026-02-10T02:47:22.689+0000] {logging_mixin.py:188} INFO - [2026-02-10T02:47:22.688+0000] {dag.py:3954} INFO - Setting next_dagrun for example_sla_dag to 2026-02-10 02:44:00+00:00, run_after=2026-02-10 02:46:00+00:00
[2026-02-10T02:47:22.711+0000] {processor.py:183} INFO - Processing /home/airflow/.local/lib/python3.12/site-packages/airflow/example_dags/example_sla_dag.py took 0.080 seconds
[2026-02-10T02:47:53.058+0000] {processor.py:161} INFO - Started process (PID=398) to work on /home/airflow/.local/lib/python3.12/site-packages/airflow/example_dags/example_sla_dag.py
[2026-02-10T02:47:53.059+0000] {processor.py:830} INFO - Processing file /home/airflow/.local/lib/python3.12/site-packages/airflow/example_dags/example_sla_dag.py for tasks to queue
[2026-02-10T02:47:53.060+0000] {logging_mixin.py:188} INFO - [2026-02-10T02:47:53.060+0000] {dagbag.py:540} INFO - Filling up the DagBag from /home/airflow/.local/lib/python3.12/site-packages/airflow/example_dags/example_sla_dag.py
[2026-02-10T02:47:53.068+0000] {processor.py:840} INFO - DAG(s) 'example_sla_dag' retrieved from /home/airflow/.local/lib/python3.12/site-packages/airflow/example_dags/example_sla_dag.py
[2026-02-10T02:47:53.088+0000] {logging_mixin.py:188} INFO - [2026-02-10T02:47:53.087+0000] {dag.py:3096} INFO - Sync 1 DAGs
[2026-02-10T02:47:53.109+0000] {logging_mixin.py:188} INFO - [2026-02-10T02:47:53.109+0000] {dag.py:3954} INFO - Setting next_dagrun for example_sla_dag to 2026-02-10 02:44:00+00:00, run_after=2026-02-10 02:46:00+00:00
[2026-02-10T02:47:53.128+0000] {processor.py:183} INFO - Processing /home/airflow/.local/lib/python3.12/site-packages/airflow/example_dags/example_sla_dag.py took 0.076 seconds
[2026-02-10T02:48:23.583+0000] {processor.py:161} INFO - Started process (PID=452) to work on /home/airflow/.local/lib/python3.12/site-packages/airflow/example_dags/example_sla_dag.py
[2026-02-10T02:48:23.584+0000] {processor.py:830} INFO - Processing file /home/airflow/.local/lib/python3.12/site-packages/airflow/example_dags/example_sla_dag.py for tasks to queue
[2026-02-10T02:48:23.586+0000] {logging_mixin.py:188} INFO - [2026-02-10T02:48:23.586+0000] {dagbag.py:540} INFO - Filling up the DagBag from /home/airflow/.local/lib/python3.12/site-packages/airflow/example_dags/example_sla_dag.py
[2026-02-10T02:48:23.594+0000] {processor.py:840} INFO - DAG(s) 'example_sla_dag' retrieved from /home/airflow/.local/lib/python3.12/site-packages/airflow/example_dags/example_sla_dag.py
[2026-02-10T02:48:23.614+0000] {logging_mixin.py:188} INFO - [2026-02-10T02:48:23.614+0000] {dag.py:3096} INFO - Sync 1 DAGs
[2026-02-10T02:48:23.636+0000] {logging_mixin.py:188} INFO - [2026-02-10T02:48:23.636+0000] {dag.py:3954} INFO - Setting next_dagrun for example_sla_dag to 2026-02-10 02:46:00+00:00, run_after=2026-02-10 02:48:00+00:00
[2026-02-10T02:48:23.659+0000] {processor.py:183} INFO - Processing /home/airflow/.local/lib/python3.12/site-packages/airflow/example_dags/example_sla_dag.py took 0.081 seconds
[2026-02-10T02:48:53.973+0000] {processor.py:161} INFO - Started process (PID=506) to work on /home/airflow/.local/lib/python3.12/site-packages/airflow/example_dags/example_sla_dag.py
[2026-02-10T02:48:53.974+0000] {processor.py:830} INFO - Processing file /home/airflow/.local/lib/python3.12/site-packages/airflow/example_dags/example_sla_dag.py for tasks to queue
[2026-02-10T02:48:53.976+0000] {logging_mixin.py:188} INFO - [2026-02-10T02:48:53.975+0000] {dagbag.py:540} INFO - Filling up the DagBag from /home/airflow/.local/lib/python3.12/site-packages/airflow/example_dags/example_sla_dag.py
[2026-02-10T02:48:53.984+0000] {processor.py:840} INFO - DAG(s) 'example_sla_dag' retrieved from /home/airflow/.local/lib/python3.12/site-packages/airflow/example_dags/example_sla_dag.py
[2026-02-10T02:48:54.004+0000] {logging_mixin.py:188} INFO - [2026-02-10T02:48:54.004+0000] {dag.py:3096} INFO - Sync 1 DAGs
[2026-02-10T02:48:54.028+0000] {logging_mixin.py:188} INFO - [2026-02-10T02:48:54.028+0000] {dag.py:3954} INFO - Setting next_dagrun for example_sla_dag to 2026-02-10 02:46:00+00:00, run_after=2026-02-10 02:48:00+00:00
[2026-02-10T02:48:54.047+0000] {processor.py:183} INFO - Processing /home/airflow/.local/lib/python3.12/site-packages/airflow/example_dags/example_sla_dag.py took 0.080 seconds
[2026-02-10T02:49:24.195+0000] {processor.py:161} INFO - Started process (PID=559) to work on /home/airflow/.local/lib/python3.12/site-packages/airflow/example_dags/example_sla_dag.py
[2026-02-10T02:49:24.196+0000] {processor.py:830} INFO - Processing file /home/airflow/.local/lib/python3.12/site-packages/airflow/example_dags/example_sla_dag.py for tasks to queue
[2026-02-10T02:49:24.198+0000] {logging_mixin.py:188} INFO - [2026-02-10T02:49:24.198+0000] {dagbag.py:540} INFO - Filling up the DagBag from /home/airflow/.local/lib/python3.12/site-packages/airflow/example_dags/example_sla_dag.py
[2026-02-10T02:49:24.206+0000] {processor.py:840} INFO - DAG(s) 'example_sla_dag' retrieved from /home/airflow/.local/lib/python3.12/site-packages/airflow/example_dags/example_sla_dag.py
[2026-02-10T02:49:24.224+0000] {logging_mixin.py:188} INFO - [2026-02-10T02:49:24.223+0000] {dag.py:3096} INFO - Sync 1 DAGs
[2026-02-10T02:49:24.245+0000] {logging_mixin.py:188} INFO - [2026-02-10T02:49:24.245+0000] {dag.py:3954} INFO - Setting next_dagrun for example_sla_dag to 2026-02-10 02:46:00+00:00, run_after=2026-02-10 02:48:00+00:00
[2026-02-10T02:49:24.264+0000] {processor.py:183} INFO - Processing /home/airflow/.local/lib/python3.12/site-packages/airflow/example_dags/example_sla_dag.py took 0.074 seconds
[2026-02-10T02:49:54.414+0000] {processor.py:161} INFO - Started process (PID=613) to work on /home/airflow/.local/lib/python3.12/site-packages/airflow/example_dags/example_sla_dag.py
[2026-02-10T02:49:54.415+0000] {processor.py:830} INFO - Processing file /home/airflow/.local/lib/python3.12/site-packages/airflow/example_dags/example_sla_dag.py for tasks to queue
[2026-02-10T02:49:54.417+0000] {logging_mixin.py:188} INFO - [2026-02-10T02:49:54.417+0000] {dagbag.py:540} INFO - Filling up the DagBag from /home/airflow/.local/lib/python3.12/site-packages/airflow/example_dags/example_sla_dag.py
[2026-02-10T02:49:54.427+0000] {processor.py:840} INFO - DAG(s) 'example_sla_dag' retrieved from /home/airflow/.local/lib/python3.12/site-packages/airflow/example_dags/example_sla_dag.py
[2026-02-10T02:49:54.449+0000] {logging_mixin.py:188} INFO - [2026-02-10T02:49:54.448+0000] {dag.py:3096} INFO - Sync 1 DAGs
[2026-02-10T02:49:54.471+0000] {logging_mixin.py:188} INFO - [2026-02-10T02:49:54.471+0000] {dag.py:3954} INFO - Setting next_dagrun for example_sla_dag to 2026-02-10 02:46:00+00:00, run_after=2026-02-10 02:48:00+00:00
[2026-02-10T02:49:54.492+0000] {processor.py:183} INFO - Processing /home/airflow/.local/lib/python3.12/site-packages/airflow/example_dags/example_sla_dag.py took 0.085 seconds
[2026-02-10T02:50:25.009+0000] {processor.py:161} INFO - Started process (PID=668) to work on /home/airflow/.local/lib/python3.12/site-packages/airflow/example_dags/example_sla_dag.py
[2026-02-10T02:50:25.010+0000] {processor.py:830} INFO - Processing file /home/airflow/.local/lib/python3.12/site-packages/airflow/example_dags/example_sla_dag.py for tasks to queue
[2026-02-10T02:50:25.012+0000] {logging_mixin.py:188} INFO - [2026-02-10T02:50:25.011+0000] {dagbag.py:540} INFO - Filling up the DagBag from /home/airflow/.local/lib/python3.12/site-packages/airflow/example_dags/example_sla_dag.py
[2026-02-10T02:50:25.021+0000] {processor.py:840} INFO - DAG(s) 'example_sla_dag' retrieved from /home/airflow/.local/lib/python3.12/site-packages/airflow/example_dags/example_sla_dag.py
[2026-02-10T02:50:25.039+0000] {logging_mixin.py:188} INFO - [2026-02-10T02:50:25.039+0000] {dag.py:3096} INFO - Sync 1 DAGs
[2026-02-10T02:50:25.061+0000] {logging_mixin.py:188} INFO - [2026-02-10T02:50:25.061+0000] {dag.py:3954} INFO - Setting next_dagrun for example_sla_dag to 2026-02-10 02:48:00+00:00, run_after=2026-02-10 02:50:00+00:00
[2026-02-10T02:50:25.083+0000] {processor.py:183} INFO - Processing /home/airflow/.local/lib/python3.12/site-packages/airflow/example_dags/example_sla_dag.py took 0.081 seconds
[2026-02-10T02:50:55.543+0000] {processor.py:161} INFO - Started process (PID=722) to work on /home/airflow/.local/lib/python3.12/site-packages/airflow/example_dags/example_sla_dag.py
[2026-02-10T02:50:55.545+0000] {processor.py:830} INFO - Processing file /home/airflow/.local/lib/python3.12/site-packages/airflow/example_dags/example_sla_dag.py for tasks to queue
[2026-02-10T02:50:55.547+0000] {logging_mixin.py:188} INFO - [2026-02-10T02:50:55.547+0000] {dagbag.py:540} INFO - Filling up the DagBag from /home/airflow/.local/lib/python3.12/site-packages/airflow/example_dags/example_sla_dag.py
[2026-02-10T02:50:55.557+0000] {processor.py:840} INFO - DAG(s) 'example_sla_dag' retrieved from /home/airflow/.local/lib/python3.12/site-packages/airflow/example_dags/example_sla_dag.py
[2026-02-10T02:50:55.576+0000] {logging_mixin.py:188} INFO - [2026-02-10T02:50:55.575+0000] {dag.py:3096} INFO - Sync 1 DAGs
[2026-02-10T02:50:55.598+0000] {logging_mixin.py:188} INFO - [2026-02-10T02:50:55.597+0000] {dag.py:3954} INFO - Setting next_dagrun for example_sla_dag to 2026-02-10 02:48:00+00:00, run_after=2026-02-10 02:50:00+00:00
[2026-02-10T02:50:55.619+0000] {processor.py:183} INFO - Processing /home/airflow/.local/lib/python3.12/site-packages/airflow/example_dags/example_sla_dag.py took 0.081 seconds
[2026-02-10T02:51:26.114+0000] {processor.py:161} INFO - Started process (PID=776) to work on /home/airflow/.local/lib/python3.12/site-packages/airflow/example_dags/example_sla_dag.py
[2026-02-10T02:51:26.115+0000] {processor.py:830} INFO - Processing file /home/airflow/.local/lib/python3.12/site-packages/airflow/example_dags/example_sla_dag.py for tasks to queue
[2026-02-10T02:51:26.117+0000] {logging_mixin.py:188} INFO - [2026-02-10T02:51:26.117+0000] {dagbag.py:540} INFO - Filling up the DagBag from /home/airflow/.local/lib/python3.12/site-packages/airflow/example_dags/example_sla_dag.py
[2026-02-10T02:51:26.132+0000] {processor.py:840} INFO - DAG(s) 'example_sla_dag' retrieved from /home/airflow/.local/lib/python3.12/site-packages/airflow/example_dags/example_sla_dag.py
[2026-02-10T02:51:26.165+0000] {logging_mixin.py:188} INFO - [2026-02-10T02:51:26.165+0000] {dag.py:3096} INFO - Sync 1 DAGs
[2026-02-10T02:51:26.205+0000] {logging_mixin.py:188} INFO - [2026-02-10T02:51:26.204+0000] {dag.py:3954} INFO - Setting next_dagrun for example_sla_dag to 2026-02-10 02:48:00+00:00, run_after=2026-02-10 02:50:00+00:00
[2026-02-10T02:51:26.230+0000] {processor.py:183} INFO - Processing /home/airflow/.local/lib/python3.12/site-packages/airflow/example_dags/example_sla_dag.py took 0.127 seconds
[2026-02-10T22:01:17.906+0000] {processor.py:161} INFO - Started process (PID=74) to work on /home/airflow/.local/lib/python3.12/site-packages/airflow/example_dags/example_sla_dag.py
[2026-02-10T22:01:17.923+0000] {processor.py:830} INFO - Processing file /home/airflow/.local/lib/python3.12/site-packages/airflow/example_dags/example_sla_dag.py for tasks to queue
[2026-02-10T22:01:17.935+0000] {logging_mixin.py:188} INFO - [2026-02-10T22:01:17.928+0000] {dagbag.py:540} INFO - Filling up the DagBag from /home/airflow/.local/lib/python3.12/site-packages/airflow/example_dags/example_sla_dag.py
[2026-02-10T22:01:18.011+0000] {processor.py:840} INFO - DAG(s) 'example_sla_dag' retrieved from /home/airflow/.local/lib/python3.12/site-packages/airflow/example_dags/example_sla_dag.py
[2026-02-10T22:01:18.053+0000] {logging_mixin.py:188} INFO - [2026-02-10T22:01:18.052+0000] {dag.py:3096} INFO - Sync 1 DAGs
[2026-02-10T22:01:18.142+0000] {logging_mixin.py:188} INFO - [2026-02-10T22:01:18.141+0000] {dag.py:3954} INFO - Setting next_dagrun for example_sla_dag to 2026-02-10 21:58:00+00:00, run_after=2026-02-10 22:00:00+00:00
[2026-02-10T22:01:18.265+0000] {processor.py:183} INFO - Processing /home/airflow/.local/lib/python3.12/site-packages/airflow/example_dags/example_sla_dag.py took 0.434 seconds
[2026-02-10T22:01:51.258+0000] {processor.py:161} INFO - Started process (PID=128) to work on /home/airflow/.local/lib/python3.12/site-packages/airflow/example_dags/example_sla_dag.py
[2026-02-10T22:01:51.261+0000] {processor.py:830} INFO - Processing file /home/airflow/.local/lib/python3.12/site-packages/airflow/example_dags/example_sla_dag.py for tasks to queue
[2026-02-10T22:01:51.265+0000] {logging_mixin.py:188} INFO - [2026-02-10T22:01:51.265+0000] {dagbag.py:540} INFO - Filling up the DagBag from /home/airflow/.local/lib/python3.12/site-packages/airflow/example_dags/example_sla_dag.py
[2026-02-10T22:01:51.283+0000] {processor.py:840} INFO - DAG(s) 'example_sla_dag' retrieved from /home/airflow/.local/lib/python3.12/site-packages/airflow/example_dags/example_sla_dag.py
[2026-02-10T22:01:51.457+0000] {logging_mixin.py:188} INFO - [2026-02-10T22:01:51.457+0000] {dag.py:3096} INFO - Sync 1 DAGs
[2026-02-10T22:01:51.497+0000] {logging_mixin.py:188} INFO - [2026-02-10T22:01:51.497+0000] {dag.py:3954} INFO - Setting next_dagrun for example_sla_dag to 2026-02-10 21:58:00+00:00, run_after=2026-02-10 22:00:00+00:00
[2026-02-10T22:01:51.544+0000] {processor.py:183} INFO - Processing /home/airflow/.local/lib/python3.12/site-packages/airflow/example_dags/example_sla_dag.py took 0.297 seconds
[2026-02-10T22:02:22.168+0000] {processor.py:161} INFO - Started process (PID=182) to work on /home/airflow/.local/lib/python3.12/site-packages/airflow/example_dags/example_sla_dag.py
[2026-02-10T22:02:22.169+0000] {processor.py:830} INFO - Processing file /home/airflow/.local/lib/python3.12/site-packages/airflow/example_dags/example_sla_dag.py for tasks to queue
[2026-02-10T22:02:22.171+0000] {logging_mixin.py:188} INFO - [2026-02-10T22:02:22.171+0000] {dagbag.py:540} INFO - Filling up the DagBag from /home/airflow/.local/lib/python3.12/site-packages/airflow/example_dags/example_sla_dag.py
[2026-02-10T22:02:22.181+0000] {processor.py:840} INFO - DAG(s) 'example_sla_dag' retrieved from /home/airflow/.local/lib/python3.12/site-packages/airflow/example_dags/example_sla_dag.py
[2026-02-10T22:02:22.202+0000] {logging_mixin.py:188} INFO - [2026-02-10T22:02:22.202+0000] {dag.py:3096} INFO - Sync 1 DAGs
[2026-02-10T22:02:22.227+0000] {logging_mixin.py:188} INFO - [2026-02-10T22:02:22.227+0000] {dag.py:3954} INFO - Setting next_dagrun for example_sla_dag to 2026-02-10 22:00:00+00:00, run_after=2026-02-10 22:02:00+00:00
[2026-02-10T22:02:22.250+0000] {processor.py:183} INFO - Processing /home/airflow/.local/lib/python3.12/site-packages/airflow/example_dags/example_sla_dag.py took 0.089 seconds
[2026-02-10T22:02:52.587+0000] {processor.py:161} INFO - Started process (PID=236) to work on /home/airflow/.local/lib/python3.12/site-packages/airflow/example_dags/example_sla_dag.py
[2026-02-10T22:02:52.588+0000] {processor.py:830} INFO - Processing file /home/airflow/.local/lib/python3.12/site-packages/airflow/example_dags/example_sla_dag.py for tasks to queue
[2026-02-10T22:02:52.590+0000] {logging_mixin.py:188} INFO - [2026-02-10T22:02:52.590+0000] {dagbag.py:540} INFO - Filling up the DagBag from /home/airflow/.local/lib/python3.12/site-packages/airflow/example_dags/example_sla_dag.py
[2026-02-10T22:02:52.601+0000] {processor.py:840} INFO - DAG(s) 'example_sla_dag' retrieved from /home/airflow/.local/lib/python3.12/site-packages/airflow/example_dags/example_sla_dag.py
[2026-02-10T22:02:52.630+0000] {logging_mixin.py:188} INFO - [2026-02-10T22:02:52.630+0000] {dag.py:3096} INFO - Sync 1 DAGs
[2026-02-10T22:02:52.666+0000] {logging_mixin.py:188} INFO - [2026-02-10T22:02:52.666+0000] {dag.py:3954} INFO - Setting next_dagrun for example_sla_dag to 2026-02-10 22:00:00+00:00, run_after=2026-02-10 22:02:00+00:00
[2026-02-10T22:02:52.694+0000] {processor.py:183} INFO - Processing /home/airflow/.local/lib/python3.12/site-packages/airflow/example_dags/example_sla_dag.py took 0.114 seconds
[2026-02-10T22:03:22.978+0000] {processor.py:161} INFO - Started process (PID=290) to work on /home/airflow/.local/lib/python3.12/site-packages/airflow/example_dags/example_sla_dag.py
[2026-02-10T22:03:22.979+0000] {processor.py:830} INFO - Processing file /home/airflow/.local/lib/python3.12/site-packages/airflow/example_dags/example_sla_dag.py for tasks to queue
[2026-02-10T22:03:22.982+0000] {logging_mixin.py:188} INFO - [2026-02-10T22:03:22.981+0000] {dagbag.py:540} INFO - Filling up the DagBag from /home/airflow/.local/lib/python3.12/site-packages/airflow/example_dags/example_sla_dag.py
[2026-02-10T22:03:22.990+0000] {processor.py:840} INFO - DAG(s) 'example_sla_dag' retrieved from /home/airflow/.local/lib/python3.12/site-packages/airflow/example_dags/example_sla_dag.py
[2026-02-10T22:03:23.010+0000] {logging_mixin.py:188} INFO - [2026-02-10T22:03:23.010+0000] {dag.py:3096} INFO - Sync 1 DAGs
[2026-02-10T22:03:23.034+0000] {logging_mixin.py:188} INFO - [2026-02-10T22:03:23.034+0000] {dag.py:3954} INFO - Setting next_dagrun for example_sla_dag to 2026-02-10 22:00:00+00:00, run_after=2026-02-10 22:02:00+00:00
[2026-02-10T22:03:23.053+0000] {processor.py:183} INFO - Processing /home/airflow/.local/lib/python3.12/site-packages/airflow/example_dags/example_sla_dag.py took 0.082 seconds
[2026-02-10T22:03:53.357+0000] {processor.py:161} INFO - Started process (PID=344) to work on /home/airflow/.local/lib/python3.12/site-packages/airflow/example_dags/example_sla_dag.py
[2026-02-10T22:03:53.358+0000] {processor.py:830} INFO - Processing file /home/airflow/.local/lib/python3.12/site-packages/airflow/example_dags/example_sla_dag.py for tasks to queue
[2026-02-10T22:03:53.361+0000] {logging_mixin.py:188} INFO - [2026-02-10T22:03:53.360+0000] {dagbag.py:540} INFO - Filling up the DagBag from /home/airflow/.local/lib/python3.12/site-packages/airflow/example_dags/example_sla_dag.py
[2026-02-10T22:03:53.370+0000] {processor.py:840} INFO - DAG(s) 'example_sla_dag' retrieved from /home/airflow/.local/lib/python3.12/site-packages/airflow/example_dags/example_sla_dag.py
[2026-02-10T22:03:53.389+0000] {logging_mixin.py:188} INFO - [2026-02-10T22:03:53.388+0000] {dag.py:3096} INFO - Sync 1 DAGs
[2026-02-10T22:03:53.411+0000] {logging_mixin.py:188} INFO - [2026-02-10T22:03:53.411+0000] {dag.py:3954} INFO - Setting next_dagrun for example_sla_dag to 2026-02-10 22:00:00+00:00, run_after=2026-02-10 22:02:00+00:00
[2026-02-10T22:03:53.430+0000] {processor.py:183} INFO - Processing /home/airflow/.local/lib/python3.12/site-packages/airflow/example_dags/example_sla_dag.py took 0.079 seconds
[2026-02-10T22:04:24.063+0000] {processor.py:161} INFO - Started process (PID=398) to work on /home/airflow/.local/lib/python3.12/site-packages/airflow/example_dags/example_sla_dag.py
[2026-02-10T22:04:24.065+0000] {processor.py:830} INFO - Processing file /home/airflow/.local/lib/python3.12/site-packages/airflow/example_dags/example_sla_dag.py for tasks to queue
[2026-02-10T22:04:24.070+0000] {logging_mixin.py:188} INFO - [2026-02-10T22:04:24.069+0000] {dagbag.py:540} INFO - Filling up the DagBag from /home/airflow/.local/lib/python3.12/site-packages/airflow/example_dags/example_sla_dag.py
[2026-02-10T22:04:24.086+0000] {processor.py:840} INFO - DAG(s) 'example_sla_dag' retrieved from /home/airflow/.local/lib/python3.12/site-packages/airflow/example_dags/example_sla_dag.py
[2026-02-10T22:04:24.118+0000] {logging_mixin.py:188} INFO - [2026-02-10T22:04:24.118+0000] {dag.py:3096} INFO - Sync 1 DAGs
[2026-02-10T22:04:24.156+0000] {logging_mixin.py:188} INFO - [2026-02-10T22:04:24.155+0000] {dag.py:3954} INFO - Setting next_dagrun for example_sla_dag to 2026-02-10 22:02:00+00:00, run_after=2026-02-10 22:04:00+00:00
[2026-02-10T22:04:24.191+0000] {processor.py:183} INFO - Processing /home/airflow/.local/lib/python3.12/site-packages/airflow/example_dags/example_sla_dag.py took 0.143 seconds
[2026-02-10T22:04:55.097+0000] {processor.py:161} INFO - Started process (PID=452) to work on /home/airflow/.local/lib/python3.12/site-packages/airflow/example_dags/example_sla_dag.py
[2026-02-10T22:04:55.099+0000] {processor.py:830} INFO - Processing file /home/airflow/.local/lib/python3.12/site-packages/airflow/example_dags/example_sla_dag.py for tasks to queue
[2026-02-10T22:04:55.100+0000] {logging_mixin.py:188} INFO - [2026-02-10T22:04:55.100+0000] {dagbag.py:540} INFO - Filling up the DagBag from /home/airflow/.local/lib/python3.12/site-packages/airflow/example_dags/example_sla_dag.py
[2026-02-10T22:04:55.108+0000] {processor.py:840} INFO - DAG(s) 'example_sla_dag' retrieved from /home/airflow/.local/lib/python3.12/site-packages/airflow/example_dags/example_sla_dag.py
[2026-02-10T22:04:55.128+0000] {logging_mixin.py:188} INFO - [2026-02-10T22:04:55.128+0000] {dag.py:3096} INFO - Sync 1 DAGs
[2026-02-10T22:04:55.150+0000] {logging_mixin.py:188} INFO - [2026-02-10T22:04:55.150+0000] {dag.py:3954} INFO - Setting next_dagrun for example_sla_dag to 2026-02-10 22:02:00+00:00, run_after=2026-02-10 22:04:00+00:00
[2026-02-10T22:04:55.170+0000] {processor.py:183} INFO - Processing /home/airflow/.local/lib/python3.12/site-packages/airflow/example_dags/example_sla_dag.py took 0.078 seconds
[2026-02-10T22:05:25.357+0000] {processor.py:161} INFO - Started process (PID=506) to work on /home/airflow/.local/lib/python3.12/site-packages/airflow/example_dags/example_sla_dag.py
[2026-02-10T22:05:25.358+0000] {processor.py:830} INFO - Processing file /home/airflow/.local/lib/python3.12/site-packages/airflow/example_dags/example_sla_dag.py for tasks to queue
[2026-02-10T22:05:25.360+0000] {logging_mixin.py:188} INFO - [2026-02-10T22:05:25.360+0000] {dagbag.py:540} INFO - Filling up the DagBag from /home/airflow/.local/lib/python3.12/site-packages/airflow/example_dags/example_sla_dag.py
[2026-02-10T22:05:25.368+0000] {processor.py:840} INFO - DAG(s) 'example_sla_dag' retrieved from /home/airflow/.local/lib/python3.12/site-packages/airflow/example_dags/example_sla_dag.py
[2026-02-10T22:05:25.387+0000] {logging_mixin.py:188} INFO - [2026-02-10T22:05:25.387+0000] {dag.py:3096} INFO - Sync 1 DAGs
[2026-02-10T22:05:25.407+0000] {logging_mixin.py:188} INFO - [2026-02-10T22:05:25.407+0000] {dag.py:3954} INFO - Setting next_dagrun for example_sla_dag to 2026-02-10 22:02:00+00:00, run_after=2026-02-10 22:04:00+00:00
[2026-02-10T22:05:25.427+0000] {processor.py:183} INFO - Processing /home/airflow/.local/lib/python3.12/site-packages/airflow/example_dags/example_sla_dag.py took 0.077 seconds
[2026-02-10T22:05:55.579+0000] {processor.py:161} INFO - Started process (PID=560) to work on /home/airflow/.local/lib/python3.12/site-packages/airflow/example_dags/example_sla_dag.py
[2026-02-10T22:05:55.580+0000] {processor.py:830} INFO - Processing file /home/airflow/.local/lib/python3.12/site-packages/airflow/example_dags/example_sla_dag.py for tasks to queue
[2026-02-10T22:05:55.582+0000] {logging_mixin.py:188} INFO - [2026-02-10T22:05:55.582+0000] {dagbag.py:540} INFO - Filling up the DagBag from /home/airflow/.local/lib/python3.12/site-packages/airflow/example_dags/example_sla_dag.py
[2026-02-10T22:05:55.590+0000] {processor.py:840} INFO - DAG(s) 'example_sla_dag' retrieved from /home/airflow/.local/lib/python3.12/site-packages/airflow/example_dags/example_sla_dag.py
[2026-02-10T22:05:55.611+0000] {logging_mixin.py:188} INFO - [2026-02-10T22:05:55.611+0000] {dag.py:3096} INFO - Sync 1 DAGs
[2026-02-10T22:05:55.637+0000] {logging_mixin.py:188} INFO - [2026-02-10T22:05:55.637+0000] {dag.py:3954} INFO - Setting next_dagrun for example_sla_dag to 2026-02-10 22:02:00+00:00, run_after=2026-02-10 22:04:00+00:00
[2026-02-10T22:05:55.660+0000] {processor.py:183} INFO - Processing /home/airflow/.local/lib/python3.12/site-packages/airflow/example_dags/example_sla_dag.py took 0.087 seconds
[2026-02-10T22:06:26.194+0000] {processor.py:161} INFO - Started process (PID=614) to work on /home/airflow/.local/lib/python3.12/site-packages/airflow/example_dags/example_sla_dag.py
[2026-02-10T22:06:26.195+0000] {processor.py:830} INFO - Processing file /home/airflow/.local/lib/python3.12/site-packages/airflow/example_dags/example_sla_dag.py for tasks to queue
[2026-02-10T22:06:26.198+0000] {logging_mixin.py:188} INFO - [2026-02-10T22:06:26.198+0000] {dagbag.py:540} INFO - Filling up the DagBag from /home/airflow/.local/lib/python3.12/site-packages/airflow/example_dags/example_sla_dag.py
[2026-02-10T22:06:26.213+0000] {processor.py:840} INFO - DAG(s) 'example_sla_dag' retrieved from /home/airflow/.local/lib/python3.12/site-packages/airflow/example_dags/example_sla_dag.py
[2026-02-10T22:06:26.240+0000] {logging_mixin.py:188} INFO - [2026-02-10T22:06:26.239+0000] {dag.py:3096} INFO - Sync 1 DAGs
[2026-02-10T22:06:26.271+0000] {logging_mixin.py:188} INFO - [2026-02-10T22:06:26.271+0000] {dag.py:3954} INFO - Setting next_dagrun for example_sla_dag to 2026-02-10 22:04:00+00:00, run_after=2026-02-10 22:06:00+00:00
[2026-02-10T22:06:26.295+0000] {processor.py:183} INFO - Processing /home/airflow/.local/lib/python3.12/site-packages/airflow/example_dags/example_sla_dag.py took 0.107 seconds
[2026-02-10T22:06:56.917+0000] {processor.py:161} INFO - Started process (PID=668) to work on /home/airflow/.local/lib/python3.12/site-packages/airflow/example_dags/example_sla_dag.py
[2026-02-10T22:06:56.918+0000] {processor.py:830} INFO - Processing file /home/airflow/.local/lib/python3.12/site-packages/airflow/example_dags/example_sla_dag.py for tasks to queue
[2026-02-10T22:06:56.920+0000] {logging_mixin.py:188} INFO - [2026-02-10T22:06:56.920+0000] {dagbag.py:540} INFO - Filling up the DagBag from /home/airflow/.local/lib/python3.12/site-packages/airflow/example_dags/example_sla_dag.py
[2026-02-10T22:06:56.929+0000] {processor.py:840} INFO - DAG(s) 'example_sla_dag' retrieved from /home/airflow/.local/lib/python3.12/site-packages/airflow/example_dags/example_sla_dag.py
[2026-02-10T22:06:56.959+0000] {logging_mixin.py:188} INFO - [2026-02-10T22:06:56.958+0000] {dag.py:3096} INFO - Sync 1 DAGs
[2026-02-10T22:06:56.991+0000] {logging_mixin.py:188} INFO - [2026-02-10T22:06:56.991+0000] {dag.py:3954} INFO - Setting next_dagrun for example_sla_dag to 2026-02-10 22:04:00+00:00, run_after=2026-02-10 22:06:00+00:00
[2026-02-10T22:06:57.015+0000] {processor.py:183} INFO - Processing /home/airflow/.local/lib/python3.12/site-packages/airflow/example_dags/example_sla_dag.py took 0.104 seconds
[2026-02-10T22:07:27.311+0000] {processor.py:161} INFO - Started process (PID=722) to work on /home/airflow/.local/lib/python3.12/site-packages/airflow/example_dags/example_sla_dag.py
[2026-02-10T22:07:27.321+0000] {processor.py:830} INFO - Processing file /home/airflow/.local/lib/python3.12/site-packages/airflow/example_dags/example_sla_dag.py for tasks to queue
[2026-02-10T22:07:27.330+0000] {logging_mixin.py:188} INFO - [2026-02-10T22:07:27.329+0000] {dagbag.py:540} INFO - Filling up the DagBag from /home/airflow/.local/lib/python3.12/site-packages/airflow/example_dags/example_sla_dag.py
[2026-02-10T22:07:27.344+0000] {processor.py:840} INFO - DAG(s) 'example_sla_dag' retrieved from /home/airflow/.local/lib/python3.12/site-packages/airflow/example_dags/example_sla_dag.py
[2026-02-10T22:07:27.368+0000] {logging_mixin.py:188} INFO - [2026-02-10T22:07:27.368+0000] {dag.py:3096} INFO - Sync 1 DAGs
[2026-02-10T22:07:27.397+0000] {logging_mixin.py:188} INFO - [2026-02-10T22:07:27.397+0000] {dag.py:3954} INFO - Setting next_dagrun for example_sla_dag to 2026-02-10 22:04:00+00:00, run_after=2026-02-10 22:06:00+00:00
[2026-02-10T22:07:27.429+0000] {processor.py:183} INFO - Processing /home/airflow/.local/lib/python3.12/site-packages/airflow/example_dags/example_sla_dag.py took 0.129 seconds
[2026-02-10T22:07:57.654+0000] {processor.py:161} INFO - Started process (PID=776) to work on /home/airflow/.local/lib/python3.12/site-packages/airflow/example_dags/example_sla_dag.py
[2026-02-10T22:07:57.656+0000] {processor.py:830} INFO - Processing file /home/airflow/.local/lib/python3.12/site-packages/airflow/example_dags/example_sla_dag.py for tasks to queue
[2026-02-10T22:07:57.659+0000] {logging_mixin.py:188} INFO - [2026-02-10T22:07:57.658+0000] {dagbag.py:540} INFO - Filling up the DagBag from /home/airflow/.local/lib/python3.12/site-packages/airflow/example_dags/example_sla_dag.py
[2026-02-10T22:07:57.671+0000] {processor.py:840} INFO - DAG(s) 'example_sla_dag' retrieved from /home/airflow/.local/lib/python3.12/site-packages/airflow/example_dags/example_sla_dag.py
[2026-02-10T22:07:57.699+0000] {logging_mixin.py:188} INFO - [2026-02-10T22:07:57.699+0000] {dag.py:3096} INFO - Sync 1 DAGs
[2026-02-10T22:07:57.739+0000] {logging_mixin.py:188} INFO - [2026-02-10T22:07:57.739+0000] {dag.py:3954} INFO - Setting next_dagrun for example_sla_dag to 2026-02-10 22:04:00+00:00, run_after=2026-02-10 22:06:00+00:00
[2026-02-10T22:07:57.783+0000] {processor.py:183} INFO - Processing /home/airflow/.local/lib/python3.12/site-packages/airflow/example_dags/example_sla_dag.py took 0.137 seconds
[2026-02-10T22:13:59.591+0000] {processor.py:161} INFO - Started process (PID=74) to work on /home/airflow/.local/lib/python3.12/site-packages/airflow/example_dags/example_sla_dag.py
[2026-02-10T22:13:59.594+0000] {processor.py:830} INFO - Processing file /home/airflow/.local/lib/python3.12/site-packages/airflow/example_dags/example_sla_dag.py for tasks to queue
[2026-02-10T22:13:59.599+0000] {logging_mixin.py:188} INFO - [2026-02-10T22:13:59.598+0000] {dagbag.py:540} INFO - Filling up the DagBag from /home/airflow/.local/lib/python3.12/site-packages/airflow/example_dags/example_sla_dag.py
[2026-02-10T22:13:59.634+0000] {processor.py:840} INFO - DAG(s) 'example_sla_dag' retrieved from /home/airflow/.local/lib/python3.12/site-packages/airflow/example_dags/example_sla_dag.py
[2026-02-10T22:13:59.970+0000] {logging_mixin.py:188} INFO - [2026-02-10T22:13:59.969+0000] {dag.py:3096} INFO - Sync 1 DAGs
[2026-02-10T22:14:00.049+0000] {logging_mixin.py:188} INFO - [2026-02-10T22:14:00.049+0000] {dag.py:3954} INFO - Setting next_dagrun for example_sla_dag to 2026-02-10 22:12:00+00:00, run_after=2026-02-10 22:14:00+00:00
[2026-02-10T22:14:00.114+0000] {processor.py:183} INFO - Processing /home/airflow/.local/lib/python3.12/site-packages/airflow/example_dags/example_sla_dag.py took 0.542 seconds
[2026-02-10T22:14:30.739+0000] {processor.py:161} INFO - Started process (PID=128) to work on /home/airflow/.local/lib/python3.12/site-packages/airflow/example_dags/example_sla_dag.py
[2026-02-10T22:14:30.741+0000] {processor.py:830} INFO - Processing file /home/airflow/.local/lib/python3.12/site-packages/airflow/example_dags/example_sla_dag.py for tasks to queue
[2026-02-10T22:14:30.746+0000] {logging_mixin.py:188} INFO - [2026-02-10T22:14:30.745+0000] {dagbag.py:540} INFO - Filling up the DagBag from /home/airflow/.local/lib/python3.12/site-packages/airflow/example_dags/example_sla_dag.py
[2026-02-10T22:14:30.767+0000] {processor.py:840} INFO - DAG(s) 'example_sla_dag' retrieved from /home/airflow/.local/lib/python3.12/site-packages/airflow/example_dags/example_sla_dag.py
[2026-02-10T22:14:30.809+0000] {logging_mixin.py:188} INFO - [2026-02-10T22:14:30.809+0000] {dag.py:3096} INFO - Sync 1 DAGs
[2026-02-10T22:14:30.859+0000] {logging_mixin.py:188} INFO - [2026-02-10T22:14:30.859+0000] {dag.py:3954} INFO - Setting next_dagrun for example_sla_dag to 2026-02-10 22:12:00+00:00, run_after=2026-02-10 22:14:00+00:00
[2026-02-10T22:14:30.896+0000] {processor.py:183} INFO - Processing /home/airflow/.local/lib/python3.12/site-packages/airflow/example_dags/example_sla_dag.py took 0.170 seconds
[2026-02-10T22:15:01.064+0000] {processor.py:161} INFO - Started process (PID=182) to work on /home/airflow/.local/lib/python3.12/site-packages/airflow/example_dags/example_sla_dag.py
[2026-02-10T22:15:01.066+0000] {processor.py:830} INFO - Processing file /home/airflow/.local/lib/python3.12/site-packages/airflow/example_dags/example_sla_dag.py for tasks to queue
[2026-02-10T22:15:01.069+0000] {logging_mixin.py:188} INFO - [2026-02-10T22:15:01.068+0000] {dagbag.py:540} INFO - Filling up the DagBag from /home/airflow/.local/lib/python3.12/site-packages/airflow/example_dags/example_sla_dag.py
[2026-02-10T22:15:01.083+0000] {processor.py:840} INFO - DAG(s) 'example_sla_dag' retrieved from /home/airflow/.local/lib/python3.12/site-packages/airflow/example_dags/example_sla_dag.py
[2026-02-10T22:15:01.118+0000] {logging_mixin.py:188} INFO - [2026-02-10T22:15:01.117+0000] {dag.py:3096} INFO - Sync 1 DAGs
[2026-02-10T22:15:01.161+0000] {logging_mixin.py:188} INFO - [2026-02-10T22:15:01.161+0000] {dag.py:3954} INFO - Setting next_dagrun for example_sla_dag to 2026-02-10 22:12:00+00:00, run_after=2026-02-10 22:14:00+00:00
[2026-02-10T22:15:01.191+0000] {processor.py:183} INFO - Processing /home/airflow/.local/lib/python3.12/site-packages/airflow/example_dags/example_sla_dag.py took 0.141 seconds
[2026-02-10T22:15:31.457+0000] {processor.py:161} INFO - Started process (PID=236) to work on /home/airflow/.local/lib/python3.12/site-packages/airflow/example_dags/example_sla_dag.py
[2026-02-10T22:15:31.459+0000] {processor.py:830} INFO - Processing file /home/airflow/.local/lib/python3.12/site-packages/airflow/example_dags/example_sla_dag.py for tasks to queue
[2026-02-10T22:15:31.463+0000] {logging_mixin.py:188} INFO - [2026-02-10T22:15:31.462+0000] {dagbag.py:540} INFO - Filling up the DagBag from /home/airflow/.local/lib/python3.12/site-packages/airflow/example_dags/example_sla_dag.py
[2026-02-10T22:15:31.475+0000] {processor.py:840} INFO - DAG(s) 'example_sla_dag' retrieved from /home/airflow/.local/lib/python3.12/site-packages/airflow/example_dags/example_sla_dag.py
[2026-02-10T22:15:31.502+0000] {logging_mixin.py:188} INFO - [2026-02-10T22:15:31.502+0000] {dag.py:3096} INFO - Sync 1 DAGs
[2026-02-10T22:15:31.536+0000] {logging_mixin.py:188} INFO - [2026-02-10T22:15:31.536+0000] {dag.py:3954} INFO - Setting next_dagrun for example_sla_dag to 2026-02-10 22:12:00+00:00, run_after=2026-02-10 22:14:00+00:00
[2026-02-10T22:15:31.562+0000] {processor.py:183} INFO - Processing /home/airflow/.local/lib/python3.12/site-packages/airflow/example_dags/example_sla_dag.py took 0.113 seconds
[2026-02-10T22:16:01.717+0000] {processor.py:161} INFO - Started process (PID=290) to work on /home/airflow/.local/lib/python3.12/site-packages/airflow/example_dags/example_sla_dag.py
[2026-02-10T22:16:01.718+0000] {processor.py:830} INFO - Processing file /home/airflow/.local/lib/python3.12/site-packages/airflow/example_dags/example_sla_dag.py for tasks to queue
[2026-02-10T22:16:01.720+0000] {logging_mixin.py:188} INFO - [2026-02-10T22:16:01.719+0000] {dagbag.py:540} INFO - Filling up the DagBag from /home/airflow/.local/lib/python3.12/site-packages/airflow/example_dags/example_sla_dag.py
[2026-02-10T22:16:01.727+0000] {processor.py:840} INFO - DAG(s) 'example_sla_dag' retrieved from /home/airflow/.local/lib/python3.12/site-packages/airflow/example_dags/example_sla_dag.py
[2026-02-10T22:16:01.746+0000] {logging_mixin.py:188} INFO - [2026-02-10T22:16:01.746+0000] {dag.py:3096} INFO - Sync 1 DAGs
[2026-02-10T22:16:01.766+0000] {logging_mixin.py:188} INFO - [2026-02-10T22:16:01.766+0000] {dag.py:3954} INFO - Setting next_dagrun for example_sla_dag to 2026-02-10 22:14:00+00:00, run_after=2026-02-10 22:16:00+00:00
[2026-02-10T22:16:01.787+0000] {processor.py:183} INFO - Processing /home/airflow/.local/lib/python3.12/site-packages/airflow/example_dags/example_sla_dag.py took 0.075 seconds
[2026-02-10T22:16:32.303+0000] {processor.py:161} INFO - Started process (PID=344) to work on /home/airflow/.local/lib/python3.12/site-packages/airflow/example_dags/example_sla_dag.py
[2026-02-10T22:16:32.305+0000] {processor.py:830} INFO - Processing file /home/airflow/.local/lib/python3.12/site-packages/airflow/example_dags/example_sla_dag.py for tasks to queue
[2026-02-10T22:16:32.308+0000] {logging_mixin.py:188} INFO - [2026-02-10T22:16:32.308+0000] {dagbag.py:540} INFO - Filling up the DagBag from /home/airflow/.local/lib/python3.12/site-packages/airflow/example_dags/example_sla_dag.py
[2026-02-10T22:16:32.322+0000] {processor.py:840} INFO - DAG(s) 'example_sla_dag' retrieved from /home/airflow/.local/lib/python3.12/site-packages/airflow/example_dags/example_sla_dag.py
[2026-02-10T22:16:32.350+0000] {logging_mixin.py:188} INFO - [2026-02-10T22:16:32.350+0000] {dag.py:3096} INFO - Sync 1 DAGs
[2026-02-10T22:16:32.390+0000] {logging_mixin.py:188} INFO - [2026-02-10T22:16:32.390+0000] {dag.py:3954} INFO - Setting next_dagrun for example_sla_dag to 2026-02-10 22:14:00+00:00, run_after=2026-02-10 22:16:00+00:00
[2026-02-10T22:16:32.417+0000] {processor.py:183} INFO - Processing /home/airflow/.local/lib/python3.12/site-packages/airflow/example_dags/example_sla_dag.py took 0.121 seconds
[2026-02-10T22:17:03.067+0000] {processor.py:161} INFO - Started process (PID=398) to work on /home/airflow/.local/lib/python3.12/site-packages/airflow/example_dags/example_sla_dag.py
[2026-02-10T22:17:03.070+0000] {processor.py:830} INFO - Processing file /home/airflow/.local/lib/python3.12/site-packages/airflow/example_dags/example_sla_dag.py for tasks to queue
[2026-02-10T22:17:03.074+0000] {logging_mixin.py:188} INFO - [2026-02-10T22:17:03.073+0000] {dagbag.py:540} INFO - Filling up the DagBag from /home/airflow/.local/lib/python3.12/site-packages/airflow/example_dags/example_sla_dag.py
[2026-02-10T22:17:03.090+0000] {processor.py:840} INFO - DAG(s) 'example_sla_dag' retrieved from /home/airflow/.local/lib/python3.12/site-packages/airflow/example_dags/example_sla_dag.py
[2026-02-10T22:17:03.125+0000] {logging_mixin.py:188} INFO - [2026-02-10T22:17:03.124+0000] {dag.py:3096} INFO - Sync 1 DAGs
[2026-02-10T22:17:03.174+0000] {logging_mixin.py:188} INFO - [2026-02-10T22:17:03.173+0000] {dag.py:3954} INFO - Setting next_dagrun for example_sla_dag to 2026-02-10 22:14:00+00:00, run_after=2026-02-10 22:16:00+00:00
[2026-02-10T22:17:03.205+0000] {processor.py:183} INFO - Processing /home/airflow/.local/lib/python3.12/site-packages/airflow/example_dags/example_sla_dag.py took 0.151 seconds
[2026-02-10T22:17:33.804+0000] {processor.py:161} INFO - Started process (PID=452) to work on /home/airflow/.local/lib/python3.12/site-packages/airflow/example_dags/example_sla_dag.py
[2026-02-10T22:17:33.805+0000] {processor.py:830} INFO - Processing file /home/airflow/.local/lib/python3.12/site-packages/airflow/example_dags/example_sla_dag.py for tasks to queue
[2026-02-10T22:17:33.807+0000] {logging_mixin.py:188} INFO - [2026-02-10T22:17:33.807+0000] {dagbag.py:540} INFO - Filling up the DagBag from /home/airflow/.local/lib/python3.12/site-packages/airflow/example_dags/example_sla_dag.py
[2026-02-10T22:17:33.816+0000] {processor.py:840} INFO - DAG(s) 'example_sla_dag' retrieved from /home/airflow/.local/lib/python3.12/site-packages/airflow/example_dags/example_sla_dag.py
[2026-02-10T22:17:33.838+0000] {logging_mixin.py:188} INFO - [2026-02-10T22:17:33.837+0000] {dag.py:3096} INFO - Sync 1 DAGs
[2026-02-10T22:17:33.860+0000] {logging_mixin.py:188} INFO - [2026-02-10T22:17:33.860+0000] {dag.py:3954} INFO - Setting next_dagrun for example_sla_dag to 2026-02-10 22:14:00+00:00, run_after=2026-02-10 22:16:00+00:00
[2026-02-10T22:17:33.881+0000] {processor.py:183} INFO - Processing /home/airflow/.local/lib/python3.12/site-packages/airflow/example_dags/example_sla_dag.py took 0.084 seconds
[2026-02-10T22:18:04.704+0000] {processor.py:161} INFO - Started process (PID=506) to work on /home/airflow/.local/lib/python3.12/site-packages/airflow/example_dags/example_sla_dag.py
[2026-02-10T22:18:04.708+0000] {processor.py:830} INFO - Processing file /home/airflow/.local/lib/python3.12/site-packages/airflow/example_dags/example_sla_dag.py for tasks to queue
[2026-02-10T22:18:04.711+0000] {logging_mixin.py:188} INFO - [2026-02-10T22:18:04.710+0000] {dagbag.py:540} INFO - Filling up the DagBag from /home/airflow/.local/lib/python3.12/site-packages/airflow/example_dags/example_sla_dag.py
[2026-02-10T22:18:04.720+0000] {processor.py:840} INFO - DAG(s) 'example_sla_dag' retrieved from /home/airflow/.local/lib/python3.12/site-packages/airflow/example_dags/example_sla_dag.py
[2026-02-10T22:18:04.740+0000] {logging_mixin.py:188} INFO - [2026-02-10T22:18:04.739+0000] {dag.py:3096} INFO - Sync 1 DAGs
[2026-02-10T22:18:04.764+0000] {logging_mixin.py:188} INFO - [2026-02-10T22:18:04.763+0000] {dag.py:3954} INFO - Setting next_dagrun for example_sla_dag to 2026-02-10 22:16:00+00:00, run_after=2026-02-10 22:18:00+00:00
[2026-02-10T22:18:04.782+0000] {processor.py:183} INFO - Processing /home/airflow/.local/lib/python3.12/site-packages/airflow/example_dags/example_sla_dag.py took 0.083 seconds
[2026-02-10T22:18:34.933+0000] {processor.py:161} INFO - Started process (PID=560) to work on /home/airflow/.local/lib/python3.12/site-packages/airflow/example_dags/example_sla_dag.py
[2026-02-10T22:18:34.934+0000] {processor.py:830} INFO - Processing file /home/airflow/.local/lib/python3.12/site-packages/airflow/example_dags/example_sla_dag.py for tasks to queue
[2026-02-10T22:18:34.936+0000] {logging_mixin.py:188} INFO - [2026-02-10T22:18:34.936+0000] {dagbag.py:540} INFO - Filling up the DagBag from /home/airflow/.local/lib/python3.12/site-packages/airflow/example_dags/example_sla_dag.py
[2026-02-10T22:18:34.946+0000] {processor.py:840} INFO - DAG(s) 'example_sla_dag' retrieved from /home/airflow/.local/lib/python3.12/site-packages/airflow/example_dags/example_sla_dag.py
[2026-02-10T22:18:34.967+0000] {logging_mixin.py:188} INFO - [2026-02-10T22:18:34.967+0000] {dag.py:3096} INFO - Sync 1 DAGs
[2026-02-10T22:18:34.996+0000] {logging_mixin.py:188} INFO - [2026-02-10T22:18:34.996+0000] {dag.py:3954} INFO - Setting next_dagrun for example_sla_dag to 2026-02-10 22:16:00+00:00, run_after=2026-02-10 22:18:00+00:00
[2026-02-10T22:18:35.018+0000] {processor.py:183} INFO - Processing /home/airflow/.local/lib/python3.12/site-packages/airflow/example_dags/example_sla_dag.py took 0.091 seconds
[2026-02-10T22:19:05.311+0000] {processor.py:161} INFO - Started process (PID=614) to work on /home/airflow/.local/lib/python3.12/site-packages/airflow/example_dags/example_sla_dag.py
[2026-02-10T22:19:05.313+0000] {processor.py:830} INFO - Processing file /home/airflow/.local/lib/python3.12/site-packages/airflow/example_dags/example_sla_dag.py for tasks to queue
[2026-02-10T22:19:05.316+0000] {logging_mixin.py:188} INFO - [2026-02-10T22:19:05.315+0000] {dagbag.py:540} INFO - Filling up the DagBag from /home/airflow/.local/lib/python3.12/site-packages/airflow/example_dags/example_sla_dag.py
[2026-02-10T22:19:05.329+0000] {processor.py:840} INFO - DAG(s) 'example_sla_dag' retrieved from /home/airflow/.local/lib/python3.12/site-packages/airflow/example_dags/example_sla_dag.py
[2026-02-10T22:19:05.356+0000] {logging_mixin.py:188} INFO - [2026-02-10T22:19:05.356+0000] {dag.py:3096} INFO - Sync 1 DAGs
[2026-02-10T22:19:05.391+0000] {logging_mixin.py:188} INFO - [2026-02-10T22:19:05.391+0000] {dag.py:3954} INFO - Setting next_dagrun for example_sla_dag to 2026-02-10 22:16:00+00:00, run_after=2026-02-10 22:18:00+00:00
[2026-02-10T22:19:05.420+0000] {processor.py:183} INFO - Processing /home/airflow/.local/lib/python3.12/site-packages/airflow/example_dags/example_sla_dag.py took 0.120 seconds
[2026-02-10T22:19:35.721+0000] {processor.py:161} INFO - Started process (PID=668) to work on /home/airflow/.local/lib/python3.12/site-packages/airflow/example_dags/example_sla_dag.py
[2026-02-10T22:19:35.724+0000] {processor.py:830} INFO - Processing file /home/airflow/.local/lib/python3.12/site-packages/airflow/example_dags/example_sla_dag.py for tasks to queue
[2026-02-10T22:19:35.728+0000] {logging_mixin.py:188} INFO - [2026-02-10T22:19:35.727+0000] {dagbag.py:540} INFO - Filling up the DagBag from /home/airflow/.local/lib/python3.12/site-packages/airflow/example_dags/example_sla_dag.py
[2026-02-10T22:19:35.744+0000] {processor.py:840} INFO - DAG(s) 'example_sla_dag' retrieved from /home/airflow/.local/lib/python3.12/site-packages/airflow/example_dags/example_sla_dag.py
[2026-02-10T22:19:35.780+0000] {logging_mixin.py:188} INFO - [2026-02-10T22:19:35.780+0000] {dag.py:3096} INFO - Sync 1 DAGs
[2026-02-10T22:19:35.900+0000] {logging_mixin.py:188} INFO - [2026-02-10T22:19:35.899+0000] {dag.py:3954} INFO - Setting next_dagrun for example_sla_dag to 2026-02-10 22:16:00+00:00, run_after=2026-02-10 22:18:00+00:00
[2026-02-10T22:19:35.995+0000] {processor.py:183} INFO - Processing /home/airflow/.local/lib/python3.12/site-packages/airflow/example_dags/example_sla_dag.py took 0.286 seconds
[2026-02-10T22:20:06.831+0000] {processor.py:161} INFO - Started process (PID=722) to work on /home/airflow/.local/lib/python3.12/site-packages/airflow/example_dags/example_sla_dag.py
[2026-02-10T22:20:06.833+0000] {processor.py:830} INFO - Processing file /home/airflow/.local/lib/python3.12/site-packages/airflow/example_dags/example_sla_dag.py for tasks to queue
[2026-02-10T22:20:06.837+0000] {logging_mixin.py:188} INFO - [2026-02-10T22:20:06.836+0000] {dagbag.py:540} INFO - Filling up the DagBag from /home/airflow/.local/lib/python3.12/site-packages/airflow/example_dags/example_sla_dag.py
[2026-02-10T22:20:06.852+0000] {processor.py:840} INFO - DAG(s) 'example_sla_dag' retrieved from /home/airflow/.local/lib/python3.12/site-packages/airflow/example_dags/example_sla_dag.py
[2026-02-10T22:20:06.886+0000] {logging_mixin.py:188} INFO - [2026-02-10T22:20:06.885+0000] {dag.py:3096} INFO - Sync 1 DAGs
[2026-02-10T22:20:06.924+0000] {logging_mixin.py:188} INFO - [2026-02-10T22:20:06.924+0000] {dag.py:3954} INFO - Setting next_dagrun for example_sla_dag to 2026-02-10 22:18:00+00:00, run_after=2026-02-10 22:20:00+00:00
[2026-02-10T22:20:06.958+0000] {processor.py:183} INFO - Processing /home/airflow/.local/lib/python3.12/site-packages/airflow/example_dags/example_sla_dag.py took 0.137 seconds
[2026-02-10T22:20:37.554+0000] {processor.py:161} INFO - Started process (PID=776) to work on /home/airflow/.local/lib/python3.12/site-packages/airflow/example_dags/example_sla_dag.py
[2026-02-10T22:20:37.556+0000] {processor.py:830} INFO - Processing file /home/airflow/.local/lib/python3.12/site-packages/airflow/example_dags/example_sla_dag.py for tasks to queue
[2026-02-10T22:20:37.560+0000] {logging_mixin.py:188} INFO - [2026-02-10T22:20:37.560+0000] {dagbag.py:540} INFO - Filling up the DagBag from /home/airflow/.local/lib/python3.12/site-packages/airflow/example_dags/example_sla_dag.py
[2026-02-10T22:20:37.580+0000] {processor.py:840} INFO - DAG(s) 'example_sla_dag' retrieved from /home/airflow/.local/lib/python3.12/site-packages/airflow/example_dags/example_sla_dag.py
[2026-02-10T22:20:37.616+0000] {logging_mixin.py:188} INFO - [2026-02-10T22:20:37.616+0000] {dag.py:3096} INFO - Sync 1 DAGs
[2026-02-10T22:20:37.664+0000] {logging_mixin.py:188} INFO - [2026-02-10T22:20:37.663+0000] {dag.py:3954} INFO - Setting next_dagrun for example_sla_dag to 2026-02-10 22:18:00+00:00, run_after=2026-02-10 22:20:00+00:00
[2026-02-10T22:20:37.700+0000] {processor.py:183} INFO - Processing /home/airflow/.local/lib/python3.12/site-packages/airflow/example_dags/example_sla_dag.py took 0.157 seconds
[2026-02-10T22:21:08.520+0000] {processor.py:161} INFO - Started process (PID=830) to work on /home/airflow/.local/lib/python3.12/site-packages/airflow/example_dags/example_sla_dag.py
[2026-02-10T22:21:08.523+0000] {processor.py:830} INFO - Processing file /home/airflow/.local/lib/python3.12/site-packages/airflow/example_dags/example_sla_dag.py for tasks to queue
[2026-02-10T22:21:08.528+0000] {logging_mixin.py:188} INFO - [2026-02-10T22:21:08.527+0000] {dagbag.py:540} INFO - Filling up the DagBag from /home/airflow/.local/lib/python3.12/site-packages/airflow/example_dags/example_sla_dag.py
[2026-02-10T22:21:08.560+0000] {processor.py:840} INFO - DAG(s) 'example_sla_dag' retrieved from /home/airflow/.local/lib/python3.12/site-packages/airflow/example_dags/example_sla_dag.py
[2026-02-10T22:21:08.625+0000] {logging_mixin.py:188} INFO - [2026-02-10T22:21:08.623+0000] {dag.py:3096} INFO - Sync 1 DAGs
[2026-02-10T22:21:08.725+0000] {logging_mixin.py:188} INFO - [2026-02-10T22:21:08.725+0000] {dag.py:3954} INFO - Setting next_dagrun for example_sla_dag to 2026-02-10 22:18:00+00:00, run_after=2026-02-10 22:20:00+00:00
[2026-02-10T22:21:08.787+0000] {processor.py:183} INFO - Processing /home/airflow/.local/lib/python3.12/site-packages/airflow/example_dags/example_sla_dag.py took 0.282 seconds
[2026-02-10T22:21:39.465+0000] {processor.py:161} INFO - Started process (PID=884) to work on /home/airflow/.local/lib/python3.12/site-packages/airflow/example_dags/example_sla_dag.py
[2026-02-10T22:21:39.467+0000] {processor.py:830} INFO - Processing file /home/airflow/.local/lib/python3.12/site-packages/airflow/example_dags/example_sla_dag.py for tasks to queue
[2026-02-10T22:21:39.471+0000] {logging_mixin.py:188} INFO - [2026-02-10T22:21:39.470+0000] {dagbag.py:540} INFO - Filling up the DagBag from /home/airflow/.local/lib/python3.12/site-packages/airflow/example_dags/example_sla_dag.py
[2026-02-10T22:21:39.487+0000] {processor.py:840} INFO - DAG(s) 'example_sla_dag' retrieved from /home/airflow/.local/lib/python3.12/site-packages/airflow/example_dags/example_sla_dag.py
[2026-02-10T22:21:39.523+0000] {logging_mixin.py:188} INFO - [2026-02-10T22:21:39.523+0000] {dag.py:3096} INFO - Sync 1 DAGs
[2026-02-10T22:21:39.568+0000] {logging_mixin.py:188} INFO - [2026-02-10T22:21:39.568+0000] {dag.py:3954} INFO - Setting next_dagrun for example_sla_dag to 2026-02-10 22:18:00+00:00, run_after=2026-02-10 22:20:00+00:00
[2026-02-10T22:21:39.606+0000] {processor.py:183} INFO - Processing /home/airflow/.local/lib/python3.12/site-packages/airflow/example_dags/example_sla_dag.py took 0.153 seconds
[2026-02-10T22:22:10.017+0000] {processor.py:161} INFO - Started process (PID=938) to work on /home/airflow/.local/lib/python3.12/site-packages/airflow/example_dags/example_sla_dag.py
[2026-02-10T22:22:10.019+0000] {processor.py:830} INFO - Processing file /home/airflow/.local/lib/python3.12/site-packages/airflow/example_dags/example_sla_dag.py for tasks to queue
[2026-02-10T22:22:10.022+0000] {logging_mixin.py:188} INFO - [2026-02-10T22:22:10.021+0000] {dagbag.py:540} INFO - Filling up the DagBag from /home/airflow/.local/lib/python3.12/site-packages/airflow/example_dags/example_sla_dag.py
[2026-02-10T22:22:10.034+0000] {processor.py:840} INFO - DAG(s) 'example_sla_dag' retrieved from /home/airflow/.local/lib/python3.12/site-packages/airflow/example_dags/example_sla_dag.py
[2026-02-10T22:22:10.061+0000] {logging_mixin.py:188} INFO - [2026-02-10T22:22:10.061+0000] {dag.py:3096} INFO - Sync 1 DAGs
[2026-02-10T22:22:10.095+0000] {logging_mixin.py:188} INFO - [2026-02-10T22:22:10.095+0000] {dag.py:3954} INFO - Setting next_dagrun for example_sla_dag to 2026-02-10 22:20:00+00:00, run_after=2026-02-10 22:22:00+00:00
[2026-02-10T22:22:10.121+0000] {processor.py:183} INFO - Processing /home/airflow/.local/lib/python3.12/site-packages/airflow/example_dags/example_sla_dag.py took 0.113 seconds
[2026-02-10T22:22:40.920+0000] {processor.py:161} INFO - Started process (PID=992) to work on /home/airflow/.local/lib/python3.12/site-packages/airflow/example_dags/example_sla_dag.py
[2026-02-10T22:22:40.922+0000] {processor.py:830} INFO - Processing file /home/airflow/.local/lib/python3.12/site-packages/airflow/example_dags/example_sla_dag.py for tasks to queue
[2026-02-10T22:22:40.925+0000] {logging_mixin.py:188} INFO - [2026-02-10T22:22:40.925+0000] {dagbag.py:540} INFO - Filling up the DagBag from /home/airflow/.local/lib/python3.12/site-packages/airflow/example_dags/example_sla_dag.py
[2026-02-10T22:22:40.941+0000] {processor.py:840} INFO - DAG(s) 'example_sla_dag' retrieved from /home/airflow/.local/lib/python3.12/site-packages/airflow/example_dags/example_sla_dag.py
[2026-02-10T22:22:40.976+0000] {logging_mixin.py:188} INFO - [2026-02-10T22:22:40.975+0000] {dag.py:3096} INFO - Sync 1 DAGs
[2026-02-10T22:22:41.018+0000] {logging_mixin.py:188} INFO - [2026-02-10T22:22:41.018+0000] {dag.py:3954} INFO - Setting next_dagrun for example_sla_dag to 2026-02-10 22:20:00+00:00, run_after=2026-02-10 22:22:00+00:00
[2026-02-10T22:22:41.053+0000] {processor.py:183} INFO - Processing /home/airflow/.local/lib/python3.12/site-packages/airflow/example_dags/example_sla_dag.py took 0.144 seconds
[2026-02-10T22:23:12.081+0000] {processor.py:161} INFO - Started process (PID=1046) to work on /home/airflow/.local/lib/python3.12/site-packages/airflow/example_dags/example_sla_dag.py
[2026-02-10T22:23:12.082+0000] {processor.py:830} INFO - Processing file /home/airflow/.local/lib/python3.12/site-packages/airflow/example_dags/example_sla_dag.py for tasks to queue
[2026-02-10T22:23:12.085+0000] {logging_mixin.py:188} INFO - [2026-02-10T22:23:12.084+0000] {dagbag.py:540} INFO - Filling up the DagBag from /home/airflow/.local/lib/python3.12/site-packages/airflow/example_dags/example_sla_dag.py
[2026-02-10T22:23:12.096+0000] {processor.py:840} INFO - DAG(s) 'example_sla_dag' retrieved from /home/airflow/.local/lib/python3.12/site-packages/airflow/example_dags/example_sla_dag.py
[2026-02-10T22:23:12.120+0000] {logging_mixin.py:188} INFO - [2026-02-10T22:23:12.120+0000] {dag.py:3096} INFO - Sync 1 DAGs
[2026-02-10T22:23:12.149+0000] {logging_mixin.py:188} INFO - [2026-02-10T22:23:12.149+0000] {dag.py:3954} INFO - Setting next_dagrun for example_sla_dag to 2026-02-10 22:20:00+00:00, run_after=2026-02-10 22:22:00+00:00
[2026-02-10T22:23:12.173+0000] {processor.py:183} INFO - Processing /home/airflow/.local/lib/python3.12/site-packages/airflow/example_dags/example_sla_dag.py took 0.098 seconds
[2026-02-10T22:23:43.144+0000] {processor.py:161} INFO - Started process (PID=1100) to work on /home/airflow/.local/lib/python3.12/site-packages/airflow/example_dags/example_sla_dag.py
[2026-02-10T22:23:43.146+0000] {processor.py:830} INFO - Processing file /home/airflow/.local/lib/python3.12/site-packages/airflow/example_dags/example_sla_dag.py for tasks to queue
[2026-02-10T22:23:43.148+0000] {logging_mixin.py:188} INFO - [2026-02-10T22:23:43.148+0000] {dagbag.py:540} INFO - Filling up the DagBag from /home/airflow/.local/lib/python3.12/site-packages/airflow/example_dags/example_sla_dag.py
[2026-02-10T22:23:43.159+0000] {processor.py:840} INFO - DAG(s) 'example_sla_dag' retrieved from /home/airflow/.local/lib/python3.12/site-packages/airflow/example_dags/example_sla_dag.py
[2026-02-10T22:23:43.184+0000] {logging_mixin.py:188} INFO - [2026-02-10T22:23:43.184+0000] {dag.py:3096} INFO - Sync 1 DAGs
[2026-02-10T22:23:43.211+0000] {logging_mixin.py:188} INFO - [2026-02-10T22:23:43.211+0000] {dag.py:3954} INFO - Setting next_dagrun for example_sla_dag to 2026-02-10 22:20:00+00:00, run_after=2026-02-10 22:22:00+00:00
[2026-02-10T22:23:43.237+0000] {processor.py:183} INFO - Processing /home/airflow/.local/lib/python3.12/site-packages/airflow/example_dags/example_sla_dag.py took 0.099 seconds
[2026-02-10T22:24:13.509+0000] {processor.py:161} INFO - Started process (PID=1154) to work on /home/airflow/.local/lib/python3.12/site-packages/airflow/example_dags/example_sla_dag.py
[2026-02-10T22:24:13.510+0000] {processor.py:830} INFO - Processing file /home/airflow/.local/lib/python3.12/site-packages/airflow/example_dags/example_sla_dag.py for tasks to queue
[2026-02-10T22:24:13.512+0000] {logging_mixin.py:188} INFO - [2026-02-10T22:24:13.512+0000] {dagbag.py:540} INFO - Filling up the DagBag from /home/airflow/.local/lib/python3.12/site-packages/airflow/example_dags/example_sla_dag.py
[2026-02-10T22:24:13.524+0000] {processor.py:840} INFO - DAG(s) 'example_sla_dag' retrieved from /home/airflow/.local/lib/python3.12/site-packages/airflow/example_dags/example_sla_dag.py
[2026-02-10T22:24:13.548+0000] {logging_mixin.py:188} INFO - [2026-02-10T22:24:13.548+0000] {dag.py:3096} INFO - Sync 1 DAGs
[2026-02-10T22:24:13.757+0000] {logging_mixin.py:188} INFO - [2026-02-10T22:24:13.757+0000] {dag.py:3954} INFO - Setting next_dagrun for example_sla_dag to 2026-02-10 22:22:00+00:00, run_after=2026-02-10 22:24:00+00:00
[2026-02-10T22:24:13.782+0000] {processor.py:183} INFO - Processing /home/airflow/.local/lib/python3.12/site-packages/airflow/example_dags/example_sla_dag.py took 0.279 seconds
[2026-02-10T22:24:44.659+0000] {processor.py:161} INFO - Started process (PID=1208) to work on /home/airflow/.local/lib/python3.12/site-packages/airflow/example_dags/example_sla_dag.py
[2026-02-10T22:24:44.661+0000] {processor.py:830} INFO - Processing file /home/airflow/.local/lib/python3.12/site-packages/airflow/example_dags/example_sla_dag.py for tasks to queue
[2026-02-10T22:24:44.664+0000] {logging_mixin.py:188} INFO - [2026-02-10T22:24:44.663+0000] {dagbag.py:540} INFO - Filling up the DagBag from /home/airflow/.local/lib/python3.12/site-packages/airflow/example_dags/example_sla_dag.py
[2026-02-10T22:24:44.674+0000] {processor.py:840} INFO - DAG(s) 'example_sla_dag' retrieved from /home/airflow/.local/lib/python3.12/site-packages/airflow/example_dags/example_sla_dag.py
[2026-02-10T22:24:44.699+0000] {logging_mixin.py:188} INFO - [2026-02-10T22:24:44.699+0000] {dag.py:3096} INFO - Sync 1 DAGs
[2026-02-10T22:24:44.722+0000] {logging_mixin.py:188} INFO - [2026-02-10T22:24:44.722+0000] {dag.py:3954} INFO - Setting next_dagrun for example_sla_dag to 2026-02-10 22:22:00+00:00, run_after=2026-02-10 22:24:00+00:00
[2026-02-10T22:24:44.896+0000] {processor.py:183} INFO - Processing /home/airflow/.local/lib/python3.12/site-packages/airflow/example_dags/example_sla_dag.py took 0.245 seconds
[2026-02-10T22:25:15.346+0000] {processor.py:161} INFO - Started process (PID=1262) to work on /home/airflow/.local/lib/python3.12/site-packages/airflow/example_dags/example_sla_dag.py
[2026-02-10T22:25:15.348+0000] {processor.py:830} INFO - Processing file /home/airflow/.local/lib/python3.12/site-packages/airflow/example_dags/example_sla_dag.py for tasks to queue
[2026-02-10T22:25:15.350+0000] {logging_mixin.py:188} INFO - [2026-02-10T22:25:15.350+0000] {dagbag.py:540} INFO - Filling up the DagBag from /home/airflow/.local/lib/python3.12/site-packages/airflow/example_dags/example_sla_dag.py
[2026-02-10T22:25:15.359+0000] {processor.py:840} INFO - DAG(s) 'example_sla_dag' retrieved from /home/airflow/.local/lib/python3.12/site-packages/airflow/example_dags/example_sla_dag.py
[2026-02-10T22:25:15.378+0000] {logging_mixin.py:188} INFO - [2026-02-10T22:25:15.378+0000] {dag.py:3096} INFO - Sync 1 DAGs
[2026-02-10T22:25:15.401+0000] {logging_mixin.py:188} INFO - [2026-02-10T22:25:15.401+0000] {dag.py:3954} INFO - Setting next_dagrun for example_sla_dag to 2026-02-10 22:22:00+00:00, run_after=2026-02-10 22:24:00+00:00
[2026-02-10T22:25:15.423+0000] {processor.py:183} INFO - Processing /home/airflow/.local/lib/python3.12/site-packages/airflow/example_dags/example_sla_dag.py took 0.082 seconds
[2026-02-10T22:25:47.312+0000] {processor.py:161} INFO - Started process (PID=1315) to work on /home/airflow/.local/lib/python3.12/site-packages/airflow/example_dags/example_sla_dag.py
[2026-02-10T22:25:47.313+0000] {processor.py:830} INFO - Processing file /home/airflow/.local/lib/python3.12/site-packages/airflow/example_dags/example_sla_dag.py for tasks to queue
[2026-02-10T22:25:47.317+0000] {logging_mixin.py:188} INFO - [2026-02-10T22:25:47.316+0000] {dagbag.py:540} INFO - Filling up the DagBag from /home/airflow/.local/lib/python3.12/site-packages/airflow/example_dags/example_sla_dag.py
[2026-02-10T22:25:47.331+0000] {processor.py:840} INFO - DAG(s) 'example_sla_dag' retrieved from /home/airflow/.local/lib/python3.12/site-packages/airflow/example_dags/example_sla_dag.py
[2026-02-10T22:25:47.586+0000] {logging_mixin.py:188} INFO - [2026-02-10T22:25:47.586+0000] {dag.py:3096} INFO - Sync 1 DAGs
[2026-02-10T22:25:47.635+0000] {logging_mixin.py:188} INFO - [2026-02-10T22:25:47.635+0000] {dag.py:3954} INFO - Setting next_dagrun for example_sla_dag to 2026-02-10 22:22:00+00:00, run_after=2026-02-10 22:24:00+00:00
[2026-02-10T22:25:47.667+0000] {processor.py:183} INFO - Processing /home/airflow/.local/lib/python3.12/site-packages/airflow/example_dags/example_sla_dag.py took 0.365 seconds
[2026-02-10T22:26:18.846+0000] {processor.py:161} INFO - Started process (PID=1370) to work on /home/airflow/.local/lib/python3.12/site-packages/airflow/example_dags/example_sla_dag.py
[2026-02-10T22:26:18.849+0000] {processor.py:830} INFO - Processing file /home/airflow/.local/lib/python3.12/site-packages/airflow/example_dags/example_sla_dag.py for tasks to queue
[2026-02-10T22:26:18.862+0000] {logging_mixin.py:188} INFO - [2026-02-10T22:26:18.860+0000] {dagbag.py:540} INFO - Filling up the DagBag from /home/airflow/.local/lib/python3.12/site-packages/airflow/example_dags/example_sla_dag.py
[2026-02-10T22:26:18.897+0000] {processor.py:840} INFO - DAG(s) 'example_sla_dag' retrieved from /home/airflow/.local/lib/python3.12/site-packages/airflow/example_dags/example_sla_dag.py
[2026-02-10T22:26:19.021+0000] {logging_mixin.py:188} INFO - [2026-02-10T22:26:19.020+0000] {dag.py:3096} INFO - Sync 1 DAGs
[2026-02-10T22:26:19.113+0000] {logging_mixin.py:188} INFO - [2026-02-10T22:26:19.112+0000] {dag.py:3954} INFO - Setting next_dagrun for example_sla_dag to 2026-02-10 22:24:00+00:00, run_after=2026-02-10 22:26:00+00:00
[2026-02-10T22:26:19.165+0000] {processor.py:183} INFO - Processing /home/airflow/.local/lib/python3.12/site-packages/airflow/example_dags/example_sla_dag.py took 0.348 seconds
[2026-02-10T22:26:49.936+0000] {processor.py:161} INFO - Started process (PID=1424) to work on /home/airflow/.local/lib/python3.12/site-packages/airflow/example_dags/example_sla_dag.py
[2026-02-10T22:26:49.938+0000] {processor.py:830} INFO - Processing file /home/airflow/.local/lib/python3.12/site-packages/airflow/example_dags/example_sla_dag.py for tasks to queue
[2026-02-10T22:26:49.942+0000] {logging_mixin.py:188} INFO - [2026-02-10T22:26:49.941+0000] {dagbag.py:540} INFO - Filling up the DagBag from /home/airflow/.local/lib/python3.12/site-packages/airflow/example_dags/example_sla_dag.py
[2026-02-10T22:26:49.955+0000] {processor.py:840} INFO - DAG(s) 'example_sla_dag' retrieved from /home/airflow/.local/lib/python3.12/site-packages/airflow/example_dags/example_sla_dag.py
[2026-02-10T22:26:49.991+0000] {logging_mixin.py:188} INFO - [2026-02-10T22:26:49.990+0000] {dag.py:3096} INFO - Sync 1 DAGs
[2026-02-10T22:26:50.034+0000] {logging_mixin.py:188} INFO - [2026-02-10T22:26:50.034+0000] {dag.py:3954} INFO - Setting next_dagrun for example_sla_dag to 2026-02-10 22:24:00+00:00, run_after=2026-02-10 22:26:00+00:00
[2026-02-10T22:26:50.067+0000] {processor.py:183} INFO - Processing /home/airflow/.local/lib/python3.12/site-packages/airflow/example_dags/example_sla_dag.py took 0.143 seconds
[2026-02-10T22:27:20.118+0000] {processor.py:161} INFO - Started process (PID=1477) to work on /home/airflow/.local/lib/python3.12/site-packages/airflow/example_dags/example_sla_dag.py
[2026-02-10T22:27:20.118+0000] {processor.py:830} INFO - Processing file /home/airflow/.local/lib/python3.12/site-packages/airflow/example_dags/example_sla_dag.py for tasks to queue
[2026-02-10T22:27:20.120+0000] {logging_mixin.py:188} INFO - [2026-02-10T22:27:20.120+0000] {dagbag.py:540} INFO - Filling up the DagBag from /home/airflow/.local/lib/python3.12/site-packages/airflow/example_dags/example_sla_dag.py
[2026-02-10T22:27:20.129+0000] {processor.py:840} INFO - DAG(s) 'example_sla_dag' retrieved from /home/airflow/.local/lib/python3.12/site-packages/airflow/example_dags/example_sla_dag.py
[2026-02-10T22:27:20.149+0000] {logging_mixin.py:188} INFO - [2026-02-10T22:27:20.149+0000] {dag.py:3096} INFO - Sync 1 DAGs
[2026-02-10T22:27:20.173+0000] {logging_mixin.py:188} INFO - [2026-02-10T22:27:20.173+0000] {dag.py:3954} INFO - Setting next_dagrun for example_sla_dag to 2026-02-10 22:24:00+00:00, run_after=2026-02-10 22:26:00+00:00
[2026-02-10T22:27:20.193+0000] {processor.py:183} INFO - Processing /home/airflow/.local/lib/python3.12/site-packages/airflow/example_dags/example_sla_dag.py took 0.081 seconds
[2026-02-10T22:27:50.328+0000] {processor.py:161} INFO - Started process (PID=1531) to work on /home/airflow/.local/lib/python3.12/site-packages/airflow/example_dags/example_sla_dag.py
[2026-02-10T22:27:50.330+0000] {processor.py:830} INFO - Processing file /home/airflow/.local/lib/python3.12/site-packages/airflow/example_dags/example_sla_dag.py for tasks to queue
[2026-02-10T22:27:50.332+0000] {logging_mixin.py:188} INFO - [2026-02-10T22:27:50.331+0000] {dagbag.py:540} INFO - Filling up the DagBag from /home/airflow/.local/lib/python3.12/site-packages/airflow/example_dags/example_sla_dag.py
[2026-02-10T22:27:50.341+0000] {processor.py:840} INFO - DAG(s) 'example_sla_dag' retrieved from /home/airflow/.local/lib/python3.12/site-packages/airflow/example_dags/example_sla_dag.py
[2026-02-10T22:27:50.364+0000] {logging_mixin.py:188} INFO - [2026-02-10T22:27:50.364+0000] {dag.py:3096} INFO - Sync 1 DAGs
[2026-02-10T22:27:50.390+0000] {logging_mixin.py:188} INFO - [2026-02-10T22:27:50.390+0000] {dag.py:3954} INFO - Setting next_dagrun for example_sla_dag to 2026-02-10 22:24:00+00:00, run_after=2026-02-10 22:26:00+00:00
[2026-02-10T22:27:50.412+0000] {processor.py:183} INFO - Processing /home/airflow/.local/lib/python3.12/site-packages/airflow/example_dags/example_sla_dag.py took 0.090 seconds
[2026-02-10T22:35:22.553+0000] {processor.py:161} INFO - Started process (PID=74) to work on /home/airflow/.local/lib/python3.12/site-packages/airflow/example_dags/example_sla_dag.py
[2026-02-10T22:35:22.562+0000] {processor.py:830} INFO - Processing file /home/airflow/.local/lib/python3.12/site-packages/airflow/example_dags/example_sla_dag.py for tasks to queue
[2026-02-10T22:35:22.568+0000] {logging_mixin.py:188} INFO - [2026-02-10T22:35:22.567+0000] {dagbag.py:540} INFO - Filling up the DagBag from /home/airflow/.local/lib/python3.12/site-packages/airflow/example_dags/example_sla_dag.py
[2026-02-10T22:35:22.608+0000] {processor.py:840} INFO - DAG(s) 'example_sla_dag' retrieved from /home/airflow/.local/lib/python3.12/site-packages/airflow/example_dags/example_sla_dag.py
[2026-02-10T22:35:22.644+0000] {logging_mixin.py:188} INFO - [2026-02-10T22:35:22.643+0000] {dag.py:3096} INFO - Sync 1 DAGs
[2026-02-10T22:35:22.725+0000] {logging_mixin.py:188} INFO - [2026-02-10T22:35:22.724+0000] {dag.py:3954} INFO - Setting next_dagrun for example_sla_dag to 2026-02-10 22:32:00+00:00, run_after=2026-02-10 22:34:00+00:00
[2026-02-10T22:35:22.771+0000] {processor.py:183} INFO - Processing /home/airflow/.local/lib/python3.12/site-packages/airflow/example_dags/example_sla_dag.py took 0.235 seconds
[2026-02-10T22:35:57.129+0000] {processor.py:161} INFO - Started process (PID=128) to work on /home/airflow/.local/lib/python3.12/site-packages/airflow/example_dags/example_sla_dag.py
[2026-02-10T22:35:57.134+0000] {processor.py:830} INFO - Processing file /home/airflow/.local/lib/python3.12/site-packages/airflow/example_dags/example_sla_dag.py for tasks to queue
[2026-02-10T22:35:57.141+0000] {logging_mixin.py:188} INFO - [2026-02-10T22:35:57.140+0000] {dagbag.py:540} INFO - Filling up the DagBag from /home/airflow/.local/lib/python3.12/site-packages/airflow/example_dags/example_sla_dag.py
[2026-02-10T22:35:57.184+0000] {processor.py:840} INFO - DAG(s) 'example_sla_dag' retrieved from /home/airflow/.local/lib/python3.12/site-packages/airflow/example_dags/example_sla_dag.py
[2026-02-10T22:35:57.655+0000] {logging_mixin.py:188} INFO - [2026-02-10T22:35:57.654+0000] {dag.py:3096} INFO - Sync 1 DAGs
[2026-02-10T22:35:57.762+0000] {logging_mixin.py:188} INFO - [2026-02-10T22:35:57.761+0000] {dag.py:3954} INFO - Setting next_dagrun for example_sla_dag to 2026-02-10 22:32:00+00:00, run_after=2026-02-10 22:34:00+00:00
[2026-02-10T22:35:57.846+0000] {processor.py:183} INFO - Processing /home/airflow/.local/lib/python3.12/site-packages/airflow/example_dags/example_sla_dag.py took 0.743 seconds
[2026-02-10T22:36:28.082+0000] {processor.py:161} INFO - Started process (PID=182) to work on /home/airflow/.local/lib/python3.12/site-packages/airflow/example_dags/example_sla_dag.py
[2026-02-10T22:36:28.084+0000] {processor.py:830} INFO - Processing file /home/airflow/.local/lib/python3.12/site-packages/airflow/example_dags/example_sla_dag.py for tasks to queue
[2026-02-10T22:36:28.088+0000] {logging_mixin.py:188} INFO - [2026-02-10T22:36:28.087+0000] {dagbag.py:540} INFO - Filling up the DagBag from /home/airflow/.local/lib/python3.12/site-packages/airflow/example_dags/example_sla_dag.py
[2026-02-10T22:36:28.103+0000] {processor.py:840} INFO - DAG(s) 'example_sla_dag' retrieved from /home/airflow/.local/lib/python3.12/site-packages/airflow/example_dags/example_sla_dag.py
[2026-02-10T22:36:28.136+0000] {logging_mixin.py:188} INFO - [2026-02-10T22:36:28.136+0000] {dag.py:3096} INFO - Sync 1 DAGs
[2026-02-10T22:36:28.176+0000] {logging_mixin.py:188} INFO - [2026-02-10T22:36:28.175+0000] {dag.py:3954} INFO - Setting next_dagrun for example_sla_dag to 2026-02-10 22:34:00+00:00, run_after=2026-02-10 22:36:00+00:00
[2026-02-10T22:36:28.206+0000] {processor.py:183} INFO - Processing /home/airflow/.local/lib/python3.12/site-packages/airflow/example_dags/example_sla_dag.py took 0.134 seconds
[2026-02-10T22:36:58.784+0000] {processor.py:161} INFO - Started process (PID=236) to work on /home/airflow/.local/lib/python3.12/site-packages/airflow/example_dags/example_sla_dag.py
[2026-02-10T22:36:58.786+0000] {processor.py:830} INFO - Processing file /home/airflow/.local/lib/python3.12/site-packages/airflow/example_dags/example_sla_dag.py for tasks to queue
[2026-02-10T22:36:58.790+0000] {logging_mixin.py:188} INFO - [2026-02-10T22:36:58.789+0000] {dagbag.py:540} INFO - Filling up the DagBag from /home/airflow/.local/lib/python3.12/site-packages/airflow/example_dags/example_sla_dag.py
[2026-02-10T22:36:58.804+0000] {processor.py:840} INFO - DAG(s) 'example_sla_dag' retrieved from /home/airflow/.local/lib/python3.12/site-packages/airflow/example_dags/example_sla_dag.py
[2026-02-10T22:36:58.838+0000] {logging_mixin.py:188} INFO - [2026-02-10T22:36:58.838+0000] {dag.py:3096} INFO - Sync 1 DAGs
[2026-02-10T22:36:58.879+0000] {logging_mixin.py:188} INFO - [2026-02-10T22:36:58.879+0000] {dag.py:3954} INFO - Setting next_dagrun for example_sla_dag to 2026-02-10 22:34:00+00:00, run_after=2026-02-10 22:36:00+00:00
[2026-02-10T22:36:58.912+0000] {processor.py:183} INFO - Processing /home/airflow/.local/lib/python3.12/site-packages/airflow/example_dags/example_sla_dag.py took 0.138 seconds
[2026-02-10T22:37:29.188+0000] {processor.py:161} INFO - Started process (PID=290) to work on /home/airflow/.local/lib/python3.12/site-packages/airflow/example_dags/example_sla_dag.py
[2026-02-10T22:37:29.191+0000] {processor.py:830} INFO - Processing file /home/airflow/.local/lib/python3.12/site-packages/airflow/example_dags/example_sla_dag.py for tasks to queue
[2026-02-10T22:37:29.197+0000] {logging_mixin.py:188} INFO - [2026-02-10T22:37:29.196+0000] {dagbag.py:540} INFO - Filling up the DagBag from /home/airflow/.local/lib/python3.12/site-packages/airflow/example_dags/example_sla_dag.py
[2026-02-10T22:37:29.220+0000] {processor.py:840} INFO - DAG(s) 'example_sla_dag' retrieved from /home/airflow/.local/lib/python3.12/site-packages/airflow/example_dags/example_sla_dag.py
[2026-02-10T22:37:29.265+0000] {logging_mixin.py:188} INFO - [2026-02-10T22:37:29.265+0000] {dag.py:3096} INFO - Sync 1 DAGs
[2026-02-10T22:37:29.343+0000] {logging_mixin.py:188} INFO - [2026-02-10T22:37:29.342+0000] {dag.py:3954} INFO - Setting next_dagrun for example_sla_dag to 2026-02-10 22:34:00+00:00, run_after=2026-02-10 22:36:00+00:00
[2026-02-10T22:37:29.395+0000] {processor.py:183} INFO - Processing /home/airflow/.local/lib/python3.12/site-packages/airflow/example_dags/example_sla_dag.py took 0.224 seconds
[2026-02-10T22:37:59.479+0000] {processor.py:161} INFO - Started process (PID=344) to work on /home/airflow/.local/lib/python3.12/site-packages/airflow/example_dags/example_sla_dag.py
[2026-02-10T22:37:59.481+0000] {processor.py:830} INFO - Processing file /home/airflow/.local/lib/python3.12/site-packages/airflow/example_dags/example_sla_dag.py for tasks to queue
[2026-02-10T22:37:59.486+0000] {logging_mixin.py:188} INFO - [2026-02-10T22:37:59.485+0000] {dagbag.py:540} INFO - Filling up the DagBag from /home/airflow/.local/lib/python3.12/site-packages/airflow/example_dags/example_sla_dag.py
[2026-02-10T22:37:59.506+0000] {processor.py:840} INFO - DAG(s) 'example_sla_dag' retrieved from /home/airflow/.local/lib/python3.12/site-packages/airflow/example_dags/example_sla_dag.py
[2026-02-10T22:37:59.533+0000] {logging_mixin.py:188} INFO - [2026-02-10T22:37:59.533+0000] {dag.py:3096} INFO - Sync 1 DAGs
[2026-02-10T22:37:59.569+0000] {logging_mixin.py:188} INFO - [2026-02-10T22:37:59.569+0000] {dag.py:3954} INFO - Setting next_dagrun for example_sla_dag to 2026-02-10 22:34:00+00:00, run_after=2026-02-10 22:36:00+00:00
[2026-02-10T22:37:59.595+0000] {processor.py:183} INFO - Processing /home/airflow/.local/lib/python3.12/site-packages/airflow/example_dags/example_sla_dag.py took 0.126 seconds
[2026-02-10T22:38:29.828+0000] {processor.py:161} INFO - Started process (PID=398) to work on /home/airflow/.local/lib/python3.12/site-packages/airflow/example_dags/example_sla_dag.py
[2026-02-10T22:38:29.830+0000] {processor.py:830} INFO - Processing file /home/airflow/.local/lib/python3.12/site-packages/airflow/example_dags/example_sla_dag.py for tasks to queue
[2026-02-10T22:38:29.832+0000] {logging_mixin.py:188} INFO - [2026-02-10T22:38:29.832+0000] {dagbag.py:540} INFO - Filling up the DagBag from /home/airflow/.local/lib/python3.12/site-packages/airflow/example_dags/example_sla_dag.py
[2026-02-10T22:38:29.844+0000] {processor.py:840} INFO - DAG(s) 'example_sla_dag' retrieved from /home/airflow/.local/lib/python3.12/site-packages/airflow/example_dags/example_sla_dag.py
[2026-02-10T22:38:29.872+0000] {logging_mixin.py:188} INFO - [2026-02-10T22:38:29.871+0000] {dag.py:3096} INFO - Sync 1 DAGs
[2026-02-10T22:38:29.902+0000] {logging_mixin.py:188} INFO - [2026-02-10T22:38:29.901+0000] {dag.py:3954} INFO - Setting next_dagrun for example_sla_dag to 2026-02-10 22:36:00+00:00, run_after=2026-02-10 22:38:00+00:00
[2026-02-10T22:38:29.926+0000] {processor.py:183} INFO - Processing /home/airflow/.local/lib/python3.12/site-packages/airflow/example_dags/example_sla_dag.py took 0.107 seconds
[2026-02-10T22:41:19.704+0000] {processor.py:161} INFO - Started process (PID=74) to work on /home/airflow/.local/lib/python3.12/site-packages/airflow/example_dags/example_sla_dag.py
[2026-02-10T22:41:19.707+0000] {processor.py:830} INFO - Processing file /home/airflow/.local/lib/python3.12/site-packages/airflow/example_dags/example_sla_dag.py for tasks to queue
[2026-02-10T22:41:19.723+0000] {logging_mixin.py:188} INFO - [2026-02-10T22:41:19.721+0000] {dagbag.py:540} INFO - Filling up the DagBag from /home/airflow/.local/lib/python3.12/site-packages/airflow/example_dags/example_sla_dag.py
[2026-02-10T22:41:19.789+0000] {processor.py:840} INFO - DAG(s) 'example_sla_dag' retrieved from /home/airflow/.local/lib/python3.12/site-packages/airflow/example_dags/example_sla_dag.py
[2026-02-10T22:41:20.383+0000] {logging_mixin.py:188} INFO - [2026-02-10T22:41:20.382+0000] {dag.py:3096} INFO - Sync 1 DAGs
[2026-02-10T22:41:20.588+0000] {logging_mixin.py:188} INFO - [2026-02-10T22:41:20.587+0000] {dag.py:3954} INFO - Setting next_dagrun for example_sla_dag to 2026-02-10 22:38:00+00:00, run_after=2026-02-10 22:40:00+00:00
[2026-02-10T22:41:20.666+0000] {processor.py:183} INFO - Processing /home/airflow/.local/lib/python3.12/site-packages/airflow/example_dags/example_sla_dag.py took 0.993 seconds
[2026-02-10T22:41:58.877+0000] {processor.py:161} INFO - Started process (PID=128) to work on /home/airflow/.local/lib/python3.12/site-packages/airflow/example_dags/example_sla_dag.py
[2026-02-10T22:41:58.886+0000] {processor.py:830} INFO - Processing file /home/airflow/.local/lib/python3.12/site-packages/airflow/example_dags/example_sla_dag.py for tasks to queue
[2026-02-10T22:41:58.893+0000] {logging_mixin.py:188} INFO - [2026-02-10T22:41:58.892+0000] {dagbag.py:540} INFO - Filling up the DagBag from /home/airflow/.local/lib/python3.12/site-packages/airflow/example_dags/example_sla_dag.py
[2026-02-10T22:41:58.982+0000] {processor.py:840} INFO - DAG(s) 'example_sla_dag' retrieved from /home/airflow/.local/lib/python3.12/site-packages/airflow/example_dags/example_sla_dag.py
[2026-02-10T22:41:59.114+0000] {logging_mixin.py:188} INFO - [2026-02-10T22:41:59.113+0000] {dag.py:3096} INFO - Sync 1 DAGs
[2026-02-10T22:41:59.268+0000] {logging_mixin.py:188} INFO - [2026-02-10T22:41:59.267+0000] {dag.py:3954} INFO - Setting next_dagrun for example_sla_dag to 2026-02-10 22:38:00+00:00, run_after=2026-02-10 22:40:00+00:00
[2026-02-10T22:41:59.433+0000] {processor.py:183} INFO - Processing /home/airflow/.local/lib/python3.12/site-packages/airflow/example_dags/example_sla_dag.py took 0.605 seconds
[2026-02-10T22:42:30.423+0000] {processor.py:161} INFO - Started process (PID=182) to work on /home/airflow/.local/lib/python3.12/site-packages/airflow/example_dags/example_sla_dag.py
[2026-02-10T22:42:30.425+0000] {processor.py:830} INFO - Processing file /home/airflow/.local/lib/python3.12/site-packages/airflow/example_dags/example_sla_dag.py for tasks to queue
[2026-02-10T22:42:30.430+0000] {logging_mixin.py:188} INFO - [2026-02-10T22:42:30.429+0000] {dagbag.py:540} INFO - Filling up the DagBag from /home/airflow/.local/lib/python3.12/site-packages/airflow/example_dags/example_sla_dag.py
[2026-02-10T22:42:30.447+0000] {processor.py:840} INFO - DAG(s) 'example_sla_dag' retrieved from /home/airflow/.local/lib/python3.12/site-packages/airflow/example_dags/example_sla_dag.py
[2026-02-10T22:42:30.483+0000] {logging_mixin.py:188} INFO - [2026-02-10T22:42:30.483+0000] {dag.py:3096} INFO - Sync 1 DAGs
[2026-02-10T22:42:30.532+0000] {logging_mixin.py:188} INFO - [2026-02-10T22:42:30.532+0000] {dag.py:3954} INFO - Setting next_dagrun for example_sla_dag to 2026-02-10 22:40:00+00:00, run_after=2026-02-10 22:42:00+00:00
[2026-02-10T22:42:30.575+0000] {processor.py:183} INFO - Processing /home/airflow/.local/lib/python3.12/site-packages/airflow/example_dags/example_sla_dag.py took 0.164 seconds
[2026-02-10T22:43:00.646+0000] {processor.py:161} INFO - Started process (PID=236) to work on /home/airflow/.local/lib/python3.12/site-packages/airflow/example_dags/example_sla_dag.py
[2026-02-10T22:43:00.647+0000] {processor.py:830} INFO - Processing file /home/airflow/.local/lib/python3.12/site-packages/airflow/example_dags/example_sla_dag.py for tasks to queue
[2026-02-10T22:43:00.650+0000] {logging_mixin.py:188} INFO - [2026-02-10T22:43:00.649+0000] {dagbag.py:540} INFO - Filling up the DagBag from /home/airflow/.local/lib/python3.12/site-packages/airflow/example_dags/example_sla_dag.py
[2026-02-10T22:43:00.659+0000] {processor.py:840} INFO - DAG(s) 'example_sla_dag' retrieved from /home/airflow/.local/lib/python3.12/site-packages/airflow/example_dags/example_sla_dag.py
[2026-02-10T22:43:00.682+0000] {logging_mixin.py:188} INFO - [2026-02-10T22:43:00.682+0000] {dag.py:3096} INFO - Sync 1 DAGs
[2026-02-10T22:43:00.707+0000] {logging_mixin.py:188} INFO - [2026-02-10T22:43:00.707+0000] {dag.py:3954} INFO - Setting next_dagrun for example_sla_dag to 2026-02-10 22:40:00+00:00, run_after=2026-02-10 22:42:00+00:00
[2026-02-10T22:43:00.733+0000] {processor.py:183} INFO - Processing /home/airflow/.local/lib/python3.12/site-packages/airflow/example_dags/example_sla_dag.py took 0.093 seconds
[2026-02-10T22:43:30.888+0000] {processor.py:161} INFO - Started process (PID=290) to work on /home/airflow/.local/lib/python3.12/site-packages/airflow/example_dags/example_sla_dag.py
[2026-02-10T22:43:30.890+0000] {processor.py:830} INFO - Processing file /home/airflow/.local/lib/python3.12/site-packages/airflow/example_dags/example_sla_dag.py for tasks to queue
[2026-02-10T22:43:30.891+0000] {logging_mixin.py:188} INFO - [2026-02-10T22:43:30.891+0000] {dagbag.py:540} INFO - Filling up the DagBag from /home/airflow/.local/lib/python3.12/site-packages/airflow/example_dags/example_sla_dag.py
[2026-02-10T22:43:30.899+0000] {processor.py:840} INFO - DAG(s) 'example_sla_dag' retrieved from /home/airflow/.local/lib/python3.12/site-packages/airflow/example_dags/example_sla_dag.py
[2026-02-10T22:43:30.919+0000] {logging_mixin.py:188} INFO - [2026-02-10T22:43:30.918+0000] {dag.py:3096} INFO - Sync 1 DAGs
[2026-02-10T22:43:30.945+0000] {logging_mixin.py:188} INFO - [2026-02-10T22:43:30.945+0000] {dag.py:3954} INFO - Setting next_dagrun for example_sla_dag to 2026-02-10 22:40:00+00:00, run_after=2026-02-10 22:42:00+00:00
[2026-02-10T22:43:30.965+0000] {processor.py:183} INFO - Processing /home/airflow/.local/lib/python3.12/site-packages/airflow/example_dags/example_sla_dag.py took 0.082 seconds
[2026-02-10T22:44:01.761+0000] {processor.py:161} INFO - Started process (PID=344) to work on /home/airflow/.local/lib/python3.12/site-packages/airflow/example_dags/example_sla_dag.py
[2026-02-10T22:44:01.763+0000] {processor.py:830} INFO - Processing file /home/airflow/.local/lib/python3.12/site-packages/airflow/example_dags/example_sla_dag.py for tasks to queue
[2026-02-10T22:44:01.766+0000] {logging_mixin.py:188} INFO - [2026-02-10T22:44:01.765+0000] {dagbag.py:540} INFO - Filling up the DagBag from /home/airflow/.local/lib/python3.12/site-packages/airflow/example_dags/example_sla_dag.py
[2026-02-10T22:44:01.780+0000] {processor.py:840} INFO - DAG(s) 'example_sla_dag' retrieved from /home/airflow/.local/lib/python3.12/site-packages/airflow/example_dags/example_sla_dag.py
[2026-02-10T22:44:01.812+0000] {logging_mixin.py:188} INFO - [2026-02-10T22:44:01.812+0000] {dag.py:3096} INFO - Sync 1 DAGs
[2026-02-10T22:44:01.850+0000] {logging_mixin.py:188} INFO - [2026-02-10T22:44:01.849+0000] {dag.py:3954} INFO - Setting next_dagrun for example_sla_dag to 2026-02-10 22:42:00+00:00, run_after=2026-02-10 22:44:00+00:00
[2026-02-10T22:44:01.883+0000] {processor.py:183} INFO - Processing /home/airflow/.local/lib/python3.12/site-packages/airflow/example_dags/example_sla_dag.py took 0.131 seconds
[2026-02-10T22:44:32.173+0000] {processor.py:161} INFO - Started process (PID=398) to work on /home/airflow/.local/lib/python3.12/site-packages/airflow/example_dags/example_sla_dag.py
[2026-02-10T22:44:32.175+0000] {processor.py:830} INFO - Processing file /home/airflow/.local/lib/python3.12/site-packages/airflow/example_dags/example_sla_dag.py for tasks to queue
[2026-02-10T22:44:32.177+0000] {logging_mixin.py:188} INFO - [2026-02-10T22:44:32.177+0000] {dagbag.py:540} INFO - Filling up the DagBag from /home/airflow/.local/lib/python3.12/site-packages/airflow/example_dags/example_sla_dag.py
[2026-02-10T22:44:32.188+0000] {processor.py:840} INFO - DAG(s) 'example_sla_dag' retrieved from /home/airflow/.local/lib/python3.12/site-packages/airflow/example_dags/example_sla_dag.py
[2026-02-10T22:44:32.210+0000] {logging_mixin.py:188} INFO - [2026-02-10T22:44:32.210+0000] {dag.py:3096} INFO - Sync 1 DAGs
[2026-02-10T22:44:32.235+0000] {logging_mixin.py:188} INFO - [2026-02-10T22:44:32.235+0000] {dag.py:3954} INFO - Setting next_dagrun for example_sla_dag to 2026-02-10 22:42:00+00:00, run_after=2026-02-10 22:44:00+00:00
[2026-02-10T22:44:32.255+0000] {processor.py:183} INFO - Processing /home/airflow/.local/lib/python3.12/site-packages/airflow/example_dags/example_sla_dag.py took 0.089 seconds
[2026-02-10T22:45:02.368+0000] {processor.py:161} INFO - Started process (PID=452) to work on /home/airflow/.local/lib/python3.12/site-packages/airflow/example_dags/example_sla_dag.py
[2026-02-10T22:45:02.369+0000] {processor.py:830} INFO - Processing file /home/airflow/.local/lib/python3.12/site-packages/airflow/example_dags/example_sla_dag.py for tasks to queue
[2026-02-10T22:45:02.372+0000] {logging_mixin.py:188} INFO - [2026-02-10T22:45:02.371+0000] {dagbag.py:540} INFO - Filling up the DagBag from /home/airflow/.local/lib/python3.12/site-packages/airflow/example_dags/example_sla_dag.py
[2026-02-10T22:45:02.379+0000] {processor.py:840} INFO - DAG(s) 'example_sla_dag' retrieved from /home/airflow/.local/lib/python3.12/site-packages/airflow/example_dags/example_sla_dag.py
[2026-02-10T22:45:02.398+0000] {logging_mixin.py:188} INFO - [2026-02-10T22:45:02.398+0000] {dag.py:3096} INFO - Sync 1 DAGs
[2026-02-10T22:45:02.425+0000] {logging_mixin.py:188} INFO - [2026-02-10T22:45:02.424+0000] {dag.py:3954} INFO - Setting next_dagrun for example_sla_dag to 2026-02-10 22:42:00+00:00, run_after=2026-02-10 22:44:00+00:00
[2026-02-10T22:45:02.445+0000] {processor.py:183} INFO - Processing /home/airflow/.local/lib/python3.12/site-packages/airflow/example_dags/example_sla_dag.py took 0.083 seconds
[2026-02-10T22:45:32.528+0000] {processor.py:161} INFO - Started process (PID=506) to work on /home/airflow/.local/lib/python3.12/site-packages/airflow/example_dags/example_sla_dag.py
[2026-02-10T22:45:32.529+0000] {processor.py:830} INFO - Processing file /home/airflow/.local/lib/python3.12/site-packages/airflow/example_dags/example_sla_dag.py for tasks to queue
[2026-02-10T22:45:32.531+0000] {logging_mixin.py:188} INFO - [2026-02-10T22:45:32.530+0000] {dagbag.py:540} INFO - Filling up the DagBag from /home/airflow/.local/lib/python3.12/site-packages/airflow/example_dags/example_sla_dag.py
[2026-02-10T22:45:32.539+0000] {processor.py:840} INFO - DAG(s) 'example_sla_dag' retrieved from /home/airflow/.local/lib/python3.12/site-packages/airflow/example_dags/example_sla_dag.py
[2026-02-10T22:45:32.556+0000] {logging_mixin.py:188} INFO - [2026-02-10T22:45:32.556+0000] {dag.py:3096} INFO - Sync 1 DAGs
[2026-02-10T22:45:32.583+0000] {logging_mixin.py:188} INFO - [2026-02-10T22:45:32.583+0000] {dag.py:3954} INFO - Setting next_dagrun for example_sla_dag to 2026-02-10 22:42:00+00:00, run_after=2026-02-10 22:44:00+00:00
[2026-02-10T22:45:32.601+0000] {processor.py:183} INFO - Processing /home/airflow/.local/lib/python3.12/site-packages/airflow/example_dags/example_sla_dag.py took 0.078 seconds
[2026-02-10T22:46:02.769+0000] {processor.py:161} INFO - Started process (PID=560) to work on /home/airflow/.local/lib/python3.12/site-packages/airflow/example_dags/example_sla_dag.py
[2026-02-10T22:46:02.771+0000] {processor.py:830} INFO - Processing file /home/airflow/.local/lib/python3.12/site-packages/airflow/example_dags/example_sla_dag.py for tasks to queue
[2026-02-10T22:46:02.774+0000] {logging_mixin.py:188} INFO - [2026-02-10T22:46:02.774+0000] {dagbag.py:540} INFO - Filling up the DagBag from /home/airflow/.local/lib/python3.12/site-packages/airflow/example_dags/example_sla_dag.py
[2026-02-10T22:46:02.783+0000] {processor.py:840} INFO - DAG(s) 'example_sla_dag' retrieved from /home/airflow/.local/lib/python3.12/site-packages/airflow/example_dags/example_sla_dag.py
[2026-02-10T22:46:02.804+0000] {logging_mixin.py:188} INFO - [2026-02-10T22:46:02.804+0000] {dag.py:3096} INFO - Sync 1 DAGs
[2026-02-10T22:46:02.825+0000] {logging_mixin.py:188} INFO - [2026-02-10T22:46:02.825+0000] {dag.py:3954} INFO - Setting next_dagrun for example_sla_dag to 2026-02-10 22:44:00+00:00, run_after=2026-02-10 22:46:00+00:00
[2026-02-10T22:46:02.848+0000] {processor.py:183} INFO - Processing /home/airflow/.local/lib/python3.12/site-packages/airflow/example_dags/example_sla_dag.py took 0.085 seconds
[2026-02-10T22:46:33.247+0000] {processor.py:161} INFO - Started process (PID=614) to work on /home/airflow/.local/lib/python3.12/site-packages/airflow/example_dags/example_sla_dag.py
[2026-02-10T22:46:33.249+0000] {processor.py:830} INFO - Processing file /home/airflow/.local/lib/python3.12/site-packages/airflow/example_dags/example_sla_dag.py for tasks to queue
[2026-02-10T22:46:33.253+0000] {logging_mixin.py:188} INFO - [2026-02-10T22:46:33.252+0000] {dagbag.py:540} INFO - Filling up the DagBag from /home/airflow/.local/lib/python3.12/site-packages/airflow/example_dags/example_sla_dag.py
[2026-02-10T22:46:33.268+0000] {processor.py:840} INFO - DAG(s) 'example_sla_dag' retrieved from /home/airflow/.local/lib/python3.12/site-packages/airflow/example_dags/example_sla_dag.py
[2026-02-10T22:46:33.303+0000] {logging_mixin.py:188} INFO - [2026-02-10T22:46:33.303+0000] {dag.py:3096} INFO - Sync 1 DAGs
[2026-02-10T22:46:33.348+0000] {logging_mixin.py:188} INFO - [2026-02-10T22:46:33.348+0000] {dag.py:3954} INFO - Setting next_dagrun for example_sla_dag to 2026-02-10 22:44:00+00:00, run_after=2026-02-10 22:46:00+00:00
[2026-02-10T22:46:33.379+0000] {processor.py:183} INFO - Processing /home/airflow/.local/lib/python3.12/site-packages/airflow/example_dags/example_sla_dag.py took 0.141 seconds
[2026-02-10T22:54:47.112+0000] {processor.py:161} INFO - Started process (PID=74) to work on /home/airflow/.local/lib/python3.12/site-packages/airflow/example_dags/example_sla_dag.py
[2026-02-10T22:54:47.115+0000] {processor.py:830} INFO - Processing file /home/airflow/.local/lib/python3.12/site-packages/airflow/example_dags/example_sla_dag.py for tasks to queue
[2026-02-10T22:54:47.122+0000] {logging_mixin.py:188} INFO - [2026-02-10T22:54:47.120+0000] {dagbag.py:540} INFO - Filling up the DagBag from /home/airflow/.local/lib/python3.12/site-packages/airflow/example_dags/example_sla_dag.py
[2026-02-10T22:54:47.168+0000] {processor.py:840} INFO - DAG(s) 'example_sla_dag' retrieved from /home/airflow/.local/lib/python3.12/site-packages/airflow/example_dags/example_sla_dag.py
[2026-02-10T22:54:47.218+0000] {logging_mixin.py:188} INFO - [2026-02-10T22:54:47.218+0000] {dag.py:3096} INFO - Sync 1 DAGs
[2026-02-10T22:54:47.343+0000] {logging_mixin.py:188} INFO - [2026-02-10T22:54:47.342+0000] {dag.py:3954} INFO - Setting next_dagrun for example_sla_dag to 2026-02-10 22:52:00+00:00, run_after=2026-02-10 22:54:00+00:00
[2026-02-10T22:54:47.431+0000] {processor.py:183} INFO - Processing /home/airflow/.local/lib/python3.12/site-packages/airflow/example_dags/example_sla_dag.py took 0.341 seconds
[2026-02-10T22:55:22.130+0000] {processor.py:161} INFO - Started process (PID=128) to work on /home/airflow/.local/lib/python3.12/site-packages/airflow/example_dags/example_sla_dag.py
[2026-02-10T22:55:22.133+0000] {processor.py:830} INFO - Processing file /home/airflow/.local/lib/python3.12/site-packages/airflow/example_dags/example_sla_dag.py for tasks to queue
[2026-02-10T22:55:22.138+0000] {logging_mixin.py:188} INFO - [2026-02-10T22:55:22.138+0000] {dagbag.py:540} INFO - Filling up the DagBag from /home/airflow/.local/lib/python3.12/site-packages/airflow/example_dags/example_sla_dag.py
[2026-02-10T22:55:22.158+0000] {processor.py:840} INFO - DAG(s) 'example_sla_dag' retrieved from /home/airflow/.local/lib/python3.12/site-packages/airflow/example_dags/example_sla_dag.py
[2026-02-10T22:55:22.415+0000] {logging_mixin.py:188} INFO - [2026-02-10T22:55:22.414+0000] {dag.py:3096} INFO - Sync 1 DAGs
[2026-02-10T22:55:22.482+0000] {logging_mixin.py:188} INFO - [2026-02-10T22:55:22.482+0000] {dag.py:3954} INFO - Setting next_dagrun for example_sla_dag to 2026-02-10 22:52:00+00:00, run_after=2026-02-10 22:54:00+00:00
[2026-02-10T22:55:22.529+0000] {processor.py:183} INFO - Processing /home/airflow/.local/lib/python3.12/site-packages/airflow/example_dags/example_sla_dag.py took 0.414 seconds
[2026-02-10T23:01:03.207+0000] {processor.py:161} INFO - Started process (PID=74) to work on /home/airflow/.local/lib/python3.12/site-packages/airflow/example_dags/example_sla_dag.py
[2026-02-10T23:01:03.211+0000] {processor.py:830} INFO - Processing file /home/airflow/.local/lib/python3.12/site-packages/airflow/example_dags/example_sla_dag.py for tasks to queue
[2026-02-10T23:01:03.215+0000] {logging_mixin.py:188} INFO - [2026-02-10T23:01:03.214+0000] {dagbag.py:540} INFO - Filling up the DagBag from /home/airflow/.local/lib/python3.12/site-packages/airflow/example_dags/example_sla_dag.py
[2026-02-10T23:01:03.239+0000] {processor.py:840} INFO - DAG(s) 'example_sla_dag' retrieved from /home/airflow/.local/lib/python3.12/site-packages/airflow/example_dags/example_sla_dag.py
[2026-02-10T23:01:03.263+0000] {logging_mixin.py:188} INFO - [2026-02-10T23:01:03.263+0000] {dag.py:3096} INFO - Sync 1 DAGs
[2026-02-10T23:01:03.324+0000] {logging_mixin.py:188} INFO - [2026-02-10T23:01:03.324+0000] {dag.py:3954} INFO - Setting next_dagrun for example_sla_dag to 2026-02-10 22:58:00+00:00, run_after=2026-02-10 23:00:00+00:00
[2026-02-10T23:01:03.373+0000] {processor.py:183} INFO - Processing /home/airflow/.local/lib/python3.12/site-packages/airflow/example_dags/example_sla_dag.py took 0.181 seconds
[2026-02-10T23:01:33.896+0000] {processor.py:161} INFO - Started process (PID=128) to work on /home/airflow/.local/lib/python3.12/site-packages/airflow/example_dags/example_sla_dag.py
[2026-02-10T23:01:33.897+0000] {processor.py:830} INFO - Processing file /home/airflow/.local/lib/python3.12/site-packages/airflow/example_dags/example_sla_dag.py for tasks to queue
[2026-02-10T23:01:33.901+0000] {logging_mixin.py:188} INFO - [2026-02-10T23:01:33.900+0000] {dagbag.py:540} INFO - Filling up the DagBag from /home/airflow/.local/lib/python3.12/site-packages/airflow/example_dags/example_sla_dag.py
[2026-02-10T23:01:33.916+0000] {processor.py:840} INFO - DAG(s) 'example_sla_dag' retrieved from /home/airflow/.local/lib/python3.12/site-packages/airflow/example_dags/example_sla_dag.py
[2026-02-10T23:01:34.068+0000] {logging_mixin.py:188} INFO - [2026-02-10T23:01:34.068+0000] {dag.py:3096} INFO - Sync 1 DAGs
[2026-02-10T23:01:34.100+0000] {logging_mixin.py:188} INFO - [2026-02-10T23:01:34.100+0000] {dag.py:3954} INFO - Setting next_dagrun for example_sla_dag to 2026-02-10 22:58:00+00:00, run_after=2026-02-10 23:00:00+00:00
[2026-02-10T23:01:34.124+0000] {processor.py:183} INFO - Processing /home/airflow/.local/lib/python3.12/site-packages/airflow/example_dags/example_sla_dag.py took 0.238 seconds
[2026-02-10T23:02:04.385+0000] {processor.py:161} INFO - Started process (PID=182) to work on /home/airflow/.local/lib/python3.12/site-packages/airflow/example_dags/example_sla_dag.py
[2026-02-10T23:02:04.386+0000] {processor.py:830} INFO - Processing file /home/airflow/.local/lib/python3.12/site-packages/airflow/example_dags/example_sla_dag.py for tasks to queue
[2026-02-10T23:02:04.388+0000] {logging_mixin.py:188} INFO - [2026-02-10T23:02:04.388+0000] {dagbag.py:540} INFO - Filling up the DagBag from /home/airflow/.local/lib/python3.12/site-packages/airflow/example_dags/example_sla_dag.py
[2026-02-10T23:02:04.396+0000] {processor.py:840} INFO - DAG(s) 'example_sla_dag' retrieved from /home/airflow/.local/lib/python3.12/site-packages/airflow/example_dags/example_sla_dag.py
[2026-02-10T23:02:04.415+0000] {logging_mixin.py:188} INFO - [2026-02-10T23:02:04.415+0000] {dag.py:3096} INFO - Sync 1 DAGs
[2026-02-10T23:02:04.436+0000] {logging_mixin.py:188} INFO - [2026-02-10T23:02:04.436+0000] {dag.py:3954} INFO - Setting next_dagrun for example_sla_dag to 2026-02-10 23:00:00+00:00, run_after=2026-02-10 23:02:00+00:00
[2026-02-10T23:02:04.455+0000] {processor.py:183} INFO - Processing /home/airflow/.local/lib/python3.12/site-packages/airflow/example_dags/example_sla_dag.py took 0.075 seconds
[2026-02-10T23:02:34.844+0000] {processor.py:161} INFO - Started process (PID=236) to work on /home/airflow/.local/lib/python3.12/site-packages/airflow/example_dags/example_sla_dag.py
[2026-02-10T23:02:34.845+0000] {processor.py:830} INFO - Processing file /home/airflow/.local/lib/python3.12/site-packages/airflow/example_dags/example_sla_dag.py for tasks to queue
[2026-02-10T23:02:34.847+0000] {logging_mixin.py:188} INFO - [2026-02-10T23:02:34.847+0000] {dagbag.py:540} INFO - Filling up the DagBag from /home/airflow/.local/lib/python3.12/site-packages/airflow/example_dags/example_sla_dag.py
[2026-02-10T23:02:34.855+0000] {processor.py:840} INFO - DAG(s) 'example_sla_dag' retrieved from /home/airflow/.local/lib/python3.12/site-packages/airflow/example_dags/example_sla_dag.py
[2026-02-10T23:02:34.872+0000] {logging_mixin.py:188} INFO - [2026-02-10T23:02:34.872+0000] {dag.py:3096} INFO - Sync 1 DAGs
[2026-02-10T23:02:34.895+0000] {logging_mixin.py:188} INFO - [2026-02-10T23:02:34.895+0000] {dag.py:3954} INFO - Setting next_dagrun for example_sla_dag to 2026-02-10 23:00:00+00:00, run_after=2026-02-10 23:02:00+00:00
[2026-02-10T23:02:34.914+0000] {processor.py:183} INFO - Processing /home/airflow/.local/lib/python3.12/site-packages/airflow/example_dags/example_sla_dag.py took 0.076 seconds
[2026-02-10T23:03:04.986+0000] {processor.py:161} INFO - Started process (PID=290) to work on /home/airflow/.local/lib/python3.12/site-packages/airflow/example_dags/example_sla_dag.py
[2026-02-10T23:03:04.987+0000] {processor.py:830} INFO - Processing file /home/airflow/.local/lib/python3.12/site-packages/airflow/example_dags/example_sla_dag.py for tasks to queue
[2026-02-10T23:03:04.989+0000] {logging_mixin.py:188} INFO - [2026-02-10T23:03:04.989+0000] {dagbag.py:540} INFO - Filling up the DagBag from /home/airflow/.local/lib/python3.12/site-packages/airflow/example_dags/example_sla_dag.py
[2026-02-10T23:03:04.998+0000] {processor.py:840} INFO - DAG(s) 'example_sla_dag' retrieved from /home/airflow/.local/lib/python3.12/site-packages/airflow/example_dags/example_sla_dag.py
[2026-02-10T23:03:05.016+0000] {logging_mixin.py:188} INFO - [2026-02-10T23:03:05.016+0000] {dag.py:3096} INFO - Sync 1 DAGs
[2026-02-10T23:03:05.037+0000] {logging_mixin.py:188} INFO - [2026-02-10T23:03:05.037+0000] {dag.py:3954} INFO - Setting next_dagrun for example_sla_dag to 2026-02-10 23:00:00+00:00, run_after=2026-02-10 23:02:00+00:00
[2026-02-10T23:03:05.056+0000] {processor.py:183} INFO - Processing /home/airflow/.local/lib/python3.12/site-packages/airflow/example_dags/example_sla_dag.py took 0.076 seconds
[2026-02-10T23:03:35.459+0000] {processor.py:161} INFO - Started process (PID=344) to work on /home/airflow/.local/lib/python3.12/site-packages/airflow/example_dags/example_sla_dag.py
[2026-02-10T23:03:35.460+0000] {processor.py:830} INFO - Processing file /home/airflow/.local/lib/python3.12/site-packages/airflow/example_dags/example_sla_dag.py for tasks to queue
[2026-02-10T23:03:35.462+0000] {logging_mixin.py:188} INFO - [2026-02-10T23:03:35.462+0000] {dagbag.py:540} INFO - Filling up the DagBag from /home/airflow/.local/lib/python3.12/site-packages/airflow/example_dags/example_sla_dag.py
[2026-02-10T23:03:35.470+0000] {processor.py:840} INFO - DAG(s) 'example_sla_dag' retrieved from /home/airflow/.local/lib/python3.12/site-packages/airflow/example_dags/example_sla_dag.py
[2026-02-10T23:03:35.491+0000] {logging_mixin.py:188} INFO - [2026-02-10T23:03:35.490+0000] {dag.py:3096} INFO - Sync 1 DAGs
[2026-02-10T23:03:35.515+0000] {logging_mixin.py:188} INFO - [2026-02-10T23:03:35.515+0000] {dag.py:3954} INFO - Setting next_dagrun for example_sla_dag to 2026-02-10 23:00:00+00:00, run_after=2026-02-10 23:02:00+00:00
[2026-02-10T23:03:35.533+0000] {processor.py:183} INFO - Processing /home/airflow/.local/lib/python3.12/site-packages/airflow/example_dags/example_sla_dag.py took 0.080 seconds
[2026-02-10T23:04:05.903+0000] {processor.py:161} INFO - Started process (PID=398) to work on /home/airflow/.local/lib/python3.12/site-packages/airflow/example_dags/example_sla_dag.py
[2026-02-10T23:04:05.904+0000] {processor.py:830} INFO - Processing file /home/airflow/.local/lib/python3.12/site-packages/airflow/example_dags/example_sla_dag.py for tasks to queue
[2026-02-10T23:04:05.906+0000] {logging_mixin.py:188} INFO - [2026-02-10T23:04:05.906+0000] {dagbag.py:540} INFO - Filling up the DagBag from /home/airflow/.local/lib/python3.12/site-packages/airflow/example_dags/example_sla_dag.py
[2026-02-10T23:04:05.914+0000] {processor.py:840} INFO - DAG(s) 'example_sla_dag' retrieved from /home/airflow/.local/lib/python3.12/site-packages/airflow/example_dags/example_sla_dag.py
[2026-02-10T23:04:05.937+0000] {logging_mixin.py:188} INFO - [2026-02-10T23:04:05.936+0000] {dag.py:3096} INFO - Sync 1 DAGs
[2026-02-10T23:04:05.958+0000] {logging_mixin.py:188} INFO - [2026-02-10T23:04:05.958+0000] {dag.py:3954} INFO - Setting next_dagrun for example_sla_dag to 2026-02-10 23:02:00+00:00, run_after=2026-02-10 23:04:00+00:00
[2026-02-10T23:04:05.977+0000] {processor.py:183} INFO - Processing /home/airflow/.local/lib/python3.12/site-packages/airflow/example_dags/example_sla_dag.py took 0.079 seconds
[2026-02-10T23:04:36.347+0000] {processor.py:161} INFO - Started process (PID=452) to work on /home/airflow/.local/lib/python3.12/site-packages/airflow/example_dags/example_sla_dag.py
[2026-02-10T23:04:36.348+0000] {processor.py:830} INFO - Processing file /home/airflow/.local/lib/python3.12/site-packages/airflow/example_dags/example_sla_dag.py for tasks to queue
[2026-02-10T23:04:36.350+0000] {logging_mixin.py:188} INFO - [2026-02-10T23:04:36.349+0000] {dagbag.py:540} INFO - Filling up the DagBag from /home/airflow/.local/lib/python3.12/site-packages/airflow/example_dags/example_sla_dag.py
[2026-02-10T23:04:36.357+0000] {processor.py:840} INFO - DAG(s) 'example_sla_dag' retrieved from /home/airflow/.local/lib/python3.12/site-packages/airflow/example_dags/example_sla_dag.py
[2026-02-10T23:04:36.376+0000] {logging_mixin.py:188} INFO - [2026-02-10T23:04:36.375+0000] {dag.py:3096} INFO - Sync 1 DAGs
[2026-02-10T23:04:36.396+0000] {logging_mixin.py:188} INFO - [2026-02-10T23:04:36.396+0000] {dag.py:3954} INFO - Setting next_dagrun for example_sla_dag to 2026-02-10 23:02:00+00:00, run_after=2026-02-10 23:04:00+00:00
[2026-02-10T23:04:36.414+0000] {processor.py:183} INFO - Processing /home/airflow/.local/lib/python3.12/site-packages/airflow/example_dags/example_sla_dag.py took 0.073 seconds
[2026-02-10T23:05:06.682+0000] {processor.py:161} INFO - Started process (PID=506) to work on /home/airflow/.local/lib/python3.12/site-packages/airflow/example_dags/example_sla_dag.py
[2026-02-10T23:05:06.683+0000] {processor.py:830} INFO - Processing file /home/airflow/.local/lib/python3.12/site-packages/airflow/example_dags/example_sla_dag.py for tasks to queue
[2026-02-10T23:05:06.685+0000] {logging_mixin.py:188} INFO - [2026-02-10T23:05:06.685+0000] {dagbag.py:540} INFO - Filling up the DagBag from /home/airflow/.local/lib/python3.12/site-packages/airflow/example_dags/example_sla_dag.py
[2026-02-10T23:05:06.693+0000] {processor.py:840} INFO - DAG(s) 'example_sla_dag' retrieved from /home/airflow/.local/lib/python3.12/site-packages/airflow/example_dags/example_sla_dag.py
[2026-02-10T23:05:06.711+0000] {logging_mixin.py:188} INFO - [2026-02-10T23:05:06.710+0000] {dag.py:3096} INFO - Sync 1 DAGs
[2026-02-10T23:05:06.731+0000] {logging_mixin.py:188} INFO - [2026-02-10T23:05:06.730+0000] {dag.py:3954} INFO - Setting next_dagrun for example_sla_dag to 2026-02-10 23:02:00+00:00, run_after=2026-02-10 23:04:00+00:00
[2026-02-10T23:05:06.749+0000] {processor.py:183} INFO - Processing /home/airflow/.local/lib/python3.12/site-packages/airflow/example_dags/example_sla_dag.py took 0.072 seconds
[2026-02-10T23:05:36.908+0000] {processor.py:161} INFO - Started process (PID=560) to work on /home/airflow/.local/lib/python3.12/site-packages/airflow/example_dags/example_sla_dag.py
[2026-02-10T23:05:36.909+0000] {processor.py:830} INFO - Processing file /home/airflow/.local/lib/python3.12/site-packages/airflow/example_dags/example_sla_dag.py for tasks to queue
[2026-02-10T23:05:36.911+0000] {logging_mixin.py:188} INFO - [2026-02-10T23:05:36.911+0000] {dagbag.py:540} INFO - Filling up the DagBag from /home/airflow/.local/lib/python3.12/site-packages/airflow/example_dags/example_sla_dag.py
[2026-02-10T23:05:36.919+0000] {processor.py:840} INFO - DAG(s) 'example_sla_dag' retrieved from /home/airflow/.local/lib/python3.12/site-packages/airflow/example_dags/example_sla_dag.py
[2026-02-10T23:05:36.937+0000] {logging_mixin.py:188} INFO - [2026-02-10T23:05:36.937+0000] {dag.py:3096} INFO - Sync 1 DAGs
[2026-02-10T23:05:36.958+0000] {logging_mixin.py:188} INFO - [2026-02-10T23:05:36.958+0000] {dag.py:3954} INFO - Setting next_dagrun for example_sla_dag to 2026-02-10 23:02:00+00:00, run_after=2026-02-10 23:04:00+00:00
[2026-02-10T23:05:36.977+0000] {processor.py:183} INFO - Processing /home/airflow/.local/lib/python3.12/site-packages/airflow/example_dags/example_sla_dag.py took 0.074 seconds
[2026-02-10T23:06:07.185+0000] {processor.py:161} INFO - Started process (PID=614) to work on /home/airflow/.local/lib/python3.12/site-packages/airflow/example_dags/example_sla_dag.py
[2026-02-10T23:06:07.186+0000] {processor.py:830} INFO - Processing file /home/airflow/.local/lib/python3.12/site-packages/airflow/example_dags/example_sla_dag.py for tasks to queue
[2026-02-10T23:06:07.190+0000] {logging_mixin.py:188} INFO - [2026-02-10T23:06:07.190+0000] {dagbag.py:540} INFO - Filling up the DagBag from /home/airflow/.local/lib/python3.12/site-packages/airflow/example_dags/example_sla_dag.py
[2026-02-10T23:06:07.198+0000] {processor.py:840} INFO - DAG(s) 'example_sla_dag' retrieved from /home/airflow/.local/lib/python3.12/site-packages/airflow/example_dags/example_sla_dag.py
[2026-02-10T23:06:07.217+0000] {logging_mixin.py:188} INFO - [2026-02-10T23:06:07.217+0000] {dag.py:3096} INFO - Sync 1 DAGs
[2026-02-10T23:06:07.238+0000] {logging_mixin.py:188} INFO - [2026-02-10T23:06:07.238+0000] {dag.py:3954} INFO - Setting next_dagrun for example_sla_dag to 2026-02-10 23:04:00+00:00, run_after=2026-02-10 23:06:00+00:00
[2026-02-10T23:06:07.258+0000] {processor.py:183} INFO - Processing /home/airflow/.local/lib/python3.12/site-packages/airflow/example_dags/example_sla_dag.py took 0.078 seconds
[2026-02-10T23:06:37.423+0000] {processor.py:161} INFO - Started process (PID=668) to work on /home/airflow/.local/lib/python3.12/site-packages/airflow/example_dags/example_sla_dag.py
[2026-02-10T23:06:37.424+0000] {processor.py:830} INFO - Processing file /home/airflow/.local/lib/python3.12/site-packages/airflow/example_dags/example_sla_dag.py for tasks to queue
[2026-02-10T23:06:37.425+0000] {logging_mixin.py:188} INFO - [2026-02-10T23:06:37.425+0000] {dagbag.py:540} INFO - Filling up the DagBag from /home/airflow/.local/lib/python3.12/site-packages/airflow/example_dags/example_sla_dag.py
[2026-02-10T23:06:37.435+0000] {processor.py:840} INFO - DAG(s) 'example_sla_dag' retrieved from /home/airflow/.local/lib/python3.12/site-packages/airflow/example_dags/example_sla_dag.py
[2026-02-10T23:06:37.454+0000] {logging_mixin.py:188} INFO - [2026-02-10T23:06:37.454+0000] {dag.py:3096} INFO - Sync 1 DAGs
[2026-02-10T23:06:37.476+0000] {logging_mixin.py:188} INFO - [2026-02-10T23:06:37.476+0000] {dag.py:3954} INFO - Setting next_dagrun for example_sla_dag to 2026-02-10 23:04:00+00:00, run_after=2026-02-10 23:06:00+00:00
[2026-02-10T23:06:37.498+0000] {processor.py:183} INFO - Processing /home/airflow/.local/lib/python3.12/site-packages/airflow/example_dags/example_sla_dag.py took 0.081 seconds
[2026-02-10T23:07:07.630+0000] {processor.py:161} INFO - Started process (PID=722) to work on /home/airflow/.local/lib/python3.12/site-packages/airflow/example_dags/example_sla_dag.py
[2026-02-10T23:07:07.632+0000] {processor.py:830} INFO - Processing file /home/airflow/.local/lib/python3.12/site-packages/airflow/example_dags/example_sla_dag.py for tasks to queue
[2026-02-10T23:07:07.635+0000] {logging_mixin.py:188} INFO - [2026-02-10T23:07:07.634+0000] {dagbag.py:540} INFO - Filling up the DagBag from /home/airflow/.local/lib/python3.12/site-packages/airflow/example_dags/example_sla_dag.py
[2026-02-10T23:07:07.651+0000] {processor.py:840} INFO - DAG(s) 'example_sla_dag' retrieved from /home/airflow/.local/lib/python3.12/site-packages/airflow/example_dags/example_sla_dag.py
[2026-02-10T23:07:07.683+0000] {logging_mixin.py:188} INFO - [2026-02-10T23:07:07.682+0000] {dag.py:3096} INFO - Sync 1 DAGs
[2026-02-10T23:07:07.726+0000] {logging_mixin.py:188} INFO - [2026-02-10T23:07:07.726+0000] {dag.py:3954} INFO - Setting next_dagrun for example_sla_dag to 2026-02-10 23:04:00+00:00, run_after=2026-02-10 23:06:00+00:00
[2026-02-10T23:07:07.754+0000] {processor.py:183} INFO - Processing /home/airflow/.local/lib/python3.12/site-packages/airflow/example_dags/example_sla_dag.py took 0.136 seconds
[2026-02-10T23:07:38.020+0000] {processor.py:161} INFO - Started process (PID=776) to work on /home/airflow/.local/lib/python3.12/site-packages/airflow/example_dags/example_sla_dag.py
[2026-02-10T23:07:38.021+0000] {processor.py:830} INFO - Processing file /home/airflow/.local/lib/python3.12/site-packages/airflow/example_dags/example_sla_dag.py for tasks to queue
[2026-02-10T23:07:38.023+0000] {logging_mixin.py:188} INFO - [2026-02-10T23:07:38.023+0000] {dagbag.py:540} INFO - Filling up the DagBag from /home/airflow/.local/lib/python3.12/site-packages/airflow/example_dags/example_sla_dag.py
[2026-02-10T23:07:38.031+0000] {processor.py:840} INFO - DAG(s) 'example_sla_dag' retrieved from /home/airflow/.local/lib/python3.12/site-packages/airflow/example_dags/example_sla_dag.py
[2026-02-10T23:07:38.048+0000] {logging_mixin.py:188} INFO - [2026-02-10T23:07:38.048+0000] {dag.py:3096} INFO - Sync 1 DAGs
[2026-02-10T23:07:38.069+0000] {logging_mixin.py:188} INFO - [2026-02-10T23:07:38.069+0000] {dag.py:3954} INFO - Setting next_dagrun for example_sla_dag to 2026-02-10 23:04:00+00:00, run_after=2026-02-10 23:06:00+00:00
[2026-02-10T23:07:38.088+0000] {processor.py:183} INFO - Processing /home/airflow/.local/lib/python3.12/site-packages/airflow/example_dags/example_sla_dag.py took 0.073 seconds
[2026-02-10T23:08:08.392+0000] {processor.py:161} INFO - Started process (PID=830) to work on /home/airflow/.local/lib/python3.12/site-packages/airflow/example_dags/example_sla_dag.py
[2026-02-10T23:08:08.393+0000] {processor.py:830} INFO - Processing file /home/airflow/.local/lib/python3.12/site-packages/airflow/example_dags/example_sla_dag.py for tasks to queue
[2026-02-10T23:08:08.395+0000] {logging_mixin.py:188} INFO - [2026-02-10T23:08:08.395+0000] {dagbag.py:540} INFO - Filling up the DagBag from /home/airflow/.local/lib/python3.12/site-packages/airflow/example_dags/example_sla_dag.py
[2026-02-10T23:08:08.403+0000] {processor.py:840} INFO - DAG(s) 'example_sla_dag' retrieved from /home/airflow/.local/lib/python3.12/site-packages/airflow/example_dags/example_sla_dag.py
[2026-02-10T23:08:08.421+0000] {logging_mixin.py:188} INFO - [2026-02-10T23:08:08.421+0000] {dag.py:3096} INFO - Sync 1 DAGs
[2026-02-10T23:08:08.441+0000] {logging_mixin.py:188} INFO - [2026-02-10T23:08:08.441+0000] {dag.py:3954} INFO - Setting next_dagrun for example_sla_dag to 2026-02-10 23:06:00+00:00, run_after=2026-02-10 23:08:00+00:00
[2026-02-10T23:08:08.460+0000] {processor.py:183} INFO - Processing /home/airflow/.local/lib/python3.12/site-packages/airflow/example_dags/example_sla_dag.py took 0.073 seconds
[2026-02-10T23:08:38.583+0000] {processor.py:161} INFO - Started process (PID=884) to work on /home/airflow/.local/lib/python3.12/site-packages/airflow/example_dags/example_sla_dag.py
[2026-02-10T23:08:38.584+0000] {processor.py:830} INFO - Processing file /home/airflow/.local/lib/python3.12/site-packages/airflow/example_dags/example_sla_dag.py for tasks to queue
[2026-02-10T23:08:38.586+0000] {logging_mixin.py:188} INFO - [2026-02-10T23:08:38.586+0000] {dagbag.py:540} INFO - Filling up the DagBag from /home/airflow/.local/lib/python3.12/site-packages/airflow/example_dags/example_sla_dag.py
[2026-02-10T23:08:38.594+0000] {processor.py:840} INFO - DAG(s) 'example_sla_dag' retrieved from /home/airflow/.local/lib/python3.12/site-packages/airflow/example_dags/example_sla_dag.py
[2026-02-10T23:08:38.612+0000] {logging_mixin.py:188} INFO - [2026-02-10T23:08:38.611+0000] {dag.py:3096} INFO - Sync 1 DAGs
[2026-02-10T23:08:38.632+0000] {logging_mixin.py:188} INFO - [2026-02-10T23:08:38.632+0000] {dag.py:3954} INFO - Setting next_dagrun for example_sla_dag to 2026-02-10 23:06:00+00:00, run_after=2026-02-10 23:08:00+00:00
[2026-02-10T23:08:38.652+0000] {processor.py:183} INFO - Processing /home/airflow/.local/lib/python3.12/site-packages/airflow/example_dags/example_sla_dag.py took 0.074 seconds
[2026-02-10T23:09:08.742+0000] {processor.py:161} INFO - Started process (PID=938) to work on /home/airflow/.local/lib/python3.12/site-packages/airflow/example_dags/example_sla_dag.py
[2026-02-10T23:09:08.743+0000] {processor.py:830} INFO - Processing file /home/airflow/.local/lib/python3.12/site-packages/airflow/example_dags/example_sla_dag.py for tasks to queue
[2026-02-10T23:09:08.745+0000] {logging_mixin.py:188} INFO - [2026-02-10T23:09:08.745+0000] {dagbag.py:540} INFO - Filling up the DagBag from /home/airflow/.local/lib/python3.12/site-packages/airflow/example_dags/example_sla_dag.py
[2026-02-10T23:09:08.753+0000] {processor.py:840} INFO - DAG(s) 'example_sla_dag' retrieved from /home/airflow/.local/lib/python3.12/site-packages/airflow/example_dags/example_sla_dag.py
[2026-02-10T23:09:08.772+0000] {logging_mixin.py:188} INFO - [2026-02-10T23:09:08.771+0000] {dag.py:3096} INFO - Sync 1 DAGs
[2026-02-10T23:09:08.792+0000] {logging_mixin.py:188} INFO - [2026-02-10T23:09:08.792+0000] {dag.py:3954} INFO - Setting next_dagrun for example_sla_dag to 2026-02-10 23:06:00+00:00, run_after=2026-02-10 23:08:00+00:00
[2026-02-10T23:09:08.812+0000] {processor.py:183} INFO - Processing /home/airflow/.local/lib/python3.12/site-packages/airflow/example_dags/example_sla_dag.py took 0.075 seconds
[2026-02-10T23:09:38.986+0000] {processor.py:161} INFO - Started process (PID=992) to work on /home/airflow/.local/lib/python3.12/site-packages/airflow/example_dags/example_sla_dag.py
[2026-02-10T23:09:38.988+0000] {processor.py:830} INFO - Processing file /home/airflow/.local/lib/python3.12/site-packages/airflow/example_dags/example_sla_dag.py for tasks to queue
[2026-02-10T23:09:38.990+0000] {logging_mixin.py:188} INFO - [2026-02-10T23:09:38.990+0000] {dagbag.py:540} INFO - Filling up the DagBag from /home/airflow/.local/lib/python3.12/site-packages/airflow/example_dags/example_sla_dag.py
[2026-02-10T23:09:38.998+0000] {processor.py:840} INFO - DAG(s) 'example_sla_dag' retrieved from /home/airflow/.local/lib/python3.12/site-packages/airflow/example_dags/example_sla_dag.py
[2026-02-10T23:09:39.017+0000] {logging_mixin.py:188} INFO - [2026-02-10T23:09:39.017+0000] {dag.py:3096} INFO - Sync 1 DAGs
[2026-02-10T23:09:39.038+0000] {logging_mixin.py:188} INFO - [2026-02-10T23:09:39.038+0000] {dag.py:3954} INFO - Setting next_dagrun for example_sla_dag to 2026-02-10 23:06:00+00:00, run_after=2026-02-10 23:08:00+00:00
[2026-02-10T23:09:39.059+0000] {processor.py:183} INFO - Processing /home/airflow/.local/lib/python3.12/site-packages/airflow/example_dags/example_sla_dag.py took 0.078 seconds
[2026-02-10T23:10:09.150+0000] {processor.py:161} INFO - Started process (PID=1046) to work on /home/airflow/.local/lib/python3.12/site-packages/airflow/example_dags/example_sla_dag.py
[2026-02-10T23:10:09.151+0000] {processor.py:830} INFO - Processing file /home/airflow/.local/lib/python3.12/site-packages/airflow/example_dags/example_sla_dag.py for tasks to queue
[2026-02-10T23:10:09.153+0000] {logging_mixin.py:188} INFO - [2026-02-10T23:10:09.153+0000] {dagbag.py:540} INFO - Filling up the DagBag from /home/airflow/.local/lib/python3.12/site-packages/airflow/example_dags/example_sla_dag.py
[2026-02-10T23:10:09.161+0000] {processor.py:840} INFO - DAG(s) 'example_sla_dag' retrieved from /home/airflow/.local/lib/python3.12/site-packages/airflow/example_dags/example_sla_dag.py
[2026-02-10T23:10:09.180+0000] {logging_mixin.py:188} INFO - [2026-02-10T23:10:09.180+0000] {dag.py:3096} INFO - Sync 1 DAGs
[2026-02-10T23:10:09.201+0000] {logging_mixin.py:188} INFO - [2026-02-10T23:10:09.201+0000] {dag.py:3954} INFO - Setting next_dagrun for example_sla_dag to 2026-02-10 23:08:00+00:00, run_after=2026-02-10 23:10:00+00:00
[2026-02-10T23:10:09.220+0000] {processor.py:183} INFO - Processing /home/airflow/.local/lib/python3.12/site-packages/airflow/example_dags/example_sla_dag.py took 0.076 seconds
[2026-02-10T23:10:40.251+0000] {processor.py:161} INFO - Started process (PID=1099) to work on /home/airflow/.local/lib/python3.12/site-packages/airflow/example_dags/example_sla_dag.py
[2026-02-10T23:10:40.252+0000] {processor.py:830} INFO - Processing file /home/airflow/.local/lib/python3.12/site-packages/airflow/example_dags/example_sla_dag.py for tasks to queue
[2026-02-10T23:10:40.253+0000] {logging_mixin.py:188} INFO - [2026-02-10T23:10:40.253+0000] {dagbag.py:540} INFO - Filling up the DagBag from /home/airflow/.local/lib/python3.12/site-packages/airflow/example_dags/example_sla_dag.py
[2026-02-10T23:10:40.262+0000] {processor.py:840} INFO - DAG(s) 'example_sla_dag' retrieved from /home/airflow/.local/lib/python3.12/site-packages/airflow/example_dags/example_sla_dag.py
[2026-02-10T23:10:40.283+0000] {logging_mixin.py:188} INFO - [2026-02-10T23:10:40.282+0000] {dag.py:3096} INFO - Sync 1 DAGs
[2026-02-10T23:10:40.304+0000] {logging_mixin.py:188} INFO - [2026-02-10T23:10:40.303+0000] {dag.py:3954} INFO - Setting next_dagrun for example_sla_dag to 2026-02-10 23:08:00+00:00, run_after=2026-02-10 23:10:00+00:00
[2026-02-10T23:10:40.479+0000] {processor.py:183} INFO - Processing /home/airflow/.local/lib/python3.12/site-packages/airflow/example_dags/example_sla_dag.py took 0.234 seconds
[2026-02-10T23:11:10.844+0000] {processor.py:161} INFO - Started process (PID=1153) to work on /home/airflow/.local/lib/python3.12/site-packages/airflow/example_dags/example_sla_dag.py
[2026-02-10T23:11:10.845+0000] {processor.py:830} INFO - Processing file /home/airflow/.local/lib/python3.12/site-packages/airflow/example_dags/example_sla_dag.py for tasks to queue
[2026-02-10T23:11:10.847+0000] {logging_mixin.py:188} INFO - [2026-02-10T23:11:10.847+0000] {dagbag.py:540} INFO - Filling up the DagBag from /home/airflow/.local/lib/python3.12/site-packages/airflow/example_dags/example_sla_dag.py
[2026-02-10T23:11:10.855+0000] {processor.py:840} INFO - DAG(s) 'example_sla_dag' retrieved from /home/airflow/.local/lib/python3.12/site-packages/airflow/example_dags/example_sla_dag.py
[2026-02-10T23:11:10.874+0000] {logging_mixin.py:188} INFO - [2026-02-10T23:11:10.874+0000] {dag.py:3096} INFO - Sync 1 DAGs
[2026-02-10T23:11:10.896+0000] {logging_mixin.py:188} INFO - [2026-02-10T23:11:10.896+0000] {dag.py:3954} INFO - Setting next_dagrun for example_sla_dag to 2026-02-10 23:08:00+00:00, run_after=2026-02-10 23:10:00+00:00
[2026-02-10T23:11:10.915+0000] {processor.py:183} INFO - Processing /home/airflow/.local/lib/python3.12/site-packages/airflow/example_dags/example_sla_dag.py took 0.076 seconds
[2026-02-10T23:11:40.993+0000] {processor.py:161} INFO - Started process (PID=1207) to work on /home/airflow/.local/lib/python3.12/site-packages/airflow/example_dags/example_sla_dag.py
[2026-02-10T23:11:40.993+0000] {processor.py:830} INFO - Processing file /home/airflow/.local/lib/python3.12/site-packages/airflow/example_dags/example_sla_dag.py for tasks to queue
[2026-02-10T23:11:40.995+0000] {logging_mixin.py:188} INFO - [2026-02-10T23:11:40.995+0000] {dagbag.py:540} INFO - Filling up the DagBag from /home/airflow/.local/lib/python3.12/site-packages/airflow/example_dags/example_sla_dag.py
[2026-02-10T23:11:41.003+0000] {processor.py:840} INFO - DAG(s) 'example_sla_dag' retrieved from /home/airflow/.local/lib/python3.12/site-packages/airflow/example_dags/example_sla_dag.py
[2026-02-10T23:11:41.021+0000] {logging_mixin.py:188} INFO - [2026-02-10T23:11:41.021+0000] {dag.py:3096} INFO - Sync 1 DAGs
[2026-02-10T23:11:41.041+0000] {logging_mixin.py:188} INFO - [2026-02-10T23:11:41.041+0000] {dag.py:3954} INFO - Setting next_dagrun for example_sla_dag to 2026-02-10 23:08:00+00:00, run_after=2026-02-10 23:10:00+00:00
[2026-02-10T23:11:41.060+0000] {processor.py:183} INFO - Processing /home/airflow/.local/lib/python3.12/site-packages/airflow/example_dags/example_sla_dag.py took 0.073 seconds
[2026-02-10T23:12:11.098+0000] {processor.py:161} INFO - Started process (PID=1260) to work on /home/airflow/.local/lib/python3.12/site-packages/airflow/example_dags/example_sla_dag.py
[2026-02-10T23:12:11.099+0000] {processor.py:830} INFO - Processing file /home/airflow/.local/lib/python3.12/site-packages/airflow/example_dags/example_sla_dag.py for tasks to queue
[2026-02-10T23:12:11.100+0000] {logging_mixin.py:188} INFO - [2026-02-10T23:12:11.100+0000] {dagbag.py:540} INFO - Filling up the DagBag from /home/airflow/.local/lib/python3.12/site-packages/airflow/example_dags/example_sla_dag.py
[2026-02-10T23:12:11.108+0000] {processor.py:840} INFO - DAG(s) 'example_sla_dag' retrieved from /home/airflow/.local/lib/python3.12/site-packages/airflow/example_dags/example_sla_dag.py
[2026-02-10T23:12:11.128+0000] {logging_mixin.py:188} INFO - [2026-02-10T23:12:11.128+0000] {dag.py:3096} INFO - Sync 1 DAGs
[2026-02-10T23:12:11.148+0000] {logging_mixin.py:188} INFO - [2026-02-10T23:12:11.148+0000] {dag.py:3954} INFO - Setting next_dagrun for example_sla_dag to 2026-02-10 23:10:00+00:00, run_after=2026-02-10 23:12:00+00:00
[2026-02-10T23:12:11.166+0000] {processor.py:183} INFO - Processing /home/airflow/.local/lib/python3.12/site-packages/airflow/example_dags/example_sla_dag.py took 0.074 seconds
[2026-02-10T23:12:42.443+0000] {processor.py:161} INFO - Started process (PID=1315) to work on /home/airflow/.local/lib/python3.12/site-packages/airflow/example_dags/example_sla_dag.py
[2026-02-10T23:12:42.444+0000] {processor.py:830} INFO - Processing file /home/airflow/.local/lib/python3.12/site-packages/airflow/example_dags/example_sla_dag.py for tasks to queue
[2026-02-10T23:12:42.446+0000] {logging_mixin.py:188} INFO - [2026-02-10T23:12:42.446+0000] {dagbag.py:540} INFO - Filling up the DagBag from /home/airflow/.local/lib/python3.12/site-packages/airflow/example_dags/example_sla_dag.py
[2026-02-10T23:12:42.453+0000] {processor.py:840} INFO - DAG(s) 'example_sla_dag' retrieved from /home/airflow/.local/lib/python3.12/site-packages/airflow/example_dags/example_sla_dag.py
[2026-02-10T23:12:42.472+0000] {logging_mixin.py:188} INFO - [2026-02-10T23:12:42.472+0000] {dag.py:3096} INFO - Sync 1 DAGs
[2026-02-10T23:12:42.636+0000] {logging_mixin.py:188} INFO - [2026-02-10T23:12:42.636+0000] {dag.py:3954} INFO - Setting next_dagrun for example_sla_dag to 2026-02-10 23:10:00+00:00, run_after=2026-02-10 23:12:00+00:00
[2026-02-10T23:12:42.653+0000] {processor.py:183} INFO - Processing /home/airflow/.local/lib/python3.12/site-packages/airflow/example_dags/example_sla_dag.py took 0.215 seconds
[2026-02-10T23:13:13.413+0000] {processor.py:161} INFO - Started process (PID=1369) to work on /home/airflow/.local/lib/python3.12/site-packages/airflow/example_dags/example_sla_dag.py
[2026-02-10T23:13:13.414+0000] {processor.py:830} INFO - Processing file /home/airflow/.local/lib/python3.12/site-packages/airflow/example_dags/example_sla_dag.py for tasks to queue
[2026-02-10T23:13:13.416+0000] {logging_mixin.py:188} INFO - [2026-02-10T23:13:13.416+0000] {dagbag.py:540} INFO - Filling up the DagBag from /home/airflow/.local/lib/python3.12/site-packages/airflow/example_dags/example_sla_dag.py
[2026-02-10T23:13:13.424+0000] {processor.py:840} INFO - DAG(s) 'example_sla_dag' retrieved from /home/airflow/.local/lib/python3.12/site-packages/airflow/example_dags/example_sla_dag.py
[2026-02-10T23:13:13.442+0000] {logging_mixin.py:188} INFO - [2026-02-10T23:13:13.442+0000] {dag.py:3096} INFO - Sync 1 DAGs
[2026-02-10T23:13:13.463+0000] {logging_mixin.py:188} INFO - [2026-02-10T23:13:13.463+0000] {dag.py:3954} INFO - Setting next_dagrun for example_sla_dag to 2026-02-10 23:10:00+00:00, run_after=2026-02-10 23:12:00+00:00
[2026-02-10T23:13:13.482+0000] {processor.py:183} INFO - Processing /home/airflow/.local/lib/python3.12/site-packages/airflow/example_dags/example_sla_dag.py took 0.075 seconds
[2026-02-10T23:13:44.381+0000] {processor.py:161} INFO - Started process (PID=1424) to work on /home/airflow/.local/lib/python3.12/site-packages/airflow/example_dags/example_sla_dag.py
[2026-02-10T23:13:44.382+0000] {processor.py:830} INFO - Processing file /home/airflow/.local/lib/python3.12/site-packages/airflow/example_dags/example_sla_dag.py for tasks to queue
[2026-02-10T23:13:44.384+0000] {logging_mixin.py:188} INFO - [2026-02-10T23:13:44.384+0000] {dagbag.py:540} INFO - Filling up the DagBag from /home/airflow/.local/lib/python3.12/site-packages/airflow/example_dags/example_sla_dag.py
[2026-02-10T23:13:44.391+0000] {processor.py:840} INFO - DAG(s) 'example_sla_dag' retrieved from /home/airflow/.local/lib/python3.12/site-packages/airflow/example_dags/example_sla_dag.py
[2026-02-10T23:13:44.410+0000] {logging_mixin.py:188} INFO - [2026-02-10T23:13:44.410+0000] {dag.py:3096} INFO - Sync 1 DAGs
[2026-02-10T23:13:44.431+0000] {logging_mixin.py:188} INFO - [2026-02-10T23:13:44.431+0000] {dag.py:3954} INFO - Setting next_dagrun for example_sla_dag to 2026-02-10 23:10:00+00:00, run_after=2026-02-10 23:12:00+00:00
[2026-02-10T23:13:44.450+0000] {processor.py:183} INFO - Processing /home/airflow/.local/lib/python3.12/site-packages/airflow/example_dags/example_sla_dag.py took 0.075 seconds
[2026-02-10T23:14:15.281+0000] {processor.py:161} INFO - Started process (PID=1478) to work on /home/airflow/.local/lib/python3.12/site-packages/airflow/example_dags/example_sla_dag.py
[2026-02-10T23:14:15.283+0000] {processor.py:830} INFO - Processing file /home/airflow/.local/lib/python3.12/site-packages/airflow/example_dags/example_sla_dag.py for tasks to queue
[2026-02-10T23:14:15.285+0000] {logging_mixin.py:188} INFO - [2026-02-10T23:14:15.284+0000] {dagbag.py:540} INFO - Filling up the DagBag from /home/airflow/.local/lib/python3.12/site-packages/airflow/example_dags/example_sla_dag.py
[2026-02-10T23:14:15.292+0000] {processor.py:840} INFO - DAG(s) 'example_sla_dag' retrieved from /home/airflow/.local/lib/python3.12/site-packages/airflow/example_dags/example_sla_dag.py
[2026-02-10T23:14:15.311+0000] {logging_mixin.py:188} INFO - [2026-02-10T23:14:15.311+0000] {dag.py:3096} INFO - Sync 1 DAGs
[2026-02-10T23:14:15.335+0000] {logging_mixin.py:188} INFO - [2026-02-10T23:14:15.334+0000] {dag.py:3954} INFO - Setting next_dagrun for example_sla_dag to 2026-02-10 23:12:00+00:00, run_after=2026-02-10 23:14:00+00:00
[2026-02-10T23:14:15.352+0000] {processor.py:183} INFO - Processing /home/airflow/.local/lib/python3.12/site-packages/airflow/example_dags/example_sla_dag.py took 0.077 seconds
[2026-02-10T23:14:45.615+0000] {processor.py:161} INFO - Started process (PID=1532) to work on /home/airflow/.local/lib/python3.12/site-packages/airflow/example_dags/example_sla_dag.py
[2026-02-10T23:14:45.616+0000] {processor.py:830} INFO - Processing file /home/airflow/.local/lib/python3.12/site-packages/airflow/example_dags/example_sla_dag.py for tasks to queue
[2026-02-10T23:14:45.618+0000] {logging_mixin.py:188} INFO - [2026-02-10T23:14:45.617+0000] {dagbag.py:540} INFO - Filling up the DagBag from /home/airflow/.local/lib/python3.12/site-packages/airflow/example_dags/example_sla_dag.py
[2026-02-10T23:14:45.625+0000] {processor.py:840} INFO - DAG(s) 'example_sla_dag' retrieved from /home/airflow/.local/lib/python3.12/site-packages/airflow/example_dags/example_sla_dag.py
[2026-02-10T23:14:45.644+0000] {logging_mixin.py:188} INFO - [2026-02-10T23:14:45.644+0000] {dag.py:3096} INFO - Sync 1 DAGs
[2026-02-10T23:14:45.667+0000] {logging_mixin.py:188} INFO - [2026-02-10T23:14:45.667+0000] {dag.py:3954} INFO - Setting next_dagrun for example_sla_dag to 2026-02-10 23:12:00+00:00, run_after=2026-02-10 23:14:00+00:00
[2026-02-10T23:14:45.686+0000] {processor.py:183} INFO - Processing /home/airflow/.local/lib/python3.12/site-packages/airflow/example_dags/example_sla_dag.py took 0.076 seconds
[2026-02-10T23:15:16.307+0000] {processor.py:161} INFO - Started process (PID=1586) to work on /home/airflow/.local/lib/python3.12/site-packages/airflow/example_dags/example_sla_dag.py
[2026-02-10T23:15:16.308+0000] {processor.py:830} INFO - Processing file /home/airflow/.local/lib/python3.12/site-packages/airflow/example_dags/example_sla_dag.py for tasks to queue
[2026-02-10T23:15:16.311+0000] {logging_mixin.py:188} INFO - [2026-02-10T23:15:16.310+0000] {dagbag.py:540} INFO - Filling up the DagBag from /home/airflow/.local/lib/python3.12/site-packages/airflow/example_dags/example_sla_dag.py
[2026-02-10T23:15:16.323+0000] {processor.py:840} INFO - DAG(s) 'example_sla_dag' retrieved from /home/airflow/.local/lib/python3.12/site-packages/airflow/example_dags/example_sla_dag.py
[2026-02-10T23:15:16.348+0000] {logging_mixin.py:188} INFO - [2026-02-10T23:15:16.348+0000] {dag.py:3096} INFO - Sync 1 DAGs
[2026-02-10T23:15:16.379+0000] {logging_mixin.py:188} INFO - [2026-02-10T23:15:16.378+0000] {dag.py:3954} INFO - Setting next_dagrun for example_sla_dag to 2026-02-10 23:12:00+00:00, run_after=2026-02-10 23:14:00+00:00
[2026-02-10T23:15:16.410+0000] {processor.py:183} INFO - Processing /home/airflow/.local/lib/python3.12/site-packages/airflow/example_dags/example_sla_dag.py took 0.110 seconds
[2026-02-10T23:15:46.758+0000] {processor.py:161} INFO - Started process (PID=1640) to work on /home/airflow/.local/lib/python3.12/site-packages/airflow/example_dags/example_sla_dag.py
[2026-02-10T23:15:46.760+0000] {processor.py:830} INFO - Processing file /home/airflow/.local/lib/python3.12/site-packages/airflow/example_dags/example_sla_dag.py for tasks to queue
[2026-02-10T23:15:46.762+0000] {logging_mixin.py:188} INFO - [2026-02-10T23:15:46.762+0000] {dagbag.py:540} INFO - Filling up the DagBag from /home/airflow/.local/lib/python3.12/site-packages/airflow/example_dags/example_sla_dag.py
[2026-02-10T23:15:46.771+0000] {processor.py:840} INFO - DAG(s) 'example_sla_dag' retrieved from /home/airflow/.local/lib/python3.12/site-packages/airflow/example_dags/example_sla_dag.py
[2026-02-10T23:15:46.796+0000] {logging_mixin.py:188} INFO - [2026-02-10T23:15:46.795+0000] {dag.py:3096} INFO - Sync 1 DAGs
[2026-02-10T23:15:46.826+0000] {logging_mixin.py:188} INFO - [2026-02-10T23:15:46.825+0000] {dag.py:3954} INFO - Setting next_dagrun for example_sla_dag to 2026-02-10 23:12:00+00:00, run_after=2026-02-10 23:14:00+00:00
[2026-02-10T23:15:46.845+0000] {processor.py:183} INFO - Processing /home/airflow/.local/lib/python3.12/site-packages/airflow/example_dags/example_sla_dag.py took 0.096 seconds
[2026-02-10T23:16:17.292+0000] {processor.py:161} INFO - Started process (PID=1694) to work on /home/airflow/.local/lib/python3.12/site-packages/airflow/example_dags/example_sla_dag.py
[2026-02-10T23:16:17.294+0000] {processor.py:830} INFO - Processing file /home/airflow/.local/lib/python3.12/site-packages/airflow/example_dags/example_sla_dag.py for tasks to queue
[2026-02-10T23:16:17.296+0000] {logging_mixin.py:188} INFO - [2026-02-10T23:16:17.296+0000] {dagbag.py:540} INFO - Filling up the DagBag from /home/airflow/.local/lib/python3.12/site-packages/airflow/example_dags/example_sla_dag.py
[2026-02-10T23:16:17.308+0000] {processor.py:840} INFO - DAG(s) 'example_sla_dag' retrieved from /home/airflow/.local/lib/python3.12/site-packages/airflow/example_dags/example_sla_dag.py
[2026-02-10T23:16:17.334+0000] {logging_mixin.py:188} INFO - [2026-02-10T23:16:17.334+0000] {dag.py:3096} INFO - Sync 1 DAGs
[2026-02-10T23:16:17.382+0000] {logging_mixin.py:188} INFO - [2026-02-10T23:16:17.382+0000] {dag.py:3954} INFO - Setting next_dagrun for example_sla_dag to 2026-02-10 23:14:00+00:00, run_after=2026-02-10 23:16:00+00:00
[2026-02-10T23:16:17.420+0000] {processor.py:183} INFO - Processing /home/airflow/.local/lib/python3.12/site-packages/airflow/example_dags/example_sla_dag.py took 0.134 seconds
[2026-02-10T23:16:48.417+0000] {processor.py:161} INFO - Started process (PID=1748) to work on /home/airflow/.local/lib/python3.12/site-packages/airflow/example_dags/example_sla_dag.py
[2026-02-10T23:16:48.418+0000] {processor.py:830} INFO - Processing file /home/airflow/.local/lib/python3.12/site-packages/airflow/example_dags/example_sla_dag.py for tasks to queue
[2026-02-10T23:16:48.421+0000] {logging_mixin.py:188} INFO - [2026-02-10T23:16:48.420+0000] {dagbag.py:540} INFO - Filling up the DagBag from /home/airflow/.local/lib/python3.12/site-packages/airflow/example_dags/example_sla_dag.py
[2026-02-10T23:16:48.429+0000] {processor.py:840} INFO - DAG(s) 'example_sla_dag' retrieved from /home/airflow/.local/lib/python3.12/site-packages/airflow/example_dags/example_sla_dag.py
[2026-02-10T23:16:48.447+0000] {logging_mixin.py:188} INFO - [2026-02-10T23:16:48.447+0000] {dag.py:3096} INFO - Sync 1 DAGs
[2026-02-10T23:16:48.470+0000] {logging_mixin.py:188} INFO - [2026-02-10T23:16:48.470+0000] {dag.py:3954} INFO - Setting next_dagrun for example_sla_dag to 2026-02-10 23:14:00+00:00, run_after=2026-02-10 23:16:00+00:00
[2026-02-10T23:16:48.488+0000] {processor.py:183} INFO - Processing /home/airflow/.local/lib/python3.12/site-packages/airflow/example_dags/example_sla_dag.py took 0.078 seconds
[2026-02-10T23:17:18.560+0000] {processor.py:161} INFO - Started process (PID=1802) to work on /home/airflow/.local/lib/python3.12/site-packages/airflow/example_dags/example_sla_dag.py
[2026-02-10T23:17:18.561+0000] {processor.py:830} INFO - Processing file /home/airflow/.local/lib/python3.12/site-packages/airflow/example_dags/example_sla_dag.py for tasks to queue
[2026-02-10T23:17:18.563+0000] {logging_mixin.py:188} INFO - [2026-02-10T23:17:18.563+0000] {dagbag.py:540} INFO - Filling up the DagBag from /home/airflow/.local/lib/python3.12/site-packages/airflow/example_dags/example_sla_dag.py
[2026-02-10T23:17:18.571+0000] {processor.py:840} INFO - DAG(s) 'example_sla_dag' retrieved from /home/airflow/.local/lib/python3.12/site-packages/airflow/example_dags/example_sla_dag.py
[2026-02-10T23:17:18.592+0000] {logging_mixin.py:188} INFO - [2026-02-10T23:17:18.592+0000] {dag.py:3096} INFO - Sync 1 DAGs
[2026-02-10T23:17:18.627+0000] {logging_mixin.py:188} INFO - [2026-02-10T23:17:18.627+0000] {dag.py:3954} INFO - Setting next_dagrun for example_sla_dag to 2026-02-10 23:14:00+00:00, run_after=2026-02-10 23:16:00+00:00
[2026-02-10T23:17:18.650+0000] {processor.py:183} INFO - Processing /home/airflow/.local/lib/python3.12/site-packages/airflow/example_dags/example_sla_dag.py took 0.095 seconds
[2026-02-10T23:17:48.727+0000] {processor.py:161} INFO - Started process (PID=1855) to work on /home/airflow/.local/lib/python3.12/site-packages/airflow/example_dags/example_sla_dag.py
[2026-02-10T23:17:48.728+0000] {processor.py:830} INFO - Processing file /home/airflow/.local/lib/python3.12/site-packages/airflow/example_dags/example_sla_dag.py for tasks to queue
[2026-02-10T23:17:48.731+0000] {logging_mixin.py:188} INFO - [2026-02-10T23:17:48.730+0000] {dagbag.py:540} INFO - Filling up the DagBag from /home/airflow/.local/lib/python3.12/site-packages/airflow/example_dags/example_sla_dag.py
[2026-02-10T23:17:48.740+0000] {processor.py:840} INFO - DAG(s) 'example_sla_dag' retrieved from /home/airflow/.local/lib/python3.12/site-packages/airflow/example_dags/example_sla_dag.py
[2026-02-10T23:17:48.760+0000] {logging_mixin.py:188} INFO - [2026-02-10T23:17:48.759+0000] {dag.py:3096} INFO - Sync 1 DAGs
[2026-02-10T23:17:48.781+0000] {logging_mixin.py:188} INFO - [2026-02-10T23:17:48.781+0000] {dag.py:3954} INFO - Setting next_dagrun for example_sla_dag to 2026-02-10 23:14:00+00:00, run_after=2026-02-10 23:16:00+00:00
[2026-02-10T23:17:48.802+0000] {processor.py:183} INFO - Processing /home/airflow/.local/lib/python3.12/site-packages/airflow/example_dags/example_sla_dag.py took 0.083 seconds
[2026-02-10T23:18:19.080+0000] {processor.py:161} INFO - Started process (PID=1909) to work on /home/airflow/.local/lib/python3.12/site-packages/airflow/example_dags/example_sla_dag.py
[2026-02-10T23:18:19.081+0000] {processor.py:830} INFO - Processing file /home/airflow/.local/lib/python3.12/site-packages/airflow/example_dags/example_sla_dag.py for tasks to queue
[2026-02-10T23:18:19.083+0000] {logging_mixin.py:188} INFO - [2026-02-10T23:18:19.083+0000] {dagbag.py:540} INFO - Filling up the DagBag from /home/airflow/.local/lib/python3.12/site-packages/airflow/example_dags/example_sla_dag.py
[2026-02-10T23:18:19.092+0000] {processor.py:840} INFO - DAG(s) 'example_sla_dag' retrieved from /home/airflow/.local/lib/python3.12/site-packages/airflow/example_dags/example_sla_dag.py
[2026-02-10T23:18:19.111+0000] {logging_mixin.py:188} INFO - [2026-02-10T23:18:19.111+0000] {dag.py:3096} INFO - Sync 1 DAGs
[2026-02-10T23:18:19.133+0000] {logging_mixin.py:188} INFO - [2026-02-10T23:18:19.132+0000] {dag.py:3954} INFO - Setting next_dagrun for example_sla_dag to 2026-02-10 23:16:00+00:00, run_after=2026-02-10 23:18:00+00:00
[2026-02-10T23:18:19.152+0000] {processor.py:183} INFO - Processing /home/airflow/.local/lib/python3.12/site-packages/airflow/example_dags/example_sla_dag.py took 0.080 seconds
[2026-02-10T23:18:50.118+0000] {processor.py:161} INFO - Started process (PID=1964) to work on /home/airflow/.local/lib/python3.12/site-packages/airflow/example_dags/example_sla_dag.py
[2026-02-10T23:18:50.119+0000] {processor.py:830} INFO - Processing file /home/airflow/.local/lib/python3.12/site-packages/airflow/example_dags/example_sla_dag.py for tasks to queue
[2026-02-10T23:18:50.121+0000] {logging_mixin.py:188} INFO - [2026-02-10T23:18:50.121+0000] {dagbag.py:540} INFO - Filling up the DagBag from /home/airflow/.local/lib/python3.12/site-packages/airflow/example_dags/example_sla_dag.py
[2026-02-10T23:18:50.130+0000] {processor.py:840} INFO - DAG(s) 'example_sla_dag' retrieved from /home/airflow/.local/lib/python3.12/site-packages/airflow/example_dags/example_sla_dag.py
[2026-02-10T23:18:50.151+0000] {logging_mixin.py:188} INFO - [2026-02-10T23:18:50.151+0000] {dag.py:3096} INFO - Sync 1 DAGs
[2026-02-10T23:18:50.176+0000] {logging_mixin.py:188} INFO - [2026-02-10T23:18:50.176+0000] {dag.py:3954} INFO - Setting next_dagrun for example_sla_dag to 2026-02-10 23:16:00+00:00, run_after=2026-02-10 23:18:00+00:00
[2026-02-10T23:18:50.196+0000] {processor.py:183} INFO - Processing /home/airflow/.local/lib/python3.12/site-packages/airflow/example_dags/example_sla_dag.py took 0.085 seconds
[2026-02-10T23:19:21.148+0000] {processor.py:161} INFO - Started process (PID=2018) to work on /home/airflow/.local/lib/python3.12/site-packages/airflow/example_dags/example_sla_dag.py
[2026-02-10T23:19:21.150+0000] {processor.py:830} INFO - Processing file /home/airflow/.local/lib/python3.12/site-packages/airflow/example_dags/example_sla_dag.py for tasks to queue
[2026-02-10T23:19:21.153+0000] {logging_mixin.py:188} INFO - [2026-02-10T23:19:21.153+0000] {dagbag.py:540} INFO - Filling up the DagBag from /home/airflow/.local/lib/python3.12/site-packages/airflow/example_dags/example_sla_dag.py
[2026-02-10T23:19:21.167+0000] {processor.py:840} INFO - DAG(s) 'example_sla_dag' retrieved from /home/airflow/.local/lib/python3.12/site-packages/airflow/example_dags/example_sla_dag.py
[2026-02-10T23:19:21.198+0000] {logging_mixin.py:188} INFO - [2026-02-10T23:19:21.198+0000] {dag.py:3096} INFO - Sync 1 DAGs
[2026-02-10T23:19:21.235+0000] {logging_mixin.py:188} INFO - [2026-02-10T23:19:21.235+0000] {dag.py:3954} INFO - Setting next_dagrun for example_sla_dag to 2026-02-10 23:16:00+00:00, run_after=2026-02-10 23:18:00+00:00
[2026-02-10T23:19:21.261+0000] {processor.py:183} INFO - Processing /home/airflow/.local/lib/python3.12/site-packages/airflow/example_dags/example_sla_dag.py took 0.123 seconds
[2026-02-10T23:19:51.569+0000] {processor.py:161} INFO - Started process (PID=2072) to work on /home/airflow/.local/lib/python3.12/site-packages/airflow/example_dags/example_sla_dag.py
[2026-02-10T23:19:51.570+0000] {processor.py:830} INFO - Processing file /home/airflow/.local/lib/python3.12/site-packages/airflow/example_dags/example_sla_dag.py for tasks to queue
[2026-02-10T23:19:51.573+0000] {logging_mixin.py:188} INFO - [2026-02-10T23:19:51.572+0000] {dagbag.py:540} INFO - Filling up the DagBag from /home/airflow/.local/lib/python3.12/site-packages/airflow/example_dags/example_sla_dag.py
[2026-02-10T23:19:51.581+0000] {processor.py:840} INFO - DAG(s) 'example_sla_dag' retrieved from /home/airflow/.local/lib/python3.12/site-packages/airflow/example_dags/example_sla_dag.py
[2026-02-10T23:19:51.601+0000] {logging_mixin.py:188} INFO - [2026-02-10T23:19:51.601+0000] {dag.py:3096} INFO - Sync 1 DAGs
[2026-02-10T23:19:51.628+0000] {logging_mixin.py:188} INFO - [2026-02-10T23:19:51.628+0000] {dag.py:3954} INFO - Setting next_dagrun for example_sla_dag to 2026-02-10 23:16:00+00:00, run_after=2026-02-10 23:18:00+00:00
[2026-02-10T23:19:51.646+0000] {processor.py:183} INFO - Processing /home/airflow/.local/lib/python3.12/site-packages/airflow/example_dags/example_sla_dag.py took 0.085 seconds
[2026-02-10T23:20:21.994+0000] {processor.py:161} INFO - Started process (PID=2126) to work on /home/airflow/.local/lib/python3.12/site-packages/airflow/example_dags/example_sla_dag.py
[2026-02-10T23:20:21.995+0000] {processor.py:830} INFO - Processing file /home/airflow/.local/lib/python3.12/site-packages/airflow/example_dags/example_sla_dag.py for tasks to queue
[2026-02-10T23:20:21.998+0000] {logging_mixin.py:188} INFO - [2026-02-10T23:20:21.997+0000] {dagbag.py:540} INFO - Filling up the DagBag from /home/airflow/.local/lib/python3.12/site-packages/airflow/example_dags/example_sla_dag.py
[2026-02-10T23:20:22.009+0000] {processor.py:840} INFO - DAG(s) 'example_sla_dag' retrieved from /home/airflow/.local/lib/python3.12/site-packages/airflow/example_dags/example_sla_dag.py
[2026-02-10T23:20:22.029+0000] {logging_mixin.py:188} INFO - [2026-02-10T23:20:22.029+0000] {dag.py:3096} INFO - Sync 1 DAGs
[2026-02-10T23:20:22.054+0000] {logging_mixin.py:188} INFO - [2026-02-10T23:20:22.054+0000] {dag.py:3954} INFO - Setting next_dagrun for example_sla_dag to 2026-02-10 23:18:00+00:00, run_after=2026-02-10 23:20:00+00:00
[2026-02-10T23:20:22.074+0000] {processor.py:183} INFO - Processing /home/airflow/.local/lib/python3.12/site-packages/airflow/example_dags/example_sla_dag.py took 0.086 seconds
[2026-02-10T23:20:52.608+0000] {processor.py:161} INFO - Started process (PID=2180) to work on /home/airflow/.local/lib/python3.12/site-packages/airflow/example_dags/example_sla_dag.py
[2026-02-10T23:20:52.609+0000] {processor.py:830} INFO - Processing file /home/airflow/.local/lib/python3.12/site-packages/airflow/example_dags/example_sla_dag.py for tasks to queue
[2026-02-10T23:20:52.612+0000] {logging_mixin.py:188} INFO - [2026-02-10T23:20:52.611+0000] {dagbag.py:540} INFO - Filling up the DagBag from /home/airflow/.local/lib/python3.12/site-packages/airflow/example_dags/example_sla_dag.py
[2026-02-10T23:20:52.626+0000] {processor.py:840} INFO - DAG(s) 'example_sla_dag' retrieved from /home/airflow/.local/lib/python3.12/site-packages/airflow/example_dags/example_sla_dag.py
[2026-02-10T23:20:52.651+0000] {logging_mixin.py:188} INFO - [2026-02-10T23:20:52.651+0000] {dag.py:3096} INFO - Sync 1 DAGs
[2026-02-10T23:20:52.679+0000] {logging_mixin.py:188} INFO - [2026-02-10T23:20:52.679+0000] {dag.py:3954} INFO - Setting next_dagrun for example_sla_dag to 2026-02-10 23:18:00+00:00, run_after=2026-02-10 23:20:00+00:00
[2026-02-10T23:20:52.700+0000] {processor.py:183} INFO - Processing /home/airflow/.local/lib/python3.12/site-packages/airflow/example_dags/example_sla_dag.py took 0.100 seconds
[2026-02-10T23:21:22.825+0000] {processor.py:161} INFO - Started process (PID=2234) to work on /home/airflow/.local/lib/python3.12/site-packages/airflow/example_dags/example_sla_dag.py
[2026-02-10T23:21:22.826+0000] {processor.py:830} INFO - Processing file /home/airflow/.local/lib/python3.12/site-packages/airflow/example_dags/example_sla_dag.py for tasks to queue
[2026-02-10T23:21:22.828+0000] {logging_mixin.py:188} INFO - [2026-02-10T23:21:22.828+0000] {dagbag.py:540} INFO - Filling up the DagBag from /home/airflow/.local/lib/python3.12/site-packages/airflow/example_dags/example_sla_dag.py
[2026-02-10T23:21:22.840+0000] {processor.py:840} INFO - DAG(s) 'example_sla_dag' retrieved from /home/airflow/.local/lib/python3.12/site-packages/airflow/example_dags/example_sla_dag.py
[2026-02-10T23:21:22.862+0000] {logging_mixin.py:188} INFO - [2026-02-10T23:21:22.862+0000] {dag.py:3096} INFO - Sync 1 DAGs
[2026-02-10T23:21:22.886+0000] {logging_mixin.py:188} INFO - [2026-02-10T23:21:22.886+0000] {dag.py:3954} INFO - Setting next_dagrun for example_sla_dag to 2026-02-10 23:18:00+00:00, run_after=2026-02-10 23:20:00+00:00
[2026-02-10T23:21:22.910+0000] {processor.py:183} INFO - Processing /home/airflow/.local/lib/python3.12/site-packages/airflow/example_dags/example_sla_dag.py took 0.091 seconds
[2026-02-10T23:21:53.049+0000] {processor.py:161} INFO - Started process (PID=2288) to work on /home/airflow/.local/lib/python3.12/site-packages/airflow/example_dags/example_sla_dag.py
[2026-02-10T23:21:53.050+0000] {processor.py:830} INFO - Processing file /home/airflow/.local/lib/python3.12/site-packages/airflow/example_dags/example_sla_dag.py for tasks to queue
[2026-02-10T23:21:53.052+0000] {logging_mixin.py:188} INFO - [2026-02-10T23:21:53.051+0000] {dagbag.py:540} INFO - Filling up the DagBag from /home/airflow/.local/lib/python3.12/site-packages/airflow/example_dags/example_sla_dag.py
[2026-02-10T23:21:53.062+0000] {processor.py:840} INFO - DAG(s) 'example_sla_dag' retrieved from /home/airflow/.local/lib/python3.12/site-packages/airflow/example_dags/example_sla_dag.py
[2026-02-10T23:21:53.082+0000] {logging_mixin.py:188} INFO - [2026-02-10T23:21:53.082+0000] {dag.py:3096} INFO - Sync 1 DAGs
[2026-02-10T23:21:53.106+0000] {logging_mixin.py:188} INFO - [2026-02-10T23:21:53.106+0000] {dag.py:3954} INFO - Setting next_dagrun for example_sla_dag to 2026-02-10 23:18:00+00:00, run_after=2026-02-10 23:20:00+00:00
[2026-02-10T23:21:53.125+0000] {processor.py:183} INFO - Processing /home/airflow/.local/lib/python3.12/site-packages/airflow/example_dags/example_sla_dag.py took 0.083 seconds
[2026-02-10T23:22:23.381+0000] {processor.py:161} INFO - Started process (PID=2342) to work on /home/airflow/.local/lib/python3.12/site-packages/airflow/example_dags/example_sla_dag.py
[2026-02-10T23:22:23.383+0000] {processor.py:830} INFO - Processing file /home/airflow/.local/lib/python3.12/site-packages/airflow/example_dags/example_sla_dag.py for tasks to queue
[2026-02-10T23:22:23.388+0000] {logging_mixin.py:188} INFO - [2026-02-10T23:22:23.387+0000] {dagbag.py:540} INFO - Filling up the DagBag from /home/airflow/.local/lib/python3.12/site-packages/airflow/example_dags/example_sla_dag.py
[2026-02-10T23:22:23.406+0000] {processor.py:840} INFO - DAG(s) 'example_sla_dag' retrieved from /home/airflow/.local/lib/python3.12/site-packages/airflow/example_dags/example_sla_dag.py
[2026-02-10T23:22:23.442+0000] {logging_mixin.py:188} INFO - [2026-02-10T23:22:23.442+0000] {dag.py:3096} INFO - Sync 1 DAGs
[2026-02-10T23:22:23.486+0000] {logging_mixin.py:188} INFO - [2026-02-10T23:22:23.485+0000] {dag.py:3954} INFO - Setting next_dagrun for example_sla_dag to 2026-02-10 23:20:00+00:00, run_after=2026-02-10 23:22:00+00:00
[2026-02-10T23:22:23.535+0000] {processor.py:183} INFO - Processing /home/airflow/.local/lib/python3.12/site-packages/airflow/example_dags/example_sla_dag.py took 0.168 seconds
[2026-02-10T23:22:53.796+0000] {processor.py:161} INFO - Started process (PID=2395) to work on /home/airflow/.local/lib/python3.12/site-packages/airflow/example_dags/example_sla_dag.py
[2026-02-10T23:22:53.798+0000] {processor.py:830} INFO - Processing file /home/airflow/.local/lib/python3.12/site-packages/airflow/example_dags/example_sla_dag.py for tasks to queue
[2026-02-10T23:22:53.801+0000] {logging_mixin.py:188} INFO - [2026-02-10T23:22:53.800+0000] {dagbag.py:540} INFO - Filling up the DagBag from /home/airflow/.local/lib/python3.12/site-packages/airflow/example_dags/example_sla_dag.py
[2026-02-10T23:22:53.818+0000] {processor.py:840} INFO - DAG(s) 'example_sla_dag' retrieved from /home/airflow/.local/lib/python3.12/site-packages/airflow/example_dags/example_sla_dag.py
[2026-02-10T23:22:53.851+0000] {logging_mixin.py:188} INFO - [2026-02-10T23:22:53.851+0000] {dag.py:3096} INFO - Sync 1 DAGs
[2026-02-10T23:22:53.899+0000] {logging_mixin.py:188} INFO - [2026-02-10T23:22:53.899+0000] {dag.py:3954} INFO - Setting next_dagrun for example_sla_dag to 2026-02-10 23:20:00+00:00, run_after=2026-02-10 23:22:00+00:00
[2026-02-10T23:22:53.929+0000] {processor.py:183} INFO - Processing /home/airflow/.local/lib/python3.12/site-packages/airflow/example_dags/example_sla_dag.py took 0.144 seconds
[2026-02-10T23:23:26.602+0000] {processor.py:161} INFO - Started process (PID=2450) to work on /home/airflow/.local/lib/python3.12/site-packages/airflow/example_dags/example_sla_dag.py
[2026-02-10T23:23:26.605+0000] {processor.py:830} INFO - Processing file /home/airflow/.local/lib/python3.12/site-packages/airflow/example_dags/example_sla_dag.py for tasks to queue
[2026-02-10T23:23:26.610+0000] {logging_mixin.py:188} INFO - [2026-02-10T23:23:26.609+0000] {dagbag.py:540} INFO - Filling up the DagBag from /home/airflow/.local/lib/python3.12/site-packages/airflow/example_dags/example_sla_dag.py
[2026-02-10T23:23:26.649+0000] {processor.py:840} INFO - DAG(s) 'example_sla_dag' retrieved from /home/airflow/.local/lib/python3.12/site-packages/airflow/example_dags/example_sla_dag.py
[2026-02-10T23:23:26.725+0000] {logging_mixin.py:188} INFO - [2026-02-10T23:23:26.725+0000] {dag.py:3096} INFO - Sync 1 DAGs
[2026-02-10T23:23:26.818+0000] {logging_mixin.py:188} INFO - [2026-02-10T23:23:26.818+0000] {dag.py:3954} INFO - Setting next_dagrun for example_sla_dag to 2026-02-10 23:20:00+00:00, run_after=2026-02-10 23:22:00+00:00
[2026-02-10T23:23:26.890+0000] {processor.py:183} INFO - Processing /home/airflow/.local/lib/python3.12/site-packages/airflow/example_dags/example_sla_dag.py took 0.316 seconds
[2026-02-10T23:23:56.987+0000] {processor.py:161} INFO - Started process (PID=2504) to work on /home/airflow/.local/lib/python3.12/site-packages/airflow/example_dags/example_sla_dag.py
[2026-02-10T23:23:56.989+0000] {processor.py:830} INFO - Processing file /home/airflow/.local/lib/python3.12/site-packages/airflow/example_dags/example_sla_dag.py for tasks to queue
[2026-02-10T23:23:56.993+0000] {logging_mixin.py:188} INFO - [2026-02-10T23:23:56.992+0000] {dagbag.py:540} INFO - Filling up the DagBag from /home/airflow/.local/lib/python3.12/site-packages/airflow/example_dags/example_sla_dag.py
[2026-02-10T23:23:57.003+0000] {processor.py:840} INFO - DAG(s) 'example_sla_dag' retrieved from /home/airflow/.local/lib/python3.12/site-packages/airflow/example_dags/example_sla_dag.py
[2026-02-10T23:23:57.037+0000] {logging_mixin.py:188} INFO - [2026-02-10T23:23:57.036+0000] {dag.py:3096} INFO - Sync 1 DAGs
[2026-02-10T23:23:57.082+0000] {logging_mixin.py:188} INFO - [2026-02-10T23:23:57.082+0000] {dag.py:3954} INFO - Setting next_dagrun for example_sla_dag to 2026-02-10 23:20:00+00:00, run_after=2026-02-10 23:22:00+00:00
[2026-02-10T23:23:57.113+0000] {processor.py:183} INFO - Processing /home/airflow/.local/lib/python3.12/site-packages/airflow/example_dags/example_sla_dag.py took 0.134 seconds
[2026-02-10T23:24:27.214+0000] {processor.py:161} INFO - Started process (PID=2558) to work on /home/airflow/.local/lib/python3.12/site-packages/airflow/example_dags/example_sla_dag.py
[2026-02-10T23:24:27.216+0000] {processor.py:830} INFO - Processing file /home/airflow/.local/lib/python3.12/site-packages/airflow/example_dags/example_sla_dag.py for tasks to queue
[2026-02-10T23:24:27.219+0000] {logging_mixin.py:188} INFO - [2026-02-10T23:24:27.219+0000] {dagbag.py:540} INFO - Filling up the DagBag from /home/airflow/.local/lib/python3.12/site-packages/airflow/example_dags/example_sla_dag.py
[2026-02-10T23:24:27.234+0000] {processor.py:840} INFO - DAG(s) 'example_sla_dag' retrieved from /home/airflow/.local/lib/python3.12/site-packages/airflow/example_dags/example_sla_dag.py
[2026-02-10T23:24:27.260+0000] {logging_mixin.py:188} INFO - [2026-02-10T23:24:27.260+0000] {dag.py:3096} INFO - Sync 1 DAGs
[2026-02-10T23:24:27.293+0000] {logging_mixin.py:188} INFO - [2026-02-10T23:24:27.293+0000] {dag.py:3954} INFO - Setting next_dagrun for example_sla_dag to 2026-02-10 23:22:00+00:00, run_after=2026-02-10 23:24:00+00:00
[2026-02-10T23:24:27.317+0000] {processor.py:183} INFO - Processing /home/airflow/.local/lib/python3.12/site-packages/airflow/example_dags/example_sla_dag.py took 0.112 seconds
[2026-02-10T23:24:57.780+0000] {processor.py:161} INFO - Started process (PID=2612) to work on /home/airflow/.local/lib/python3.12/site-packages/airflow/example_dags/example_sla_dag.py
[2026-02-10T23:24:57.783+0000] {processor.py:830} INFO - Processing file /home/airflow/.local/lib/python3.12/site-packages/airflow/example_dags/example_sla_dag.py for tasks to queue
[2026-02-10T23:24:57.787+0000] {logging_mixin.py:188} INFO - [2026-02-10T23:24:57.787+0000] {dagbag.py:540} INFO - Filling up the DagBag from /home/airflow/.local/lib/python3.12/site-packages/airflow/example_dags/example_sla_dag.py
[2026-02-10T23:24:57.805+0000] {processor.py:840} INFO - DAG(s) 'example_sla_dag' retrieved from /home/airflow/.local/lib/python3.12/site-packages/airflow/example_dags/example_sla_dag.py
[2026-02-10T23:24:57.844+0000] {logging_mixin.py:188} INFO - [2026-02-10T23:24:57.843+0000] {dag.py:3096} INFO - Sync 1 DAGs
[2026-02-10T23:24:57.891+0000] {logging_mixin.py:188} INFO - [2026-02-10T23:24:57.890+0000] {dag.py:3954} INFO - Setting next_dagrun for example_sla_dag to 2026-02-10 23:22:00+00:00, run_after=2026-02-10 23:24:00+00:00
[2026-02-10T23:24:57.920+0000] {processor.py:183} INFO - Processing /home/airflow/.local/lib/python3.12/site-packages/airflow/example_dags/example_sla_dag.py took 0.150 seconds
[2026-02-10T23:25:28.067+0000] {processor.py:161} INFO - Started process (PID=2666) to work on /home/airflow/.local/lib/python3.12/site-packages/airflow/example_dags/example_sla_dag.py
[2026-02-10T23:25:28.069+0000] {processor.py:830} INFO - Processing file /home/airflow/.local/lib/python3.12/site-packages/airflow/example_dags/example_sla_dag.py for tasks to queue
[2026-02-10T23:25:28.072+0000] {logging_mixin.py:188} INFO - [2026-02-10T23:25:28.071+0000] {dagbag.py:540} INFO - Filling up the DagBag from /home/airflow/.local/lib/python3.12/site-packages/airflow/example_dags/example_sla_dag.py
[2026-02-10T23:25:28.083+0000] {processor.py:840} INFO - DAG(s) 'example_sla_dag' retrieved from /home/airflow/.local/lib/python3.12/site-packages/airflow/example_dags/example_sla_dag.py
[2026-02-10T23:25:28.111+0000] {logging_mixin.py:188} INFO - [2026-02-10T23:25:28.111+0000] {dag.py:3096} INFO - Sync 1 DAGs
[2026-02-10T23:25:28.147+0000] {logging_mixin.py:188} INFO - [2026-02-10T23:25:28.147+0000] {dag.py:3954} INFO - Setting next_dagrun for example_sla_dag to 2026-02-10 23:22:00+00:00, run_after=2026-02-10 23:24:00+00:00
[2026-02-10T23:25:28.170+0000] {processor.py:183} INFO - Processing /home/airflow/.local/lib/python3.12/site-packages/airflow/example_dags/example_sla_dag.py took 0.111 seconds
[2026-02-10T23:25:58.610+0000] {processor.py:161} INFO - Started process (PID=2720) to work on /home/airflow/.local/lib/python3.12/site-packages/airflow/example_dags/example_sla_dag.py
[2026-02-10T23:25:58.612+0000] {processor.py:830} INFO - Processing file /home/airflow/.local/lib/python3.12/site-packages/airflow/example_dags/example_sla_dag.py for tasks to queue
[2026-02-10T23:25:58.615+0000] {logging_mixin.py:188} INFO - [2026-02-10T23:25:58.614+0000] {dagbag.py:540} INFO - Filling up the DagBag from /home/airflow/.local/lib/python3.12/site-packages/airflow/example_dags/example_sla_dag.py
[2026-02-10T23:25:58.629+0000] {processor.py:840} INFO - DAG(s) 'example_sla_dag' retrieved from /home/airflow/.local/lib/python3.12/site-packages/airflow/example_dags/example_sla_dag.py
[2026-02-10T23:25:58.673+0000] {logging_mixin.py:188} INFO - [2026-02-10T23:25:58.673+0000] {dag.py:3096} INFO - Sync 1 DAGs
[2026-02-10T23:25:58.737+0000] {logging_mixin.py:188} INFO - [2026-02-10T23:25:58.737+0000] {dag.py:3954} INFO - Setting next_dagrun for example_sla_dag to 2026-02-10 23:22:00+00:00, run_after=2026-02-10 23:24:00+00:00
[2026-02-10T23:25:58.785+0000] {processor.py:183} INFO - Processing /home/airflow/.local/lib/python3.12/site-packages/airflow/example_dags/example_sla_dag.py took 0.185 seconds
[2026-02-10T23:26:29.415+0000] {processor.py:161} INFO - Started process (PID=2774) to work on /home/airflow/.local/lib/python3.12/site-packages/airflow/example_dags/example_sla_dag.py
[2026-02-10T23:26:29.416+0000] {processor.py:830} INFO - Processing file /home/airflow/.local/lib/python3.12/site-packages/airflow/example_dags/example_sla_dag.py for tasks to queue
[2026-02-10T23:26:29.419+0000] {logging_mixin.py:188} INFO - [2026-02-10T23:26:29.419+0000] {dagbag.py:540} INFO - Filling up the DagBag from /home/airflow/.local/lib/python3.12/site-packages/airflow/example_dags/example_sla_dag.py
[2026-02-10T23:26:29.433+0000] {processor.py:840} INFO - DAG(s) 'example_sla_dag' retrieved from /home/airflow/.local/lib/python3.12/site-packages/airflow/example_dags/example_sla_dag.py
[2026-02-10T23:26:29.465+0000] {logging_mixin.py:188} INFO - [2026-02-10T23:26:29.464+0000] {dag.py:3096} INFO - Sync 1 DAGs
[2026-02-10T23:26:29.503+0000] {logging_mixin.py:188} INFO - [2026-02-10T23:26:29.503+0000] {dag.py:3954} INFO - Setting next_dagrun for example_sla_dag to 2026-02-10 23:24:00+00:00, run_after=2026-02-10 23:26:00+00:00
[2026-02-10T23:26:29.527+0000] {processor.py:183} INFO - Processing /home/airflow/.local/lib/python3.12/site-packages/airflow/example_dags/example_sla_dag.py took 0.122 seconds
[2026-02-10T23:27:00.577+0000] {processor.py:161} INFO - Started process (PID=2828) to work on /home/airflow/.local/lib/python3.12/site-packages/airflow/example_dags/example_sla_dag.py
[2026-02-10T23:27:00.579+0000] {processor.py:830} INFO - Processing file /home/airflow/.local/lib/python3.12/site-packages/airflow/example_dags/example_sla_dag.py for tasks to queue
[2026-02-10T23:27:00.582+0000] {logging_mixin.py:188} INFO - [2026-02-10T23:27:00.582+0000] {dagbag.py:540} INFO - Filling up the DagBag from /home/airflow/.local/lib/python3.12/site-packages/airflow/example_dags/example_sla_dag.py
[2026-02-10T23:27:00.594+0000] {processor.py:840} INFO - DAG(s) 'example_sla_dag' retrieved from /home/airflow/.local/lib/python3.12/site-packages/airflow/example_dags/example_sla_dag.py
[2026-02-10T23:27:00.621+0000] {logging_mixin.py:188} INFO - [2026-02-10T23:27:00.620+0000] {dag.py:3096} INFO - Sync 1 DAGs
[2026-02-10T23:27:00.652+0000] {logging_mixin.py:188} INFO - [2026-02-10T23:27:00.652+0000] {dag.py:3954} INFO - Setting next_dagrun for example_sla_dag to 2026-02-10 23:24:00+00:00, run_after=2026-02-10 23:26:00+00:00
[2026-02-10T23:27:00.679+0000] {processor.py:183} INFO - Processing /home/airflow/.local/lib/python3.12/site-packages/airflow/example_dags/example_sla_dag.py took 0.113 seconds
[2026-02-10T23:27:31.203+0000] {processor.py:161} INFO - Started process (PID=2882) to work on /home/airflow/.local/lib/python3.12/site-packages/airflow/example_dags/example_sla_dag.py
[2026-02-10T23:27:31.204+0000] {processor.py:830} INFO - Processing file /home/airflow/.local/lib/python3.12/site-packages/airflow/example_dags/example_sla_dag.py for tasks to queue
[2026-02-10T23:27:31.207+0000] {logging_mixin.py:188} INFO - [2026-02-10T23:27:31.207+0000] {dagbag.py:540} INFO - Filling up the DagBag from /home/airflow/.local/lib/python3.12/site-packages/airflow/example_dags/example_sla_dag.py
[2026-02-10T23:27:31.220+0000] {processor.py:840} INFO - DAG(s) 'example_sla_dag' retrieved from /home/airflow/.local/lib/python3.12/site-packages/airflow/example_dags/example_sla_dag.py
[2026-02-10T23:27:31.247+0000] {logging_mixin.py:188} INFO - [2026-02-10T23:27:31.247+0000] {dag.py:3096} INFO - Sync 1 DAGs
[2026-02-10T23:27:31.282+0000] {logging_mixin.py:188} INFO - [2026-02-10T23:27:31.281+0000] {dag.py:3954} INFO - Setting next_dagrun for example_sla_dag to 2026-02-10 23:24:00+00:00, run_after=2026-02-10 23:26:00+00:00
[2026-02-10T23:27:31.318+0000] {processor.py:183} INFO - Processing /home/airflow/.local/lib/python3.12/site-packages/airflow/example_dags/example_sla_dag.py took 0.123 seconds
[2026-02-10T23:28:02.170+0000] {processor.py:161} INFO - Started process (PID=2936) to work on /home/airflow/.local/lib/python3.12/site-packages/airflow/example_dags/example_sla_dag.py
[2026-02-10T23:28:02.172+0000] {processor.py:830} INFO - Processing file /home/airflow/.local/lib/python3.12/site-packages/airflow/example_dags/example_sla_dag.py for tasks to queue
[2026-02-10T23:28:02.180+0000] {logging_mixin.py:188} INFO - [2026-02-10T23:28:02.179+0000] {dagbag.py:540} INFO - Filling up the DagBag from /home/airflow/.local/lib/python3.12/site-packages/airflow/example_dags/example_sla_dag.py
[2026-02-10T23:28:02.205+0000] {processor.py:840} INFO - DAG(s) 'example_sla_dag' retrieved from /home/airflow/.local/lib/python3.12/site-packages/airflow/example_dags/example_sla_dag.py
[2026-02-10T23:28:02.317+0000] {logging_mixin.py:188} INFO - [2026-02-10T23:28:02.316+0000] {dag.py:3096} INFO - Sync 1 DAGs
[2026-02-10T23:28:02.439+0000] {logging_mixin.py:188} INFO - [2026-02-10T23:28:02.438+0000] {dag.py:3954} INFO - Setting next_dagrun for example_sla_dag to 2026-02-10 23:26:00+00:00, run_after=2026-02-10 23:28:00+00:00
[2026-02-10T23:28:02.489+0000] {processor.py:183} INFO - Processing /home/airflow/.local/lib/python3.12/site-packages/airflow/example_dags/example_sla_dag.py took 0.336 seconds
[2026-02-10T23:28:32.938+0000] {processor.py:161} INFO - Started process (PID=2990) to work on /home/airflow/.local/lib/python3.12/site-packages/airflow/example_dags/example_sla_dag.py
[2026-02-10T23:28:32.940+0000] {processor.py:830} INFO - Processing file /home/airflow/.local/lib/python3.12/site-packages/airflow/example_dags/example_sla_dag.py for tasks to queue
[2026-02-10T23:28:32.942+0000] {logging_mixin.py:188} INFO - [2026-02-10T23:28:32.942+0000] {dagbag.py:540} INFO - Filling up the DagBag from /home/airflow/.local/lib/python3.12/site-packages/airflow/example_dags/example_sla_dag.py
[2026-02-10T23:28:32.955+0000] {processor.py:840} INFO - DAG(s) 'example_sla_dag' retrieved from /home/airflow/.local/lib/python3.12/site-packages/airflow/example_dags/example_sla_dag.py
[2026-02-10T23:28:32.982+0000] {logging_mixin.py:188} INFO - [2026-02-10T23:28:32.982+0000] {dag.py:3096} INFO - Sync 1 DAGs
[2026-02-10T23:28:33.016+0000] {logging_mixin.py:188} INFO - [2026-02-10T23:28:33.016+0000] {dag.py:3954} INFO - Setting next_dagrun for example_sla_dag to 2026-02-10 23:26:00+00:00, run_after=2026-02-10 23:28:00+00:00
[2026-02-10T23:28:33.040+0000] {processor.py:183} INFO - Processing /home/airflow/.local/lib/python3.12/site-packages/airflow/example_dags/example_sla_dag.py took 0.110 seconds
[2026-02-10T23:29:03.865+0000] {processor.py:161} INFO - Started process (PID=3044) to work on /home/airflow/.local/lib/python3.12/site-packages/airflow/example_dags/example_sla_dag.py
[2026-02-10T23:29:03.867+0000] {processor.py:830} INFO - Processing file /home/airflow/.local/lib/python3.12/site-packages/airflow/example_dags/example_sla_dag.py for tasks to queue
[2026-02-10T23:29:03.870+0000] {logging_mixin.py:188} INFO - [2026-02-10T23:29:03.869+0000] {dagbag.py:540} INFO - Filling up the DagBag from /home/airflow/.local/lib/python3.12/site-packages/airflow/example_dags/example_sla_dag.py
[2026-02-10T23:29:03.882+0000] {processor.py:840} INFO - DAG(s) 'example_sla_dag' retrieved from /home/airflow/.local/lib/python3.12/site-packages/airflow/example_dags/example_sla_dag.py
[2026-02-10T23:29:03.904+0000] {logging_mixin.py:188} INFO - [2026-02-10T23:29:03.904+0000] {dag.py:3096} INFO - Sync 1 DAGs
[2026-02-10T23:29:03.936+0000] {logging_mixin.py:188} INFO - [2026-02-10T23:29:03.936+0000] {dag.py:3954} INFO - Setting next_dagrun for example_sla_dag to 2026-02-10 23:26:00+00:00, run_after=2026-02-10 23:28:00+00:00
[2026-02-10T23:29:03.960+0000] {processor.py:183} INFO - Processing /home/airflow/.local/lib/python3.12/site-packages/airflow/example_dags/example_sla_dag.py took 0.101 seconds
[2026-02-10T23:29:34.966+0000] {processor.py:161} INFO - Started process (PID=3098) to work on /home/airflow/.local/lib/python3.12/site-packages/airflow/example_dags/example_sla_dag.py
[2026-02-10T23:29:34.967+0000] {processor.py:830} INFO - Processing file /home/airflow/.local/lib/python3.12/site-packages/airflow/example_dags/example_sla_dag.py for tasks to queue
[2026-02-10T23:29:34.970+0000] {logging_mixin.py:188} INFO - [2026-02-10T23:29:34.970+0000] {dagbag.py:540} INFO - Filling up the DagBag from /home/airflow/.local/lib/python3.12/site-packages/airflow/example_dags/example_sla_dag.py
[2026-02-10T23:29:34.982+0000] {processor.py:840} INFO - DAG(s) 'example_sla_dag' retrieved from /home/airflow/.local/lib/python3.12/site-packages/airflow/example_dags/example_sla_dag.py
[2026-02-10T23:29:35.008+0000] {logging_mixin.py:188} INFO - [2026-02-10T23:29:35.007+0000] {dag.py:3096} INFO - Sync 1 DAGs
[2026-02-10T23:29:35.043+0000] {logging_mixin.py:188} INFO - [2026-02-10T23:29:35.043+0000] {dag.py:3954} INFO - Setting next_dagrun for example_sla_dag to 2026-02-10 23:26:00+00:00, run_after=2026-02-10 23:28:00+00:00
[2026-02-10T23:29:35.069+0000] {processor.py:183} INFO - Processing /home/airflow/.local/lib/python3.12/site-packages/airflow/example_dags/example_sla_dag.py took 0.112 seconds
[2026-02-10T23:30:05.399+0000] {processor.py:161} INFO - Started process (PID=3152) to work on /home/airflow/.local/lib/python3.12/site-packages/airflow/example_dags/example_sla_dag.py
[2026-02-10T23:30:05.400+0000] {processor.py:830} INFO - Processing file /home/airflow/.local/lib/python3.12/site-packages/airflow/example_dags/example_sla_dag.py for tasks to queue
[2026-02-10T23:30:05.403+0000] {logging_mixin.py:188} INFO - [2026-02-10T23:30:05.402+0000] {dagbag.py:540} INFO - Filling up the DagBag from /home/airflow/.local/lib/python3.12/site-packages/airflow/example_dags/example_sla_dag.py
[2026-02-10T23:30:05.414+0000] {processor.py:840} INFO - DAG(s) 'example_sla_dag' retrieved from /home/airflow/.local/lib/python3.12/site-packages/airflow/example_dags/example_sla_dag.py
[2026-02-10T23:30:05.443+0000] {logging_mixin.py:188} INFO - [2026-02-10T23:30:05.443+0000] {dag.py:3096} INFO - Sync 1 DAGs
[2026-02-10T23:30:05.483+0000] {logging_mixin.py:188} INFO - [2026-02-10T23:30:05.482+0000] {dag.py:3954} INFO - Setting next_dagrun for example_sla_dag to 2026-02-10 23:28:00+00:00, run_after=2026-02-10 23:30:00+00:00
[2026-02-10T23:30:05.510+0000] {processor.py:183} INFO - Processing /home/airflow/.local/lib/python3.12/site-packages/airflow/example_dags/example_sla_dag.py took 0.120 seconds
[2026-02-10T23:30:35.562+0000] {processor.py:161} INFO - Started process (PID=3205) to work on /home/airflow/.local/lib/python3.12/site-packages/airflow/example_dags/example_sla_dag.py
[2026-02-10T23:30:35.564+0000] {processor.py:830} INFO - Processing file /home/airflow/.local/lib/python3.12/site-packages/airflow/example_dags/example_sla_dag.py for tasks to queue
[2026-02-10T23:30:35.566+0000] {logging_mixin.py:188} INFO - [2026-02-10T23:30:35.566+0000] {dagbag.py:540} INFO - Filling up the DagBag from /home/airflow/.local/lib/python3.12/site-packages/airflow/example_dags/example_sla_dag.py
[2026-02-10T23:30:35.578+0000] {processor.py:840} INFO - DAG(s) 'example_sla_dag' retrieved from /home/airflow/.local/lib/python3.12/site-packages/airflow/example_dags/example_sla_dag.py
[2026-02-10T23:30:35.600+0000] {logging_mixin.py:188} INFO - [2026-02-10T23:30:35.600+0000] {dag.py:3096} INFO - Sync 1 DAGs
[2026-02-10T23:30:35.625+0000] {logging_mixin.py:188} INFO - [2026-02-10T23:30:35.625+0000] {dag.py:3954} INFO - Setting next_dagrun for example_sla_dag to 2026-02-10 23:28:00+00:00, run_after=2026-02-10 23:30:00+00:00
[2026-02-10T23:30:35.649+0000] {processor.py:183} INFO - Processing /home/airflow/.local/lib/python3.12/site-packages/airflow/example_dags/example_sla_dag.py took 0.092 seconds
[2026-02-10T23:31:05.751+0000] {processor.py:161} INFO - Started process (PID=3259) to work on /home/airflow/.local/lib/python3.12/site-packages/airflow/example_dags/example_sla_dag.py
[2026-02-10T23:31:05.752+0000] {processor.py:830} INFO - Processing file /home/airflow/.local/lib/python3.12/site-packages/airflow/example_dags/example_sla_dag.py for tasks to queue
[2026-02-10T23:31:05.754+0000] {logging_mixin.py:188} INFO - [2026-02-10T23:31:05.754+0000] {dagbag.py:540} INFO - Filling up the DagBag from /home/airflow/.local/lib/python3.12/site-packages/airflow/example_dags/example_sla_dag.py
[2026-02-10T23:31:05.765+0000] {processor.py:840} INFO - DAG(s) 'example_sla_dag' retrieved from /home/airflow/.local/lib/python3.12/site-packages/airflow/example_dags/example_sla_dag.py
[2026-02-10T23:31:05.789+0000] {logging_mixin.py:188} INFO - [2026-02-10T23:31:05.789+0000] {dag.py:3096} INFO - Sync 1 DAGs
[2026-02-10T23:31:05.820+0000] {logging_mixin.py:188} INFO - [2026-02-10T23:31:05.820+0000] {dag.py:3954} INFO - Setting next_dagrun for example_sla_dag to 2026-02-10 23:28:00+00:00, run_after=2026-02-10 23:30:00+00:00
[2026-02-10T23:31:05.845+0000] {processor.py:183} INFO - Processing /home/airflow/.local/lib/python3.12/site-packages/airflow/example_dags/example_sla_dag.py took 0.101 seconds
[2026-02-10T23:31:36.371+0000] {processor.py:161} INFO - Started process (PID=3313) to work on /home/airflow/.local/lib/python3.12/site-packages/airflow/example_dags/example_sla_dag.py
[2026-02-10T23:31:36.373+0000] {processor.py:830} INFO - Processing file /home/airflow/.local/lib/python3.12/site-packages/airflow/example_dags/example_sla_dag.py for tasks to queue
[2026-02-10T23:31:36.375+0000] {logging_mixin.py:188} INFO - [2026-02-10T23:31:36.374+0000] {dagbag.py:540} INFO - Filling up the DagBag from /home/airflow/.local/lib/python3.12/site-packages/airflow/example_dags/example_sla_dag.py
[2026-02-10T23:31:36.384+0000] {processor.py:840} INFO - DAG(s) 'example_sla_dag' retrieved from /home/airflow/.local/lib/python3.12/site-packages/airflow/example_dags/example_sla_dag.py
[2026-02-10T23:31:36.406+0000] {logging_mixin.py:188} INFO - [2026-02-10T23:31:36.406+0000] {dag.py:3096} INFO - Sync 1 DAGs
[2026-02-10T23:31:36.433+0000] {logging_mixin.py:188} INFO - [2026-02-10T23:31:36.432+0000] {dag.py:3954} INFO - Setting next_dagrun for example_sla_dag to 2026-02-10 23:28:00+00:00, run_after=2026-02-10 23:30:00+00:00
[2026-02-10T23:31:36.454+0000] {processor.py:183} INFO - Processing /home/airflow/.local/lib/python3.12/site-packages/airflow/example_dags/example_sla_dag.py took 0.090 seconds
[2026-02-10T23:32:06.621+0000] {processor.py:161} INFO - Started process (PID=3367) to work on /home/airflow/.local/lib/python3.12/site-packages/airflow/example_dags/example_sla_dag.py
[2026-02-10T23:32:06.622+0000] {processor.py:830} INFO - Processing file /home/airflow/.local/lib/python3.12/site-packages/airflow/example_dags/example_sla_dag.py for tasks to queue
[2026-02-10T23:32:06.624+0000] {logging_mixin.py:188} INFO - [2026-02-10T23:32:06.623+0000] {dagbag.py:540} INFO - Filling up the DagBag from /home/airflow/.local/lib/python3.12/site-packages/airflow/example_dags/example_sla_dag.py
[2026-02-10T23:32:06.632+0000] {processor.py:840} INFO - DAG(s) 'example_sla_dag' retrieved from /home/airflow/.local/lib/python3.12/site-packages/airflow/example_dags/example_sla_dag.py
[2026-02-10T23:32:06.654+0000] {logging_mixin.py:188} INFO - [2026-02-10T23:32:06.653+0000] {dag.py:3096} INFO - Sync 1 DAGs
[2026-02-10T23:32:06.678+0000] {logging_mixin.py:188} INFO - [2026-02-10T23:32:06.678+0000] {dag.py:3954} INFO - Setting next_dagrun for example_sla_dag to 2026-02-10 23:30:00+00:00, run_after=2026-02-10 23:32:00+00:00
[2026-02-10T23:32:06.706+0000] {processor.py:183} INFO - Processing /home/airflow/.local/lib/python3.12/site-packages/airflow/example_dags/example_sla_dag.py took 0.091 seconds
[2026-02-10T23:32:36.867+0000] {processor.py:161} INFO - Started process (PID=3421) to work on /home/airflow/.local/lib/python3.12/site-packages/airflow/example_dags/example_sla_dag.py
[2026-02-10T23:32:36.868+0000] {processor.py:830} INFO - Processing file /home/airflow/.local/lib/python3.12/site-packages/airflow/example_dags/example_sla_dag.py for tasks to queue
[2026-02-10T23:32:36.870+0000] {logging_mixin.py:188} INFO - [2026-02-10T23:32:36.870+0000] {dagbag.py:540} INFO - Filling up the DagBag from /home/airflow/.local/lib/python3.12/site-packages/airflow/example_dags/example_sla_dag.py
[2026-02-10T23:32:36.880+0000] {processor.py:840} INFO - DAG(s) 'example_sla_dag' retrieved from /home/airflow/.local/lib/python3.12/site-packages/airflow/example_dags/example_sla_dag.py
[2026-02-10T23:32:36.906+0000] {logging_mixin.py:188} INFO - [2026-02-10T23:32:36.906+0000] {dag.py:3096} INFO - Sync 1 DAGs
[2026-02-10T23:32:36.940+0000] {logging_mixin.py:188} INFO - [2026-02-10T23:32:36.940+0000] {dag.py:3954} INFO - Setting next_dagrun for example_sla_dag to 2026-02-10 23:30:00+00:00, run_after=2026-02-10 23:32:00+00:00
[2026-02-10T23:32:36.968+0000] {processor.py:183} INFO - Processing /home/airflow/.local/lib/python3.12/site-packages/airflow/example_dags/example_sla_dag.py took 0.108 seconds
[2026-02-10T23:33:07.669+0000] {processor.py:161} INFO - Started process (PID=3475) to work on /home/airflow/.local/lib/python3.12/site-packages/airflow/example_dags/example_sla_dag.py
[2026-02-10T23:33:07.670+0000] {processor.py:830} INFO - Processing file /home/airflow/.local/lib/python3.12/site-packages/airflow/example_dags/example_sla_dag.py for tasks to queue
[2026-02-10T23:33:07.672+0000] {logging_mixin.py:188} INFO - [2026-02-10T23:33:07.671+0000] {dagbag.py:540} INFO - Filling up the DagBag from /home/airflow/.local/lib/python3.12/site-packages/airflow/example_dags/example_sla_dag.py
[2026-02-10T23:33:07.680+0000] {processor.py:840} INFO - DAG(s) 'example_sla_dag' retrieved from /home/airflow/.local/lib/python3.12/site-packages/airflow/example_dags/example_sla_dag.py
[2026-02-10T23:33:07.700+0000] {logging_mixin.py:188} INFO - [2026-02-10T23:33:07.700+0000] {dag.py:3096} INFO - Sync 1 DAGs
[2026-02-10T23:33:07.723+0000] {logging_mixin.py:188} INFO - [2026-02-10T23:33:07.723+0000] {dag.py:3954} INFO - Setting next_dagrun for example_sla_dag to 2026-02-10 23:30:00+00:00, run_after=2026-02-10 23:32:00+00:00
[2026-02-10T23:33:07.744+0000] {processor.py:183} INFO - Processing /home/airflow/.local/lib/python3.12/site-packages/airflow/example_dags/example_sla_dag.py took 0.081 seconds
[2026-02-10T23:33:38.174+0000] {processor.py:161} INFO - Started process (PID=3529) to work on /home/airflow/.local/lib/python3.12/site-packages/airflow/example_dags/example_sla_dag.py
[2026-02-10T23:33:38.175+0000] {processor.py:830} INFO - Processing file /home/airflow/.local/lib/python3.12/site-packages/airflow/example_dags/example_sla_dag.py for tasks to queue
[2026-02-10T23:33:38.177+0000] {logging_mixin.py:188} INFO - [2026-02-10T23:33:38.176+0000] {dagbag.py:540} INFO - Filling up the DagBag from /home/airflow/.local/lib/python3.12/site-packages/airflow/example_dags/example_sla_dag.py
[2026-02-10T23:33:38.185+0000] {processor.py:840} INFO - DAG(s) 'example_sla_dag' retrieved from /home/airflow/.local/lib/python3.12/site-packages/airflow/example_dags/example_sla_dag.py
[2026-02-10T23:33:38.205+0000] {logging_mixin.py:188} INFO - [2026-02-10T23:33:38.205+0000] {dag.py:3096} INFO - Sync 1 DAGs
[2026-02-10T23:33:38.228+0000] {logging_mixin.py:188} INFO - [2026-02-10T23:33:38.228+0000] {dag.py:3954} INFO - Setting next_dagrun for example_sla_dag to 2026-02-10 23:30:00+00:00, run_after=2026-02-10 23:32:00+00:00
[2026-02-10T23:33:38.247+0000] {processor.py:183} INFO - Processing /home/airflow/.local/lib/python3.12/site-packages/airflow/example_dags/example_sla_dag.py took 0.079 seconds
[2026-02-10T23:34:09.069+0000] {processor.py:161} INFO - Started process (PID=3583) to work on /home/airflow/.local/lib/python3.12/site-packages/airflow/example_dags/example_sla_dag.py
[2026-02-10T23:34:09.071+0000] {processor.py:830} INFO - Processing file /home/airflow/.local/lib/python3.12/site-packages/airflow/example_dags/example_sla_dag.py for tasks to queue
[2026-02-10T23:34:09.081+0000] {logging_mixin.py:188} INFO - [2026-02-10T23:34:09.076+0000] {dagbag.py:540} INFO - Filling up the DagBag from /home/airflow/.local/lib/python3.12/site-packages/airflow/example_dags/example_sla_dag.py
[2026-02-10T23:34:09.105+0000] {processor.py:840} INFO - DAG(s) 'example_sla_dag' retrieved from /home/airflow/.local/lib/python3.12/site-packages/airflow/example_dags/example_sla_dag.py
[2026-02-10T23:34:09.157+0000] {logging_mixin.py:188} INFO - [2026-02-10T23:34:09.156+0000] {dag.py:3096} INFO - Sync 1 DAGs
[2026-02-10T23:34:09.232+0000] {logging_mixin.py:188} INFO - [2026-02-10T23:34:09.230+0000] {dag.py:3954} INFO - Setting next_dagrun for example_sla_dag to 2026-02-10 23:32:00+00:00, run_after=2026-02-10 23:34:00+00:00
[2026-02-10T23:34:09.297+0000] {processor.py:183} INFO - Processing /home/airflow/.local/lib/python3.12/site-packages/airflow/example_dags/example_sla_dag.py took 0.246 seconds
[2026-02-10T23:34:40.151+0000] {processor.py:161} INFO - Started process (PID=3637) to work on /home/airflow/.local/lib/python3.12/site-packages/airflow/example_dags/example_sla_dag.py
[2026-02-10T23:34:40.152+0000] {processor.py:830} INFO - Processing file /home/airflow/.local/lib/python3.12/site-packages/airflow/example_dags/example_sla_dag.py for tasks to queue
[2026-02-10T23:34:40.155+0000] {logging_mixin.py:188} INFO - [2026-02-10T23:34:40.154+0000] {dagbag.py:540} INFO - Filling up the DagBag from /home/airflow/.local/lib/python3.12/site-packages/airflow/example_dags/example_sla_dag.py
[2026-02-10T23:34:40.163+0000] {processor.py:840} INFO - DAG(s) 'example_sla_dag' retrieved from /home/airflow/.local/lib/python3.12/site-packages/airflow/example_dags/example_sla_dag.py
[2026-02-10T23:34:40.184+0000] {logging_mixin.py:188} INFO - [2026-02-10T23:34:40.184+0000] {dag.py:3096} INFO - Sync 1 DAGs
[2026-02-10T23:34:40.209+0000] {logging_mixin.py:188} INFO - [2026-02-10T23:34:40.209+0000] {dag.py:3954} INFO - Setting next_dagrun for example_sla_dag to 2026-02-10 23:32:00+00:00, run_after=2026-02-10 23:34:00+00:00
[2026-02-10T23:34:40.230+0000] {processor.py:183} INFO - Processing /home/airflow/.local/lib/python3.12/site-packages/airflow/example_dags/example_sla_dag.py took 0.085 seconds
[2026-02-10T23:35:10.885+0000] {processor.py:161} INFO - Started process (PID=3691) to work on /home/airflow/.local/lib/python3.12/site-packages/airflow/example_dags/example_sla_dag.py
[2026-02-10T23:35:10.886+0000] {processor.py:830} INFO - Processing file /home/airflow/.local/lib/python3.12/site-packages/airflow/example_dags/example_sla_dag.py for tasks to queue
[2026-02-10T23:35:10.888+0000] {logging_mixin.py:188} INFO - [2026-02-10T23:35:10.887+0000] {dagbag.py:540} INFO - Filling up the DagBag from /home/airflow/.local/lib/python3.12/site-packages/airflow/example_dags/example_sla_dag.py
[2026-02-10T23:35:10.896+0000] {processor.py:840} INFO - DAG(s) 'example_sla_dag' retrieved from /home/airflow/.local/lib/python3.12/site-packages/airflow/example_dags/example_sla_dag.py
[2026-02-10T23:35:10.917+0000] {logging_mixin.py:188} INFO - [2026-02-10T23:35:10.916+0000] {dag.py:3096} INFO - Sync 1 DAGs
[2026-02-10T23:35:10.940+0000] {logging_mixin.py:188} INFO - [2026-02-10T23:35:10.940+0000] {dag.py:3954} INFO - Setting next_dagrun for example_sla_dag to 2026-02-10 23:32:00+00:00, run_after=2026-02-10 23:34:00+00:00
[2026-02-10T23:35:10.960+0000] {processor.py:183} INFO - Processing /home/airflow/.local/lib/python3.12/site-packages/airflow/example_dags/example_sla_dag.py took 0.081 seconds
[2026-02-10T23:35:41.548+0000] {processor.py:161} INFO - Started process (PID=3745) to work on /home/airflow/.local/lib/python3.12/site-packages/airflow/example_dags/example_sla_dag.py
[2026-02-10T23:35:41.549+0000] {processor.py:830} INFO - Processing file /home/airflow/.local/lib/python3.12/site-packages/airflow/example_dags/example_sla_dag.py for tasks to queue
[2026-02-10T23:35:41.551+0000] {logging_mixin.py:188} INFO - [2026-02-10T23:35:41.551+0000] {dagbag.py:540} INFO - Filling up the DagBag from /home/airflow/.local/lib/python3.12/site-packages/airflow/example_dags/example_sla_dag.py
[2026-02-10T23:35:41.560+0000] {processor.py:840} INFO - DAG(s) 'example_sla_dag' retrieved from /home/airflow/.local/lib/python3.12/site-packages/airflow/example_dags/example_sla_dag.py
[2026-02-10T23:35:41.581+0000] {logging_mixin.py:188} INFO - [2026-02-10T23:35:41.581+0000] {dag.py:3096} INFO - Sync 1 DAGs
[2026-02-10T23:35:41.620+0000] {logging_mixin.py:188} INFO - [2026-02-10T23:35:41.620+0000] {dag.py:3954} INFO - Setting next_dagrun for example_sla_dag to 2026-02-10 23:32:00+00:00, run_after=2026-02-10 23:34:00+00:00
[2026-02-10T23:35:41.647+0000] {processor.py:183} INFO - Processing /home/airflow/.local/lib/python3.12/site-packages/airflow/example_dags/example_sla_dag.py took 0.106 seconds
[2026-02-10T23:36:11.995+0000] {processor.py:161} INFO - Started process (PID=3799) to work on /home/airflow/.local/lib/python3.12/site-packages/airflow/example_dags/example_sla_dag.py
[2026-02-10T23:36:11.996+0000] {processor.py:830} INFO - Processing file /home/airflow/.local/lib/python3.12/site-packages/airflow/example_dags/example_sla_dag.py for tasks to queue
[2026-02-10T23:36:11.999+0000] {logging_mixin.py:188} INFO - [2026-02-10T23:36:11.998+0000] {dagbag.py:540} INFO - Filling up the DagBag from /home/airflow/.local/lib/python3.12/site-packages/airflow/example_dags/example_sla_dag.py
[2026-02-10T23:36:12.007+0000] {processor.py:840} INFO - DAG(s) 'example_sla_dag' retrieved from /home/airflow/.local/lib/python3.12/site-packages/airflow/example_dags/example_sla_dag.py
[2026-02-10T23:36:12.035+0000] {logging_mixin.py:188} INFO - [2026-02-10T23:36:12.034+0000] {dag.py:3096} INFO - Sync 1 DAGs
[2026-02-10T23:36:12.065+0000] {logging_mixin.py:188} INFO - [2026-02-10T23:36:12.064+0000] {dag.py:3954} INFO - Setting next_dagrun for example_sla_dag to 2026-02-10 23:34:00+00:00, run_after=2026-02-10 23:36:00+00:00
[2026-02-10T23:36:12.087+0000] {processor.py:183} INFO - Processing /home/airflow/.local/lib/python3.12/site-packages/airflow/example_dags/example_sla_dag.py took 0.098 seconds
[2026-02-10T23:36:42.568+0000] {processor.py:161} INFO - Started process (PID=3853) to work on /home/airflow/.local/lib/python3.12/site-packages/airflow/example_dags/example_sla_dag.py
[2026-02-10T23:36:42.569+0000] {processor.py:830} INFO - Processing file /home/airflow/.local/lib/python3.12/site-packages/airflow/example_dags/example_sla_dag.py for tasks to queue
[2026-02-10T23:36:42.572+0000] {logging_mixin.py:188} INFO - [2026-02-10T23:36:42.571+0000] {dagbag.py:540} INFO - Filling up the DagBag from /home/airflow/.local/lib/python3.12/site-packages/airflow/example_dags/example_sla_dag.py
[2026-02-10T23:36:42.579+0000] {processor.py:840} INFO - DAG(s) 'example_sla_dag' retrieved from /home/airflow/.local/lib/python3.12/site-packages/airflow/example_dags/example_sla_dag.py
[2026-02-10T23:36:42.600+0000] {logging_mixin.py:188} INFO - [2026-02-10T23:36:42.599+0000] {dag.py:3096} INFO - Sync 1 DAGs
[2026-02-10T23:36:42.622+0000] {logging_mixin.py:188} INFO - [2026-02-10T23:36:42.622+0000] {dag.py:3954} INFO - Setting next_dagrun for example_sla_dag to 2026-02-10 23:34:00+00:00, run_after=2026-02-10 23:36:00+00:00
[2026-02-10T23:36:42.654+0000] {processor.py:183} INFO - Processing /home/airflow/.local/lib/python3.12/site-packages/airflow/example_dags/example_sla_dag.py took 0.091 seconds
[2026-02-10T23:37:13.052+0000] {processor.py:161} INFO - Started process (PID=3907) to work on /home/airflow/.local/lib/python3.12/site-packages/airflow/example_dags/example_sla_dag.py
[2026-02-10T23:37:13.053+0000] {processor.py:830} INFO - Processing file /home/airflow/.local/lib/python3.12/site-packages/airflow/example_dags/example_sla_dag.py for tasks to queue
[2026-02-10T23:37:13.056+0000] {logging_mixin.py:188} INFO - [2026-02-10T23:37:13.056+0000] {dagbag.py:540} INFO - Filling up the DagBag from /home/airflow/.local/lib/python3.12/site-packages/airflow/example_dags/example_sla_dag.py
[2026-02-10T23:37:13.071+0000] {processor.py:840} INFO - DAG(s) 'example_sla_dag' retrieved from /home/airflow/.local/lib/python3.12/site-packages/airflow/example_dags/example_sla_dag.py
[2026-02-10T23:37:13.104+0000] {logging_mixin.py:188} INFO - [2026-02-10T23:37:13.103+0000] {dag.py:3096} INFO - Sync 1 DAGs
[2026-02-10T23:37:13.139+0000] {logging_mixin.py:188} INFO - [2026-02-10T23:37:13.139+0000] {dag.py:3954} INFO - Setting next_dagrun for example_sla_dag to 2026-02-10 23:34:00+00:00, run_after=2026-02-10 23:36:00+00:00
[2026-02-10T23:37:13.169+0000] {processor.py:183} INFO - Processing /home/airflow/.local/lib/python3.12/site-packages/airflow/example_dags/example_sla_dag.py took 0.129 seconds
[2026-02-10T23:37:43.419+0000] {processor.py:161} INFO - Started process (PID=3961) to work on /home/airflow/.local/lib/python3.12/site-packages/airflow/example_dags/example_sla_dag.py
[2026-02-10T23:37:43.421+0000] {processor.py:830} INFO - Processing file /home/airflow/.local/lib/python3.12/site-packages/airflow/example_dags/example_sla_dag.py for tasks to queue
[2026-02-10T23:37:43.424+0000] {logging_mixin.py:188} INFO - [2026-02-10T23:37:43.424+0000] {dagbag.py:540} INFO - Filling up the DagBag from /home/airflow/.local/lib/python3.12/site-packages/airflow/example_dags/example_sla_dag.py
[2026-02-10T23:37:43.436+0000] {processor.py:840} INFO - DAG(s) 'example_sla_dag' retrieved from /home/airflow/.local/lib/python3.12/site-packages/airflow/example_dags/example_sla_dag.py
[2026-02-10T23:37:43.468+0000] {logging_mixin.py:188} INFO - [2026-02-10T23:37:43.467+0000] {dag.py:3096} INFO - Sync 1 DAGs
[2026-02-10T23:37:43.501+0000] {logging_mixin.py:188} INFO - [2026-02-10T23:37:43.500+0000] {dag.py:3954} INFO - Setting next_dagrun for example_sla_dag to 2026-02-10 23:34:00+00:00, run_after=2026-02-10 23:36:00+00:00
[2026-02-10T23:37:43.527+0000] {processor.py:183} INFO - Processing /home/airflow/.local/lib/python3.12/site-packages/airflow/example_dags/example_sla_dag.py took 0.142 seconds
[2026-02-10T23:38:14.146+0000] {processor.py:161} INFO - Started process (PID=4013) to work on /home/airflow/.local/lib/python3.12/site-packages/airflow/example_dags/example_sla_dag.py
[2026-02-10T23:38:14.147+0000] {processor.py:830} INFO - Processing file /home/airflow/.local/lib/python3.12/site-packages/airflow/example_dags/example_sla_dag.py for tasks to queue
[2026-02-10T23:38:14.151+0000] {logging_mixin.py:188} INFO - [2026-02-10T23:38:14.150+0000] {dagbag.py:540} INFO - Filling up the DagBag from /home/airflow/.local/lib/python3.12/site-packages/airflow/example_dags/example_sla_dag.py
[2026-02-10T23:38:14.162+0000] {processor.py:840} INFO - DAG(s) 'example_sla_dag' retrieved from /home/airflow/.local/lib/python3.12/site-packages/airflow/example_dags/example_sla_dag.py
[2026-02-10T23:38:14.192+0000] {logging_mixin.py:188} INFO - [2026-02-10T23:38:14.192+0000] {dag.py:3096} INFO - Sync 1 DAGs
[2026-02-10T23:38:14.224+0000] {logging_mixin.py:188} INFO - [2026-02-10T23:38:14.223+0000] {dag.py:3954} INFO - Setting next_dagrun for example_sla_dag to 2026-02-10 23:36:00+00:00, run_after=2026-02-10 23:38:00+00:00
[2026-02-10T23:38:14.259+0000] {processor.py:183} INFO - Processing /home/airflow/.local/lib/python3.12/site-packages/airflow/example_dags/example_sla_dag.py took 0.121 seconds
[2026-02-10T23:38:44.896+0000] {processor.py:161} INFO - Started process (PID=4067) to work on /home/airflow/.local/lib/python3.12/site-packages/airflow/example_dags/example_sla_dag.py
[2026-02-10T23:38:44.897+0000] {processor.py:830} INFO - Processing file /home/airflow/.local/lib/python3.12/site-packages/airflow/example_dags/example_sla_dag.py for tasks to queue
[2026-02-10T23:38:44.898+0000] {logging_mixin.py:188} INFO - [2026-02-10T23:38:44.898+0000] {dagbag.py:540} INFO - Filling up the DagBag from /home/airflow/.local/lib/python3.12/site-packages/airflow/example_dags/example_sla_dag.py
[2026-02-10T23:38:44.906+0000] {processor.py:840} INFO - DAG(s) 'example_sla_dag' retrieved from /home/airflow/.local/lib/python3.12/site-packages/airflow/example_dags/example_sla_dag.py
[2026-02-10T23:38:44.928+0000] {logging_mixin.py:188} INFO - [2026-02-10T23:38:44.928+0000] {dag.py:3096} INFO - Sync 1 DAGs
[2026-02-10T23:38:44.953+0000] {logging_mixin.py:188} INFO - [2026-02-10T23:38:44.953+0000] {dag.py:3954} INFO - Setting next_dagrun for example_sla_dag to 2026-02-10 23:36:00+00:00, run_after=2026-02-10 23:38:00+00:00
[2026-02-10T23:38:44.975+0000] {processor.py:183} INFO - Processing /home/airflow/.local/lib/python3.12/site-packages/airflow/example_dags/example_sla_dag.py took 0.085 seconds
[2026-02-10T23:39:15.336+0000] {processor.py:161} INFO - Started process (PID=4121) to work on /home/airflow/.local/lib/python3.12/site-packages/airflow/example_dags/example_sla_dag.py
[2026-02-10T23:39:15.337+0000] {processor.py:830} INFO - Processing file /home/airflow/.local/lib/python3.12/site-packages/airflow/example_dags/example_sla_dag.py for tasks to queue
[2026-02-10T23:39:15.338+0000] {logging_mixin.py:188} INFO - [2026-02-10T23:39:15.338+0000] {dagbag.py:540} INFO - Filling up the DagBag from /home/airflow/.local/lib/python3.12/site-packages/airflow/example_dags/example_sla_dag.py
[2026-02-10T23:39:15.348+0000] {processor.py:840} INFO - DAG(s) 'example_sla_dag' retrieved from /home/airflow/.local/lib/python3.12/site-packages/airflow/example_dags/example_sla_dag.py
[2026-02-10T23:39:15.370+0000] {logging_mixin.py:188} INFO - [2026-02-10T23:39:15.370+0000] {dag.py:3096} INFO - Sync 1 DAGs
[2026-02-10T23:39:15.395+0000] {logging_mixin.py:188} INFO - [2026-02-10T23:39:15.395+0000] {dag.py:3954} INFO - Setting next_dagrun for example_sla_dag to 2026-02-10 23:36:00+00:00, run_after=2026-02-10 23:38:00+00:00
[2026-02-10T23:39:15.419+0000] {processor.py:183} INFO - Processing /home/airflow/.local/lib/python3.12/site-packages/airflow/example_dags/example_sla_dag.py took 0.089 seconds
[2026-02-10T23:39:45.744+0000] {processor.py:161} INFO - Started process (PID=4175) to work on /home/airflow/.local/lib/python3.12/site-packages/airflow/example_dags/example_sla_dag.py
[2026-02-10T23:39:45.746+0000] {processor.py:830} INFO - Processing file /home/airflow/.local/lib/python3.12/site-packages/airflow/example_dags/example_sla_dag.py for tasks to queue
[2026-02-10T23:39:45.748+0000] {logging_mixin.py:188} INFO - [2026-02-10T23:39:45.748+0000] {dagbag.py:540} INFO - Filling up the DagBag from /home/airflow/.local/lib/python3.12/site-packages/airflow/example_dags/example_sla_dag.py
[2026-02-10T23:39:45.757+0000] {processor.py:840} INFO - DAG(s) 'example_sla_dag' retrieved from /home/airflow/.local/lib/python3.12/site-packages/airflow/example_dags/example_sla_dag.py
[2026-02-10T23:39:45.776+0000] {logging_mixin.py:188} INFO - [2026-02-10T23:39:45.776+0000] {dag.py:3096} INFO - Sync 1 DAGs
[2026-02-10T23:39:45.801+0000] {logging_mixin.py:188} INFO - [2026-02-10T23:39:45.801+0000] {dag.py:3954} INFO - Setting next_dagrun for example_sla_dag to 2026-02-10 23:36:00+00:00, run_after=2026-02-10 23:38:00+00:00
[2026-02-10T23:39:45.834+0000] {processor.py:183} INFO - Processing /home/airflow/.local/lib/python3.12/site-packages/airflow/example_dags/example_sla_dag.py took 0.097 seconds
[2026-02-10T23:40:16.576+0000] {processor.py:161} INFO - Started process (PID=4229) to work on /home/airflow/.local/lib/python3.12/site-packages/airflow/example_dags/example_sla_dag.py
[2026-02-10T23:40:16.577+0000] {processor.py:830} INFO - Processing file /home/airflow/.local/lib/python3.12/site-packages/airflow/example_dags/example_sla_dag.py for tasks to queue
[2026-02-10T23:40:16.578+0000] {logging_mixin.py:188} INFO - [2026-02-10T23:40:16.578+0000] {dagbag.py:540} INFO - Filling up the DagBag from /home/airflow/.local/lib/python3.12/site-packages/airflow/example_dags/example_sla_dag.py
[2026-02-10T23:40:16.587+0000] {processor.py:840} INFO - DAG(s) 'example_sla_dag' retrieved from /home/airflow/.local/lib/python3.12/site-packages/airflow/example_dags/example_sla_dag.py
[2026-02-10T23:40:16.607+0000] {logging_mixin.py:188} INFO - [2026-02-10T23:40:16.607+0000] {dag.py:3096} INFO - Sync 1 DAGs
[2026-02-10T23:40:16.629+0000] {logging_mixin.py:188} INFO - [2026-02-10T23:40:16.629+0000] {dag.py:3954} INFO - Setting next_dagrun for example_sla_dag to 2026-02-10 23:38:00+00:00, run_after=2026-02-10 23:40:00+00:00
[2026-02-10T23:40:16.662+0000] {processor.py:183} INFO - Processing /home/airflow/.local/lib/python3.12/site-packages/airflow/example_dags/example_sla_dag.py took 0.092 seconds
[2026-02-10T23:40:47.249+0000] {processor.py:161} INFO - Started process (PID=4283) to work on /home/airflow/.local/lib/python3.12/site-packages/airflow/example_dags/example_sla_dag.py
[2026-02-10T23:40:47.250+0000] {processor.py:830} INFO - Processing file /home/airflow/.local/lib/python3.12/site-packages/airflow/example_dags/example_sla_dag.py for tasks to queue
[2026-02-10T23:40:47.251+0000] {logging_mixin.py:188} INFO - [2026-02-10T23:40:47.251+0000] {dagbag.py:540} INFO - Filling up the DagBag from /home/airflow/.local/lib/python3.12/site-packages/airflow/example_dags/example_sla_dag.py
[2026-02-10T23:40:47.259+0000] {processor.py:840} INFO - DAG(s) 'example_sla_dag' retrieved from /home/airflow/.local/lib/python3.12/site-packages/airflow/example_dags/example_sla_dag.py
[2026-02-10T23:40:47.280+0000] {logging_mixin.py:188} INFO - [2026-02-10T23:40:47.279+0000] {dag.py:3096} INFO - Sync 1 DAGs
[2026-02-10T23:40:47.304+0000] {logging_mixin.py:188} INFO - [2026-02-10T23:40:47.304+0000] {dag.py:3954} INFO - Setting next_dagrun for example_sla_dag to 2026-02-10 23:38:00+00:00, run_after=2026-02-10 23:40:00+00:00
[2026-02-10T23:40:47.335+0000] {processor.py:183} INFO - Processing /home/airflow/.local/lib/python3.12/site-packages/airflow/example_dags/example_sla_dag.py took 0.093 seconds
[2026-02-10T23:41:17.914+0000] {processor.py:161} INFO - Started process (PID=4337) to work on /home/airflow/.local/lib/python3.12/site-packages/airflow/example_dags/example_sla_dag.py
[2026-02-10T23:41:17.915+0000] {processor.py:830} INFO - Processing file /home/airflow/.local/lib/python3.12/site-packages/airflow/example_dags/example_sla_dag.py for tasks to queue
[2026-02-10T23:41:17.917+0000] {logging_mixin.py:188} INFO - [2026-02-10T23:41:17.917+0000] {dagbag.py:540} INFO - Filling up the DagBag from /home/airflow/.local/lib/python3.12/site-packages/airflow/example_dags/example_sla_dag.py
[2026-02-10T23:41:17.926+0000] {processor.py:840} INFO - DAG(s) 'example_sla_dag' retrieved from /home/airflow/.local/lib/python3.12/site-packages/airflow/example_dags/example_sla_dag.py
[2026-02-10T23:41:17.946+0000] {logging_mixin.py:188} INFO - [2026-02-10T23:41:17.945+0000] {dag.py:3096} INFO - Sync 1 DAGs
[2026-02-10T23:41:17.968+0000] {logging_mixin.py:188} INFO - [2026-02-10T23:41:17.968+0000] {dag.py:3954} INFO - Setting next_dagrun for example_sla_dag to 2026-02-10 23:38:00+00:00, run_after=2026-02-10 23:40:00+00:00
[2026-02-10T23:41:17.998+0000] {processor.py:183} INFO - Processing /home/airflow/.local/lib/python3.12/site-packages/airflow/example_dags/example_sla_dag.py took 0.089 seconds
[2026-02-10T23:41:48.334+0000] {processor.py:161} INFO - Started process (PID=4391) to work on /home/airflow/.local/lib/python3.12/site-packages/airflow/example_dags/example_sla_dag.py
[2026-02-10T23:41:48.336+0000] {processor.py:830} INFO - Processing file /home/airflow/.local/lib/python3.12/site-packages/airflow/example_dags/example_sla_dag.py for tasks to queue
[2026-02-10T23:41:48.338+0000] {logging_mixin.py:188} INFO - [2026-02-10T23:41:48.338+0000] {dagbag.py:540} INFO - Filling up the DagBag from /home/airflow/.local/lib/python3.12/site-packages/airflow/example_dags/example_sla_dag.py
[2026-02-10T23:41:48.347+0000] {processor.py:840} INFO - DAG(s) 'example_sla_dag' retrieved from /home/airflow/.local/lib/python3.12/site-packages/airflow/example_dags/example_sla_dag.py
[2026-02-10T23:41:48.380+0000] {logging_mixin.py:188} INFO - [2026-02-10T23:41:48.380+0000] {dag.py:3096} INFO - Sync 1 DAGs
[2026-02-10T23:41:48.416+0000] {logging_mixin.py:188} INFO - [2026-02-10T23:41:48.416+0000] {dag.py:3954} INFO - Setting next_dagrun for example_sla_dag to 2026-02-10 23:38:00+00:00, run_after=2026-02-10 23:40:00+00:00
[2026-02-10T23:41:48.446+0000] {processor.py:183} INFO - Processing /home/airflow/.local/lib/python3.12/site-packages/airflow/example_dags/example_sla_dag.py took 0.119 seconds
[2026-02-10T23:42:19.090+0000] {processor.py:161} INFO - Started process (PID=4445) to work on /home/airflow/.local/lib/python3.12/site-packages/airflow/example_dags/example_sla_dag.py
[2026-02-10T23:42:19.091+0000] {processor.py:830} INFO - Processing file /home/airflow/.local/lib/python3.12/site-packages/airflow/example_dags/example_sla_dag.py for tasks to queue
[2026-02-10T23:42:19.093+0000] {logging_mixin.py:188} INFO - [2026-02-10T23:42:19.092+0000] {dagbag.py:540} INFO - Filling up the DagBag from /home/airflow/.local/lib/python3.12/site-packages/airflow/example_dags/example_sla_dag.py
[2026-02-10T23:42:19.102+0000] {processor.py:840} INFO - DAG(s) 'example_sla_dag' retrieved from /home/airflow/.local/lib/python3.12/site-packages/airflow/example_dags/example_sla_dag.py
[2026-02-10T23:42:19.126+0000] {logging_mixin.py:188} INFO - [2026-02-10T23:42:19.125+0000] {dag.py:3096} INFO - Sync 1 DAGs
[2026-02-10T23:42:19.151+0000] {logging_mixin.py:188} INFO - [2026-02-10T23:42:19.150+0000] {dag.py:3954} INFO - Setting next_dagrun for example_sla_dag to 2026-02-10 23:40:00+00:00, run_after=2026-02-10 23:42:00+00:00
[2026-02-10T23:42:19.180+0000] {processor.py:183} INFO - Processing /home/airflow/.local/lib/python3.12/site-packages/airflow/example_dags/example_sla_dag.py took 0.097 seconds
[2026-02-10T23:42:49.618+0000] {processor.py:161} INFO - Started process (PID=4499) to work on /home/airflow/.local/lib/python3.12/site-packages/airflow/example_dags/example_sla_dag.py
[2026-02-10T23:42:49.619+0000] {processor.py:830} INFO - Processing file /home/airflow/.local/lib/python3.12/site-packages/airflow/example_dags/example_sla_dag.py for tasks to queue
[2026-02-10T23:42:49.622+0000] {logging_mixin.py:188} INFO - [2026-02-10T23:42:49.621+0000] {dagbag.py:540} INFO - Filling up the DagBag from /home/airflow/.local/lib/python3.12/site-packages/airflow/example_dags/example_sla_dag.py
[2026-02-10T23:42:49.635+0000] {processor.py:840} INFO - DAG(s) 'example_sla_dag' retrieved from /home/airflow/.local/lib/python3.12/site-packages/airflow/example_dags/example_sla_dag.py
[2026-02-10T23:42:49.663+0000] {logging_mixin.py:188} INFO - [2026-02-10T23:42:49.663+0000] {dag.py:3096} INFO - Sync 1 DAGs
[2026-02-10T23:42:49.702+0000] {logging_mixin.py:188} INFO - [2026-02-10T23:42:49.702+0000] {dag.py:3954} INFO - Setting next_dagrun for example_sla_dag to 2026-02-10 23:40:00+00:00, run_after=2026-02-10 23:42:00+00:00
[2026-02-10T23:42:49.743+0000] {processor.py:183} INFO - Processing /home/airflow/.local/lib/python3.12/site-packages/airflow/example_dags/example_sla_dag.py took 0.133 seconds
[2026-02-10T23:43:20.043+0000] {processor.py:161} INFO - Started process (PID=4553) to work on /home/airflow/.local/lib/python3.12/site-packages/airflow/example_dags/example_sla_dag.py
[2026-02-10T23:43:20.045+0000] {processor.py:830} INFO - Processing file /home/airflow/.local/lib/python3.12/site-packages/airflow/example_dags/example_sla_dag.py for tasks to queue
[2026-02-10T23:43:20.047+0000] {logging_mixin.py:188} INFO - [2026-02-10T23:43:20.047+0000] {dagbag.py:540} INFO - Filling up the DagBag from /home/airflow/.local/lib/python3.12/site-packages/airflow/example_dags/example_sla_dag.py
[2026-02-10T23:43:20.056+0000] {processor.py:840} INFO - DAG(s) 'example_sla_dag' retrieved from /home/airflow/.local/lib/python3.12/site-packages/airflow/example_dags/example_sla_dag.py
[2026-02-10T23:43:20.079+0000] {logging_mixin.py:188} INFO - [2026-02-10T23:43:20.079+0000] {dag.py:3096} INFO - Sync 1 DAGs
[2026-02-10T23:43:20.106+0000] {logging_mixin.py:188} INFO - [2026-02-10T23:43:20.106+0000] {dag.py:3954} INFO - Setting next_dagrun for example_sla_dag to 2026-02-10 23:40:00+00:00, run_after=2026-02-10 23:42:00+00:00
[2026-02-10T23:43:20.138+0000] {processor.py:183} INFO - Processing /home/airflow/.local/lib/python3.12/site-packages/airflow/example_dags/example_sla_dag.py took 0.102 seconds
[2026-02-10T23:43:50.360+0000] {processor.py:161} INFO - Started process (PID=4607) to work on /home/airflow/.local/lib/python3.12/site-packages/airflow/example_dags/example_sla_dag.py
[2026-02-10T23:43:50.361+0000] {processor.py:830} INFO - Processing file /home/airflow/.local/lib/python3.12/site-packages/airflow/example_dags/example_sla_dag.py for tasks to queue
[2026-02-10T23:43:50.365+0000] {logging_mixin.py:188} INFO - [2026-02-10T23:43:50.364+0000] {dagbag.py:540} INFO - Filling up the DagBag from /home/airflow/.local/lib/python3.12/site-packages/airflow/example_dags/example_sla_dag.py
[2026-02-10T23:43:50.375+0000] {processor.py:840} INFO - DAG(s) 'example_sla_dag' retrieved from /home/airflow/.local/lib/python3.12/site-packages/airflow/example_dags/example_sla_dag.py
[2026-02-10T23:43:50.399+0000] {logging_mixin.py:188} INFO - [2026-02-10T23:43:50.398+0000] {dag.py:3096} INFO - Sync 1 DAGs
[2026-02-10T23:43:50.426+0000] {logging_mixin.py:188} INFO - [2026-02-10T23:43:50.426+0000] {dag.py:3954} INFO - Setting next_dagrun for example_sla_dag to 2026-02-10 23:40:00+00:00, run_after=2026-02-10 23:42:00+00:00
[2026-02-10T23:43:50.454+0000] {processor.py:183} INFO - Processing /home/airflow/.local/lib/python3.12/site-packages/airflow/example_dags/example_sla_dag.py took 0.100 seconds
[2026-02-10T23:44:20.845+0000] {processor.py:161} INFO - Started process (PID=4661) to work on /home/airflow/.local/lib/python3.12/site-packages/airflow/example_dags/example_sla_dag.py
[2026-02-10T23:44:20.846+0000] {processor.py:830} INFO - Processing file /home/airflow/.local/lib/python3.12/site-packages/airflow/example_dags/example_sla_dag.py for tasks to queue
[2026-02-10T23:44:20.848+0000] {logging_mixin.py:188} INFO - [2026-02-10T23:44:20.848+0000] {dagbag.py:540} INFO - Filling up the DagBag from /home/airflow/.local/lib/python3.12/site-packages/airflow/example_dags/example_sla_dag.py
[2026-02-10T23:44:20.856+0000] {processor.py:840} INFO - DAG(s) 'example_sla_dag' retrieved from /home/airflow/.local/lib/python3.12/site-packages/airflow/example_dags/example_sla_dag.py
[2026-02-10T23:44:20.877+0000] {logging_mixin.py:188} INFO - [2026-02-10T23:44:20.877+0000] {dag.py:3096} INFO - Sync 1 DAGs
[2026-02-10T23:44:20.902+0000] {logging_mixin.py:188} INFO - [2026-02-10T23:44:20.902+0000] {dag.py:3954} INFO - Setting next_dagrun for example_sla_dag to 2026-02-10 23:42:00+00:00, run_after=2026-02-10 23:44:00+00:00
[2026-02-10T23:44:20.923+0000] {processor.py:183} INFO - Processing /home/airflow/.local/lib/python3.12/site-packages/airflow/example_dags/example_sla_dag.py took 0.083 seconds
[2026-02-10T23:44:51.243+0000] {processor.py:161} INFO - Started process (PID=4715) to work on /home/airflow/.local/lib/python3.12/site-packages/airflow/example_dags/example_sla_dag.py
[2026-02-10T23:44:51.244+0000] {processor.py:830} INFO - Processing file /home/airflow/.local/lib/python3.12/site-packages/airflow/example_dags/example_sla_dag.py for tasks to queue
[2026-02-10T23:44:51.247+0000] {logging_mixin.py:188} INFO - [2026-02-10T23:44:51.246+0000] {dagbag.py:540} INFO - Filling up the DagBag from /home/airflow/.local/lib/python3.12/site-packages/airflow/example_dags/example_sla_dag.py
[2026-02-10T23:44:51.256+0000] {processor.py:840} INFO - DAG(s) 'example_sla_dag' retrieved from /home/airflow/.local/lib/python3.12/site-packages/airflow/example_dags/example_sla_dag.py
[2026-02-10T23:44:51.280+0000] {logging_mixin.py:188} INFO - [2026-02-10T23:44:51.279+0000] {dag.py:3096} INFO - Sync 1 DAGs
[2026-02-10T23:44:51.305+0000] {logging_mixin.py:188} INFO - [2026-02-10T23:44:51.304+0000] {dag.py:3954} INFO - Setting next_dagrun for example_sla_dag to 2026-02-10 23:42:00+00:00, run_after=2026-02-10 23:44:00+00:00
[2026-02-10T23:44:51.324+0000] {processor.py:183} INFO - Processing /home/airflow/.local/lib/python3.12/site-packages/airflow/example_dags/example_sla_dag.py took 0.087 seconds
[2026-02-10T23:45:21.703+0000] {processor.py:161} INFO - Started process (PID=4769) to work on /home/airflow/.local/lib/python3.12/site-packages/airflow/example_dags/example_sla_dag.py
[2026-02-10T23:45:21.704+0000] {processor.py:830} INFO - Processing file /home/airflow/.local/lib/python3.12/site-packages/airflow/example_dags/example_sla_dag.py for tasks to queue
[2026-02-10T23:45:21.707+0000] {logging_mixin.py:188} INFO - [2026-02-10T23:45:21.706+0000] {dagbag.py:540} INFO - Filling up the DagBag from /home/airflow/.local/lib/python3.12/site-packages/airflow/example_dags/example_sla_dag.py
[2026-02-10T23:45:21.715+0000] {processor.py:840} INFO - DAG(s) 'example_sla_dag' retrieved from /home/airflow/.local/lib/python3.12/site-packages/airflow/example_dags/example_sla_dag.py
[2026-02-10T23:45:21.734+0000] {logging_mixin.py:188} INFO - [2026-02-10T23:45:21.734+0000] {dag.py:3096} INFO - Sync 1 DAGs
[2026-02-10T23:45:21.758+0000] {logging_mixin.py:188} INFO - [2026-02-10T23:45:21.758+0000] {dag.py:3954} INFO - Setting next_dagrun for example_sla_dag to 2026-02-10 23:42:00+00:00, run_after=2026-02-10 23:44:00+00:00
[2026-02-10T23:45:21.788+0000] {processor.py:183} INFO - Processing /home/airflow/.local/lib/python3.12/site-packages/airflow/example_dags/example_sla_dag.py took 0.091 seconds
[2026-02-10T23:45:51.917+0000] {processor.py:161} INFO - Started process (PID=4823) to work on /home/airflow/.local/lib/python3.12/site-packages/airflow/example_dags/example_sla_dag.py
[2026-02-10T23:45:51.918+0000] {processor.py:830} INFO - Processing file /home/airflow/.local/lib/python3.12/site-packages/airflow/example_dags/example_sla_dag.py for tasks to queue
[2026-02-10T23:45:51.920+0000] {logging_mixin.py:188} INFO - [2026-02-10T23:45:51.919+0000] {dagbag.py:540} INFO - Filling up the DagBag from /home/airflow/.local/lib/python3.12/site-packages/airflow/example_dags/example_sla_dag.py
[2026-02-10T23:45:51.928+0000] {processor.py:840} INFO - DAG(s) 'example_sla_dag' retrieved from /home/airflow/.local/lib/python3.12/site-packages/airflow/example_dags/example_sla_dag.py
[2026-02-10T23:45:51.955+0000] {logging_mixin.py:188} INFO - [2026-02-10T23:45:51.954+0000] {dag.py:3096} INFO - Sync 1 DAGs
[2026-02-10T23:45:51.981+0000] {logging_mixin.py:188} INFO - [2026-02-10T23:45:51.980+0000] {dag.py:3954} INFO - Setting next_dagrun for example_sla_dag to 2026-02-10 23:42:00+00:00, run_after=2026-02-10 23:44:00+00:00
[2026-02-10T23:45:52.013+0000] {processor.py:183} INFO - Processing /home/airflow/.local/lib/python3.12/site-packages/airflow/example_dags/example_sla_dag.py took 0.102 seconds
[2026-02-10T23:46:22.072+0000] {processor.py:161} INFO - Started process (PID=4877) to work on /home/airflow/.local/lib/python3.12/site-packages/airflow/example_dags/example_sla_dag.py
[2026-02-10T23:46:22.074+0000] {processor.py:830} INFO - Processing file /home/airflow/.local/lib/python3.12/site-packages/airflow/example_dags/example_sla_dag.py for tasks to queue
[2026-02-10T23:46:22.077+0000] {logging_mixin.py:188} INFO - [2026-02-10T23:46:22.077+0000] {dagbag.py:540} INFO - Filling up the DagBag from /home/airflow/.local/lib/python3.12/site-packages/airflow/example_dags/example_sla_dag.py
[2026-02-10T23:46:22.087+0000] {processor.py:840} INFO - DAG(s) 'example_sla_dag' retrieved from /home/airflow/.local/lib/python3.12/site-packages/airflow/example_dags/example_sla_dag.py
[2026-02-10T23:46:22.109+0000] {logging_mixin.py:188} INFO - [2026-02-10T23:46:22.108+0000] {dag.py:3096} INFO - Sync 1 DAGs
[2026-02-10T23:46:22.139+0000] {logging_mixin.py:188} INFO - [2026-02-10T23:46:22.139+0000] {dag.py:3954} INFO - Setting next_dagrun for example_sla_dag to 2026-02-10 23:44:00+00:00, run_after=2026-02-10 23:46:00+00:00
[2026-02-10T23:46:22.167+0000] {processor.py:183} INFO - Processing /home/airflow/.local/lib/python3.12/site-packages/airflow/example_dags/example_sla_dag.py took 0.102 seconds
[2026-02-10T23:46:53.092+0000] {processor.py:161} INFO - Started process (PID=4931) to work on /home/airflow/.local/lib/python3.12/site-packages/airflow/example_dags/example_sla_dag.py
[2026-02-10T23:46:53.093+0000] {processor.py:830} INFO - Processing file /home/airflow/.local/lib/python3.12/site-packages/airflow/example_dags/example_sla_dag.py for tasks to queue
[2026-02-10T23:46:53.095+0000] {logging_mixin.py:188} INFO - [2026-02-10T23:46:53.095+0000] {dagbag.py:540} INFO - Filling up the DagBag from /home/airflow/.local/lib/python3.12/site-packages/airflow/example_dags/example_sla_dag.py
[2026-02-10T23:46:53.104+0000] {processor.py:840} INFO - DAG(s) 'example_sla_dag' retrieved from /home/airflow/.local/lib/python3.12/site-packages/airflow/example_dags/example_sla_dag.py
[2026-02-10T23:46:53.125+0000] {logging_mixin.py:188} INFO - [2026-02-10T23:46:53.125+0000] {dag.py:3096} INFO - Sync 1 DAGs
[2026-02-10T23:46:53.149+0000] {logging_mixin.py:188} INFO - [2026-02-10T23:46:53.149+0000] {dag.py:3954} INFO - Setting next_dagrun for example_sla_dag to 2026-02-10 23:44:00+00:00, run_after=2026-02-10 23:46:00+00:00
[2026-02-10T23:46:53.169+0000] {processor.py:183} INFO - Processing /home/airflow/.local/lib/python3.12/site-packages/airflow/example_dags/example_sla_dag.py took 0.082 seconds
[2026-02-10T23:47:23.221+0000] {processor.py:161} INFO - Started process (PID=4985) to work on /home/airflow/.local/lib/python3.12/site-packages/airflow/example_dags/example_sla_dag.py
[2026-02-10T23:47:23.222+0000] {processor.py:830} INFO - Processing file /home/airflow/.local/lib/python3.12/site-packages/airflow/example_dags/example_sla_dag.py for tasks to queue
[2026-02-10T23:47:23.224+0000] {logging_mixin.py:188} INFO - [2026-02-10T23:47:23.223+0000] {dagbag.py:540} INFO - Filling up the DagBag from /home/airflow/.local/lib/python3.12/site-packages/airflow/example_dags/example_sla_dag.py
[2026-02-10T23:47:23.231+0000] {processor.py:840} INFO - DAG(s) 'example_sla_dag' retrieved from /home/airflow/.local/lib/python3.12/site-packages/airflow/example_dags/example_sla_dag.py
[2026-02-10T23:47:23.251+0000] {logging_mixin.py:188} INFO - [2026-02-10T23:47:23.251+0000] {dag.py:3096} INFO - Sync 1 DAGs
[2026-02-10T23:47:23.275+0000] {logging_mixin.py:188} INFO - [2026-02-10T23:47:23.275+0000] {dag.py:3954} INFO - Setting next_dagrun for example_sla_dag to 2026-02-10 23:44:00+00:00, run_after=2026-02-10 23:46:00+00:00
[2026-02-10T23:47:23.313+0000] {processor.py:183} INFO - Processing /home/airflow/.local/lib/python3.12/site-packages/airflow/example_dags/example_sla_dag.py took 0.098 seconds
[2026-02-10T23:47:53.360+0000] {processor.py:161} INFO - Started process (PID=5038) to work on /home/airflow/.local/lib/python3.12/site-packages/airflow/example_dags/example_sla_dag.py
[2026-02-10T23:47:53.361+0000] {processor.py:830} INFO - Processing file /home/airflow/.local/lib/python3.12/site-packages/airflow/example_dags/example_sla_dag.py for tasks to queue
[2026-02-10T23:47:53.363+0000] {logging_mixin.py:188} INFO - [2026-02-10T23:47:53.363+0000] {dagbag.py:540} INFO - Filling up the DagBag from /home/airflow/.local/lib/python3.12/site-packages/airflow/example_dags/example_sla_dag.py
[2026-02-10T23:47:53.372+0000] {processor.py:840} INFO - DAG(s) 'example_sla_dag' retrieved from /home/airflow/.local/lib/python3.12/site-packages/airflow/example_dags/example_sla_dag.py
[2026-02-10T23:47:53.394+0000] {logging_mixin.py:188} INFO - [2026-02-10T23:47:53.394+0000] {dag.py:3096} INFO - Sync 1 DAGs
[2026-02-10T23:47:53.418+0000] {logging_mixin.py:188} INFO - [2026-02-10T23:47:53.418+0000] {dag.py:3954} INFO - Setting next_dagrun for example_sla_dag to 2026-02-10 23:44:00+00:00, run_after=2026-02-10 23:46:00+00:00
[2026-02-10T23:47:53.451+0000] {processor.py:183} INFO - Processing /home/airflow/.local/lib/python3.12/site-packages/airflow/example_dags/example_sla_dag.py took 0.098 seconds
[2026-02-10T23:48:23.626+0000] {processor.py:161} INFO - Started process (PID=5093) to work on /home/airflow/.local/lib/python3.12/site-packages/airflow/example_dags/example_sla_dag.py
[2026-02-10T23:48:23.628+0000] {processor.py:830} INFO - Processing file /home/airflow/.local/lib/python3.12/site-packages/airflow/example_dags/example_sla_dag.py for tasks to queue
[2026-02-10T23:48:23.630+0000] {logging_mixin.py:188} INFO - [2026-02-10T23:48:23.629+0000] {dagbag.py:540} INFO - Filling up the DagBag from /home/airflow/.local/lib/python3.12/site-packages/airflow/example_dags/example_sla_dag.py
[2026-02-10T23:48:23.640+0000] {processor.py:840} INFO - DAG(s) 'example_sla_dag' retrieved from /home/airflow/.local/lib/python3.12/site-packages/airflow/example_dags/example_sla_dag.py
[2026-02-10T23:48:23.661+0000] {logging_mixin.py:188} INFO - [2026-02-10T23:48:23.661+0000] {dag.py:3096} INFO - Sync 1 DAGs
[2026-02-10T23:48:23.684+0000] {logging_mixin.py:188} INFO - [2026-02-10T23:48:23.683+0000] {dag.py:3954} INFO - Setting next_dagrun for example_sla_dag to 2026-02-10 23:46:00+00:00, run_after=2026-02-10 23:48:00+00:00
[2026-02-10T23:48:23.704+0000] {processor.py:183} INFO - Processing /home/airflow/.local/lib/python3.12/site-packages/airflow/example_dags/example_sla_dag.py took 0.083 seconds
[2026-02-10T23:48:53.918+0000] {processor.py:161} INFO - Started process (PID=5147) to work on /home/airflow/.local/lib/python3.12/site-packages/airflow/example_dags/example_sla_dag.py
[2026-02-10T23:48:53.919+0000] {processor.py:830} INFO - Processing file /home/airflow/.local/lib/python3.12/site-packages/airflow/example_dags/example_sla_dag.py for tasks to queue
[2026-02-10T23:48:53.920+0000] {logging_mixin.py:188} INFO - [2026-02-10T23:48:53.920+0000] {dagbag.py:540} INFO - Filling up the DagBag from /home/airflow/.local/lib/python3.12/site-packages/airflow/example_dags/example_sla_dag.py
[2026-02-10T23:48:53.929+0000] {processor.py:840} INFO - DAG(s) 'example_sla_dag' retrieved from /home/airflow/.local/lib/python3.12/site-packages/airflow/example_dags/example_sla_dag.py
[2026-02-10T23:48:53.949+0000] {logging_mixin.py:188} INFO - [2026-02-10T23:48:53.948+0000] {dag.py:3096} INFO - Sync 1 DAGs
[2026-02-10T23:48:53.974+0000] {logging_mixin.py:188} INFO - [2026-02-10T23:48:53.973+0000] {dag.py:3954} INFO - Setting next_dagrun for example_sla_dag to 2026-02-10 23:46:00+00:00, run_after=2026-02-10 23:48:00+00:00
[2026-02-10T23:48:54.003+0000] {processor.py:183} INFO - Processing /home/airflow/.local/lib/python3.12/site-packages/airflow/example_dags/example_sla_dag.py took 0.091 seconds
[2026-02-10T23:49:24.183+0000] {processor.py:161} INFO - Started process (PID=5201) to work on /home/airflow/.local/lib/python3.12/site-packages/airflow/example_dags/example_sla_dag.py
[2026-02-10T23:49:24.184+0000] {processor.py:830} INFO - Processing file /home/airflow/.local/lib/python3.12/site-packages/airflow/example_dags/example_sla_dag.py for tasks to queue
[2026-02-10T23:49:24.185+0000] {logging_mixin.py:188} INFO - [2026-02-10T23:49:24.185+0000] {dagbag.py:540} INFO - Filling up the DagBag from /home/airflow/.local/lib/python3.12/site-packages/airflow/example_dags/example_sla_dag.py
[2026-02-10T23:49:24.193+0000] {processor.py:840} INFO - DAG(s) 'example_sla_dag' retrieved from /home/airflow/.local/lib/python3.12/site-packages/airflow/example_dags/example_sla_dag.py
[2026-02-10T23:49:24.213+0000] {logging_mixin.py:188} INFO - [2026-02-10T23:49:24.213+0000] {dag.py:3096} INFO - Sync 1 DAGs
[2026-02-10T23:49:24.235+0000] {logging_mixin.py:188} INFO - [2026-02-10T23:49:24.235+0000] {dag.py:3954} INFO - Setting next_dagrun for example_sla_dag to 2026-02-10 23:46:00+00:00, run_after=2026-02-10 23:48:00+00:00
[2026-02-10T23:49:24.267+0000] {processor.py:183} INFO - Processing /home/airflow/.local/lib/python3.12/site-packages/airflow/example_dags/example_sla_dag.py took 0.090 seconds
[2026-02-10T23:49:54.426+0000] {processor.py:161} INFO - Started process (PID=5255) to work on /home/airflow/.local/lib/python3.12/site-packages/airflow/example_dags/example_sla_dag.py
[2026-02-10T23:49:54.427+0000] {processor.py:830} INFO - Processing file /home/airflow/.local/lib/python3.12/site-packages/airflow/example_dags/example_sla_dag.py for tasks to queue
[2026-02-10T23:49:54.429+0000] {logging_mixin.py:188} INFO - [2026-02-10T23:49:54.428+0000] {dagbag.py:540} INFO - Filling up the DagBag from /home/airflow/.local/lib/python3.12/site-packages/airflow/example_dags/example_sla_dag.py
[2026-02-10T23:49:54.437+0000] {processor.py:840} INFO - DAG(s) 'example_sla_dag' retrieved from /home/airflow/.local/lib/python3.12/site-packages/airflow/example_dags/example_sla_dag.py
[2026-02-10T23:49:54.457+0000] {logging_mixin.py:188} INFO - [2026-02-10T23:49:54.457+0000] {dag.py:3096} INFO - Sync 1 DAGs
[2026-02-10T23:49:54.479+0000] {logging_mixin.py:188} INFO - [2026-02-10T23:49:54.478+0000] {dag.py:3954} INFO - Setting next_dagrun for example_sla_dag to 2026-02-10 23:46:00+00:00, run_after=2026-02-10 23:48:00+00:00
[2026-02-10T23:49:54.498+0000] {processor.py:183} INFO - Processing /home/airflow/.local/lib/python3.12/site-packages/airflow/example_dags/example_sla_dag.py took 0.078 seconds
[2026-02-10T23:50:24.789+0000] {processor.py:161} INFO - Started process (PID=5309) to work on /home/airflow/.local/lib/python3.12/site-packages/airflow/example_dags/example_sla_dag.py
[2026-02-10T23:50:24.790+0000] {processor.py:830} INFO - Processing file /home/airflow/.local/lib/python3.12/site-packages/airflow/example_dags/example_sla_dag.py for tasks to queue
[2026-02-10T23:50:24.792+0000] {logging_mixin.py:188} INFO - [2026-02-10T23:50:24.791+0000] {dagbag.py:540} INFO - Filling up the DagBag from /home/airflow/.local/lib/python3.12/site-packages/airflow/example_dags/example_sla_dag.py
[2026-02-10T23:50:24.801+0000] {processor.py:840} INFO - DAG(s) 'example_sla_dag' retrieved from /home/airflow/.local/lib/python3.12/site-packages/airflow/example_dags/example_sla_dag.py
[2026-02-10T23:50:24.821+0000] {logging_mixin.py:188} INFO - [2026-02-10T23:50:24.820+0000] {dag.py:3096} INFO - Sync 1 DAGs
[2026-02-10T23:50:24.842+0000] {logging_mixin.py:188} INFO - [2026-02-10T23:50:24.842+0000] {dag.py:3954} INFO - Setting next_dagrun for example_sla_dag to 2026-02-10 23:48:00+00:00, run_after=2026-02-10 23:50:00+00:00
[2026-02-10T23:50:24.872+0000] {processor.py:183} INFO - Processing /home/airflow/.local/lib/python3.12/site-packages/airflow/example_dags/example_sla_dag.py took 0.089 seconds
[2026-02-10T23:50:55.169+0000] {processor.py:161} INFO - Started process (PID=5363) to work on /home/airflow/.local/lib/python3.12/site-packages/airflow/example_dags/example_sla_dag.py
[2026-02-10T23:50:55.170+0000] {processor.py:830} INFO - Processing file /home/airflow/.local/lib/python3.12/site-packages/airflow/example_dags/example_sla_dag.py for tasks to queue
[2026-02-10T23:50:55.172+0000] {logging_mixin.py:188} INFO - [2026-02-10T23:50:55.172+0000] {dagbag.py:540} INFO - Filling up the DagBag from /home/airflow/.local/lib/python3.12/site-packages/airflow/example_dags/example_sla_dag.py
[2026-02-10T23:50:55.181+0000] {processor.py:840} INFO - DAG(s) 'example_sla_dag' retrieved from /home/airflow/.local/lib/python3.12/site-packages/airflow/example_dags/example_sla_dag.py
[2026-02-10T23:50:55.200+0000] {logging_mixin.py:188} INFO - [2026-02-10T23:50:55.200+0000] {dag.py:3096} INFO - Sync 1 DAGs
[2026-02-10T23:50:55.223+0000] {logging_mixin.py:188} INFO - [2026-02-10T23:50:55.223+0000] {dag.py:3954} INFO - Setting next_dagrun for example_sla_dag to 2026-02-10 23:48:00+00:00, run_after=2026-02-10 23:50:00+00:00
[2026-02-10T23:50:55.243+0000] {processor.py:183} INFO - Processing /home/airflow/.local/lib/python3.12/site-packages/airflow/example_dags/example_sla_dag.py took 0.080 seconds
[2026-02-10T23:51:25.308+0000] {processor.py:161} INFO - Started process (PID=5417) to work on /home/airflow/.local/lib/python3.12/site-packages/airflow/example_dags/example_sla_dag.py
[2026-02-10T23:51:25.309+0000] {processor.py:830} INFO - Processing file /home/airflow/.local/lib/python3.12/site-packages/airflow/example_dags/example_sla_dag.py for tasks to queue
[2026-02-10T23:51:25.311+0000] {logging_mixin.py:188} INFO - [2026-02-10T23:51:25.311+0000] {dagbag.py:540} INFO - Filling up the DagBag from /home/airflow/.local/lib/python3.12/site-packages/airflow/example_dags/example_sla_dag.py
[2026-02-10T23:51:25.320+0000] {processor.py:840} INFO - DAG(s) 'example_sla_dag' retrieved from /home/airflow/.local/lib/python3.12/site-packages/airflow/example_dags/example_sla_dag.py
[2026-02-10T23:51:25.342+0000] {logging_mixin.py:188} INFO - [2026-02-10T23:51:25.341+0000] {dag.py:3096} INFO - Sync 1 DAGs
[2026-02-10T23:51:25.366+0000] {logging_mixin.py:188} INFO - [2026-02-10T23:51:25.365+0000] {dag.py:3954} INFO - Setting next_dagrun for example_sla_dag to 2026-02-10 23:48:00+00:00, run_after=2026-02-10 23:50:00+00:00
[2026-02-10T23:51:25.385+0000] {processor.py:183} INFO - Processing /home/airflow/.local/lib/python3.12/site-packages/airflow/example_dags/example_sla_dag.py took 0.083 seconds
[2026-02-10T23:51:55.940+0000] {processor.py:161} INFO - Started process (PID=5471) to work on /home/airflow/.local/lib/python3.12/site-packages/airflow/example_dags/example_sla_dag.py
[2026-02-10T23:51:55.942+0000] {processor.py:830} INFO - Processing file /home/airflow/.local/lib/python3.12/site-packages/airflow/example_dags/example_sla_dag.py for tasks to queue
[2026-02-10T23:51:55.944+0000] {logging_mixin.py:188} INFO - [2026-02-10T23:51:55.943+0000] {dagbag.py:540} INFO - Filling up the DagBag from /home/airflow/.local/lib/python3.12/site-packages/airflow/example_dags/example_sla_dag.py
[2026-02-10T23:51:55.952+0000] {processor.py:840} INFO - DAG(s) 'example_sla_dag' retrieved from /home/airflow/.local/lib/python3.12/site-packages/airflow/example_dags/example_sla_dag.py
[2026-02-10T23:51:55.975+0000] {logging_mixin.py:188} INFO - [2026-02-10T23:51:55.974+0000] {dag.py:3096} INFO - Sync 1 DAGs
[2026-02-10T23:51:56.001+0000] {logging_mixin.py:188} INFO - [2026-02-10T23:51:56.000+0000] {dag.py:3954} INFO - Setting next_dagrun for example_sla_dag to 2026-02-10 23:48:00+00:00, run_after=2026-02-10 23:50:00+00:00
[2026-02-10T23:51:56.021+0000] {processor.py:183} INFO - Processing /home/airflow/.local/lib/python3.12/site-packages/airflow/example_dags/example_sla_dag.py took 0.087 seconds
[2026-02-10T23:52:26.324+0000] {processor.py:161} INFO - Started process (PID=5525) to work on /home/airflow/.local/lib/python3.12/site-packages/airflow/example_dags/example_sla_dag.py
[2026-02-10T23:52:26.331+0000] {processor.py:830} INFO - Processing file /home/airflow/.local/lib/python3.12/site-packages/airflow/example_dags/example_sla_dag.py for tasks to queue
[2026-02-10T23:52:26.334+0000] {logging_mixin.py:188} INFO - [2026-02-10T23:52:26.333+0000] {dagbag.py:540} INFO - Filling up the DagBag from /home/airflow/.local/lib/python3.12/site-packages/airflow/example_dags/example_sla_dag.py
[2026-02-10T23:52:26.342+0000] {processor.py:840} INFO - DAG(s) 'example_sla_dag' retrieved from /home/airflow/.local/lib/python3.12/site-packages/airflow/example_dags/example_sla_dag.py
[2026-02-10T23:52:26.361+0000] {logging_mixin.py:188} INFO - [2026-02-10T23:52:26.360+0000] {dag.py:3096} INFO - Sync 1 DAGs
[2026-02-10T23:52:26.385+0000] {logging_mixin.py:188} INFO - [2026-02-10T23:52:26.384+0000] {dag.py:3954} INFO - Setting next_dagrun for example_sla_dag to 2026-02-10 23:50:00+00:00, run_after=2026-02-10 23:52:00+00:00
[2026-02-10T23:52:26.408+0000] {processor.py:183} INFO - Processing /home/airflow/.local/lib/python3.12/site-packages/airflow/example_dags/example_sla_dag.py took 0.091 seconds
[2026-02-10T23:52:56.719+0000] {processor.py:161} INFO - Started process (PID=5579) to work on /home/airflow/.local/lib/python3.12/site-packages/airflow/example_dags/example_sla_dag.py
[2026-02-10T23:52:56.720+0000] {processor.py:830} INFO - Processing file /home/airflow/.local/lib/python3.12/site-packages/airflow/example_dags/example_sla_dag.py for tasks to queue
[2026-02-10T23:52:56.722+0000] {logging_mixin.py:188} INFO - [2026-02-10T23:52:56.721+0000] {dagbag.py:540} INFO - Filling up the DagBag from /home/airflow/.local/lib/python3.12/site-packages/airflow/example_dags/example_sla_dag.py
[2026-02-10T23:52:56.730+0000] {processor.py:840} INFO - DAG(s) 'example_sla_dag' retrieved from /home/airflow/.local/lib/python3.12/site-packages/airflow/example_dags/example_sla_dag.py
[2026-02-10T23:52:56.750+0000] {logging_mixin.py:188} INFO - [2026-02-10T23:52:56.750+0000] {dag.py:3096} INFO - Sync 1 DAGs
[2026-02-10T23:52:56.772+0000] {logging_mixin.py:188} INFO - [2026-02-10T23:52:56.772+0000] {dag.py:3954} INFO - Setting next_dagrun for example_sla_dag to 2026-02-10 23:50:00+00:00, run_after=2026-02-10 23:52:00+00:00
[2026-02-10T23:52:56.793+0000] {processor.py:183} INFO - Processing /home/airflow/.local/lib/python3.12/site-packages/airflow/example_dags/example_sla_dag.py took 0.080 seconds
[2026-02-10T23:53:26.946+0000] {processor.py:161} INFO - Started process (PID=5633) to work on /home/airflow/.local/lib/python3.12/site-packages/airflow/example_dags/example_sla_dag.py
[2026-02-10T23:53:26.947+0000] {processor.py:830} INFO - Processing file /home/airflow/.local/lib/python3.12/site-packages/airflow/example_dags/example_sla_dag.py for tasks to queue
[2026-02-10T23:53:26.949+0000] {logging_mixin.py:188} INFO - [2026-02-10T23:53:26.949+0000] {dagbag.py:540} INFO - Filling up the DagBag from /home/airflow/.local/lib/python3.12/site-packages/airflow/example_dags/example_sla_dag.py
[2026-02-10T23:53:26.958+0000] {processor.py:840} INFO - DAG(s) 'example_sla_dag' retrieved from /home/airflow/.local/lib/python3.12/site-packages/airflow/example_dags/example_sla_dag.py
[2026-02-10T23:53:26.980+0000] {logging_mixin.py:188} INFO - [2026-02-10T23:53:26.980+0000] {dag.py:3096} INFO - Sync 1 DAGs
[2026-02-10T23:53:27.005+0000] {logging_mixin.py:188} INFO - [2026-02-10T23:53:27.005+0000] {dag.py:3954} INFO - Setting next_dagrun for example_sla_dag to 2026-02-10 23:50:00+00:00, run_after=2026-02-10 23:52:00+00:00
[2026-02-10T23:53:27.032+0000] {processor.py:183} INFO - Processing /home/airflow/.local/lib/python3.12/site-packages/airflow/example_dags/example_sla_dag.py took 0.092 seconds
[2026-02-10T23:53:57.552+0000] {processor.py:161} INFO - Started process (PID=5687) to work on /home/airflow/.local/lib/python3.12/site-packages/airflow/example_dags/example_sla_dag.py
[2026-02-10T23:53:57.553+0000] {processor.py:830} INFO - Processing file /home/airflow/.local/lib/python3.12/site-packages/airflow/example_dags/example_sla_dag.py for tasks to queue
[2026-02-10T23:53:57.554+0000] {logging_mixin.py:188} INFO - [2026-02-10T23:53:57.554+0000] {dagbag.py:540} INFO - Filling up the DagBag from /home/airflow/.local/lib/python3.12/site-packages/airflow/example_dags/example_sla_dag.py
[2026-02-10T23:53:57.562+0000] {processor.py:840} INFO - DAG(s) 'example_sla_dag' retrieved from /home/airflow/.local/lib/python3.12/site-packages/airflow/example_dags/example_sla_dag.py
[2026-02-10T23:53:57.583+0000] {logging_mixin.py:188} INFO - [2026-02-10T23:53:57.583+0000] {dag.py:3096} INFO - Sync 1 DAGs
[2026-02-10T23:53:57.623+0000] {logging_mixin.py:188} INFO - [2026-02-10T23:53:57.623+0000] {dag.py:3954} INFO - Setting next_dagrun for example_sla_dag to 2026-02-10 23:50:00+00:00, run_after=2026-02-10 23:52:00+00:00
[2026-02-10T23:53:57.673+0000] {processor.py:183} INFO - Processing /home/airflow/.local/lib/python3.12/site-packages/airflow/example_dags/example_sla_dag.py took 0.126 seconds
[2026-02-10T23:54:27.736+0000] {processor.py:161} INFO - Started process (PID=5741) to work on /home/airflow/.local/lib/python3.12/site-packages/airflow/example_dags/example_sla_dag.py
[2026-02-10T23:54:27.737+0000] {processor.py:830} INFO - Processing file /home/airflow/.local/lib/python3.12/site-packages/airflow/example_dags/example_sla_dag.py for tasks to queue
[2026-02-10T23:54:27.739+0000] {logging_mixin.py:188} INFO - [2026-02-10T23:54:27.738+0000] {dagbag.py:540} INFO - Filling up the DagBag from /home/airflow/.local/lib/python3.12/site-packages/airflow/example_dags/example_sla_dag.py
[2026-02-10T23:54:27.748+0000] {processor.py:840} INFO - DAG(s) 'example_sla_dag' retrieved from /home/airflow/.local/lib/python3.12/site-packages/airflow/example_dags/example_sla_dag.py
[2026-02-10T23:54:27.770+0000] {logging_mixin.py:188} INFO - [2026-02-10T23:54:27.770+0000] {dag.py:3096} INFO - Sync 1 DAGs
[2026-02-10T23:54:27.795+0000] {logging_mixin.py:188} INFO - [2026-02-10T23:54:27.795+0000] {dag.py:3954} INFO - Setting next_dagrun for example_sla_dag to 2026-02-10 23:52:00+00:00, run_after=2026-02-10 23:54:00+00:00
[2026-02-10T23:54:27.817+0000] {processor.py:183} INFO - Processing /home/airflow/.local/lib/python3.12/site-packages/airflow/example_dags/example_sla_dag.py took 0.087 seconds
[2026-02-10T23:54:57.908+0000] {processor.py:161} INFO - Started process (PID=5795) to work on /home/airflow/.local/lib/python3.12/site-packages/airflow/example_dags/example_sla_dag.py
[2026-02-10T23:54:57.909+0000] {processor.py:830} INFO - Processing file /home/airflow/.local/lib/python3.12/site-packages/airflow/example_dags/example_sla_dag.py for tasks to queue
[2026-02-10T23:54:57.911+0000] {logging_mixin.py:188} INFO - [2026-02-10T23:54:57.910+0000] {dagbag.py:540} INFO - Filling up the DagBag from /home/airflow/.local/lib/python3.12/site-packages/airflow/example_dags/example_sla_dag.py
[2026-02-10T23:54:57.919+0000] {processor.py:840} INFO - DAG(s) 'example_sla_dag' retrieved from /home/airflow/.local/lib/python3.12/site-packages/airflow/example_dags/example_sla_dag.py
[2026-02-10T23:54:57.939+0000] {logging_mixin.py:188} INFO - [2026-02-10T23:54:57.938+0000] {dag.py:3096} INFO - Sync 1 DAGs
[2026-02-10T23:54:57.961+0000] {logging_mixin.py:188} INFO - [2026-02-10T23:54:57.961+0000] {dag.py:3954} INFO - Setting next_dagrun for example_sla_dag to 2026-02-10 23:52:00+00:00, run_after=2026-02-10 23:54:00+00:00
[2026-02-10T23:54:57.994+0000] {processor.py:183} INFO - Processing /home/airflow/.local/lib/python3.12/site-packages/airflow/example_dags/example_sla_dag.py took 0.092 seconds
[2026-02-10T23:55:28.336+0000] {processor.py:161} INFO - Started process (PID=5849) to work on /home/airflow/.local/lib/python3.12/site-packages/airflow/example_dags/example_sla_dag.py
[2026-02-10T23:55:28.338+0000] {processor.py:830} INFO - Processing file /home/airflow/.local/lib/python3.12/site-packages/airflow/example_dags/example_sla_dag.py for tasks to queue
[2026-02-10T23:55:28.340+0000] {logging_mixin.py:188} INFO - [2026-02-10T23:55:28.339+0000] {dagbag.py:540} INFO - Filling up the DagBag from /home/airflow/.local/lib/python3.12/site-packages/airflow/example_dags/example_sla_dag.py
[2026-02-10T23:55:28.349+0000] {processor.py:840} INFO - DAG(s) 'example_sla_dag' retrieved from /home/airflow/.local/lib/python3.12/site-packages/airflow/example_dags/example_sla_dag.py
[2026-02-10T23:55:28.370+0000] {logging_mixin.py:188} INFO - [2026-02-10T23:55:28.370+0000] {dag.py:3096} INFO - Sync 1 DAGs
[2026-02-10T23:55:28.395+0000] {logging_mixin.py:188} INFO - [2026-02-10T23:55:28.395+0000] {dag.py:3954} INFO - Setting next_dagrun for example_sla_dag to 2026-02-10 23:52:00+00:00, run_after=2026-02-10 23:54:00+00:00
[2026-02-10T23:55:28.416+0000] {processor.py:183} INFO - Processing /home/airflow/.local/lib/python3.12/site-packages/airflow/example_dags/example_sla_dag.py took 0.087 seconds
[2026-02-10T23:55:58.692+0000] {processor.py:161} INFO - Started process (PID=5903) to work on /home/airflow/.local/lib/python3.12/site-packages/airflow/example_dags/example_sla_dag.py
[2026-02-10T23:55:58.693+0000] {processor.py:830} INFO - Processing file /home/airflow/.local/lib/python3.12/site-packages/airflow/example_dags/example_sla_dag.py for tasks to queue
[2026-02-10T23:55:58.695+0000] {logging_mixin.py:188} INFO - [2026-02-10T23:55:58.695+0000] {dagbag.py:540} INFO - Filling up the DagBag from /home/airflow/.local/lib/python3.12/site-packages/airflow/example_dags/example_sla_dag.py
[2026-02-10T23:55:58.703+0000] {processor.py:840} INFO - DAG(s) 'example_sla_dag' retrieved from /home/airflow/.local/lib/python3.12/site-packages/airflow/example_dags/example_sla_dag.py
[2026-02-10T23:55:58.724+0000] {logging_mixin.py:188} INFO - [2026-02-10T23:55:58.724+0000] {dag.py:3096} INFO - Sync 1 DAGs
[2026-02-10T23:55:58.748+0000] {logging_mixin.py:188} INFO - [2026-02-10T23:55:58.747+0000] {dag.py:3954} INFO - Setting next_dagrun for example_sla_dag to 2026-02-10 23:52:00+00:00, run_after=2026-02-10 23:54:00+00:00
[2026-02-10T23:55:58.767+0000] {processor.py:183} INFO - Processing /home/airflow/.local/lib/python3.12/site-packages/airflow/example_dags/example_sla_dag.py took 0.081 seconds
[2026-02-10T23:56:29.038+0000] {processor.py:161} INFO - Started process (PID=5957) to work on /home/airflow/.local/lib/python3.12/site-packages/airflow/example_dags/example_sla_dag.py
[2026-02-10T23:56:29.039+0000] {processor.py:830} INFO - Processing file /home/airflow/.local/lib/python3.12/site-packages/airflow/example_dags/example_sla_dag.py for tasks to queue
[2026-02-10T23:56:29.041+0000] {logging_mixin.py:188} INFO - [2026-02-10T23:56:29.041+0000] {dagbag.py:540} INFO - Filling up the DagBag from /home/airflow/.local/lib/python3.12/site-packages/airflow/example_dags/example_sla_dag.py
[2026-02-10T23:56:29.052+0000] {processor.py:840} INFO - DAG(s) 'example_sla_dag' retrieved from /home/airflow/.local/lib/python3.12/site-packages/airflow/example_dags/example_sla_dag.py
[2026-02-10T23:56:29.075+0000] {logging_mixin.py:188} INFO - [2026-02-10T23:56:29.075+0000] {dag.py:3096} INFO - Sync 1 DAGs
[2026-02-10T23:56:29.098+0000] {logging_mixin.py:188} INFO - [2026-02-10T23:56:29.098+0000] {dag.py:3954} INFO - Setting next_dagrun for example_sla_dag to 2026-02-10 23:54:00+00:00, run_after=2026-02-10 23:56:00+00:00
[2026-02-10T23:56:29.120+0000] {processor.py:183} INFO - Processing /home/airflow/.local/lib/python3.12/site-packages/airflow/example_dags/example_sla_dag.py took 0.087 seconds
[2026-02-10T23:56:59.556+0000] {processor.py:161} INFO - Started process (PID=6011) to work on /home/airflow/.local/lib/python3.12/site-packages/airflow/example_dags/example_sla_dag.py
[2026-02-10T23:56:59.558+0000] {processor.py:830} INFO - Processing file /home/airflow/.local/lib/python3.12/site-packages/airflow/example_dags/example_sla_dag.py for tasks to queue
[2026-02-10T23:56:59.560+0000] {logging_mixin.py:188} INFO - [2026-02-10T23:56:59.559+0000] {dagbag.py:540} INFO - Filling up the DagBag from /home/airflow/.local/lib/python3.12/site-packages/airflow/example_dags/example_sla_dag.py
[2026-02-10T23:56:59.578+0000] {processor.py:840} INFO - DAG(s) 'example_sla_dag' retrieved from /home/airflow/.local/lib/python3.12/site-packages/airflow/example_dags/example_sla_dag.py
[2026-02-10T23:56:59.616+0000] {logging_mixin.py:188} INFO - [2026-02-10T23:56:59.616+0000] {dag.py:3096} INFO - Sync 1 DAGs
[2026-02-10T23:56:59.638+0000] {logging_mixin.py:188} INFO - [2026-02-10T23:56:59.638+0000] {dag.py:3954} INFO - Setting next_dagrun for example_sla_dag to 2026-02-10 23:54:00+00:00, run_after=2026-02-10 23:56:00+00:00
[2026-02-10T23:56:59.668+0000] {processor.py:183} INFO - Processing /home/airflow/.local/lib/python3.12/site-packages/airflow/example_dags/example_sla_dag.py took 0.118 seconds
[2026-02-10T23:57:30.436+0000] {processor.py:161} INFO - Started process (PID=6065) to work on /home/airflow/.local/lib/python3.12/site-packages/airflow/example_dags/example_sla_dag.py
[2026-02-10T23:57:30.437+0000] {processor.py:830} INFO - Processing file /home/airflow/.local/lib/python3.12/site-packages/airflow/example_dags/example_sla_dag.py for tasks to queue
[2026-02-10T23:57:30.439+0000] {logging_mixin.py:188} INFO - [2026-02-10T23:57:30.439+0000] {dagbag.py:540} INFO - Filling up the DagBag from /home/airflow/.local/lib/python3.12/site-packages/airflow/example_dags/example_sla_dag.py
[2026-02-10T23:57:30.447+0000] {processor.py:840} INFO - DAG(s) 'example_sla_dag' retrieved from /home/airflow/.local/lib/python3.12/site-packages/airflow/example_dags/example_sla_dag.py
[2026-02-10T23:57:30.468+0000] {logging_mixin.py:188} INFO - [2026-02-10T23:57:30.467+0000] {dag.py:3096} INFO - Sync 1 DAGs
[2026-02-10T23:57:30.490+0000] {logging_mixin.py:188} INFO - [2026-02-10T23:57:30.490+0000] {dag.py:3954} INFO - Setting next_dagrun for example_sla_dag to 2026-02-10 23:54:00+00:00, run_after=2026-02-10 23:56:00+00:00
[2026-02-10T23:57:30.509+0000] {processor.py:183} INFO - Processing /home/airflow/.local/lib/python3.12/site-packages/airflow/example_dags/example_sla_dag.py took 0.079 seconds
[2026-02-10T23:58:00.669+0000] {processor.py:161} INFO - Started process (PID=6119) to work on /home/airflow/.local/lib/python3.12/site-packages/airflow/example_dags/example_sla_dag.py
[2026-02-10T23:58:00.670+0000] {processor.py:830} INFO - Processing file /home/airflow/.local/lib/python3.12/site-packages/airflow/example_dags/example_sla_dag.py for tasks to queue
[2026-02-10T23:58:00.671+0000] {logging_mixin.py:188} INFO - [2026-02-10T23:58:00.671+0000] {dagbag.py:540} INFO - Filling up the DagBag from /home/airflow/.local/lib/python3.12/site-packages/airflow/example_dags/example_sla_dag.py
[2026-02-10T23:58:00.680+0000] {processor.py:840} INFO - DAG(s) 'example_sla_dag' retrieved from /home/airflow/.local/lib/python3.12/site-packages/airflow/example_dags/example_sla_dag.py
[2026-02-10T23:58:00.701+0000] {logging_mixin.py:188} INFO - [2026-02-10T23:58:00.701+0000] {dag.py:3096} INFO - Sync 1 DAGs
[2026-02-10T23:58:00.854+0000] {logging_mixin.py:188} INFO - [2026-02-10T23:58:00.854+0000] {dag.py:3954} INFO - Setting next_dagrun for example_sla_dag to 2026-02-10 23:56:00+00:00, run_after=2026-02-10 23:58:00+00:00
[2026-02-10T23:58:00.873+0000] {processor.py:183} INFO - Processing /home/airflow/.local/lib/python3.12/site-packages/airflow/example_dags/example_sla_dag.py took 0.209 seconds
[2026-02-10T23:58:31.883+0000] {processor.py:161} INFO - Started process (PID=6173) to work on /home/airflow/.local/lib/python3.12/site-packages/airflow/example_dags/example_sla_dag.py
[2026-02-10T23:58:31.885+0000] {processor.py:830} INFO - Processing file /home/airflow/.local/lib/python3.12/site-packages/airflow/example_dags/example_sla_dag.py for tasks to queue
[2026-02-10T23:58:31.887+0000] {logging_mixin.py:188} INFO - [2026-02-10T23:58:31.887+0000] {dagbag.py:540} INFO - Filling up the DagBag from /home/airflow/.local/lib/python3.12/site-packages/airflow/example_dags/example_sla_dag.py
[2026-02-10T23:58:31.896+0000] {processor.py:840} INFO - DAG(s) 'example_sla_dag' retrieved from /home/airflow/.local/lib/python3.12/site-packages/airflow/example_dags/example_sla_dag.py
[2026-02-10T23:58:31.917+0000] {logging_mixin.py:188} INFO - [2026-02-10T23:58:31.916+0000] {dag.py:3096} INFO - Sync 1 DAGs
[2026-02-10T23:58:31.937+0000] {logging_mixin.py:188} INFO - [2026-02-10T23:58:31.937+0000] {dag.py:3954} INFO - Setting next_dagrun for example_sla_dag to 2026-02-10 23:56:00+00:00, run_after=2026-02-10 23:58:00+00:00
[2026-02-10T23:58:31.967+0000] {processor.py:183} INFO - Processing /home/airflow/.local/lib/python3.12/site-packages/airflow/example_dags/example_sla_dag.py took 0.091 seconds
[2026-02-10T23:59:02.593+0000] {processor.py:161} INFO - Started process (PID=6227) to work on /home/airflow/.local/lib/python3.12/site-packages/airflow/example_dags/example_sla_dag.py
[2026-02-10T23:59:02.594+0000] {processor.py:830} INFO - Processing file /home/airflow/.local/lib/python3.12/site-packages/airflow/example_dags/example_sla_dag.py for tasks to queue
[2026-02-10T23:59:02.596+0000] {logging_mixin.py:188} INFO - [2026-02-10T23:59:02.596+0000] {dagbag.py:540} INFO - Filling up the DagBag from /home/airflow/.local/lib/python3.12/site-packages/airflow/example_dags/example_sla_dag.py
[2026-02-10T23:59:02.605+0000] {processor.py:840} INFO - DAG(s) 'example_sla_dag' retrieved from /home/airflow/.local/lib/python3.12/site-packages/airflow/example_dags/example_sla_dag.py
[2026-02-10T23:59:02.628+0000] {logging_mixin.py:188} INFO - [2026-02-10T23:59:02.627+0000] {dag.py:3096} INFO - Sync 1 DAGs
[2026-02-10T23:59:02.659+0000] {logging_mixin.py:188} INFO - [2026-02-10T23:59:02.659+0000] {dag.py:3954} INFO - Setting next_dagrun for example_sla_dag to 2026-02-10 23:56:00+00:00, run_after=2026-02-10 23:58:00+00:00
[2026-02-10T23:59:02.682+0000] {processor.py:183} INFO - Processing /home/airflow/.local/lib/python3.12/site-packages/airflow/example_dags/example_sla_dag.py took 0.095 seconds
[2026-02-10T23:59:33.136+0000] {processor.py:161} INFO - Started process (PID=6281) to work on /home/airflow/.local/lib/python3.12/site-packages/airflow/example_dags/example_sla_dag.py
[2026-02-10T23:59:33.138+0000] {processor.py:830} INFO - Processing file /home/airflow/.local/lib/python3.12/site-packages/airflow/example_dags/example_sla_dag.py for tasks to queue
[2026-02-10T23:59:33.141+0000] {logging_mixin.py:188} INFO - [2026-02-10T23:59:33.140+0000] {dagbag.py:540} INFO - Filling up the DagBag from /home/airflow/.local/lib/python3.12/site-packages/airflow/example_dags/example_sla_dag.py
[2026-02-10T23:59:33.310+0000] {processor.py:840} INFO - DAG(s) 'example_sla_dag' retrieved from /home/airflow/.local/lib/python3.12/site-packages/airflow/example_dags/example_sla_dag.py
[2026-02-10T23:59:33.328+0000] {logging_mixin.py:188} INFO - [2026-02-10T23:59:33.328+0000] {dag.py:3096} INFO - Sync 1 DAGs
[2026-02-10T23:59:33.356+0000] {logging_mixin.py:188} INFO - [2026-02-10T23:59:33.356+0000] {dag.py:3954} INFO - Setting next_dagrun for example_sla_dag to 2026-02-10 23:56:00+00:00, run_after=2026-02-10 23:58:00+00:00
[2026-02-10T23:59:33.378+0000] {processor.py:183} INFO - Processing /home/airflow/.local/lib/python3.12/site-packages/airflow/example_dags/example_sla_dag.py took 0.250 seconds
